{
  "fio version" : "fio-3.8",
  "timestamp" : 1536262600,
  "timestamp_ms" : 1536262600835,
  "time" : "Thu Sep  6 19:36:40 2018",
  "jobs" : [
    {
      "jobname" : "wdpc",
      "groupid" : 0,
      "error" : 0,
      "eta" : 0,
      "elapsed" : 61,
      "job options" : {
        "ioengine" : "libaio",
        "group_reporting" : "1",
        "direct" : "1",
        "rw" : "readwrite",
        "bs" : "512B",
        "numjobs" : "1",
        "iodepth" : "1",
        "size" : "75%",
        "name" : "wdpc",
        "random_distribution" : "random",
        "random_generator" : "tausworthe",
        "allrandrepeat" : "1",
        "randseed" : "101",
        "rwmixread" : "0",
        "time_based" : "1",
        "runtime" : "60s",
        "filename" : "/dev/sda"
      },
      "read" : {
        "io_bytes" : 0,
        "io_kbytes" : 0,
        "bw_bytes" : 0,
        "bw" : 0,
        "iops" : 0.000000,
        "runtime" : 0,
        "total_ios" : 0,
        "short_ios" : 0,
        "drop_ios" : 0,
        "slat_ns" : {
          "min" : 0,
          "max" : 0,
          "mean" : 0.000000,
          "stddev" : 0.000000
        },
        "clat_ns" : {
          "min" : 0,
          "max" : 0,
          "mean" : 0.000000,
          "stddev" : 0.000000,
          "percentile" : {
            "1.000000" : 0,
            "5.000000" : 0,
            "10.000000" : 0,
            "20.000000" : 0,
            "30.000000" : 0,
            "40.000000" : 0,
            "50.000000" : 0,
            "60.000000" : 0,
            "70.000000" : 0,
            "80.000000" : 0,
            "90.000000" : 0,
            "95.000000" : 0,
            "99.000000" : 0,
            "99.500000" : 0,
            "99.900000" : 0,
            "99.950000" : 0,
            "99.990000" : 0
          },
          "bins" : {

          }
        },
        "lat_ns" : {
          "min" : 0,
          "max" : 0,
          "mean" : 0.000000,
          "stddev" : 0.000000
        },
        "bw_min" : 0,
        "bw_max" : 0,
        "bw_agg" : 0.000000,
        "bw_mean" : 0.000000,
        "bw_dev" : 0.000000,
        "bw_samples" : 0,
        "iops_min" : 0,
        "iops_max" : 0,
        "iops_mean" : 0.000000,
        "iops_stddev" : 0.000000,
        "iops_samples" : 0
      },
      "write" : {
        "io_bytes" : 258899456,
        "io_kbytes" : 252831,
        "bw_bytes" : 4314919,
        "bw" : 4213,
        "iops" : 8427.576207,
        "runtime" : 60001,
        "total_ios" : 505663,
        "short_ios" : 0,
        "drop_ios" : 0,
        "slat_ns" : {
          "min" : 26541,
          "max" : 8727250,
          "mean" : 34326.212054,
          "stddev" : 21300.230594
        },
        "clat_ns" : {
          "min" : 1750,
          "max" : 13029916,
          "mean" : 78629.145860,
          "stddev" : 64119.690131,
          "percentile" : {
            "1.000000" : 49920,
            "5.000000" : 70144,
            "10.000000" : 74240,
            "20.000000" : 74240,
            "30.000000" : 74240,
            "40.000000" : 75264,
            "50.000000" : 75264,
            "60.000000" : 75264,
            "70.000000" : 77312,
            "80.000000" : 83456,
            "90.000000" : 84480,
            "95.000000" : 94720,
            "99.000000" : 118272,
            "99.500000" : 132096,
            "99.900000" : 199680,
            "99.950000" : 272384,
            "99.990000" : 684032
          },
          "bins" : {
            "1752" : 1,
            "2040" : 25,
            "2320" : 123,
            "2640" : 398,
            "2928" : 348,
            "3216" : 98,
            "3504" : 48,
            "3792" : 17,
            "4080" : 13,
            "4384" : 5,
            "4640" : 21,
            "4960" : 21,
            "5280" : 9,
            "5536" : 9,
            "5856" : 6,
            "6112" : 2,
            "6432" : 4,
            "6688" : 3,
            "7008" : 7,
            "7264" : 2,
            "7584" : 2,
            "7904" : 2,
            "8160" : 1,
            "8512" : 1,
            "9024" : 1,
            "9280" : 2,
            "9920" : 1,
            "10176" : 1,
            "10816" : 2,
            "11072" : 1,
            "11328" : 2,
            "11712" : 1,
            "11968" : 1,
            "14016" : 2,
            "14912" : 1,
            "15424" : 1,
            "16064" : 1,
            "17792" : 1,
            "18304" : 1,
            "20096" : 1,
            "20352" : 11,
            "20608" : 21,
            "21120" : 10,
            "21376" : 3,
            "21632" : 7,
            "21888" : 11,
            "22144" : 3,
            "22400" : 1,
            "22656" : 3,
            "23168" : 9,
            "23424" : 8,
            "23680" : 3,
            "23936" : 5,
            "24192" : 2,
            "24448" : 1,
            "24704" : 1,
            "24960" : 9,
            "25472" : 10,
            "25728" : 5,
            "25984" : 4,
            "26240" : 1,
            "26496" : 2,
            "27008" : 1,
            "27776" : 2,
            "28032" : 2,
            "28544" : 1,
            "28800" : 2,
            "29056" : 1,
            "29568" : 1,
            "29824" : 1,
            "30336" : 1,
            "31104" : 1,
            "31872" : 2,
            "33024" : 1,
            "33536" : 1,
            "34048" : 2,
            "34560" : 1,
            "35072" : 2,
            "37120" : 2,
            "37632" : 1,
            "38144" : 11,
            "38656" : 10,
            "39168" : 6,
            "39680" : 1,
            "40192" : 4,
            "40704" : 2,
            "41216" : 4,
            "42240" : 3,
            "42752" : 23,
            "43264" : 231,
            "43776" : 281,
            "44288" : 491,
            "44800" : 234,
            "45312" : 494,
            "45824" : 328,
            "46336" : 413,
            "46848" : 124,
            "47360" : 37,
            "47872" : 30,
            "48384" : 18,
            "48896" : 84,
            "49408" : 393,
            "49920" : 844,
            "50432" : 275,
            "50944" : 133,
            "51456" : 59,
            "51968" : 52,
            "52480" : 22,
            "52992" : 30,
            "53504" : 46,
            "54016" : 47,
            "54528" : 53,
            "55040" : 152,
            "55552" : 185,
            "56064" : 146,
            "56576" : 60,
            "57088" : 76,
            "57600" : 90,
            "58112" : 277,
            "58624" : 237,
            "59136" : 435,
            "59648" : 343,
            "60160" : 429,
            "60672" : 116,
            "61184" : 105,
            "61696" : 70,
            "62208" : 73,
            "62720" : 36,
            "63232" : 74,
            "63744" : 60,
            "64256" : 71,
            "64768" : 38,
            "65280" : 100,
            "66048" : 249,
            "67072" : 208,
            "68096" : 453,
            "69120" : 455,
            "70144" : 25938,
            "71168" : 3642,
            "72192" : 5328,
            "73216" : 2479,
            "74240" : 148728,
            "75264" : 126006,
            "76288" : 18552,
            "77312" : 22855,
            "78336" : 20418,
            "79360" : 3861,
            "80384" : 6205,
            "81408" : 2531,
            "82432" : 4254,
            "83456" : 26958,
            "84480" : 28495,
            "85504" : 5158,
            "86528" : 3399,
            "87552" : 2391,
            "88576" : 2196,
            "89600" : 1116,
            "90624" : 2393,
            "91648" : 2694,
            "92672" : 2253,
            "93696" : 1508,
            "94720" : 982,
            "95744" : 732,
            "96768" : 390,
            "97792" : 348,
            "98816" : 209,
            "99840" : 294,
            "100864" : 290,
            "101888" : 366,
            "102912" : 353,
            "103936" : 507,
            "104960" : 883,
            "105984" : 338,