{
  "fio version" : "fio-3.8",
  "timestamp" : 1536221022,
  "timestamp_ms" : 1536221022099,
  "time" : "Thu Sep  6 08:03:42 2018",
  "jobs" : [
    {
      "jobname" : "wdpc",
      "groupid" : 0,
      "error" : 0,
      "eta" : 0,
      "elapsed" : 61,
      "job options" : {
        "ioengine" : "libaio",
        "group_reporting" : "1",
        "direct" : "1",
        "rw" : "randrw",
        "bs" : "128KB",
        "numjobs" : "2",
        "iodepth" : "16",
        "size" : "75%",
        "name" : "wdpc",
        "random_distribution" : "random",
        "random_generator" : "tausworthe",
        "allrandrepeat" : "1",
        "randseed" : "101",
        "rwmixread" : "0",
        "time_based" : "1",
        "runtime" : "60s",
        "filename" : "/dev/sda"
      },
      "read" : {
        "io_bytes" : 0,
        "io_kbytes" : 0,
        "bw_bytes" : 0,
        "bw" : 0,
        "iops" : 0.000000,
        "runtime" : 0,
        "total_ios" : 0,
        "short_ios" : 0,
        "drop_ios" : 0,
        "slat_ns" : {
          "min" : 0,
          "max" : 0,
          "mean" : 0.000000,
          "stddev" : 0.000000
        },
        "clat_ns" : {
          "min" : 0,
          "max" : 0,
          "mean" : 0.000000,
          "stddev" : 0.000000,
          "percentile" : {
            "1.000000" : 0,
            "5.000000" : 0,
            "10.000000" : 0,
            "20.000000" : 0,
            "30.000000" : 0,
            "40.000000" : 0,
            "50.000000" : 0,
            "60.000000" : 0,
            "70.000000" : 0,
            "80.000000" : 0,
            "90.000000" : 0,
            "95.000000" : 0,
            "99.000000" : 0,
            "99.500000" : 0,
            "99.900000" : 0,
            "99.950000" : 0,
            "99.990000" : 0
          },
          "bins" : {

          }
        },
        "lat_ns" : {
          "min" : 0,
          "max" : 0,
          "mean" : 0.000000,
          "stddev" : 0.000000
        },
        "bw_min" : 0,
        "bw_max" : 0,
        "bw_agg" : 0.000000,
        "bw_mean" : 0.000000,
        "bw_dev" : 0.000000,
        "bw_samples" : 0,
        "iops_min" : 0,
        "iops_max" : 0,
        "iops_mean" : 0.000000,
        "iops_stddev" : 0.000000,
        "iops_samples" : 0
      },
      "write" : {
        "io_bytes" : 14570881024,
        "io_kbytes" : 14229376,
        "bw_bytes" : 242783274,
        "bw" : 237093,
        "iops" : 1852.289389,
        "runtime" : 60016,
        "total_ios" : 111167,
        "short_ios" : 0,
        "drop_ios" : 0,
        "slat_ns" : {
          "min" : 36458,
          "max" : 23411792,
          "mean" : 203848.427258,
          "stddev" : 224717.586089
        },
        "clat_ns" : {
          "min" : 2721833,
          "max" : 38597125,
          "mean" : 17031486.791746,
          "stddev" : 2228926.533786,
          "percentile" : {
            "1.000000" : 13959168,
            "5.000000" : 14745600,
            "10.000000" : 15138816,
            "20.000000" : 15663104,
            "30.000000" : 16056320,
            "40.000000" : 16449536,
            "50.000000" : 16711680,
            "60.000000" : 17170432,
            "70.000000" : 17432576,
            "80.000000" : 17956864,
            "90.000000" : 18743296,
            "95.000000" : 19529728,
            "99.000000" : 29491200,
            "99.500000" : 30801920,
            "99.900000" : 33161216,
            "99.950000" : 33816576,
            "99.990000" : 34865152
          },
          "bins" : {
            "2736128" : 1,
            "3719168" : 1,
            "3751936" : 1,
            "3784704" : 1,
            "3817472" : 1,
            "3850240" : 1,
            "3948544" : 1,
            "3981312" : 1,
            "5472256" : 1,
            "5931008" : 1,
            "5996544" : 2,
            "6258688" : 1,
            "6324224" : 2,
            "6389760" : 1,
            "6455296" : 1,
            "6717440" : 2,
            "6848512" : 2,
            "6914048" : 1,
            "7176192" : 4,
            "7307264" : 1,
            "7372800" : 1,
            "7503872" : 1,
            "7569408" : 6,
            "7634944" : 2,
            "7700480" : 4,
            "7766016" : 1,
            "7831552" : 2,
            "7962624" : 1,
            "8028160" : 1,
            "8093696" : 1,
            "8355840" : 1,
            "8454144" : 1,
            "8585216" : 2,
            "9502720" : 1,
            "9633792" : 1,
            "9764864" : 1,
            "10027008" : 1,
            "10158080" : 1,
            "10289152" : 3,
            "10420224" : 5,
            "10551296" : 5,
            "10682368" : 6,
            "10813440" : 5,
            "10944512" : 5,
            "11075584" : 3,
            "11206656" : 5,
            "11337728" : 6,
            "11468800" : 5,
            "11599872" : 17,
            "11730944" : 8,
            "11862016" : 27,
            "11993088" : 8,
            "12124160" : 15,
            "12255232" : 20,
            "12386304" : 15,
            "12517376" : 17,
            "12648448" : 31,
            "12779520" : 31,
            "12910592" : 39,
            "13041664" : 54,
            "13172736" : 56,
            "13303808" : 83,
            "13434880" : 90,
            "13565952" : 111,
            "13697024" : 113,
            "13828096" : 168,
            "13959168" : 271,
            "14090240" : 379,
            "14221312" : 557,
            "14352384" : 753,
            "14483456" : 927,
            "14614528" : 1162,
            "14745600" : 1479,
            "14876672" : 1765,
            "15007744" : 2166,
            "15138816" : 2412,
            "15269888" : 2706,
            "15400960" : 3014,
            "15532032" : 3256,
            "15663104" : 3370,
            "15794176" : 3487,
            "15925248" : 3740,
            "16056320" : 3736,
            "16187392" : 3744,
            "16318464" : 3866,
            "16449536" : 4071,
            "16580608" : 4164,
            "16711680" : 4087,
            "16908288" : 8244,
            "17170432" : 7718,
            "17432576" : 6843,
            "17694720" : 6092,
            "17956864" : 5063,
            "18219008" : 4212,
            "18481152" : 3439,
            "18743296" : 2874,
            "19005440" : 2319,
            "19267584" : 1801,
            "19529728" : 1291,
            "19791872" : 942,
            "20054016" : 630,
            "20316160" : 446,
            "20578304" : 320,
            "20840448" : 236,
            "21102592" : 168,
            "21364736" : 126,
            "21626880" : 89,
            "21889024" : 65,
            "22151168" : 62,
            "22413312" : 47,
            "22675456" : 33,
            "22937600" : 23,
            "23199744" : 20,
            "23461888" : 20,
            "23724032" : 12,
            "23986176" : 12,
            "24248320" : 9,
            "24510464" : 7,
            "24772608" : 5,
            "25034752" : 4,
            "25296896" : 6,
            "25559040" : 4,
            "25821184" : 2,
            "26083328" : 2,
            "26345472" : 6,
            "26607616" : 19,
            "26869760" : 15,
            "27131904" : 35,
            "27394048" : 48,
            "27656192" : 58,
            "27918336" : 85,
            "28180480" : 95,
            "28442624" : 76,
            "28704768" : 86,
            "28966912" : 114,
            "29229056" : 104,
            "29491200" : 107,
            "29753344" : 129,
            "30015488" : 92,
            "30277632" : 90,
            "30539776" : 79,
            "30801920" : 85,
            "31064064" : 78,
            "31326208" : 67,
            "31588352" : 66,
            "31850496" : 64,
            "32112640" : 59,
            "32374784" : 30,
            "32636928" : 21,
            "32899072" : 24,
            "33161216" : 26,
            "33423360" : 23,
            "33816576" : 37,
            "34340864" : 23,