{
  "fio version" : "fio-3.8",
  "timestamp" : 1536229600,
  "timestamp_ms" : 1536229600274,
  "time" : "Thu Sep  6 10:26:40 2018",
  "jobs" : [
    {
      "jobname" : "wdpc",
      "groupid" : 0,
      "error" : 0,
      "eta" : 0,
      "elapsed" : 61,
      "job options" : {
        "ioengine" : "libaio",
        "group_reporting" : "1",
        "direct" : "1",
        "rw" : "randrw",
        "bs" : "16KB",
        "numjobs" : "2",
        "iodepth" : "16",
        "size" : "75%",
        "name" : "wdpc",
        "random_distribution" : "random",
        "random_generator" : "tausworthe",
        "allrandrepeat" : "1",
        "randseed" : "101",
        "rwmixread" : "0",
        "time_based" : "1",
        "runtime" : "60s",
        "filename" : "/dev/sda"
      },
      "read" : {
        "io_bytes" : 0,
        "io_kbytes" : 0,
        "bw_bytes" : 0,
        "bw" : 0,
        "iops" : 0.000000,
        "runtime" : 0,
        "total_ios" : 0,
        "short_ios" : 0,
        "drop_ios" : 0,
        "slat_ns" : {
          "min" : 0,
          "max" : 0,
          "mean" : 0.000000,
          "stddev" : 0.000000
        },
        "clat_ns" : {
          "min" : 0,
          "max" : 0,
          "mean" : 0.000000,
          "stddev" : 0.000000,
          "percentile" : {
            "1.000000" : 0,
            "5.000000" : 0,
            "10.000000" : 0,
            "20.000000" : 0,
            "30.000000" : 0,
            "40.000000" : 0,
            "50.000000" : 0,
            "60.000000" : 0,
            "70.000000" : 0,
            "80.000000" : 0,
            "90.000000" : 0,
            "95.000000" : 0,
            "99.000000" : 0,
            "99.500000" : 0,
            "99.900000" : 0,
            "99.950000" : 0,
            "99.990000" : 0
          },
          "bins" : {

          }
        },
        "lat_ns" : {
          "min" : 0,
          "max" : 0,
          "mean" : 0.000000,
          "stddev" : 0.000000
        },
        "bw_min" : 0,
        "bw_max" : 0,
        "bw_agg" : 0.000000,
        "bw_mean" : 0.000000,
        "bw_dev" : 0.000000,
        "bw_samples" : 0,
        "iops_min" : 0,
        "iops_max" : 0,
        "iops_mean" : 0.000000,
        "iops_stddev" : 0.000000,
        "iops_samples" : 0
      },
      "write" : {
        "io_bytes" : 11954995200,
        "io_kbytes" : 11674800,
        "bw_bytes" : 199239958,
        "bw" : 194570,
        "iops" : 12160.641968,
        "runtime" : 60003,
        "total_ios" : 729675,
        "short_ios" : 0,
        "drop_ios" : 0,
        "slat_ns" : {
          "min" : 11666,
          "max" : 15878625,
          "mean" : 47001.416735,
          "stddev" : 89929.529142
        },
        "clat_ns" : {
          "min" : 660042,
          "max" : 49342125,
          "mean" : 2574919.964224,
          "stddev" : 1532047.822549,
          "percentile" : {
            "1.000000" : 815104,
            "5.000000" : 954368,
            "10.000000" : 1253376,
            "20.000000" : 1843200,
            "30.000000" : 2056192,
            "40.000000" : 2179072,
            "50.000000" : 2310144,
            "60.000000" : 2473984,
            "70.000000" : 2670592,
            "80.000000" : 2998272,
            "90.000000" : 3817472,
            "95.000000" : 4882432,
            "99.000000" : 8290304,
            "99.500000" : 10289152,
            "99.900000" : 19005440,
            "99.950000" : 20316160,
            "99.990000" : 24248320
          },
          "bins" : {
            "659456" : 4,
            "667648" : 1,
            "684032" : 4,
            "692224" : 27,
            "700416" : 64,
            "708608" : 101,
            "716800" : 170,
            "724992" : 351,
            "733184" : 386,
            "741376" : 461,
            "749568" : 487,
            "757760" : 556,
            "765952" : 565,
            "774144" : 570,
            "782336" : 558,
            "790528" : 607,
            "798720" : 707,
            "806912" : 761,
            "815104" : 933,
            "823296" : 1081,
            "831488" : 1320,
            "839680" : 1435,
            "847872" : 1570,
            "856064" : 1604,
            "864256" : 1715,
            "872448" : 1807,
            "880640" : 1932,
            "888832" : 1908,
            "897024" : 2067,
            "905216" : 2135,
            "913408" : 1887,
            "921600" : 1876,
            "929792" : 1934,
            "937984" : 1886,
            "946176" : 1960,
            "954368" : 1736,
            "962560" : 1509,
            "970752" : 1402,
            "978944" : 1407,
            "987136" : 1452,
            "995328" : 1423,
            "1003520" : 1364,
            "1011712" : 1221,
            "1019904" : 1148,
            "1028096" : 1243,
            "1036288" : 1251,
            "1044480" : 1084,
            "1056768" : 2081,
            "1073152" : 2127,
            "1089536" : 1929,
            "1105920" : 1742,
            "1122304" : 1453,
            "1138688" : 1401,
            "1155072" : 1325,
            "1171456" : 1418,
            "1187840" : 1637,
            "1204224" : 1621,
            "1220608" : 1789,
            "1236992" : 1666,
            "1253376" : 1663,
            "1269760" : 1797,
            "1286144" : 2056,
            "1302528" : 1997,
            "1318912" : 2151,
            "1335296" : 2240,
            "1351680" : 2318,
            "1368064" : 2207,
            "1384448" : 2336,
            "1400832" : 2289,
            "1417216" : 2201,
            "1433600" : 2130,
            "1449984" : 2042,
            "1466368" : 1932,
            "1482752" : 2031,
            "1499136" : 1951,
            "1515520" : 2030,
            "1531904" : 2036,
            "1548288" : 1945,
            "1564672" : 1923,
            "1581056" : 1798,
            "1597440" : 1619,
            "1613824" : 1508,
            "1630208" : 1336,
            "1646592" : 1387,
            "1662976" : 1438,
            "1679360" : 1454,
            "1695744" : 1638,
            "1712128" : 1644,
            "1728512" : 1818,
            "1744896" : 1908,
            "1761280" : 2082,
            "1777664" : 2275,
            "1794048" : 2659,
            "1810432" : 2731,
            "1826816" : 2840,
            "1843200" : 3080,
            "1859584" : 3549,
            "1875968" : 3756,
            "1892352" : 4010,
            "1908736" : 4212,
            "1925120" : 4929,
            "1941504" : 5264,
            "1957888" : 5686,
            "1974272" : 6096,
            "1990656" : 6678,
            "2007040" : 7051,
            "2023424" : 7518,
            "2039808" : 7869,
            "2056192" : 8139,
            "2072576" : 8579,
            "2088960" : 8784,
            "2113536" : 18257,
            "2146304" : 19300,
            "2179072" : 19423,
            "2211840" : 18745,
            "2244608" : 18383,
            "2277376" : 18121,
            "2310144" : 17691,
            "2342912" : 17799,
            "2375680" : 17261,
            "2408448" : 16491,
            "2441216" : 15754,
            "2473984" : 14040,
            "2506752" : 12623,
            "2539520" : 11409,
            "2572288" : 10416,
            "2605056" : 9874,
            "2637824" : 9376,
            "2670592" : 9081,
            "2703360" : 8754,
            "2736128" : 8601,
            "2768896" : 7986,
            "2801664" : 7770,
            "2834432" : 7484,
            "2867200" : 7255,
            "2899968" : 7032,
            "2932736" : 6552,
            "2965504" : 6204,
            "2998272" : 6237,
            "3031040" : 5856,
            "3063808" : 5508,
            "3096576" : 5095,
            "3129344" : 4542,
            "3162112" : 4191,
            "3194880" : 3852,
            "3227648" : 3608,
            "3260416" : 3363,
            "3293184" : 3097,
            "3325952" : 2789,
            "3358720" : 2774,
            "3391488" : 2526,