{
  "fio version" : "fio-3.8",
  "timestamp" : 1536220954,
  "timestamp_ms" : 1536220954812,
  "time" : "Thu Sep  6 08:02:34 2018",
  "jobs" : [
    {
      "jobname" : "wdpc",
      "groupid" : 0,
      "error" : 0,
      "eta" : 0,
      "elapsed" : 61,
      "job options" : {
        "ioengine" : "libaio",
        "group_reporting" : "1",
        "direct" : "1",
        "rw" : "randrw",
        "bs" : "128KB",
        "numjobs" : "2",
        "iodepth" : "16",
        "size" : "75%",
        "name" : "wdpc",
        "random_distribution" : "random",
        "random_generator" : "tausworthe",
        "allrandrepeat" : "1",
        "randseed" : "101",
        "rwmixread" : "0",
        "time_based" : "1",
        "runtime" : "60s",
        "filename" : "/dev/sda"
      },
      "read" : {
        "io_bytes" : 0,
        "io_kbytes" : 0,
        "bw_bytes" : 0,
        "bw" : 0,
        "iops" : 0.000000,
        "runtime" : 0,
        "total_ios" : 0,
        "short_ios" : 0,
        "drop_ios" : 0,
        "slat_ns" : {
          "min" : 0,
          "max" : 0,
          "mean" : 0.000000,
          "stddev" : 0.000000
        },
        "clat_ns" : {
          "min" : 0,
          "max" : 0,
          "mean" : 0.000000,
          "stddev" : 0.000000,
          "percentile" : {
            "1.000000" : 0,
            "5.000000" : 0,
            "10.000000" : 0,
            "20.000000" : 0,
            "30.000000" : 0,
            "40.000000" : 0,
            "50.000000" : 0,
            "60.000000" : 0,
            "70.000000" : 0,
            "80.000000" : 0,
            "90.000000" : 0,
            "95.000000" : 0,
            "99.000000" : 0,
            "99.500000" : 0,
            "99.900000" : 0,
            "99.950000" : 0,
            "99.990000" : 0
          },
          "bins" : {

          }
        },
        "lat_ns" : {
          "min" : 0,
          "max" : 0,
          "mean" : 0.000000,
          "stddev" : 0.000000
        },
        "bw_min" : 0,
        "bw_max" : 0,
        "bw_agg" : 0.000000,
        "bw_mean" : 0.000000,
        "bw_dev" : 0.000000,
        "bw_samples" : 0,
        "iops_min" : 0,
        "iops_max" : 0,
        "iops_mean" : 0.000000,
        "iops_stddev" : 0.000000,
        "iops_samples" : 0
      },
      "write" : {
        "io_bytes" : 14558035968,
        "io_kbytes" : 14216832,
        "bw_bytes" : 242557123,
        "bw" : 236872,
        "iops" : 1850.563988,
        "runtime" : 60019,
        "total_ios" : 111069,
        "short_ios" : 0,
        "drop_ios" : 0,
        "slat_ns" : {
          "min" : 35583,
          "max" : 16919292,
          "mean" : 182211.109734,
          "stddev" : 251563.274181
        },
        "clat_ns" : {
          "min" : 2194791,
          "max" : 50388917,
          "mean" : 17074468.759582,
          "stddev" : 2469470.842634,
          "percentile" : {
            "1.000000" : 13172736,
            "5.000000" : 14745600,
            "10.000000" : 15138816,
            "20.000000" : 15663104,
            "30.000000" : 16056320,
            "40.000000" : 16449536,
            "50.000000" : 16908288,
            "60.000000" : 17170432,
            "70.000000" : 17432576,
            "80.000000" : 17956864,
            "90.000000" : 18743296,
            "95.000000" : 19529728,
            "99.000000" : 30015488,
            "99.500000" : 31588352,
            "99.900000" : 33816576,
            "99.950000" : 37486592,
            "99.990000" : 49020928
          },
          "bins" : {
            "2179072" : 1,
            "2211840" : 3,
            "2605056" : 1,
            "3358720" : 1,
            "3489792" : 1,
            "3719168" : 1,
            "3784704" : 1,
            "3883008" : 1,
            "3915776" : 1,
            "4423680" : 1,
            "4489216" : 1,
            "4751360" : 1,
            "4816896" : 1,
            "4882432" : 2,
            "5079040" : 1,
            "5144576" : 1,
            "5210112" : 1,
            "5275648" : 1,
            "5341184" : 1,
            "5406720" : 1,
            "5537792" : 5,
            "5603328" : 4,
            "5668864" : 11,
            "5734400" : 4,
            "5799936" : 5,
            "5865472" : 3,
            "5931008" : 1,
            "5996544" : 1,
            "6062080" : 1,
            "6127616" : 1,
            "6258688" : 1,
            "6324224" : 2,
            "6455296" : 1,
            "6520832" : 1,
            "6651904" : 1,
            "6782976" : 1,
            "6979584" : 2,
            "7110656" : 1,
            "7176192" : 1,
            "7372800" : 4,
            "7438336" : 2,
            "7503872" : 2,
            "7569408" : 1,
            "7634944" : 2,
            "7700480" : 4,
            "7766016" : 6,
            "7831552" : 2,
            "7897088" : 2,
            "7962624" : 3,
            "8028160" : 6,
            "8093696" : 2,
            "8159232" : 7,
            "8224768" : 5,
            "8290304" : 5,
            "8355840" : 3,
            "8454144" : 12,
            "8585216" : 10,
            "8716288" : 14,
            "8847360" : 10,
            "8978432" : 9,
            "9109504" : 6,
            "9240576" : 11,
            "9371648" : 13,
            "9502720" : 12,
            "9633792" : 15,
            "9764864" : 13,
            "9895936" : 17,
            "10027008" : 26,
            "10158080" : 15,
            "10289152" : 26,
            "10420224" : 22,
            "10551296" : 21,
            "10682368" : 19,
            "10813440" : 37,
            "10944512" : 23,
            "11075584" : 32,
            "11206656" : 26,
            "11337728" : 29,
            "11468800" : 25,
            "11599872" : 33,
            "11730944" : 27,
            "11862016" : 35,
            "11993088" : 31,
            "12124160" : 42,
            "12255232" : 46,
            "12386304" : 35,
            "12517376" : 44,
            "12648448" : 60,
            "12779520" : 69,
            "12910592" : 58,
            "13041664" : 61,
            "13172736" : 88,
            "13303808" : 97,
            "13434880" : 102,
            "13565952" : 91,
            "13697024" : 137,
            "13828096" : 159,
            "13959168" : 202,
            "14090240" : 265,
            "14221312" : 402,
            "14352384" : 588,
            "14483456" : 750,
            "14614528" : 981,
            "14745600" : 1267,
            "14876672" : 1554,
            "15007744" : 2027,
            "15138816" : 2332,
            "15269888" : 2669,
            "15400960" : 2790,
            "15532032" : 3160,
            "15663104" : 3269,
            "15794176" : 3533,
            "15925248" : 3549,
            "16056320" : 3809,
            "16187392" : 3816,
            "16318464" : 3873,
            "16449536" : 4237,
            "16580608" : 4273,
            "16711680" : 4332,
            "16908288" : 8129,
            "17170432" : 7784,
            "17432576" : 7077,
            "17694720" : 6243,
            "17956864" : 5056,
            "18219008" : 4255,
            "18481152" : 3587,
            "18743296" : 2828,
            "19005440" : 2364,
            "19267584" : 1688,
            "19529728" : 1301,
            "19791872" : 869,
            "20054016" : 581,
            "20316160" : 390,
            "20578304" : 257,
            "20840448" : 217,
            "21102592" : 156,
            "21364736" : 100,
            "21626880" : 82,
            "21889024" : 67,
            "22151168" : 48,
            "22413312" : 33,
            "22675456" : 23,
            "22937600" : 29,
            "23199744" : 20,
            "23461888" : 32,
            "23724032" : 26,
            "23986176" : 13,
            "24248320" : 16,
            "24510464" : 35,
            "24772608" : 24,
            "25034752" : 28,
            "25296896" : 22,
            "25559040" : 14,
            "25821184" : 26,
            "26083328" : 25,