{
  "fio version" : "fio-3.8",
  "timestamp" : 1536235252,
  "timestamp_ms" : 1536235252388,
  "time" : "Thu Sep  6 12:00:52 2018",
  "jobs" : [
    {
      "jobname" : "wdpc",
      "groupid" : 0,
      "error" : 0,
      "eta" : 0,
      "elapsed" : 61,
      "job options" : {
        "ioengine" : "libaio",
        "group_reporting" : "1",
        "direct" : "1",
        "rw" : "randrw",
        "bs" : "4KB",
        "numjobs" : "2",
        "iodepth" : "16",
        "size" : "75%",
        "name" : "wdpc",
        "random_distribution" : "random",
        "random_generator" : "tausworthe",
        "allrandrepeat" : "1",
        "randseed" : "101",
        "rwmixread" : "0",
        "time_based" : "1",
        "runtime" : "60s",
        "filename" : "/dev/sda"
      },
      "read" : {
        "io_bytes" : 0,
        "io_kbytes" : 0,
        "bw_bytes" : 0,
        "bw" : 0,
        "iops" : 0.000000,
        "runtime" : 0,
        "total_ios" : 0,
        "short_ios" : 0,
        "drop_ios" : 0,
        "slat_ns" : {
          "min" : 0,
          "max" : 0,
          "mean" : 0.000000,
          "stddev" : 0.000000
        },
        "clat_ns" : {
          "min" : 0,
          "max" : 0,
          "mean" : 0.000000,
          "stddev" : 0.000000,
          "percentile" : {
            "1.000000" : 0,
            "5.000000" : 0,
            "10.000000" : 0,
            "20.000000" : 0,
            "30.000000" : 0,
            "40.000000" : 0,
            "50.000000" : 0,
            "60.000000" : 0,
            "70.000000" : 0,
            "80.000000" : 0,
            "90.000000" : 0,
            "95.000000" : 0,
            "99.000000" : 0,
            "99.500000" : 0,
            "99.900000" : 0,
            "99.950000" : 0,
            "99.990000" : 0
          },
          "bins" : {

          }
        },
        "lat_ns" : {
          "min" : 0,
          "max" : 0,
          "mean" : 0.000000,
          "stddev" : 0.000000
        },
        "bw_min" : 0,
        "bw_max" : 0,
        "bw_agg" : 0.000000,
        "bw_mean" : 0.000000,
        "bw_dev" : 0.000000,
        "bw_samples" : 0,
        "iops_min" : 0,
        "iops_max" : 0,
        "iops_mean" : 0.000000,
        "iops_stddev" : 0.000000,
        "iops_samples" : 0
      },
      "write" : {
        "io_bytes" : 5951766528,
        "io_kbytes" : 5812272,
        "bw_bytes" : 99194455,
        "bw" : 96869,
        "iops" : 24217.396377,
        "runtime" : 60001,
        "total_ios" : 1453068,
        "short_ios" : 0,
        "drop_ios" : 0,
        "slat_ns" : {
          "min" : 5250,
          "max" : 12780250,
          "mean" : 40458.830720,
          "stddev" : 37327.601779
        },
        "clat_ns" : {
          "min" : 107916,
          "max" : 18242875,
          "mean" : 1272327.915296,
          "stddev" : 656006.471211,
          "percentile" : {
            "1.000000" : 585728,
            "5.000000" : 733184,
            "10.000000" : 872448,
            "20.000000" : 946176,
            "30.000000" : 995328,
            "40.000000" : 1044480,
            "50.000000" : 1089536,
            "60.000000" : 1220608,
            "70.000000" : 1400832,
            "80.000000" : 1548288,
            "90.000000" : 1777664,
            "95.000000" : 2023424,
            "99.000000" : 3358720,
            "99.500000" : 4227072,
            "99.900000" : 9502720,
            "99.950000" : 14745600,
            "99.990000" : 16908288
          },
          "bins" : {
            "108032" : 1,
            "140288" : 1,
            "144384" : 1,
            "150528" : 1,
            "160768" : 1,
            "166912" : 1,
            "179200" : 1,
            "181248" : 1,
            "187392" : 1,
            "191488" : 1,
            "195584" : 1,
            "224256" : 1,
            "226304" : 1,
            "230400" : 1,
            "232448" : 2,
            "240640" : 1,
            "252928" : 1,
            "257024" : 1,
            "264192" : 1,
            "272384" : 2,
            "284672" : 1,
            "288768" : 1,
            "292864" : 1,
            "309248" : 3,
            "313344" : 6,
            "321536" : 1,
            "325632" : 1,
            "329728" : 2,
            "333824" : 3,
            "342016" : 2,
            "346112" : 5,
            "350208" : 2,
            "358400" : 4,
            "362496" : 4,
            "366592" : 6,
            "370688" : 1,
            "374784" : 6,
            "378880" : 3,
            "382976" : 4,
            "387072" : 2,
            "391168" : 1,
            "395264" : 1,
            "399360" : 2,
            "403456" : 1,
            "407552" : 5,
            "411648" : 2,
            "415744" : 3,
            "419840" : 6,
            "423936" : 5,
            "428032" : 6,
            "432128" : 5,
            "436224" : 5,
            "440320" : 3,
            "444416" : 2,
            "448512" : 4,
            "452608" : 1,
            "456704" : 11,
            "460800" : 4,
            "464896" : 12,
            "468992" : 12,
            "473088" : 16,
            "477184" : 20,
            "481280" : 17,
            "485376" : 41,
            "489472" : 44,
            "493568" : 49,
            "497664" : 71,
            "501760" : 104,
            "505856" : 96,
            "509952" : 138,
            "514048" : 173,
            "518144" : 201,
            "522240" : 232,
            "528384" : 653,
            "536576" : 848,
            "544768" : 1030,
            "552960" : 1368,
            "561152" : 2151,
            "569344" : 2998,
            "577536" : 3654,
            "585728" : 4263,
            "593920" : 4731,
            "602112" : 5126,
            "610304" : 4894,
            "618496" : 4582,
            "626688" : 4153,
            "634880" : 3843,
            "643072" : 3533,
            "651264" : 3252,
            "659456" : 3074,
            "667648" : 2659,
            "675840" : 2385,
            "684032" : 2138,
            "692224" : 1937,
            "700416" : 1745,
            "708608" : 1622,
            "716800" : 1671,
            "724992" : 1566,
            "733184" : 1651,
            "741376" : 1852,
            "749568" : 1860,
            "757760" : 2086,
            "765952" : 2382,
            "774144" : 2559,
            "782336" : 2696,
            "790528" : 3031,
            "798720" : 3270,
            "806912" : 3530,
            "815104" : 3929,
            "823296" : 4275,
            "831488" : 4581,
            "839680" : 5248,
            "847872" : 6256,
            "856064" : 7271,
            "864256" : 8427,
            "872448" : 10387,
            "880640" : 12431,
            "888832" : 14372,
            "897024" : 16258,
            "905216" : 17272,
            "913408" : 18203,
            "921600" : 18510,
            "929792" : 18622,
            "937984" : 18976,
            "946176" : 20569,
            "954368" : 21013,
            "962560" : 21510,
            "970752" : 22670,
            "978944" : 23700,
            "987136" : 24487,
            "995328" : 25538,
            "1003520" : 26420,
            "1011712" : 26694,
            "1019904" : 26520,
            "1028096" : 26442,
            "1036288" : 27408,
            "1044480" : 25913,
            "1056768" : 49439,
            "1073152" : 44644,
            "1089536" : 39052,
            "1105920" : 33291,
            "1122304" : 27190,
            "1138688" : 22378,
            "1155072" : 17441,
            "1171456" : 13884,
            "1187840" : 11629,
            "1204224" : 10287,
            "1220608" : 9865,
            "1236992" : 9693,
            "1253376" : 10324,
            "1269760" : 11096,
            "1286144" : 12172,
            "1302528" : 13561,
            "1318912" : 14833,
            "1335296" : 15340,
            "1351680" : 16368,
            "1368064" : 16917,
            "1384448" : 17432,
            "1400832" : 17318,