{
  "fio version" : "fio-3.8",
  "timestamp" : 1535592438,
  "timestamp_ms" : 1535592438443,
  "time" : "Thu Aug 30 01:27:18 2018",
  "jobs" : [
    {
      "jobname" : "wdpc",
      "groupid" : 0,
      "error" : 0,
      "eta" : 0,
      "elapsed" : 61,
      "job options" : {
        "ioengine" : "libaio",
        "group_reporting" : "1",
        "direct" : "1",
        "rw" : "randrw",
        "bs" : "16KB",
        "numjobs" : "2",
        "iodepth" : "16",
        "size" : "75%",
        "name" : "wdpc",
        "random_distribution" : "random",
        "random_generator" : "tausworthe",
        "allrandrepeat" : "1",
        "randseed" : "101",
        "rwmixread" : "0",
        "time_based" : "1",
        "runtime" : "60s",
        "filename" : "/dev/sda"
      },
      "read" : {
        "io_bytes" : 0,
        "io_kbytes" : 0,
        "bw_bytes" : 0,
        "bw" : 0,
        "iops" : 0.000000,
        "runtime" : 0,
        "total_ios" : 0,
        "short_ios" : 0,
        "drop_ios" : 0,
        "slat_ns" : {
          "min" : 0,
          "max" : 0,
          "mean" : 0.000000,
          "stddev" : 0.000000
        },
        "clat_ns" : {
          "min" : 0,
          "max" : 0,
          "mean" : 0.000000,
          "stddev" : 0.000000,
          "percentile" : {
            "1.000000" : 0,
            "5.000000" : 0,
            "10.000000" : 0,
            "20.000000" : 0,
            "30.000000" : 0,
            "40.000000" : 0,
            "50.000000" : 0,
            "60.000000" : 0,
            "70.000000" : 0,
            "80.000000" : 0,
            "90.000000" : 0,
            "95.000000" : 0,
            "99.000000" : 0,
            "99.500000" : 0,
            "99.900000" : 0,
            "99.950000" : 0,
            "99.990000" : 0
          },
          "bins" : {

          }
        },
        "lat_ns" : {
          "min" : 0,
          "max" : 0,
          "mean" : 0.000000,
          "stddev" : 0.000000
        },
        "bw_min" : 0,
        "bw_max" : 0,
        "bw_agg" : 0.000000,
        "bw_mean" : 0.000000,
        "bw_dev" : 0.000000,
        "bw_samples" : 0,
        "iops_min" : 0,
        "iops_max" : 0,
        "iops_mean" : 0.000000,
        "iops_stddev" : 0.000000,
        "iops_samples" : 0
      },
      "write" : {
        "io_bytes" : 11882659840,
        "io_kbytes" : 11604160,
        "bw_bytes" : 198037729,
        "bw" : 193396,
        "iops" : 12087.263758,
        "runtime" : 60002,
        "total_ios" : 725260,
        "short_ios" : 0,
        "drop_ios" : 0,
        "slat_ns" : {
          "min" : 11666,
          "max" : 5007042,
          "mean" : 47041.438195,
          "stddev" : 74984.760151
        },
        "clat_ns" : {
          "min" : 158666,
          "max" : 45849417,
          "mean" : 2590938.801055,
          "stddev" : 1541374.549672,
          "percentile" : {
            "1.000000" : 864256,
            "5.000000" : 1073152,
            "10.000000" : 1384448,
            "20.000000" : 1892352,
            "30.000000" : 2056192,
            "40.000000" : 2179072,
            "50.000000" : 2310144,
            "60.000000" : 2441216,
            "70.000000" : 2637824,
            "80.000000" : 2965504,
            "90.000000" : 3817472,
            "95.000000" : 4947968,
            "99.000000" : 8585216,
            "99.500000" : 10027008,
            "99.900000" : 18743296,
            "99.950000" : 20316160,
            "99.990000" : 35389440
          },
          "bins" : {
            "158720" : 1,
            "234496" : 1,
            "296960" : 1,
            "342016" : 1,
            "415744" : 1,
            "501760" : 1,
            "610304" : 1,
            "667648" : 1,
            "675840" : 15,
            "684032" : 32,
            "692224" : 61,
            "700416" : 114,
            "708608" : 181,
            "716800" : 176,
            "724992" : 257,
            "733184" : 306,
            "741376" : 274,
            "749568" : 286,
            "757760" : 290,
            "765952" : 233,
            "774144" : 239,
            "782336" : 291,
            "790528" : 306,
            "798720" : 317,
            "806912" : 307,
            "815104" : 389,
            "823296" : 446,
            "831488" : 534,
            "839680" : 620,
            "847872" : 692,
            "856064" : 690,
            "864256" : 680,
            "872448" : 797,
            "880640" : 835,
            "888832" : 985,
            "897024" : 1008,
            "905216" : 1005,
            "913408" : 1072,
            "921600" : 1109,
            "929792" : 1070,
            "937984" : 1153,
            "946176" : 1178,
            "954368" : 1127,
            "962560" : 1110,
            "970752" : 1051,
            "978944" : 1151,
            "987136" : 1228,
            "995328" : 1176,
            "1003520" : 1227,
            "1011712" : 1250,
            "1019904" : 1296,
            "1028096" : 1374,
            "1036288" : 1417,
            "1044480" : 1324,
            "1056768" : 2878,
            "1073152" : 2551,
            "1089536" : 2418,
            "1105920" : 2111,
            "1122304" : 1955,
            "1138688" : 1873,
            "1155072" : 1721,
            "1171456" : 1482,
            "1187840" : 1585,
            "1204224" : 1511,
            "1220608" : 1477,
            "1236992" : 1395,
            "1253376" : 1428,
            "1269760" : 1510,
            "1286144" : 1653,
            "1302528" : 1805,
            "1318912" : 2083,
            "1335296" : 2260,
            "1351680" : 2230,
            "1368064" : 2337,
            "1384448" : 2341,
            "1400832" : 2251,
            "1417216" : 2239,
            "1433600" : 2009,
            "1449984" : 2011,
            "1466368" : 1780,
            "1482752" : 1849,
            "1499136" : 1764,
            "1515520" : 1782,
            "1531904" : 1783,
            "1548288" : 1972,
            "1564672" : 1933,
            "1581056" : 1841,
            "1597440" : 1736,
            "1613824" : 1684,
            "1630208" : 1589,
            "1646592" : 1628,
            "1662976" : 1645,
            "1679360" : 1722,
            "1695744" : 1752,
            "1712128" : 1973,
            "1728512" : 2094,
            "1744896" : 2167,
            "1761280" : 2384,
            "1777664" : 2624,
            "1794048" : 2869,
            "1810432" : 3051,
            "1826816" : 3400,
            "1843200" : 3566,
            "1859584" : 4037,
            "1875968" : 4593,
            "1892352" : 5073,
            "1908736" : 5452,
            "1925120" : 5955,
            "1941504" : 6429,
            "1957888" : 6682,
            "1974272" : 7504,
            "1990656" : 7813,
            "2007040" : 8136,
            "2023424" : 8551,
            "2039808" : 8986,
            "2056192" : 9342,
            "2072576" : 9847,
            "2088960" : 9821,
            "2113536" : 20614,
            "2146304" : 20656,
            "2179072" : 20275,
            "2211840" : 20009,
            "2244608" : 20023,
            "2277376" : 19465,
            "2310144" : 19301,
            "2342912" : 18465,
            "2375680" : 16955,
            "2408448" : 15458,
            "2441216" : 14199,
            "2473984" : 12324,
            "2506752" : 11056,
            "2539520" : 10467,
            "2572288" : 9851,
            "2605056" : 9357,
            "2637824" : 9551,
            "2670592" : 9251,
            "2703360" : 8646,
            "2736128" : 8640,
            "2768896" : 8209,
            "2801664" : 7635,
            "2834432" : 7617,
            "2867200" : 7455,
            "2899968" : 6798,
            "2932736" : 6924,
            "2965504" : 6337,
            "2998272" : 5927,
            "3031040" : 5471,
            "3063808" : 5107,
            "3096576" : 4704,
            "3129344" : 4168,
            "3162112" : 3786,
            "3194880" : 3260,