{
  "fio version" : "fio-3.8",
  "timestamp" : 1535595150,
  "timestamp_ms" : 1535595150520,
  "time" : "Thu Aug 30 02:12:30 2018",
  "jobs" : [
    {
      "jobname" : "wdpc",
      "groupid" : 0,
      "error" : 0,
      "eta" : 0,
      "elapsed" : 61,
      "job options" : {
        "ioengine" : "libaio",
        "group_reporting" : "1",
        "direct" : "1",
        "rw" : "randrw",
        "bs" : "8KB",
        "numjobs" : "2",
        "iodepth" : "16",
        "size" : "75%",
        "name" : "wdpc",
        "random_distribution" : "random",
        "random_generator" : "tausworthe",
        "allrandrepeat" : "1",
        "randseed" : "101",
        "rwmixread" : "0",
        "time_based" : "1",
        "runtime" : "60s",
        "filename" : "/dev/sda"
      },
      "read" : {
        "io_bytes" : 0,
        "io_kbytes" : 0,
        "bw_bytes" : 0,
        "bw" : 0,
        "iops" : 0.000000,
        "runtime" : 0,
        "total_ios" : 0,
        "short_ios" : 0,
        "drop_ios" : 0,
        "slat_ns" : {
          "min" : 0,
          "max" : 0,
          "mean" : 0.000000,
          "stddev" : 0.000000
        },
        "clat_ns" : {
          "min" : 0,
          "max" : 0,
          "mean" : 0.000000,
          "stddev" : 0.000000,
          "percentile" : {
            "1.000000" : 0,
            "5.000000" : 0,
            "10.000000" : 0,
            "20.000000" : 0,
            "30.000000" : 0,
            "40.000000" : 0,
            "50.000000" : 0,
            "60.000000" : 0,
            "70.000000" : 0,
            "80.000000" : 0,
            "90.000000" : 0,
            "95.000000" : 0,
            "99.000000" : 0,
            "99.500000" : 0,
            "99.900000" : 0,
            "99.950000" : 0,
            "99.990000" : 0
          },
          "bins" : {

          }
        },
        "lat_ns" : {
          "min" : 0,
          "max" : 0,
          "mean" : 0.000000,
          "stddev" : 0.000000
        },
        "bw_min" : 0,
        "bw_max" : 0,
        "bw_agg" : 0.000000,
        "bw_mean" : 0.000000,
        "bw_dev" : 0.000000,
        "bw_samples" : 0,
        "iops_min" : 0,
        "iops_max" : 0,
        "iops_mean" : 0.000000,
        "iops_stddev" : 0.000000,
        "iops_samples" : 0
      },
      "write" : {
        "io_bytes" : 8402984960,
        "io_kbytes" : 8206040,
        "bw_bytes" : 140045081,
        "bw" : 136762,
        "iops" : 17095.346822,
        "runtime" : 60002,
        "total_ios" : 1025755,
        "short_ios" : 0,
        "drop_ios" : 0,
        "slat_ns" : {
          "min" : 9333,
          "max" : 4794125,
          "mean" : 48895.631664,
          "stddev" : 44360.857792
        },
        "clat_ns" : {
          "min" : 275042,
          "max" : 50825542,
          "mean" : 1811278.903057,
          "stddev" : 1175662.953097,
          "percentile" : {
            "1.000000" : 618496,
            "5.000000" : 1056768,
            "10.000000" : 1122304,
            "20.000000" : 1204224,
            "30.000000" : 1318912,
            "40.000000" : 1515520,
            "50.000000" : 1695744,
            "60.000000" : 1859584,
            "70.000000" : 1990656,
            "80.000000" : 2146304,
            "90.000000" : 2408448,
            "95.000000" : 2867200,
            "99.000000" : 5341184,
            "99.500000" : 7045120,
            "99.900000" : 17432576,
            "99.950000" : 22413312,
            "99.990000" : 32636928
          },
          "bins" : {
            "276480" : 1,
            "292864" : 1,
            "317440" : 1,
            "321536" : 1,
            "329728" : 1,
            "436224" : 1,
            "444416" : 1,
            "452608" : 1,
            "468992" : 2,
            "477184" : 1,
            "489472" : 1,
            "493568" : 2,
            "497664" : 1,
            "509952" : 2,
            "522240" : 2,
            "528384" : 4,
            "536576" : 22,
            "544768" : 47,
            "552960" : 94,
            "561152" : 162,
            "569344" : 249,
            "577536" : 507,
            "585728" : 884,
            "593920" : 1398,
            "602112" : 2028,
            "610304" : 2360,
            "618496" : 2880,
            "626688" : 2656,
            "634880" : 2198,
            "643072" : 1732,
            "651264" : 1320,
            "659456" : 1070,
            "667648" : 727,
            "675840" : 605,
            "684032" : 503,
            "692224" : 426,
            "700416" : 345,
            "708608" : 290,
            "716800" : 263,
            "724992" : 261,
            "733184" : 227,
            "741376" : 244,
            "749568" : 328,
            "757760" : 433,
            "765952" : 537,
            "774144" : 623,
            "782336" : 796,
            "790528" : 906,
            "798720" : 885,
            "806912" : 789,
            "815104" : 918,
            "823296" : 774,
            "831488" : 786,
            "839680" : 776,
            "847872" : 741,
            "856064" : 675,
            "864256" : 669,
            "872448" : 655,
            "880640" : 580,
            "888832" : 634,
            "897024" : 574,
            "905216" : 570,
            "913408" : 591,
            "921600" : 572,
            "929792" : 526,
            "937984" : 478,
            "946176" : 506,
            "954368" : 463,
            "962560" : 572,
            "970752" : 524,
            "978944" : 572,
            "987136" : 636,
            "995328" : 688,
            "1003520" : 693,
            "1011712" : 715,
            "1019904" : 692,
            "1028096" : 864,
            "1036288" : 928,
            "1044480" : 1102,
            "1056768" : 3556,
            "1073152" : 7959,
            "1089536" : 13940,
            "1105920" : 18358,
            "1122304" : 19022,
            "1138688" : 18805,
            "1155072" : 18480,
            "1171456" : 19454,
            "1187840" : 20526,
            "1204224" : 20400,
            "1220608" : 19041,
            "1236992" : 17787,
            "1253376" : 16449,
            "1269760" : 14876,
            "1286144" : 13399,
            "1302528" : 11641,
            "1318912" : 10709,
            "1335296" : 9317,
            "1351680" : 8345,
            "1368064" : 8029,
            "1384448" : 7448,
            "1400832" : 7494,
            "1417216" : 7828,
            "1433600" : 7986,
            "1449984" : 8625,
            "1466368" : 9135,
            "1482752" : 9604,
            "1499136" : 9946,
            "1515520" : 10356,
            "1531904" : 10623,
            "1548288" : 10495,
            "1564672" : 10447,
            "1581056" : 9999,
            "1597440" : 9646,
            "1613824" : 9307,
            "1630208" : 9124,
            "1646592" : 8879,
            "1662976" : 8811,
            "1679360" : 8593,
            "1695744" : 8795,
            "1712128" : 8777,
            "1728512" : 9381,
            "1744896" : 9778,
            "1761280" : 9925,
            "1777664" : 9918,
            "1794048" : 10523,
            "1810432" : 10480,
            "1826816" : 10716,
            "1843200" : 11006,
            "1859584" : 11091,
            "1875968" : 11284,
            "1892352" : 11930,
            "1908736" : 12273,
            "1925120" : 12947,
            "1941504" : 12970,
            "1957888" : 12946,
            "1974272" : 13381,
            "1990656" : 12767,
            "2007040" : 13142,
            "2023424" : 12961,
            "2039808" : 12643,
            "2056192" : 12210,
            "2072576" : 12196,
            "2088960" : 11624,
            "2113536" : 21377,
            "2146304" : 18319,
            "2179072" : 16128,
            "2211840" : 13977,
            "2244608" : 11957,
            "2277376" : 11140,
            "2310144" : 9814,
            "2342912" : 8794,
            "2375680" : 8190,
            "2408448" : 7048,