{
  "fio version" : "fio-3.8",
  "timestamp" : 1535578149,
  "timestamp_ms" : 1535578149540,
  "time" : "Wed Aug 29 21:29:09 2018",
  "jobs" : [
    {
      "jobname" : "wdpc",
      "groupid" : 0,
      "error" : 0,
      "eta" : 0,
      "elapsed" : 61,
      "job options" : {
        "ioengine" : "libaio",
        "group_reporting" : "1",
        "direct" : "1",
        "rw" : "randrw",
        "bs" : "1024KB",
        "numjobs" : "2",
        "iodepth" : "16",
        "size" : "75%",
        "name" : "wdpc",
        "random_distribution" : "random",
        "random_generator" : "tausworthe",
        "allrandrepeat" : "1",
        "randseed" : "101",
        "rwmixread" : "0",
        "time_based" : "1",
        "runtime" : "60s",
        "filename" : "/dev/sda"
      },
      "read" : {
        "io_bytes" : 0,
        "io_kbytes" : 0,
        "bw_bytes" : 0,
        "bw" : 0,
        "iops" : 0.000000,
        "runtime" : 0,
        "total_ios" : 0,
        "short_ios" : 0,
        "drop_ios" : 0,
        "slat_ns" : {
          "min" : 0,
          "max" : 0,
          "mean" : 0.000000,
          "stddev" : 0.000000
        },
        "clat_ns" : {
          "min" : 0,
          "max" : 0,
          "mean" : 0.000000,
          "stddev" : 0.000000,
          "percentile" : {
            "1.000000" : 0,
            "5.000000" : 0,
            "10.000000" : 0,
            "20.000000" : 0,
            "30.000000" : 0,
            "40.000000" : 0,
            "50.000000" : 0,
            "60.000000" : 0,
            "70.000000" : 0,
            "80.000000" : 0,
            "90.000000" : 0,
            "95.000000" : 0,
            "99.000000" : 0,
            "99.500000" : 0,
            "99.900000" : 0,
            "99.950000" : 0,
            "99.990000" : 0
          },
          "bins" : {

          }
        },
        "lat_ns" : {
          "min" : 0,
          "max" : 0,
          "mean" : 0.000000,
          "stddev" : 0.000000
        },
        "bw_min" : 0,
        "bw_max" : 0,
        "bw_agg" : 0.000000,
        "bw_mean" : 0.000000,
        "bw_dev" : 0.000000,
        "bw_samples" : 0,
        "iops_min" : 0,
        "iops_max" : 0,
        "iops_mean" : 0.000000,
        "iops_stddev" : 0.000000,
        "iops_samples" : 0
      },
      "write" : {
        "io_bytes" : 16654532608,
        "io_kbytes" : 16264192,
        "bw_bytes" : 277026108,
        "bw" : 270533,
        "iops" : 264.192685,
        "runtime" : 60119,
        "total_ios" : 15883,
        "short_ios" : 0,
        "drop_ios" : 0,
        "slat_ns" : {
          "min" : 289917,
          "max" : 1803083,
          "mean" : 823936.023610,
          "stddev" : 312659.940299
        },
        "clat_ns" : {
          "min" : 13397708,
          "max" : 688822459,
          "mean" : 120202703.431467,
          "stddev" : 48654144.734565,
          "percentile" : {
            "1.000000" : 60555264,
            "5.000000" : 65798144,
            "10.000000" : 71827456,
            "20.000000" : 82313216,
            "30.000000" : 92798976,
            "40.000000" : 103284736,
            "50.000000" : 113770496,
            "60.000000" : 124256256,
            "70.000000" : 135266304,
            "80.000000" : 147849216,
            "90.000000" : 164626432,
            "95.000000" : 193986560,
            "99.000000" : 312475648,
            "99.500000" : 362807296,
            "99.900000" : 480247808,
            "99.950000" : 549453824,
            "99.990000" : 599785472
          },
          "bins" : {
            "13434880" : 1,
            "13959168" : 1,
            "14352384" : 1,
            "46399488" : 1,
            "55312384" : 1,
            "55836672" : 1,
            "57409536" : 5,
            "57933824" : 6,
            "58458112" : 12,
            "58982400" : 22,
            "59506688" : 34,
            "60030976" : 43,
            "60555264" : 47,
            "61079552" : 44,
            "61603840" : 53,
            "62128128" : 65,
            "62652416" : 69,
            "63176704" : 72,
            "63700992" : 62,
            "64225280" : 65,
            "64749568" : 68,
            "65273856" : 65,
            "65798144" : 64,
            "66322432" : 66,
            "66846720" : 72,
            "67633152" : 159,
            "68681728" : 171,
            "69730304" : 156,
            "70778880" : 158,
            "71827456" : 152,
            "72876032" : 146,
            "73924608" : 156,
            "74973184" : 155,
            "76021760" : 137,
            "77070336" : 153,
            "78118912" : 159,
            "79167488" : 148,
            "80216064" : 178,
            "81264640" : 178,
            "82313216" : 153,
            "83361792" : 158,
            "84410368" : 163,
            "85458944" : 140,
            "86507520" : 158,
            "87556096" : 151,
            "88604672" : 184,
            "89653248" : 145,
            "90701824" : 169,
            "91750400" : 180,
            "92798976" : 159,
            "93847552" : 157,
            "94896128" : 142,
            "95944704" : 175,
            "96993280" : 147,
            "98041856" : 157,
            "99090432" : 155,
            "100139008" : 181,
            "101187584" : 170,
            "102236160" : 145,
            "103284736" : 173,
            "104333312" : 147,
            "105381888" : 170,
            "106430464" : 152,
            "107479040" : 143,
            "108527616" : 160,
            "109576192" : 154,
            "110624768" : 172,
            "111673344" : 154,
            "112721920" : 159,
            "113770496" : 156,
            "114819072" : 186,
            "115867648" : 149,
            "116916224" : 167,
            "117964800" : 145,
            "119013376" : 154,
            "120061952" : 155,
            "121110528" : 169,
            "122159104" : 143,
            "123207680" : 147,
            "124256256" : 177,
            "125304832" : 158,
            "126353408" : 142,
            "127401984" : 143,
            "128450560" : 158,
            "129499136" : 146,
            "130547712" : 175,
            "131596288" : 149,
            "132644864" : 133,
            "133693440" : 106,
            "135266304" : 281,
            "137363456" : 299,
            "139460608" : 293,
            "141557760" : 246,
            "143654912" : 244,
            "145752064" : 277,
            "147849216" : 251,
            "149946368" : 261,
            "152043520" : 207,
            "154140672" : 206,
            "156237824" : 192,
            "158334976" : 164,
            "160432128" : 173,
            "162529280" : 128,
            "164626432" : 141,
            "166723584" : 128,
            "168820736" : 90,
            "170917888" : 109,
            "173015040" : 79,
            "175112192" : 55,
            "177209344" : 54,
            "179306496" : 52,
            "181403648" : 46,
            "183500800" : 30,
            "185597952" : 25,
            "187695104" : 33,
            "189792256" : 19,
            "191889408" : 25,
            "193986560" : 19,
            "196083712" : 15,
            "198180864" : 21,
            "200278016" : 15,
            "202375168" : 16,
            "204472320" : 26,
            "206569472" : 22,
            "208666624" : 13,
            "210763776" : 25,
            "212860928" : 9,
            "214958080" : 11,
            "217055232" : 17,
            "219152384" : 17,
            "221249536" : 13,
            "223346688" : 16,
            "225443840" : 14,
            "227540992" : 11,
            "229638144" : 12,
            "231735296" : 13,
            "233832448" : 9,
            "235929600" : 16,
            "238026752" : 9,
            "240123904" : 11,
            "242221056" : 12,
            "244318208" : 12,
            "246415360" : 13,
            "248512512" : 10,
            "250609664" : 13,
            "252706816" : 12,
            "254803968" : 12,