{
  "fio version" : "fio-3.8",
  "timestamp" : 1535598073,
  "timestamp_ms" : 1535598073540,
  "time" : "Thu Aug 30 03:01:13 2018",
  "jobs" : [
    {
      "jobname" : "wdpc",
      "groupid" : 0,
      "error" : 0,
      "eta" : 0,
      "elapsed" : 61,
      "job options" : {
        "ioengine" : "libaio",
        "group_reporting" : "1",
        "direct" : "1",
        "rw" : "randrw",
        "bs" : "4KB",
        "numjobs" : "2",
        "iodepth" : "16",
        "size" : "75%",
        "name" : "wdpc",
        "random_distribution" : "random",
        "random_generator" : "tausworthe",
        "allrandrepeat" : "1",
        "randseed" : "101",
        "rwmixread" : "0",
        "time_based" : "1",
        "runtime" : "60s",
        "filename" : "/dev/sda"
      },
      "read" : {
        "io_bytes" : 0,
        "io_kbytes" : 0,
        "bw_bytes" : 0,
        "bw" : 0,
        "iops" : 0.000000,
        "runtime" : 0,
        "total_ios" : 0,
        "short_ios" : 0,
        "drop_ios" : 0,
        "slat_ns" : {
          "min" : 0,
          "max" : 0,
          "mean" : 0.000000,
          "stddev" : 0.000000
        },
        "clat_ns" : {
          "min" : 0,
          "max" : 0,
          "mean" : 0.000000,
          "stddev" : 0.000000,
          "percentile" : {
            "1.000000" : 0,
            "5.000000" : 0,
            "10.000000" : 0,
            "20.000000" : 0,
            "30.000000" : 0,
            "40.000000" : 0,
            "50.000000" : 0,
            "60.000000" : 0,
            "70.000000" : 0,
            "80.000000" : 0,
            "90.000000" : 0,
            "95.000000" : 0,
            "99.000000" : 0,
            "99.500000" : 0,
            "99.900000" : 0,
            "99.950000" : 0,
            "99.990000" : 0
          },
          "bins" : {

          }
        },
        "lat_ns" : {
          "min" : 0,
          "max" : 0,
          "mean" : 0.000000,
          "stddev" : 0.000000
        },
        "bw_min" : 0,
        "bw_max" : 0,
        "bw_agg" : 0.000000,
        "bw_mean" : 0.000000,
        "bw_dev" : 0.000000,
        "bw_samples" : 0,
        "iops_min" : 0,
        "iops_max" : 0,
        "iops_mean" : 0.000000,
        "iops_stddev" : 0.000000,
        "iops_samples" : 0
      },
      "write" : {
        "io_bytes" : 5942718464,
        "io_kbytes" : 5803436,
        "bw_bytes" : 99042006,
        "bw" : 96720,
        "iops" : 24180.177327,
        "runtime" : 60002,
        "total_ios" : 1450859,
        "short_ios" : 0,
        "drop_ios" : 0,
        "slat_ns" : {
          "min" : 6416,
          "max" : 9916667,
          "mean" : 41331.954530,
          "stddev" : 27934.946367
        },
        "clat_ns" : {
          "min" : 303041,
          "max" : 76671916,
          "mean" : 1272913.955983,
          "stddev" : 808101.464049,
          "percentile" : {
            "1.000000" : 602112,
            "5.000000" : 798720,
            "10.000000" : 880640,
            "20.000000" : 946176,
            "30.000000" : 995328,
            "40.000000" : 1036288,
            "50.000000" : 1089536,
            "60.000000" : 1220608,
            "70.000000" : 1384448,
            "80.000000" : 1531904,
            "90.000000" : 1728512,
            "95.000000" : 1974272,
            "99.000000" : 3391488,
            "99.500000" : 4358144,
            "99.900000" : 9371648,
            "99.950000" : 15400960,
            "99.990000" : 33816576
          },
          "bins" : {
            "301056" : 1,
            "354304" : 1,
            "366592" : 1,
            "370688" : 1,
            "391168" : 2,
            "395264" : 1,
            "399360" : 3,
            "407552" : 1,
            "411648" : 1,
            "415744" : 2,
            "423936" : 3,
            "428032" : 2,
            "432128" : 1,
            "436224" : 1,
            "440320" : 2,
            "444416" : 4,
            "448512" : 2,
            "452608" : 2,
            "456704" : 2,
            "460800" : 3,
            "464896" : 4,
            "468992" : 9,
            "473088" : 4,
            "477184" : 1,
            "481280" : 2,
            "485376" : 3,
            "489472" : 4,
            "493568" : 10,
            "497664" : 12,
            "501760" : 23,
            "505856" : 31,
            "509952" : 35,
            "514048" : 52,
            "518144" : 69,
            "522240" : 85,
            "528384" : 216,
            "536576" : 346,
            "544768" : 637,
            "552960" : 972,
            "561152" : 1331,
            "569344" : 1839,
            "577536" : 2027,
            "585728" : 2568,
            "593920" : 2988,
            "602112" : 3129,
            "610304" : 3414,
            "618496" : 3467,
            "626688" : 3174,
            "634880" : 3304,
            "643072" : 3010,
            "651264" : 2599,
            "659456" : 2273,
            "667648" : 1855,
            "675840" : 1542,
            "684032" : 1394,
            "692224" : 1209,
            "700416" : 1205,
            "708608" : 1152,
            "716800" : 1290,
            "724992" : 1396,
            "733184" : 1495,
            "741376" : 1758,
            "749568" : 2078,
            "757760" : 2357,
            "765952" : 2587,
            "774144" : 2961,
            "782336" : 3380,
            "790528" : 3640,
            "798720" : 4093,
            "806912" : 4348,
            "815104" : 4474,
            "823296" : 4813,
            "831488" : 5341,
            "839680" : 5832,
            "847872" : 7304,
            "856064" : 8221,
            "864256" : 10034,
            "872448" : 12036,
            "880640" : 14153,
            "888832" : 16044,
            "897024" : 17875,
            "905216" : 19270,
            "913408" : 19917,
            "921600" : 20355,
            "929792" : 20586,
            "937984" : 20876,
            "946176" : 22179,
            "954368" : 22356,
            "962560" : 23505,
            "970752" : 24611,
            "978944" : 25069,
            "987136" : 25820,
            "995328" : 26598,
            "1003520" : 27087,
            "1011712" : 27329,
            "1019904" : 27301,
            "1028096" : 26728,
            "1036288" : 27178,
            "1044480" : 25314,
            "1056768" : 47601,
            "1073152" : 42121,
            "1089536" : 35779,
            "1105920" : 29688,
            "1122304" : 23757,
            "1138688" : 19237,
            "1155072" : 15397,
            "1171456" : 12563,
            "1187840" : 11077,
            "1204224" : 10321,
            "1220608" : 10366,
            "1236992" : 10547,
            "1253376" : 11412,
            "1269760" : 12357,
            "1286144" : 13389,
            "1302528" : 14808,
            "1318912" : 15932,
            "1335296" : 16797,
            "1351680" : 17559,
            "1368064" : 18084,
            "1384448" : 17890,
            "1400832" : 18129,
            "1417216" : 18118,
            "1433600" : 17548,
            "1449984" : 17055,
            "1466368" : 16809,
            "1482752" : 16133,
            "1499136" : 15616,
            "1515520" : 15547,
            "1531904" : 14949,
            "1548288" : 14494,
            "1564672" : 13907,
            "1581056" : 13347,
            "1597440" : 13114,
            "1613824" : 12253,
            "1630208" : 11651,
            "1646592" : 11107,
            "1662976" : 10982,
            "1679360" : 10315,
            "1695744" : 9916,
            "1712128" : 8840,
            "1728512" : 7998,
            "1744896" : 7562,
            "1761280" : 6929,
            "1777664" : 6402,
            "1794048" : 5854,
            "1810432" : 5275,
            "1826816" : 4987,
            "1843200" : 4633,
            "1859584" : 4469,
            "1875968" : 4014,
            "1892352" : 3608,
            "1908736" : 3448,
            "1925120" : 3122,
            "1941504" : 2831,