{
  "fio version" : "fio-3.8",
  "timestamp" : 1535608225,
  "timestamp_ms" : 1535608225535,
  "time" : "Thu Aug 30 05:50:25 2018",
  "jobs" : [
    {
      "jobname" : "wdpc",
      "groupid" : 0,
      "error" : 0,
      "eta" : 0,
      "elapsed" : 61,
      "job options" : {
        "ioengine" : "libaio",
        "group_reporting" : "1",
        "direct" : "1",
        "rw" : "randrw",
        "bs" : "512B",
        "numjobs" : "2",
        "iodepth" : "16",
        "size" : "75%",
        "name" : "wdpc",
        "random_distribution" : "random",
        "random_generator" : "tausworthe",
        "allrandrepeat" : "1",
        "randseed" : "101",
        "rwmixread" : "0",
        "time_based" : "1",
        "runtime" : "60s",
        "filename" : "/dev/sda"
      },
      "read" : {
        "io_bytes" : 0,
        "io_kbytes" : 0,
        "bw_bytes" : 0,
        "bw" : 0,
        "iops" : 0.000000,
        "runtime" : 0,
        "total_ios" : 0,
        "short_ios" : 0,
        "drop_ios" : 0,
        "slat_ns" : {
          "min" : 0,
          "max" : 0,
          "mean" : 0.000000,
          "stddev" : 0.000000
        },
        "clat_ns" : {
          "min" : 0,
          "max" : 0,
          "mean" : 0.000000,
          "stddev" : 0.000000,
          "percentile" : {
            "1.000000" : 0,
            "5.000000" : 0,
            "10.000000" : 0,
            "20.000000" : 0,
            "30.000000" : 0,
            "40.000000" : 0,
            "50.000000" : 0,
            "60.000000" : 0,
            "70.000000" : 0,
            "80.000000" : 0,
            "90.000000" : 0,
            "95.000000" : 0,
            "99.000000" : 0,
            "99.500000" : 0,
            "99.900000" : 0,
            "99.950000" : 0,
            "99.990000" : 0
          },
          "bins" : {

          }
        },
        "lat_ns" : {
          "min" : 0,
          "max" : 0,
          "mean" : 0.000000,
          "stddev" : 0.000000
        },
        "bw_min" : 0,
        "bw_max" : 0,
        "bw_agg" : 0.000000,
        "bw_mean" : 0.000000,
        "bw_dev" : 0.000000,
        "bw_samples" : 0,
        "iops_min" : 0,
        "iops_max" : 0,
        "iops_mean" : 0.000000,
        "iops_stddev" : 0.000000,
        "iops_samples" : 0
      },
      "write" : {
        "io_bytes" : 721971200,
        "io_kbytes" : 705050,
        "bw_bytes" : 12027040,
        "bw" : 11745,
        "iops" : 23490.313015,
        "runtime" : 60029,
        "total_ios" : 1410100,
        "short_ios" : 0,
        "drop_ios" : 0,
        "slat_ns" : {
          "min" : 5541,
          "max" : 10395000,
          "mean" : 42226.909370,
          "stddev" : 39685.329419
        },
        "clat_ns" : {
          "min" : 56583,
          "max" : 49001751,
          "mean" : 1310251.109660,
          "stddev" : 930834.136494,
          "percentile" : {
            "1.000000" : 577536,
            "5.000000" : 798720,
            "10.000000" : 839680,
            "20.000000" : 888832,
            "30.000000" : 946176,
            "40.000000" : 1003520,
            "50.000000" : 1073152,
            "60.000000" : 1220608,
            "70.000000" : 1384448,
            "80.000000" : 1630208,
            "90.000000" : 1908736,
            "95.000000" : 2179072,
            "99.000000" : 4014080,
            "99.500000" : 5537792,
            "99.900000" : 11862016,
            "99.950000" : 15925248,
            "99.990000" : 35389440
          },
          "bins" : {
            "56576" : 1,
            "387072" : 1,
            "391168" : 1,
            "395264" : 1,
            "399360" : 1,
            "407552" : 2,
            "411648" : 2,
            "415744" : 1,
            "432128" : 3,
            "436224" : 2,
            "440320" : 3,
            "444416" : 5,
            "448512" : 2,
            "452608" : 3,
            "456704" : 7,
            "460800" : 9,
            "464896" : 11,
            "468992" : 15,
            "473088" : 12,
            "477184" : 21,
            "481280" : 14,
            "485376" : 27,
            "489472" : 51,
            "493568" : 82,
            "497664" : 106,
            "501760" : 141,
            "505856" : 150,
            "509952" : 146,
            "514048" : 146,
            "518144" : 199,
            "522240" : 306,
            "528384" : 1235,
            "536576" : 2228,
            "544768" : 2283,
            "552960" : 2207,
            "561152" : 2281,
            "569344" : 2283,
            "577536" : 1951,
            "585728" : 1629,
            "593920" : 1418,
            "602112" : 1346,
            "610304" : 1167,
            "618496" : 1218,
            "626688" : 1213,
            "634880" : 1179,
            "643072" : 1096,
            "651264" : 1058,
            "659456" : 1059,
            "667648" : 979,
            "675840" : 910,
            "684032" : 867,
            "692224" : 944,
            "700416" : 1017,
            "708608" : 1057,
            "716800" : 1312,
            "724992" : 1741,
            "733184" : 2178,
            "741376" : 2771,
            "749568" : 3187,
            "757760" : 3713,
            "765952" : 4144,
            "774144" : 4838,
            "782336" : 5300,
            "790528" : 5786,
            "798720" : 6666,
            "806912" : 8197,
            "815104" : 10586,
            "823296" : 13453,
            "831488" : 16819,
            "839680" : 19676,
            "847872" : 22200,
            "856064" : 22681,
            "864256" : 23459,
            "872448" : 23842,
            "880640" : 23659,
            "888832" : 23595,
            "897024" : 22531,
            "905216" : 21877,
            "913408" : 21250,
            "921600" : 21062,
            "929792" : 20668,
            "937984" : 20399,
            "946176" : 21258,
            "954368" : 20336,
            "962560" : 20034,
            "970752" : 19859,
            "978944" : 19182,
            "987136" : 19109,
            "995328" : 18764,
            "1003520" : 18598,
            "1011712" : 18242,
            "1019904" : 17686,
            "1028096" : 17017,
            "1036288" : 17314,
            "1044480" : 16092,
            "1056768" : 29685,
            "1073152" : 26546,
            "1089536" : 23247,
            "1105920" : 20158,
            "1122304" : 17767,
            "1138688" : 16088,
            "1155072" : 13760,
            "1171456" : 12569,
            "1187840" : 12090,
            "1204224" : 12084,
            "1220608" : 12632,
            "1236992" : 12771,
            "1253376" : 13101,
            "1269760" : 13904,
            "1286144" : 14107,
            "1302528" : 14488,
            "1318912" : 14981,
            "1335296" : 14964,
            "1351680" : 14601,
            "1368064" : 14143,
            "1384448" : 13655,
            "1400832" : 12661,
            "1417216" : 12003,
            "1433600" : 10865,
            "1449984" : 10036,
            "1466368" : 9283,
            "1482752" : 8949,
            "1499136" : 8615,
            "1515520" : 8774,
            "1531904" : 8568,
            "1548288" : 8579,
            "1564672" : 8645,
            "1581056" : 8578,
            "1597440" : 8757,
            "1613824" : 8660,
            "1630208" : 8947,
            "1646592" : 8828,
            "1662976" : 8909,
            "1679360" : 8861,
            "1695744" : 9048,
            "1712128" : 8974,
            "1728512" : 8879,
            "1744896" : 8723,
            "1761280" : 8466,
            "1777664" : 8463,
            "1794048" : 8342,
            "1810432" : 8067,
            "1826816" : 7744,
            "1843200" : 7505,
            "1859584" : 7271,
            "1875968" : 6679,
            "1892352" : 6652,
            "1908736" : 6266,
            "1925120" : 6372,
            "1941504" : 6002,
            "1957888" : 5758,
            "1974272" : 5556,
            "1990656" : 5137,