{
  "fio version" : "fio-3.8",
  "timestamp" : 1535605376,
  "timestamp_ms" : 1535605376678,
  "time" : "Thu Aug 30 05:02:56 2018",
  "jobs" : [
    {
      "jobname" : "wdpc",
      "groupid" : 0,
      "error" : 0,
      "eta" : 0,
      "elapsed" : 61,
      "job options" : {
        "ioengine" : "libaio",
        "group_reporting" : "1",
        "direct" : "1",
        "rw" : "randrw",
        "bs" : "32KB",
        "numjobs" : "2",
        "iodepth" : "16",
        "size" : "75%",
        "name" : "wdpc",
        "random_distribution" : "random",
        "random_generator" : "tausworthe",
        "allrandrepeat" : "1",
        "randseed" : "101",
        "rwmixread" : "0",
        "time_based" : "1",
        "runtime" : "60s",
        "filename" : "/dev/sda"
      },
      "read" : {
        "io_bytes" : 0,
        "io_kbytes" : 0,
        "bw_bytes" : 0,
        "bw" : 0,
        "iops" : 0.000000,
        "runtime" : 0,
        "total_ios" : 0,
        "short_ios" : 0,
        "drop_ios" : 0,
        "slat_ns" : {
          "min" : 0,
          "max" : 0,
          "mean" : 0.000000,
          "stddev" : 0.000000
        },
        "clat_ns" : {
          "min" : 0,
          "max" : 0,
          "mean" : 0.000000,
          "stddev" : 0.000000,
          "percentile" : {
            "1.000000" : 0,
            "5.000000" : 0,
            "10.000000" : 0,
            "20.000000" : 0,
            "30.000000" : 0,
            "40.000000" : 0,
            "50.000000" : 0,
            "60.000000" : 0,
            "70.000000" : 0,
            "80.000000" : 0,
            "90.000000" : 0,
            "95.000000" : 0,
            "99.000000" : 0,
            "99.500000" : 0,
            "99.900000" : 0,
            "99.950000" : 0,
            "99.990000" : 0
          },
          "bins" : {

          }
        },
        "lat_ns" : {
          "min" : 0,
          "max" : 0,
          "mean" : 0.000000,
          "stddev" : 0.000000
        },
        "bw_min" : 0,
        "bw_max" : 0,
        "bw_agg" : 0.000000,
        "bw_mean" : 0.000000,
        "bw_dev" : 0.000000,
        "bw_samples" : 0,
        "iops_min" : 0,
        "iops_max" : 0,
        "iops_mean" : 0.000000,
        "iops_stddev" : 0.000000,
        "iops_samples" : 0
      },
      "write" : {
        "io_bytes" : 13914963968,
        "io_kbytes" : 13588832,
        "bw_bytes" : 231896741,
        "bw" : 226461,
        "iops" : 7076.926923,
        "runtime" : 60005,
        "total_ios" : 424651,
        "short_ios" : 0,
        "drop_ios" : 0,
        "slat_ns" : {
          "min" : 19250,
          "max" : 4197084,
          "mean" : 102894.732731,
          "stddev" : 106670.766991
        },
        "clat_ns" : {
          "min" : 1550500,
          "max" : 25757667,
          "mean" : 4402645.443691,
          "stddev" : 1470970.084935,
          "percentile" : {
            "1.000000" : 2113536,
            "5.000000" : 2637824,
            "10.000000" : 3031040,
            "20.000000" : 3457024,
            "30.000000" : 3719168,
            "40.000000" : 3915776,
            "50.000000" : 4177920,
            "60.000000" : 4554752,
            "70.000000" : 4882432,
            "80.000000" : 5210112,
            "90.000000" : 5799936,
            "95.000000" : 6455296,
            "99.000000" : 7569408,
            "99.500000" : 8716288,
            "99.900000" : 20054016,
            "99.950000" : 20578304,
            "99.990000" : 22937600
          },
          "bins" : {
            "1548288" : 1,
            "1597440" : 1,
            "1630208" : 5,
            "1646592" : 4,
            "1662976" : 6,
            "1679360" : 6,
            "1695744" : 12,
            "1712128" : 13,
            "1728512" : 11,
            "1744896" : 19,
            "1761280" : 25,
            "1777664" : 25,
            "1794048" : 32,
            "1810432" : 22,
            "1826816" : 37,
            "1843200" : 36,
            "1859584" : 66,
            "1875968" : 97,
            "1892352" : 87,
            "1908736" : 137,
            "1925120" : 140,
            "1941504" : 180,
            "1957888" : 207,
            "1974272" : 224,
            "1990656" : 245,
            "2007040" : 248,
            "2023424" : 289,
            "2039808" : 321,
            "2056192" : 309,
            "2072576" : 319,
            "2088960" : 349,
            "2113536" : 786,
            "2146304" : 822,
            "2179072" : 810,
            "2211840" : 878,
            "2244608" : 962,
            "2277376" : 982,
            "2310144" : 970,
            "2342912" : 889,
            "2375680" : 970,
            "2408448" : 1050,
            "2441216" : 1106,
            "2473984" : 1206,
            "2506752" : 1306,
            "2539520" : 1474,
            "2572288" : 1442,
            "2605056" : 1466,
            "2637824" : 1491,
            "2670592" : 1563,
            "2703360" : 1621,
            "2736128" : 1576,
            "2768896" : 1592,
            "2801664" : 1788,
            "2834432" : 1980,
            "2867200" : 1944,
            "2899968" : 1911,
            "2932736" : 2024,
            "2965504" : 1990,
            "2998272" : 1978,
            "3031040" : 2108,
            "3063808" : 2260,
            "3096576" : 2338,
            "3129344" : 2452,
            "3162112" : 2813,
            "3194880" : 2960,
            "3227648" : 3091,
            "3260416" : 3247,
            "3293184" : 3468,
            "3325952" : 3560,
            "3358720" : 3682,
            "3391488" : 3888,
            "3424256" : 3982,
            "3457024" : 4343,
            "3489792" : 4430,
            "3522560" : 4859,
            "3555328" : 4941,
            "3588096" : 5313,
            "3620864" : 5686,
            "3653632" : 6126,
            "3686400" : 6363,
            "3719168" : 6680,
            "3751936" : 7063,
            "3784704" : 7076,
            "3817472" : 6900,
            "3850240" : 6737,
            "3883008" : 6782,
            "3915776" : 6235,
            "3948544" : 6289,
            "3981312" : 5804,
            "4014080" : 5447,
            "4046848" : 5441,
            "4079616" : 5022,
            "4112384" : 4869,
            "4145152" : 4709,
            "4177920" : 4519,
            "4227072" : 8459,
            "4292608" : 7942,
            "4358144" : 7662,
            "4423680" : 7424,
            "4489216" : 7493,
            "4554752" : 7378,
            "4620288" : 7384,
            "4685824" : 7505,
            "4751360" : 7917,
            "4816896" : 8373,
            "4882432" : 8850,
            "4947968" : 8926,
            "5013504" : 8987,
            "5079040" : 8290,
            "5144576" : 7823,
            "5210112" : 7000,
            "5275648" : 6647,
            "5341184" : 6080,
            "5406720" : 5580,
            "5472256" : 5171,
            "5537792" : 4436,
            "5603328" : 4100,
            "5668864" : 3607,
            "5734400" : 3297,
            "5799936" : 2889,
            "5865472" : 2833,
            "5931008" : 2580,
            "5996544" : 2467,
            "6062080" : 2409,
            "6127616" : 2166,
            "6193152" : 2179,
            "6258688" : 1996,
            "6324224" : 1805,
            "6389760" : 1742,
            "6455296" : 1710,
            "6520832" : 1627,
            "6586368" : 1550,
            "6651904" : 1488,
            "6717440" : 1439,
            "6782976" : 1204,
            "6848512" : 1112,
            "6914048" : 1031,
            "6979584" : 962,
            "7045120" : 896,
            "7110656" : 794,
            "7176192" : 699,
            "7241728" : 636,
            "7307264" : 637,
            "7372800" : 516,
            "7438336" : 459,
            "7503872" : 419,
            "7569408" : 338,
            "7634944" : 307,
            "7700480" : 276,
            "7766016" : 226,
            "7831552" : 206,