{
  "fio version" : "fio-3.8",
  "timestamp" : 1535592371,
  "timestamp_ms" : 1535592371973,
  "time" : "Thu Aug 30 01:26:11 2018",
  "jobs" : [
    {
      "jobname" : "wdpc",
      "groupid" : 0,
      "error" : 0,
      "eta" : 0,
      "elapsed" : 61,
      "job options" : {
        "ioengine" : "libaio",
        "group_reporting" : "1",
        "direct" : "1",
        "rw" : "randrw",
        "bs" : "16KB",
        "numjobs" : "2",
        "iodepth" : "16",
        "size" : "75%",
        "name" : "wdpc",
        "random_distribution" : "random",
        "random_generator" : "tausworthe",
        "allrandrepeat" : "1",
        "randseed" : "101",
        "rwmixread" : "0",
        "time_based" : "1",
        "runtime" : "60s",
        "filename" : "/dev/sda"
      },
      "read" : {
        "io_bytes" : 0,
        "io_kbytes" : 0,
        "bw_bytes" : 0,
        "bw" : 0,
        "iops" : 0.000000,
        "runtime" : 0,
        "total_ios" : 0,
        "short_ios" : 0,
        "drop_ios" : 0,
        "slat_ns" : {
          "min" : 0,
          "max" : 0,
          "mean" : 0.000000,
          "stddev" : 0.000000
        },
        "clat_ns" : {
          "min" : 0,
          "max" : 0,
          "mean" : 0.000000,
          "stddev" : 0.000000,
          "percentile" : {
            "1.000000" : 0,
            "5.000000" : 0,
            "10.000000" : 0,
            "20.000000" : 0,
            "30.000000" : 0,
            "40.000000" : 0,
            "50.000000" : 0,
            "60.000000" : 0,
            "70.000000" : 0,
            "80.000000" : 0,
            "90.000000" : 0,
            "95.000000" : 0,
            "99.000000" : 0,
            "99.500000" : 0,
            "99.900000" : 0,
            "99.950000" : 0,
            "99.990000" : 0
          },
          "bins" : {

          }
        },
        "lat_ns" : {
          "min" : 0,
          "max" : 0,
          "mean" : 0.000000,
          "stddev" : 0.000000
        },
        "bw_min" : 0,
        "bw_max" : 0,
        "bw_agg" : 0.000000,
        "bw_mean" : 0.000000,
        "bw_dev" : 0.000000,
        "bw_samples" : 0,
        "iops_min" : 0,
        "iops_max" : 0,
        "iops_mean" : 0.000000,
        "iops_stddev" : 0.000000,
        "iops_samples" : 0
      },
      "write" : {
        "io_bytes" : 11097915392,
        "io_kbytes" : 10837808,
        "bw_bytes" : 184949844,
        "bw" : 180615,
        "iops" : 11288.442630,
        "runtime" : 60005,
        "total_ios" : 677363,
        "short_ios" : 0,
        "drop_ios" : 0,
        "slat_ns" : {
          "min" : 11666,
          "max" : 8532125,
          "mean" : 54159.060530,
          "stddev" : 89235.259261
        },
        "clat_ns" : {
          "min" : 674625,
          "max" : 45928458,
          "mean" : 2770090.570744,
          "stddev" : 1868890.918850,
          "percentile" : {
            "1.000000" : 839680,
            "5.000000" : 987136,
            "10.000000" : 1269760,
            "20.000000" : 1859584,
            "30.000000" : 2056192,
            "40.000000" : 2211840,
            "50.000000" : 2342912,
            "60.000000" : 2506752,
            "70.000000" : 2768896,
            "80.000000" : 3227648,
            "90.000000" : 4554752,
            "95.000000" : 5931008,
            "99.000000" : 9633792,
            "99.500000" : 12386304,
            "99.900000" : 19267584,
            "99.950000" : 21626880,
            "99.990000" : 39059456
          },
          "bins" : {
            "675840" : 5,
            "684032" : 17,
            "692224" : 25,
            "700416" : 56,
            "708608" : 95,
            "716800" : 98,
            "724992" : 156,
            "733184" : 169,
            "741376" : 217,
            "749568" : 219,
            "757760" : 257,
            "765952" : 215,
            "774144" : 284,
            "782336" : 322,
            "790528" : 449,
            "798720" : 461,
            "806912" : 525,
            "815104" : 749,
            "823296" : 749,
            "831488" : 822,
            "839680" : 956,
            "847872" : 1166,
            "856064" : 1190,
            "864256" : 1228,
            "872448" : 1390,
            "880640" : 1454,
            "888832" : 1586,
            "897024" : 1700,
            "905216" : 1691,
            "913408" : 1807,
            "921600" : 1791,
            "929792" : 1844,
            "937984" : 1824,
            "946176" : 1882,
            "954368" : 1698,
            "962560" : 1703,
            "970752" : 1550,
            "978944" : 1518,
            "987136" : 1551,
            "995328" : 1569,
            "1003520" : 1443,
            "1011712" : 1322,
            "1019904" : 1293,
            "1028096" : 1450,
            "1036288" : 1402,
            "1044480" : 1266,
            "1056768" : 2337,
            "1073152" : 2185,
            "1089536" : 1962,
            "1105920" : 1744,
            "1122304" : 1641,
            "1138688" : 1700,
            "1155072" : 1541,
            "1171456" : 1395,
            "1187840" : 1370,
            "1204224" : 1408,
            "1220608" : 1506,
            "1236992" : 1383,
            "1253376" : 1385,
            "1269760" : 1539,
            "1286144" : 1640,
            "1302528" : 1801,
            "1318912" : 2023,
            "1335296" : 2139,
            "1351680" : 2083,
            "1368064" : 2255,
            "1384448" : 2363,
            "1400832" : 2334,
            "1417216" : 2312,
            "1433600" : 1950,
            "1449984" : 1876,
            "1466368" : 1792,
            "1482752" : 1787,
            "1499136" : 1689,
            "1515520" : 1774,
            "1531904" : 1801,
            "1548288" : 1755,
            "1564672" : 1629,
            "1581056" : 1531,
            "1597440" : 1453,
            "1613824" : 1292,
            "1630208" : 1224,
            "1646592" : 1238,
            "1662976" : 1239,
            "1679360" : 1346,
            "1695744" : 1424,
            "1712128" : 1443,
            "1728512" : 1508,
            "1744896" : 1613,
            "1761280" : 1759,
            "1777664" : 1890,
            "1794048" : 2200,
            "1810432" : 2466,
            "1826816" : 2644,
            "1843200" : 2931,
            "1859584" : 3110,
            "1875968" : 3598,
            "1892352" : 3841,
            "1908736" : 4364,
            "1925120" : 4688,
            "1941504" : 4972,
            "1957888" : 5401,
            "1974272" : 6006,
            "1990656" : 6217,
            "2007040" : 6688,
            "2023424" : 7106,
            "2039808" : 7286,
            "2056192" : 7483,
            "2072576" : 7657,
            "2088960" : 7903,
            "2113536" : 16389,
            "2146304" : 16598,
            "2179072" : 16723,
            "2211840" : 16093,
            "2244608" : 16239,
            "2277376" : 16034,
            "2310144" : 15942,
            "2342912" : 15869,
            "2375680" : 14959,
            "2408448" : 13535,
            "2441216" : 12734,
            "2473984" : 11505,
            "2506752" : 10055,
            "2539520" : 9458,
            "2572288" : 9011,
            "2605056" : 8476,
            "2637824" : 8316,
            "2670592" : 7971,
            "2703360" : 7604,
            "2736128" : 7724,
            "2768896" : 7296,
            "2801664" : 7205,
            "2834432" : 6737,
            "2867200" : 6386,
            "2899968" : 5782,
            "2932736" : 5538,
            "2965504" : 5122,
            "2998272" : 4937,
            "3031040" : 4661,
            "3063808" : 4132,
            "3096576" : 3719,
            "3129344" : 3500,
            "3162112" : 3203,
            "3194880" : 2960,
            "3227648" : 2735,
            "3260416" : 2603,
            "3293184" : 2388,
            "3325952" : 2141,
            "3358720" : 2034,
            "3391488" : 2107,
            "3424256" : 1946,