{
  "fio version" : "fio-3.8",
  "timestamp" : 1534381595,
  "timestamp_ms" : 1534381595940,
  "time" : "Wed Aug 15 18:06:35 2018",
  "jobs" : [
    {
      "jobname" : "wdpc",
      "groupid" : 0,
      "error" : 0,
      "eta" : 0,
      "elapsed" : 61,
      "job options" : {
        "ioengine" : "libaio",
        "group_reporting" : "1",
        "direct" : "1",
        "rw" : "randrw",
        "bs" : "32KB",
        "numjobs" : "2",
        "iodepth" : "16",
        "size" : "75%",
        "name" : "wdpc",
        "random_distribution" : "random",
        "random_generator" : "tausworthe",
        "allrandrepeat" : "1",
        "randseed" : "101",
        "rwmixread" : "0",
        "time_based" : "1",
        "runtime" : "60s",
        "filename" : "/dev/sda"
      },
      "read" : {
        "io_bytes" : 0,
        "io_kbytes" : 0,
        "bw_bytes" : 0,
        "bw" : 0,
        "iops" : 0.000000,
        "runtime" : 0,
        "total_ios" : 0,
        "short_ios" : 0,
        "drop_ios" : 0,
        "slat_ns" : {
          "min" : 0,
          "max" : 0,
          "mean" : 0.000000,
          "stddev" : 0.000000
        },
        "clat_ns" : {
          "min" : 0,
          "max" : 0,
          "mean" : 0.000000,
          "stddev" : 0.000000,
          "percentile" : {
            "1.000000" : 0,
            "5.000000" : 0,
            "10.000000" : 0,
            "20.000000" : 0,
            "30.000000" : 0,
            "40.000000" : 0,
            "50.000000" : 0,
            "60.000000" : 0,
            "70.000000" : 0,
            "80.000000" : 0,
            "90.000000" : 0,
            "95.000000" : 0,
            "99.000000" : 0,
            "99.500000" : 0,
            "99.900000" : 0,
            "99.950000" : 0,
            "99.990000" : 0
          },
          "bins" : {

          }
        },
        "lat_ns" : {
          "min" : 0,
          "max" : 0,
          "mean" : 0.000000,
          "stddev" : 0.000000
        },
        "bw_min" : 0,
        "bw_max" : 0,
        "bw_agg" : 0.000000,
        "bw_mean" : 0.000000,
        "bw_dev" : 0.000000,
        "bw_samples" : 0,
        "iops_min" : 0,
        "iops_max" : 0,
        "iops_mean" : 0.000000,
        "iops_stddev" : 0.000000,
        "iops_samples" : 0
      },
      "write" : {
        "io_bytes" : 11541839872,
        "io_kbytes" : 11271328,
        "bw_bytes" : 192277473,
        "bw" : 187770,
        "iops" : 5867.842804,
        "runtime" : 60027,
        "total_ios" : 352229,
        "short_ios" : 0,
        "drop_ios" : 0,
        "slat_ns" : {
          "min" : 4031,
          "max" : 2630908,
          "mean" : 11384.836334,
          "stddev" : 19217.219655
        },
        "clat_ns" : {
          "min" : 405915,
          "max" : 83890698,
          "mean" : 5437411.363638,
          "stddev" : 3802923.043048,
          "percentile" : {
            "1.000000" : 3031040,
            "5.000000" : 3063808,
            "10.000000" : 3162112,
            "20.000000" : 3948544,
            "30.000000" : 4177920,
            "40.000000" : 4358144,
            "50.000000" : 4554752,
            "60.000000" : 5144576,
            "70.000000" : 5406720,
            "80.000000" : 5668864,
            "90.000000" : 6455296,
            "95.000000" : 7831552,
            "99.000000" : 25296896,
            "99.500000" : 28704768,
            "99.900000" : 35913728,
            "99.950000" : 39583744,
            "99.990000" : 56885248
          },
          "bins" : {
            "407552" : 1,
            "415744" : 1,
            "464896" : 1,
            "552960" : 1,
            "675840" : 1,
            "798720" : 1,
            "831488" : 1,
            "946176" : 1,
            "1138688" : 1,
            "1220608" : 1,
            "1302528" : 1,
            "1351680" : 1,
            "1384448" : 1,
            "1433600" : 1,
            "1449984" : 1,
            "1515520" : 1,
            "1548288" : 1,
            "1597440" : 1,
            "1679360" : 1,
            "1777664" : 1,
            "1843200" : 1,
            "1957888" : 2,
            "1974272" : 1,
            "1990656" : 1,
            "2007040" : 2,
            "2088960" : 2,
            "2113536" : 5,
            "2146304" : 3,
            "2179072" : 6,
            "2211840" : 5,
            "2244608" : 8,
            "2277376" : 14,
            "2310144" : 12,
            "2342912" : 11,
            "2375680" : 19,
            "2408448" : 19,
            "2441216" : 21,
            "2473984" : 19,
            "2506752" : 22,
            "2539520" : 22,
            "2572288" : 27,
            "2605056" : 34,
            "2637824" : 38,
            "2670592" : 72,
            "2703360" : 77,
            "2736128" : 81,
            "2768896" : 117,
            "2801664" : 97,
            "2834432" : 102,
            "2867200" : 93,
            "2899968" : 88,
            "2932736" : 137,
            "2965504" : 297,
            "2998272" : 1292,
            "3031040" : 13072,
            "3063808" : 9793,
            "3096576" : 5388,
            "3129344" : 3370,
            "3162112" : 2203,
            "3194880" : 1423,
            "3227648" : 829,
            "3260416" : 616,
            "3293184" : 432,
            "3325952" : 455,
            "3358720" : 356,
            "3391488" : 271,
            "3424256" : 224,
            "3457024" : 336,
            "3489792" : 348,
            "3522560" : 370,
            "3555328" : 537,
            "3588096" : 594,
            "3620864" : 569,
            "3653632" : 842,
            "3686400" : 1030,
            "3719168" : 1429,
            "3751936" : 1565,
            "3784704" : 2121,
            "3817472" : 2699,
            "3850240" : 3696,
            "3883008" : 4679,
            "3915776" : 5115,
            "3948544" : 5598,
            "3981312" : 5772,
            "4014080" : 6316,
            "4046848" : 5428,
            "4079616" : 4904,
            "4112384" : 4792,
            "4145152" : 4542,
            "4177920" : 4394,
            "4227072" : 10928,
            "4292608" : 14778,
            "4358144" : 15171,
            "4423680" : 13182,
            "4489216" : 9840,
            "4554752" : 6214,
            "4620288" : 3789,
            "4685824" : 3044,
            "4751360" : 2369,
            "4816896" : 2300,
            "4882432" : 2712,
            "4947968" : 3042,
            "5013504" : 4356,
            "5079040" : 5771,
            "5144576" : 6700,
            "5210112" : 9097,
            "5275648" : 9575,
            "5341184" : 9617,
            "5406720" : 9492,
            "5472256" : 9270,
            "5537792" : 9319,
            "5603328" : 8484,
            "5668864" : 8114,
            "5734400" : 6444,
            "5799936" : 5322,
            "5865472" : 4079,
            "5931008" : 2963,
            "5996544" : 2180,
            "6062080" : 1990,
            "6127616" : 1633,
            "6193152" : 1620,
            "6258688" : 1470,
            "6324224" : 1184,
            "6389760" : 1233,
            "6455296" : 1027,
            "6520832" : 1220,
            "6586368" : 1289,
            "6651904" : 1339,
            "6717440" : 1379,
            "6782976" : 1361,
            "6848512" : 1359,
            "6914048" : 1411,
            "6979584" : 1430,
            "7045120" : 1324,
            "7110656" : 1127,
            "7176192" : 812,
            "7241728" : 605,
            "7307264" : 695,
            "7372800" : 382,
            "7438336" : 489,
            "7503872" : 326,
            "7569408" : 216,
            "7634944" : 173,
            "7700480" : 188,
            "7766016" : 281,
            "7831552" : 232,
            "7897088" : 135,
            "7962624" : 262,
            "8028160" : 160,
            "8093696" : 152,
            "8159232" : 96,
            "8224768" : 146,
            "8290304" : 195,
            "8355840" : 162,
            "8454144" : 290,