{
  "fio version" : "fio-3.8",
  "timestamp" : 1534414496,
  "timestamp_ms" : 1534414496808,
  "time" : "Thu Aug 16 03:14:56 2018",
  "jobs" : [
    {
      "jobname" : "wipc",
      "groupid" : 0,
      "error" : 0,
      "eta" : 0,
      "elapsed" : 8523,
      "job options" : {
        "ioengine" : "libaio",
        "group_reporting" : "1",
        "direct" : "1",
        "rw" : "write",
        "bs" : "128KB",
        "numjobs" : "2",
        "iodepth" : "16",
        "size" : "75%",
        "name" : "wipc",
        "io_size" : "512121028608B",
        "filename" : "/dev/sda"
      },
      "read" : {
        "io_bytes" : 0,
        "io_kbytes" : 0,
        "bw_bytes" : 0,
        "bw" : 0,
        "iops" : 0.000000,
        "runtime" : 0,
        "total_ios" : 0,
        "short_ios" : 0,
        "drop_ios" : 0,
        "slat_ns" : {
          "min" : 0,
          "max" : 0,
          "mean" : 0.000000,
          "stddev" : 0.000000
        },
        "clat_ns" : {
          "min" : 0,
          "max" : 0,
          "mean" : 0.000000,
          "stddev" : 0.000000,
          "percentile" : {
            "1.000000" : 0,
            "5.000000" : 0,
            "10.000000" : 0,
            "20.000000" : 0,
            "30.000000" : 0,
            "40.000000" : 0,
            "50.000000" : 0,
            "60.000000" : 0,
            "70.000000" : 0,
            "80.000000" : 0,
            "90.000000" : 0,
            "95.000000" : 0,
            "99.000000" : 0,
            "99.500000" : 0,
            "99.900000" : 0,
            "99.950000" : 0,
            "99.990000" : 0
          },
          "bins" : {

          }
        },
        "lat_ns" : {
          "min" : 0,
          "max" : 0,
          "mean" : 0.000000,
          "stddev" : 0.000000
        },
        "bw_min" : 0,
        "bw_max" : 0,
        "bw_agg" : 0.000000,
        "bw_mean" : 0.000000,
        "bw_dev" : 0.000000,
        "bw_samples" : 0,
        "iops_min" : 0,
        "iops_max" : 0,
        "iops_mean" : 0.000000,
        "iops_stddev" : 0.000000,
        "iops_samples" : 0
      },
      "write" : {
        "io_bytes" : 1024242221056,
        "io_kbytes" : 1000236544,
        "bw_bytes" : 120180281,
        "bw" : 117363,
        "iops" : 916.902785,
        "runtime" : 8522548,
        "total_ios" : 7814348,
        "short_ios" : 0,
        "drop_ios" : 0,
        "slat_ns" : {
          "min" : 6811,
          "max" : 5023914,
          "mean" : 29789.494760,
          "stddev" : 31263.606460
        },
        "clat_ns" : {
          "min" : 806917,
          "max" : 251643889,
          "mean" : 34863681.451476,
          "stddev" : 19120295.966333,
          "percentile" : {
            "1.000000" : 13041664,
            "5.000000" : 13434880,
            "10.000000" : 13828096,
            "20.000000" : 14352384,
            "30.000000" : 15007744,
            "40.000000" : 32636928,
            "50.000000" : 35913728,
            "60.000000" : 37486592,
            "70.000000" : 44826624,
            "80.000000" : 55836672,
            "90.000000" : 59506688,
            "95.000000" : 63176704,
            "99.000000" : 80216064,
            "99.500000" : 86507520,
            "99.900000" : 106430464,
            "99.950000" : 114819072,
            "99.990000" : 135266304
          },
          "bins" : {
            "806912" : 1,
            "1253376" : 2,
            "1974272" : 1,
            "2277376" : 1,
            "2637824" : 1,
            "2998272" : 1,
            "3325952" : 1,
            "3686400" : 1,
            "4046848" : 1,
            "4358144" : 1,
            "4685824" : 1,
            "5079040" : 1,
            "5406720" : 1,
            "6062080" : 1,
            "6127616" : 2,
            "6389760" : 1,
            "6455296" : 1,
            "6586368" : 1,
            "6651904" : 1,
            "6717440" : 1,
            "6782976" : 1,
            "7110656" : 3,
            "7503872" : 1,
            "7897088" : 1,
            "8028160" : 1,
            "8224768" : 1,
            "8585216" : 1,
            "8716288" : 3,
            "8847360" : 1,
            "8978432" : 1,
            "9109504" : 4,
            "9240576" : 2,
            "9371648" : 6,
            "9502720" : 1,
            "9633792" : 4,
            "9764864" : 4,
            "9895936" : 4,
            "10027008" : 3,
            "10158080" : 1,
            "10289152" : 3,
            "10420224" : 3,
            "10551296" : 5,
            "10682368" : 6,
            "10813440" : 9,
            "10944512" : 8,
            "11075584" : 15,
            "11206656" : 19,
            "11337728" : 63,
            "11468800" : 67,
            "11599872" : 165,
            "11730944" : 279,
            "11862016" : 368,
            "11993088" : 479,
            "12124160" : 631,
            "12255232" : 1138,
            "12386304" : 2005,
            "12517376" : 3878,
            "12648448" : 8734,
            "12779520" : 18142,
            "12910592" : 35890,
            "13041664" : 61007,
            "13172736" : 85423,
            "13303808" : 108357,
            "13434880" : 126995,
            "13565952" : 144653,
            "13697024" : 164790,
            "13828096" : 183588,
            "13959168" : 193994,
            "14090240" : 190944,
            "14221312" : 187320,
            "14352384" : 174139,
            "14483456" : 156246,
            "14614528" : 140709,
            "14745600" : 131793,
            "14876672" : 123251,
            "15007744" : 113035,
            "15138816" : 100703,
            "15269888" : 92495,
            "15400960" : 83619,
            "15532032" : 72934,
            "15663104" : 60005,
            "15794176" : 49038,
            "15925248" : 39102,
            "16056320" : 30227,
            "16187392" : 23690,
            "16318464" : 19006,
            "16449536" : 14583,
            "16580608" : 11969,
            "16711680" : 9524,
            "16908288" : 13841,
            "17170432" : 9227,
            "17432576" : 6032,
            "17694720" : 4169,
            "17956864" : 3156,
            "18219008" : 2614,
            "18481152" : 2028,
            "18743296" : 1994,
            "19005440" : 2125,
            "19267584" : 2277,
            "19529728" : 1977,
            "19791872" : 1894,
            "20054016" : 1983,
            "20316160" : 1924,
            "20578304" : 1777,
            "20840448" : 1811,
            "21102592" : 1643,
            "21364736" : 1601,
            "21626880" : 1422,
            "21889024" : 1353,
            "22151168" : 1072,
            "22413312" : 1075,
            "22675456" : 1019,
            "22937600" : 840,
            "23199744" : 803,
            "23461888" : 730,
            "23724032" : 667,
            "23986176" : 576,
            "24248320" : 556,
            "24510464" : 554,
            "24772608" : 487,
            "25034752" : 510,
            "25296896" : 492,
            "25559040" : 527,
            "25821184" : 605,
            "26083328" : 813,
            "26345472" : 1259,
            "26607616" : 1618,
            "26869760" : 2292,
            "27131904" : 2399,
            "27394048" : 2327,
            "27656192" : 2120,
            "27918336" : 2138,
            "28180480" : 2168,
            "28442624" : 1920,
            "28704768" : 1840,
            "28966912" : 1638,
            "29229056" : 1406,
            "29491200" : 1273,
            "29753344" : 1224,
            "30015488" : 1286,
            "30277632" : 1415,
            "30539776" : 1560,
            "30801920" : 1945,
            "31064064" : 2694,
            "31326208" : 3538,
            "31588352" : 5008,
            "31850496" : 7059,
            "32112640" : 9756,
            "32374784" : 13226,
            "32636928" : 17973,
            "32899072" : 23886,
            "33161216" : 31263,
            "33423360" : 39226,
            "33816576" : 107350,