{
  "fio version" : "fio-3.8",
  "timestamp" : 1536943309,
  "timestamp_ms" : 1536943309510,
  "time" : "Fri Sep 14 09:41:49 2018",
  "global options" : {
    "offset" : "29651206144"
  },
  "jobs" : [
    {
      "jobname" : "wdpc",
      "groupid" : 0,
      "error" : 0,
      "eta" : 0,
      "elapsed" : 61,
      "job options" : {
        "ioengine" : "libaio",
        "group_reporting" : "1",
        "direct" : "1",
        "rw" : "readwrite",
        "bs" : "4KB",
        "numjobs" : "1",
        "iodepth" : "32",
        "size" : "75%",
        "name" : "wdpc",
        "rwmixread" : "0",
        "time_based" : "1",
        "runtime" : "60s",
        "filename" : "/dev/sda"
      },
      "read" : {
        "io_bytes" : 0,
        "io_kbytes" : 0,
        "bw_bytes" : 0,
        "bw" : 0,
        "iops" : 0.000000,
        "runtime" : 0,
        "total_ios" : 0,
        "short_ios" : 0,
        "drop_ios" : 0,
        "slat_ns" : {
          "min" : 0,
          "max" : 0,
          "mean" : 0.000000,
          "stddev" : 0.000000
        },
        "clat_ns" : {
          "min" : 0,
          "max" : 0,
          "mean" : 0.000000,
          "stddev" : 0.000000,
          "percentile" : {
            "1.000000" : 0,
            "5.000000" : 0,
            "10.000000" : 0,
            "20.000000" : 0,
            "30.000000" : 0,
            "40.000000" : 0,
            "50.000000" : 0,
            "60.000000" : 0,
            "70.000000" : 0,
            "80.000000" : 0,
            "90.000000" : 0,
            "95.000000" : 0,
            "99.000000" : 0,
            "99.500000" : 0,
            "99.900000" : 0,
            "99.950000" : 0,
            "99.990000" : 0
          },
          "bins" : {

          }
        },
        "lat_ns" : {
          "min" : 0,
          "max" : 0,
          "mean" : 0.000000,
          "stddev" : 0.000000
        },
        "bw_min" : 0,
        "bw_max" : 0,
        "bw_agg" : 0.000000,
        "bw_mean" : 0.000000,
        "bw_dev" : 0.000000,
        "bw_samples" : 0,
        "iops_min" : 0,
        "iops_max" : 0,
        "iops_mean" : 0.000000,
        "iops_stddev" : 0.000000,
        "iops_samples" : 0
      },
      "write" : {
        "io_bytes" : 9901219840,
        "io_kbytes" : 9669160,
        "bw_bytes" : 165017580,
        "bw" : 161149,
        "iops" : 40287.495208,
        "runtime" : 60001,
        "total_ios" : 2417290,
        "short_ios" : 0,
        "drop_ios" : 0,
        "slat_ns" : {
          "min" : 2068,
          "max" : 87218,
          "mean" : 6556.047001,
          "stddev" : 4375.195132
        },
        "clat_ns" : {
          "min" : 247577,
          "max" : 15751454,
          "mean" : 786458.054769,
          "stddev" : 385628.106307,
          "percentile" : {
            "1.000000" : 468992,
            "5.000000" : 522240,
            "10.000000" : 536576,
            "20.000000" : 561152,
            "30.000000" : 569344,
            "40.000000" : 585728,
            "50.000000" : 733184,
            "60.000000" : 864256,
            "70.000000" : 954368,
            "80.000000" : 1089536,
            "90.000000" : 1122304,
            "95.000000" : 1138688,
            "99.000000" : 1155072,
            "99.500000" : 1368064,
            "99.900000" : 2088960,
            "99.950000" : 13303808,
            "99.990000" : 14483456
          },
          "bins" : {
            "246784" : 1,
            "272384" : 1,
            "276480" : 2,
            "284672" : 1,
            "288768" : 4,
            "292864" : 2,
            "296960" : 3,
            "301056" : 1,
            "305152" : 2,
            "313344" : 9,
            "317440" : 12,
            "321536" : 8,
            "325632" : 11,
            "329728" : 9,
            "333824" : 17,
            "337920" : 9,
            "342016" : 18,
            "346112" : 23,
            "350208" : 41,
            "354304" : 44,
            "358400" : 48,
            "362496" : 54,
            "366592" : 73,
            "370688" : 84,
            "374784" : 84,
            "378880" : 89,
            "382976" : 95,
            "387072" : 89,
            "391168" : 89,
            "395264" : 126,
            "399360" : 184,
            "403456" : 537,
            "407552" : 392,
            "411648" : 241,
            "415744" : 155,
            "419840" : 207,
            "423936" : 256,
            "428032" : 462,
            "432128" : 416,
            "436224" : 731,
            "440320" : 1450,
            "444416" : 2161,
            "448512" : 4461,
            "452608" : 2387,
            "456704" : 1783,
            "460800" : 2431,
            "464896" : 2484,
            "468992" : 2811,
            "473088" : 3797,
            "477184" : 5013,
            "481280" : 5261,
            "485376" : 9151,
            "489472" : 10581,
            "493568" : 7436,
            "497664" : 6135,
            "501760" : 7343,
            "505856" : 6812,
            "509952" : 9157,
            "514048" : 11519,
            "518144" : 13855,
            "522240" : 25085,
            "528384" : 68418,
            "536576" : 61388,
            "544768" : 67830,
            "552960" : 107134,
            "561152" : 182616,
            "569344" : 247414,
            "577536" : 75417,
            "585728" : 94847,
            "593920" : 51369,
            "602112" : 28362,
            "610304" : 15278,
            "618496" : 9624,
            "626688" : 4775,
            "634880" : 3562,
            "643072" : 2839,
            "651264" : 2603,
            "659456" : 2031,
            "667648" : 2357,
            "675840" : 2819,
            "684032" : 3667,
            "692224" : 4034,
            "700416" : 3142,
            "708608" : 3385,
            "716800" : 4312,
            "724992" : 7783,
            "733184" : 10003,
            "741376" : 12548,
            "749568" : 17218,
            "757760" : 27800,
            "765952" : 28021,
            "774144" : 19615,
            "782336" : 13567,
            "790528" : 14727,
            "798720" : 14860,
            "806912" : 12547,
            "815104" : 9866,
            "823296" : 9207,
            "831488" : 10208,
            "839680" : 14434,
            "847872" : 16037,
            "856064" : 13688,
            "864256" : 14992,
            "872448" : 20365,
            "880640" : 25571,
            "888832" : 29012,
            "897024" : 23399,
            "905216" : 18896,
            "913408" : 21571,
            "921600" : 29417,
            "929792" : 26366,
            "937984" : 15704,
            "946176" : 11964,
            "954368" : 13153,
            "962560" : 14464,
            "970752" : 12615,
            "978944" : 11841,
            "987136" : 12506,
            "995328" : 14375,
            "1003520" : 16627,
            "1011712" : 11860,
            "1019904" : 11207,
            "1028096" : 11126,
            "1036288" : 12764,
            "1044480" : 19344,
            "1056768" : 34773,
            "1073152" : 51334,
            "1089536" : 106942,
            "1105920" : 106341,
            "1122304" : 128155,
            "1138688" : 93005,
            "1155072" : 26642,
            "1171456" : 5847,
            "1187840" : 1295,
            "1204224" : 614,
            "1220608" : 459,
            "1236992" : 454,
            "1253376" : 379,
            "1269760" : 408,
            "1286144" : 412,
            "1302528" : 337,
            "1318912" : 436,
            "1335296" : 344,
            "1351680" : 455,
            "1368064" : 396,
            "1384448" : 404,
            "1400832" : 479,
            "1417216" : 376,
            "1433600" : 333,
            "1449984" : 348,
            "1466368" : 286,
            "1482752" : 275,
            "1499136" : 357,
            "1515520" : 287,
            "1531904" : 287,
            "1548288" : 276,
            "1564672" : 199,
            "1581056" : 181,