{
  "fio version" : "fio-3.8",
  "timestamp" : 1536945690,
  "timestamp_ms" : 1536945690216,
  "time" : "Fri Sep 14 10:21:30 2018",
  "global options" : {
    "offset" : "0"
  },
  "jobs" : [
    {
      "jobname" : "wdpc",
      "groupid" : 0,
      "error" : 0,
      "eta" : 0,
      "elapsed" : 61,
      "job options" : {
        "ioengine" : "libaio",
        "group_reporting" : "1",
        "direct" : "1",
        "rw" : "readwrite",
        "bs" : "128KB",
        "numjobs" : "1",
        "iodepth" : "32",
        "size" : "75%",
        "name" : "wdpc",
        "rwmixread" : "0",
        "time_based" : "1",
        "runtime" : "60s",
        "filename" : "/dev/sda"
      },
      "read" : {
        "io_bytes" : 0,
        "io_kbytes" : 0,
        "bw_bytes" : 0,
        "bw" : 0,
        "iops" : 0.000000,
        "runtime" : 0,
        "total_ios" : 0,
        "short_ios" : 0,
        "drop_ios" : 0,
        "slat_ns" : {
          "min" : 0,
          "max" : 0,
          "mean" : 0.000000,
          "stddev" : 0.000000
        },
        "clat_ns" : {
          "min" : 0,
          "max" : 0,
          "mean" : 0.000000,
          "stddev" : 0.000000,
          "percentile" : {
            "1.000000" : 0,
            "5.000000" : 0,
            "10.000000" : 0,
            "20.000000" : 0,
            "30.000000" : 0,
            "40.000000" : 0,
            "50.000000" : 0,
            "60.000000" : 0,
            "70.000000" : 0,
            "80.000000" : 0,
            "90.000000" : 0,
            "95.000000" : 0,
            "99.000000" : 0,
            "99.500000" : 0,
            "99.900000" : 0,
            "99.950000" : 0,
            "99.990000" : 0
          },
          "bins" : {

          }
        },
        "lat_ns" : {
          "min" : 0,
          "max" : 0,
          "mean" : 0.000000,
          "stddev" : 0.000000
        },
        "bw_min" : 0,
        "bw_max" : 0,
        "bw_agg" : 0.000000,
        "bw_mean" : 0.000000,
        "bw_dev" : 0.000000,
        "bw_samples" : 0,
        "iops_min" : 0,
        "iops_max" : 0,
        "iops_mean" : 0.000000,
        "iops_stddev" : 0.000000,
        "iops_samples" : 0
      },
      "write" : {
        "io_bytes" : 16882204672,
        "io_kbytes" : 16486528,
        "bw_bytes" : 281299752,
        "bw" : 274706,
        "iops" : 2146.146797,
        "runtime" : 60015,
        "total_ios" : 128801,
        "short_ios" : 0,
        "drop_ios" : 0,
        "slat_ns" : {
          "min" : 6385,
          "max" : 463990,
          "mean" : 10079.485819,
          "stddev" : 4237.588968
        },
        "clat_ns" : {
          "min" : 489294,
          "max" : 32083954,
          "mean" : 14897515.606866,
          "stddev" : 2039878.821458,
          "percentile" : {
            "1.000000" : 13041664,
            "5.000000" : 13303808,
            "10.000000" : 13565952,
            "20.000000" : 13697024,
            "30.000000" : 13959168,
            "40.000000" : 14221312,
            "50.000000" : 14483456,
            "60.000000" : 14745600,
            "70.000000" : 15138816,
            "80.000000" : 15663104,
            "90.000000" : 16318464,
            "95.000000" : 16908288,
            "99.000000" : 28180480,
            "99.500000" : 28704768,
            "99.900000" : 30277632,
            "99.950000" : 30801920,
            "99.990000" : 32112640
          },
          "bins" : {
            "489472" : 1,
            "1384448" : 1,
            "1400832" : 1,
            "2146304" : 1,
            "2408448" : 1,
            "2834432" : 1,
            "3227648" : 1,
            "3555328" : 1,
            "3981312" : 1,
            "4227072" : 1,
            "4685824" : 1,
            "5079040" : 1,
            "5472256" : 1,
            "5799936" : 1,
            "6455296" : 1,
            "6717440" : 1,
            "7176192" : 1,
            "9371648" : 1,
            "9633792" : 1,
            "10027008" : 1,
            "10420224" : 1,
            "10813440" : 1,
            "11075584" : 1,
            "11599872" : 1,
            "11862016" : 1,
            "12255232" : 3,
            "12386304" : 3,
            "12517376" : 38,
            "12648448" : 68,
            "12779520" : 259,
            "12910592" : 390,
            "13041664" : 902,
            "13172736" : 1701,
            "13303808" : 3591,
            "13434880" : 5800,
            "13565952" : 6561,
            "13697024" : 6904,
            "13828096" : 6824,
            "13959168" : 6829,
            "14090240" : 7851,
            "14221312" : 7777,
            "14352384" : 7092,
            "14483456" : 6002,
            "14614528" : 5174,
            "14745600" : 4667,
            "14876672" : 4656,
            "15007744" : 4647,
            "15138816" : 3980,
            "15269888" : 3428,
            "15400960" : 3084,
            "15532032" : 2975,
            "15663104" : 3173,
            "15794176" : 3165,
            "15925248" : 2880,
            "16056320" : 2610,
            "16187392" : 2158,
            "16318464" : 1858,
            "16449536" : 1731,
            "16580608" : 1238,
            "16711680" : 1122,
            "16908288" : 1930,
            "17170432" : 1351,
            "17432576" : 940,
            "17694720" : 645,
            "17956864" : 337,
            "18219008" : 118,
            "18481152" : 71,
            "18743296" : 32,
            "19005440" : 25,
            "19267584" : 19,
            "19529728" : 15,
            "19791872" : 13,
            "20054016" : 3,
            "20316160" : 2,
            "20578304" : 1,
            "20840448" : 2,
            "21102592" : 1,
            "21626880" : 1,
            "21889024" : 1,
            "22413312" : 1,
            "22675456" : 1,
            "23199744" : 1,
            "23724032" : 1,
            "24248320" : 1,
            "24510464" : 1,
            "24772608" : 1,
            "25296896" : 1,
            "25559040" : 1,
            "26083328" : 3,
            "26345472" : 16,
            "26607616" : 26,
            "26869760" : 43,
            "27131904" : 172,
            "27394048" : 241,
            "27656192" : 164,
            "27918336" : 150,
            "28180480" : 251,
            "28442624" : 246,
            "28704768" : 236,
            "28966912" : 170,
            "29229056" : 137,
            "29491200" : 82,
            "29753344" : 28,
            "30015488" : 13,
            "30277632" : 21,
            "30539776" : 44,
            "30801920" : 13,
            "31064064" : 32,
            "31326208" : 2,
            "31588352" : 8,
            "31850496" : 8,
            "32112640" : 13
          }
        },
        "lat_ns" : {
          "min" : 537997,
          "max" : 32110600,
          "mean" : 14907827.804031,
          "stddev" : 2039848.499848
        },
        "bw_min" : 263680,
        "bw_max" : 286208,
        "bw_agg" : 99.992862,
        "bw_mean" : 274686.391667,
        "bw_dev" : 5529.609417,
        "bw_samples" : 120,
        "iops_min" : 2060,
        "iops_max" : 2236,
        "iops_mean" : 2145.958333,
        "iops_stddev" : 43.202162,
        "iops_samples" : 120
      },
      "trim" : {
        "io_bytes" : 0,
        "io_kbytes" : 0,
        "bw_bytes" : 0,
        "bw" : 0,
        "iops" : 0.000000,
        "runtime" : 0,
        "total_ios" : 0,
        "short_ios" : 0,
        "drop_ios" : 0,
        "slat_ns" : {
          "min" : 0,
          "max" : 0,
          "mean" : 0.000000,
          "stddev" : 0.000000
        },
        "clat_ns" : {
          "min" : 0,
          "max" : 0,
          "mean" : 0.000000,
          "stddev" : 0.000000,
          "percentile" : {
            "1.000000" : 0,
            "5.000000" : 0,
            "10.000000" : 0,
            "20.000000" : 0,
            "30.000000" : 0,
            "40.000000" : 0,
            "50.000000" : 0,
            "60.000000" : 0,
            "70.000000" : 0,