{
  "fio version" : "fio-3.8",
  "timestamp" : 1536945110,
  "timestamp_ms" : 1536945110712,
  "time" : "Fri Sep 14 10:11:50 2018",
  "global options" : {
    "offset" : "16858251264"
  },
  "jobs" : [
    {
      "jobname" : "wdpc",
      "groupid" : 0,
      "error" : 0,
      "eta" : 0,
      "elapsed" : 61,
      "job options" : {
        "ioengine" : "libaio",
        "group_reporting" : "1",
        "direct" : "1",
        "rw" : "readwrite",
        "bs" : "32KB",
        "numjobs" : "1",
        "iodepth" : "32",
        "size" : "75%",
        "name" : "wdpc",
        "rwmixread" : "0",
        "time_based" : "1",
        "runtime" : "60s",
        "filename" : "/dev/sda"
      },
      "read" : {
        "io_bytes" : 0,
        "io_kbytes" : 0,
        "bw_bytes" : 0,
        "bw" : 0,
        "iops" : 0.000000,
        "runtime" : 0,
        "total_ios" : 0,
        "short_ios" : 0,
        "drop_ios" : 0,
        "slat_ns" : {
          "min" : 0,
          "max" : 0,
          "mean" : 0.000000,
          "stddev" : 0.000000
        },
        "clat_ns" : {
          "min" : 0,
          "max" : 0,
          "mean" : 0.000000,
          "stddev" : 0.000000,
          "percentile" : {
            "1.000000" : 0,
            "5.000000" : 0,
            "10.000000" : 0,
            "20.000000" : 0,
            "30.000000" : 0,
            "40.000000" : 0,
            "50.000000" : 0,
            "60.000000" : 0,
            "70.000000" : 0,
            "80.000000" : 0,
            "90.000000" : 0,
            "95.000000" : 0,
            "99.000000" : 0,
            "99.500000" : 0,
            "99.900000" : 0,
            "99.950000" : 0,
            "99.990000" : 0
          },
          "bins" : {

          }
        },
        "lat_ns" : {
          "min" : 0,
          "max" : 0,
          "mean" : 0.000000,
          "stddev" : 0.000000
        },
        "bw_min" : 0,
        "bw_max" : 0,
        "bw_agg" : 0.000000,
        "bw_mean" : 0.000000,
        "bw_dev" : 0.000000,
        "bw_samples" : 0,
        "iops_min" : 0,
        "iops_max" : 0,
        "iops_mean" : 0.000000,
        "iops_stddev" : 0.000000,
        "iops_samples" : 0
      },
      "write" : {
        "io_bytes" : 16881975296,
        "io_kbytes" : 16486304,
        "bw_bytes" : 281352187,
        "bw" : 274757,
        "iops" : 8586.187357,
        "runtime" : 60003,
        "total_ios" : 515197,
        "short_ios" : 0,
        "drop_ios" : 0,
        "slat_ns" : {
          "min" : 2923,
          "max" : 116677,
          "mean" : 4554.536830,
          "stddev" : 1003.497036
        },
        "clat_ns" : {
          "min" : 320501,
          "max" : 26800857,
          "mean" : 3720792.283688,
          "stddev" : 1082081.936414,
          "percentile" : {
            "1.000000" : 3031040,
            "5.000000" : 3031040,
            "10.000000" : 3063808,
            "20.000000" : 3129344,
            "30.000000" : 3260416,
            "40.000000" : 3358720,
            "50.000000" : 3489792,
            "60.000000" : 3653632,
            "70.000000" : 3850240,
            "80.000000" : 4112384,
            "90.000000" : 4554752,
            "95.000000" : 4947968,
            "99.000000" : 5537792,
            "99.500000" : 5931008,
            "99.900000" : 17956864,
            "99.950000" : 18743296,
            "99.990000" : 20840448
          },
          "bins" : {
            "321536" : 1,
            "370688" : 1,
            "452608" : 1,
            "544768" : 1,
            "643072" : 1,
            "741376" : 1,
            "831488" : 1,
            "921600" : 1,
            "1105920" : 1,
            "1138688" : 1,
            "1286144" : 1,
            "1384448" : 1,
            "1466368" : 1,
            "1564672" : 1,
            "1646592" : 1,
            "1728512" : 1,
            "1810432" : 1,
            "1908736" : 1,
            "1990656" : 1,
            "2072576" : 1,
            "2179072" : 1,
            "2277376" : 1,
            "2342912" : 1,
            "2441216" : 1,
            "2506752" : 1,
            "2605056" : 1,
            "2703360" : 1,
            "2768896" : 1,
            "2801664" : 3,
            "2834432" : 4,
            "2867200" : 9,
            "2899968" : 14,
            "2932736" : 24,
            "2965504" : 31,
            "2998272" : 33,
            "3031040" : 29348,
            "3063808" : 22599,
            "3096576" : 41335,
            "3129344" : 9667,
            "3162112" : 12254,
            "3194880" : 15113,
            "3227648" : 15876,
            "3260416" : 18561,
            "3293184" : 17276,
            "3325952" : 14391,
            "3358720" : 14953,
            "3391488" : 14993,
            "3424256" : 14414,
            "3457024" : 13199,
            "3489792" : 11670,
            "3522560" : 9069,
            "3555328" : 9423,
            "3588096" : 9325,
            "3620864" : 9921,
            "3653632" : 9681,
            "3686400" : 9087,
            "3719168" : 8228,
            "3751936" : 8104,
            "3784704" : 7020,
            "3817472" : 7824,
            "3850240" : 7898,
            "3883008" : 7567,
            "3915776" : 7790,
            "3948544" : 7577,
            "3981312" : 7144,
            "4014080" : 6960,
            "4046848" : 6199,
            "4079616" : 5610,
            "4112384" : 5702,
            "4145152" : 5260,
            "4177920" : 5170,
            "4227072" : 8496,
            "4292608" : 7330,
            "4358144" : 6214,
            "4423680" : 5643,
            "4489216" : 5098,
            "4554752" : 5037,
            "4620288" : 4803,
            "4685824" : 5352,
            "4751360" : 4912,
            "4816896" : 4749,
            "4882432" : 3860,
            "4947968" : 3603,
            "5013504" : 3487,
            "5079040" : 3364,
            "5144576" : 3329,
            "5210112" : 2477,
            "5275648" : 2018,
            "5341184" : 1264,
            "5406720" : 1137,
            "5472256" : 858,
            "5537792" : 960,
            "5603328" : 844,
            "5668864" : 465,
            "5734400" : 357,
            "5799936" : 264,
            "5865472" : 236,
            "5931008" : 117,
            "5996544" : 170,
            "6062080" : 25,
            "6127616" : 86,
            "6193152" : 65,
            "6258688" : 1,
            "6324224" : 1,
            "6389760" : 15,
            "6455296" : 24,
            "6520832" : 19,
            "7307264" : 2,
            "7897088" : 1,
            "7962624" : 11,
            "8290304" : 17,
            "8585216" : 17,
            "8716288" : 3,
            "16056320" : 3,
            "16580608" : 19,
            "16711680" : 13,
            "16908288" : 301,
            "17170432" : 424,
            "17432576" : 328,
            "17694720" : 336,
            "17956864" : 175,
            "18219008" : 81,
            "18481152" : 110,
            "18743296" : 141,
            "19005440" : 82,
            "19267584" : 30,
            "19529728" : 5,
            "20578304" : 2,
            "20840448" : 28,
            "21102592" : 2,
            "26345472" : 2,
            "26607616" : 28,
            "26869760" : 2
          }
        },
        "lat_ns" : {
          "min" : 360309,
          "max" : 26805576,
          "mean" : 3725536.306031,
          "stddev" : 1082081.683538
        },
        "bw_min" : 239552,
        "bw_max" : 291968,
        "bw_agg" : 99.994110,
        "bw_mean" : 274740.816667,
        "bw_dev" : 7217.627006,
        "bw_samples" : 120,
        "iops_min" : 7486,
        "iops_max" : 9124,
        "iops_mean" : 8585.633333,
        "iops_stddev" : 225.561482,
        "iops_samples" : 120
      },
      "trim" : {
        "io_bytes" : 0,
        "io_kbytes" : 0,
        "bw_bytes" : 0,
        "bw" : 0,
        "iops" : 0.000000,
        "runtime" : 0,
        "total_ios" : 0,
        "short_ios" : 0,