{
  "fio version" : "fio-3.8",
  "timestamp" : 1534882640,
  "timestamp_ms" : 1534882640558,
  "time" : "Tue Aug 21 20:17:20 2018",
  "global options" : {
    "offset" : "53057675264"
  },
  "jobs" : [
    {
      "jobname" : "wdpc",
      "groupid" : 0,
      "error" : 0,
      "eta" : 0,
      "elapsed" : 61,
      "job options" : {
        "ioengine" : "libaio",
        "group_reporting" : "1",
        "direct" : "1",
        "rw" : "readwrite",
        "bs" : "8KB",
        "numjobs" : "1",
        "iodepth" : "32",
        "size" : "75%",
        "name" : "wdpc",
        "rwmixread" : "0",
        "time_based" : "1",
        "runtime" : "60s",
        "filename" : "/dev/sda"
      },
      "read" : {
        "io_bytes" : 0,
        "io_kbytes" : 0,
        "bw_bytes" : 0,
        "bw" : 0,
        "iops" : 0.000000,
        "runtime" : 0,
        "total_ios" : 0,
        "short_ios" : 0,
        "drop_ios" : 0,
        "slat_ns" : {
          "min" : 0,
          "max" : 0,
          "mean" : 0.000000,
          "stddev" : 0.000000
        },
        "clat_ns" : {
          "min" : 0,
          "max" : 0,
          "mean" : 0.000000,
          "stddev" : 0.000000,
          "percentile" : {
            "1.000000" : 0,
            "5.000000" : 0,
            "10.000000" : 0,
            "20.000000" : 0,
            "30.000000" : 0,
            "40.000000" : 0,
            "50.000000" : 0,
            "60.000000" : 0,
            "70.000000" : 0,
            "80.000000" : 0,
            "90.000000" : 0,
            "95.000000" : 0,
            "99.000000" : 0,
            "99.500000" : 0,
            "99.900000" : 0,
            "99.950000" : 0,
            "99.990000" : 0
          },
          "bins" : {

          }
        },
        "lat_ns" : {
          "min" : 0,
          "max" : 0,
          "mean" : 0.000000,
          "stddev" : 0.000000
        },
        "bw_min" : 0,
        "bw_max" : 0,
        "bw_agg" : 0.000000,
        "bw_mean" : 0.000000,
        "bw_dev" : 0.000000,
        "bw_samples" : 0,
        "iops_min" : 0,
        "iops_max" : 0,
        "iops_mean" : 0.000000,
        "iops_stddev" : 0.000000,
        "iops_samples" : 0
      },
      "write" : {
        "io_bytes" : 13303865344,
        "io_kbytes" : 12992056,
        "bw_bytes" : 221727393,
        "bw" : 216530,
        "iops" : 27066.332228,
        "runtime" : 60001,
        "total_ios" : 1624007,
        "short_ios" : 0,
        "drop_ios" : 0,
        "slat_ns" : {
          "min" : 5833,
          "max" : 700875,
          "mean" : 29156.263890,
          "stddev" : 5419.238135
        },
        "clat_ns" : {
          "min" : 152833,
          "max" : 29658583,
          "mean" : 1149516.470020,
          "stddev" : 433816.783300,
          "percentile" : {
            "1.000000" : 1003520,
            "5.000000" : 1073152,
            "10.000000" : 1089536,
            "20.000000" : 1105920,
            "30.000000" : 1105920,
            "40.000000" : 1122304,
            "50.000000" : 1122304,
            "60.000000" : 1138688,
            "70.000000" : 1138688,
            "80.000000" : 1155072,
            "90.000000" : 1171456,
            "95.000000" : 1204224,
            "99.000000" : 1646592,
            "99.500000" : 2007040,
            "99.900000" : 13172736,
            "99.950000" : 13697024,
            "99.990000" : 14745600
          },
          "bins" : {
            "152576" : 1,
            "187392" : 1,
            "211968" : 1,
            "240640" : 1,
            "280576" : 1,
            "325632" : 1,
            "362496" : 1,
            "407552" : 1,
            "444416" : 1,
            "477184" : 1,
            "509952" : 1,
            "544768" : 1,
            "585728" : 1,
            "618496" : 1,
            "651264" : 1,
            "692224" : 1,
            "724992" : 1,
            "757760" : 1,
            "790528" : 1,
            "823296" : 1,
            "847872" : 2,
            "872448" : 1,
            "880640" : 2,
            "888832" : 4,
            "897024" : 17,
            "905216" : 32,
            "913408" : 98,
            "921600" : 196,
            "929792" : 372,
            "937984" : 536,
            "946176" : 793,
            "954368" : 1154,
            "962560" : 1541,
            "970752" : 2027,
            "978944" : 2435,
            "987136" : 2836,
            "995328" : 3125,
            "1003520" : 3381,
            "1011712" : 3586,
            "1019904" : 3781,
            "1028096" : 3938,
            "1036288" : 4534,
            "1044480" : 5443,
            "1056768" : 21523,
            "1073152" : 53044,
            "1089536" : 149069,
            "1105920" : 304936,
            "1122304" : 363133,
            "1138688" : 285438,
            "1155072" : 169097,
            "1171456" : 96741,
            "1187840" : 54535,
            "1204224" : 27003,
            "1220608" : 12390,
            "1236992" : 6795,
            "1253376" : 5277,
            "1269760" : 4079,
            "1286144" : 2892,
            "1302528" : 1988,
            "1318912" : 1302,
            "1335296" : 1142,
            "1351680" : 1030,
            "1368064" : 884,
            "1384448" : 647,
            "1400832" : 410,
            "1417216" : 371,
            "1433600" : 236,
            "1449984" : 221,
            "1466368" : 254,
            "1482752" : 333,
            "1499136" : 280,
            "1515520" : 277,
            "1531904" : 315,
            "1548288" : 380,
            "1564672" : 358,
            "1581056" : 312,
            "1597440" : 333,
            "1613824" : 334,
            "1630208" : 320,
            "1646592" : 370,
            "1662976" : 357,
            "1679360" : 518,
            "1695744" : 671,
            "1712128" : 647,
            "1728512" : 541,
            "1744896" : 399,
            "1761280" : 341,
            "1777664" : 316,
            "1794048" : 277,
            "1810432" : 285,
            "1826816" : 273,
            "1843200" : 311,
            "1859584" : 301,
            "1875968" : 341,
            "1892352" : 332,
            "1908736" : 338,
            "1925120" : 303,
            "1941504" : 318,
            "1957888" : 303,
            "1974272" : 313,
            "1990656" : 337,
            "2007040" : 305,
            "2023424" : 299,
            "2039808" : 335,
            "2056192" : 439,
            "2072576" : 699,
            "2088960" : 606,
            "2113536" : 704,
            "2146304" : 417,
            "2179072" : 388,
            "2211840" : 318,
            "2244608" : 244,
            "2277376" : 257,
            "2310144" : 206,
            "2342912" : 187,
            "2375680" : 139,
            "2408448" : 117,
            "2441216" : 75,
            "2473984" : 50,
            "2506752" : 39,
            "2539520" : 14,
            "2572288" : 14,
            "2605056" : 61,
            "2637824" : 114,
            "2670592" : 59,
            "2703360" : 22,
            "2736128" : 25,
            "2768896" : 11,
            "2801664" : 15,
            "2834432" : 4,
            "2867200" : 6,
            "2899968" : 3,
            "2932736" : 3,
            "2965504" : 2,
            "2998272" : 4,
            "3031040" : 10,
            "3063808" : 4,
            "3096576" : 5,
            "3129344" : 4,
            "3162112" : 7,
            "3194880" : 6,
            "3227648" : 5,
            "3260416" : 5,
            "3293184" : 4,
            "3325952" : 3,
            "3358720" : 7,
            "3391488" : 4,
            "3424256" : 6,
            "3457024" : 3,
            "3489792" : 3,
            "3522560" : 4,
            "3555328" : 2,
            "3588096" : 3,
            "3620864" : 2,
            "3653632" : 1,
            "3686400" : 4,
            "3719168" : 2,
            "3751936" : 2,
            "3784704" : 1,
            "3817472" : 18,
            "3850240" : 63,