{
  "fio version" : "fio-3.8",
  "timestamp" : 1534911405,
  "timestamp_ms" : 1534911405223,
  "time" : "Wed Aug 22 04:16:45 2018",
  "global options" : {
    "offset" : "13345185792"
  },
  "jobs" : [
    {
      "jobname" : "wdpc",
      "groupid" : 0,
      "error" : 0,
      "eta" : 0,
      "elapsed" : 61,
      "job options" : {
        "ioengine" : "libaio",
        "group_reporting" : "1",
        "direct" : "1",
        "rw" : "readwrite",
        "bs" : "8KB",
        "numjobs" : "1",
        "iodepth" : "32",
        "size" : "75%",
        "name" : "wdpc",
        "rwmixread" : "0",
        "time_based" : "1",
        "runtime" : "60s",
        "cpus_allowed" : "4,5",
        "filename" : "/dev/sda"
      },
      "read" : {
        "io_bytes" : 0,
        "io_kbytes" : 0,
        "bw_bytes" : 0,
        "bw" : 0,
        "iops" : 0.000000,
        "runtime" : 0,
        "total_ios" : 0,
        "short_ios" : 0,
        "drop_ios" : 0,
        "slat_ns" : {
          "min" : 0,
          "max" : 0,
          "mean" : 0.000000,
          "stddev" : 0.000000
        },
        "clat_ns" : {
          "min" : 0,
          "max" : 0,
          "mean" : 0.000000,
          "stddev" : 0.000000,
          "percentile" : {
            "1.000000" : 0,
            "5.000000" : 0,
            "10.000000" : 0,
            "20.000000" : 0,
            "30.000000" : 0,
            "40.000000" : 0,
            "50.000000" : 0,
            "60.000000" : 0,
            "70.000000" : 0,
            "80.000000" : 0,
            "90.000000" : 0,
            "95.000000" : 0,
            "99.000000" : 0,
            "99.500000" : 0,
            "99.900000" : 0,
            "99.950000" : 0,
            "99.990000" : 0
          },
          "bins" : {

          }
        },
        "lat_ns" : {
          "min" : 0,
          "max" : 0,
          "mean" : 0.000000,
          "stddev" : 0.000000
        },
        "bw_min" : 0,
        "bw_max" : 0,
        "bw_agg" : 0.000000,
        "bw_mean" : 0.000000,
        "bw_dev" : 0.000000,
        "bw_samples" : 0,
        "iops_min" : 0,
        "iops_max" : 0,
        "iops_mean" : 0.000000,
        "iops_stddev" : 0.000000,
        "iops_samples" : 0
      },
      "write" : {
        "io_bytes" : 13305700352,
        "io_kbytes" : 12993848,
        "bw_bytes" : 221757976,
        "bw" : 216560,
        "iops" : 27070.065499,
        "runtime" : 60001,
        "total_ios" : 1624231,
        "short_ios" : 0,
        "drop_ios" : 0,
        "slat_ns" : {
          "min" : 5833,
          "max" : 3667125,
          "mean" : 28837.441800,
          "stddev" : 6271.752486
        },
        "clat_ns" : {
          "min" : 845833,
          "max" : 15142751,
          "mean" : 1149684.997643,
          "stddev" : 432102.229266,
          "percentile" : {
            "1.000000" : 1011712,
            "5.000000" : 1073152,
            "10.000000" : 1073152,
            "20.000000" : 1089536,
            "30.000000" : 1105920,
            "40.000000" : 1105920,
            "50.000000" : 1122304,
            "60.000000" : 1122304,
            "70.000000" : 1138688,
            "80.000000" : 1155072,
            "90.000000" : 1187840,
            "95.000000" : 1204224,
            "99.000000" : 1712128,
            "99.500000" : 1941504,
            "99.900000" : 13303808,
            "99.950000" : 13959168,
            "99.990000" : 14876672
          },
          "bins" : {
            "847872" : 1,
            "872448" : 2,
            "880640" : 2,
            "888832" : 5,
            "897024" : 11,
            "905216" : 13,
            "913408" : 39,
            "921600" : 99,
            "929792" : 210,
            "937984" : 362,
            "946176" : 571,
            "954368" : 825,
            "962560" : 1179,
            "970752" : 1638,
            "978944" : 2129,
            "987136" : 2581,
            "995328" : 2995,
            "1003520" : 3296,
            "1011712" : 3588,
            "1019904" : 3826,
            "1028096" : 4542,
            "1036288" : 6375,
            "1044480" : 9964,
            "1056768" : 36128,
            "1073152" : 103763,
            "1089536" : 232064,
            "1105920" : 311254,
            "1122304" : 288269,
            "1138688" : 216620,
            "1155072" : 139695,
            "1171456" : 88117,
            "1187840" : 53280,
            "1204224" : 30321,
            "1220608" : 15905,
            "1236992" : 8931,
            "1253376" : 5275,
            "1269760" : 3144,
            "1286144" : 1760,
            "1302528" : 1177,
            "1318912" : 974,
            "1335296" : 858,
            "1351680" : 720,
            "1368064" : 646,
            "1384448" : 669,
            "1400832" : 560,
            "1417216" : 542,
            "1433600" : 451,
            "1449984" : 416,
            "1466368" : 416,
            "1482752" : 466,
            "1499136" : 526,
            "1515520" : 720,
            "1531904" : 913,
            "1548288" : 1143,
            "1564672" : 1446,
            "1581056" : 1627,
            "1597440" : 1944,
            "1613824" : 2059,
            "1630208" : 2183,
            "1646592" : 2135,
            "1662976" : 2066,
            "1679360" : 1943,
            "1695744" : 1824,
            "1712128" : 1385,
            "1728512" : 1185,
            "1744896" : 984,
            "1761280" : 798,
            "1777664" : 647,
            "1794048" : 554,
            "1810432" : 417,
            "1826816" : 398,
            "1843200" : 330,
            "1859584" : 355,
            "1875968" : 362,
            "1892352" : 352,
            "1908736" : 371,
            "1925120" : 384,
            "1941504" : 420,
            "1957888" : 416,
            "1974272" : 408,
            "1990656" : 405,
            "2007040" : 397,
            "2023424" : 378,
            "2039808" : 331,
            "2056192" : 314,
            "2072576" : 294,
            "2088960" : 271,
            "2113536" : 489,
            "2146304" : 367,
            "2179072" : 329,
            "2211840" : 305,
            "2244608" : 361,
            "2277376" : 407,
            "2310144" : 161,
            "2342912" : 98,
            "2375680" : 72,
            "2408448" : 64,
            "2441216" : 44,
            "2473984" : 26,
            "2506752" : 17,
            "2539520" : 10,
            "2572288" : 9,
            "2605056" : 5,
            "2637824" : 3,
            "2670592" : 3,
            "2703360" : 5,
            "2736128" : 26,
            "2768896" : 7,
            "2801664" : 11,
            "2834432" : 7,
            "2867200" : 12,
            "2899968" : 4,
            "2932736" : 15,
            "2965504" : 12,
            "2998272" : 11,
            "3031040" : 9,
            "3063808" : 8,
            "3096576" : 17,
            "3129344" : 11,
            "3162112" : 6,
            "3194880" : 5,
            "3227648" : 6,
            "3260416" : 5,
            "3293184" : 4,
            "3325952" : 5,
            "3358720" : 4,
            "3391488" : 1,
            "3424256" : 4,
            "3457024" : 2,
            "3489792" : 2,
            "3522560" : 1,
            "3588096" : 1,
            "3653632" : 2,
            "3686400" : 5,
            "3719168" : 6,
            "3751936" : 2,
            "3784704" : 2,
            "3817472" : 4,
            "3850240" : 5,
            "3883008" : 6,
            "3915776" : 14,
            "3948544" : 21,
            "3981312" : 6,
            "4014080" : 2,
            "4046848" : 1,
            "4079616" : 3,
            "4112384" : 3,
            "4145152" : 1,
            "4227072" : 5,
            "4292608" : 9,
            "4358144" : 4,
            "4423680" : 16,
            "4489216" : 11,
            "4554752" : 1,
            "4620288" : 9,
            "4685824" : 4,
            "5013504" : 1,
            "5079040" : 3,
            "5144576" : 10,