{
  "fio version" : "fio-3.8",
  "timestamp" : 1534558469,
  "timestamp_ms" : 1534558469516,
  "time" : "Sat Aug 18 02:14:29 2018",
  "jobs" : [
    {
      "jobname" : "wipc",
      "groupid" : 0,
      "error" : 0,
      "eta" : 0,
      "elapsed" : 1675,
      "job options" : {
        "ioengine" : "libaio",
        "group_reporting" : "1",
        "direct" : "1",
        "rw" : "write",
        "bs" : "1024KB",
        "numjobs" : "1",
        "iodepth" : "32",
        "size" : "75%",
        "name" : "wipc",
        "io_size" : "512121028608B",
        "filename" : "/dev/sda"
      },
      "read" : {
        "io_bytes" : 0,
        "io_kbytes" : 0,
        "bw_bytes" : 0,
        "bw" : 0,
        "iops" : 0.000000,
        "runtime" : 0,
        "total_ios" : 0,
        "short_ios" : 0,
        "drop_ios" : 0,
        "slat_ns" : {
          "min" : 0,
          "max" : 0,
          "mean" : 0.000000,
          "stddev" : 0.000000
        },
        "clat_ns" : {
          "min" : 0,
          "max" : 0,
          "mean" : 0.000000,
          "stddev" : 0.000000,
          "percentile" : {
            "1.000000" : 0,
            "5.000000" : 0,
            "10.000000" : 0,
            "20.000000" : 0,
            "30.000000" : 0,
            "40.000000" : 0,
            "50.000000" : 0,
            "60.000000" : 0,
            "70.000000" : 0,
            "80.000000" : 0,
            "90.000000" : 0,
            "95.000000" : 0,
            "99.000000" : 0,
            "99.500000" : 0,
            "99.900000" : 0,
            "99.950000" : 0,
            "99.990000" : 0
          },
          "bins" : {

          }
        },
        "lat_ns" : {
          "min" : 0,
          "max" : 0,
          "mean" : 0.000000,
          "stddev" : 0.000000
        },
        "bw_min" : 0,
        "bw_max" : 0,
        "bw_agg" : 0.000000,
        "bw_mean" : 0.000000,
        "bw_dev" : 0.000000,
        "bw_samples" : 0,
        "iops_min" : 0,
        "iops_max" : 0,
        "iops_mean" : 0.000000,
        "iops_stddev" : 0.000000,
        "iops_samples" : 0
      },
      "write" : {
        "io_bytes" : 512121372672,
        "io_kbytes" : 500118528,
        "bw_bytes" : 305841789,
        "bw" : 298673,
        "iops" : 291.673460,
        "runtime" : 1674465,
        "total_ios" : 488397,
        "short_ios" : 0,
        "drop_ios" : 0,
        "slat_ns" : {
          "min" : 241500,
          "max" : 28820750,
          "mean" : 931083.537030,
          "stddev" : 513802.048943
        },
        "clat_ns" : {
          "min" : 18744250,
          "max" : 223400042,
          "mean" : 108735360.142197,
          "stddev" : 5454017.594108,
          "percentile" : {
            "1.000000" : 100139008,
            "5.000000" : 102236160,
            "10.000000" : 103284736,
            "20.000000" : 104333312,
            "30.000000" : 105381888,
            "40.000000" : 106430464,
            "50.000000" : 107479040,
            "60.000000" : 108527616,
            "70.000000" : 109576192,
            "80.000000" : 111673344,
            "90.000000" : 116916224,
            "95.000000" : 120061952,
            "99.000000" : 124256256,
            "99.500000" : 125304832,
            "99.900000" : 129499136,
            "99.950000" : 133693440,
            "99.990000" : 156237824
          },
          "bins" : {
            "18743296" : 1,
            "19267584" : 1,
            "19529728" : 1,
            "19791872" : 1,
            "20578304" : 1,
            "20840448" : 1,
            "21102592" : 1,
            "21626880" : 1,
            "22937600" : 1,
            "25296896" : 1,
            "25559040" : 1,
            "26607616" : 1,
            "26869760" : 1,
            "27656192" : 1,
            "28180480" : 1,
            "29491200" : 1,
            "29753344" : 1,
            "30277632" : 1,
            "30539776" : 1,
            "30801920" : 1,
            "31064064" : 2,
            "31850496" : 1,
            "32112640" : 1,
            "32374784" : 1,
            "32636928" : 1,
            "33423360" : 2,
            "33816576" : 1,
            "34340864" : 2,
            "34865152" : 1,
            "35389440" : 1,
            "35913728" : 3,
            "36438016" : 1,
            "36962304" : 3,
            "37486592" : 1,
            "38010880" : 3,
            "38535168" : 1,
            "39059456" : 1,
            "39583744" : 3,
            "40108032" : 1,
            "40632320" : 2,
            "41156608" : 1,
            "41680896" : 1,
            "42205184" : 1,
            "42729472" : 1,
            "43253760" : 2,
            "44302336" : 1,
            "45350912" : 1,
            "46399488" : 2,
            "46923776" : 1,
            "47972352" : 1,
            "48496640" : 1,
            "50069504" : 1,
            "50593792" : 1,
            "51118080" : 2,
            "53215232" : 1,
            "53739520" : 1,
            "54788096" : 1,
            "55836672" : 1,
            "56360960" : 1,
            "57409536" : 1,
            "58458112" : 1,
            "58982400" : 1,
            "60555264" : 1,
            "62128128" : 1,
            "62652416" : 1,
            "63176704" : 1,
            "64749568" : 2,
            "65273856" : 1,
            "67633152" : 1,
            "68681728" : 2,
            "69730304" : 1,
            "70778880" : 1,
            "72876032" : 1,
            "73924608" : 2,
            "74973184" : 3,
            "76021760" : 1,
            "77070336" : 5,
            "78118912" : 3,
            "79167488" : 4,
            "80216064" : 5,
            "81264640" : 13,
            "82313216" : 11,
            "83361792" : 20,
            "84410368" : 17,
            "85458944" : 19,
            "86507520" : 32,
            "87556096" : 32,
            "88604672" : 40,
            "89653248" : 42,
            "90701824" : 58,
            "91750400" : 68,
            "92798976" : 67,
            "93847552" : 79,
            "94896128" : 101,
            "95944704" : 119,
            "96993280" : 186,
            "98041856" : 488,
            "99090432" : 1518,
            "100139008" : 4288,
            "101187584" : 10060,
            "102236160" : 19424,
            "103284736" : 29912,
            "104333312" : 40791,
            "105381888" : 48982,
            "106430464" : 52761,
            "107479040" : 52065,
            "108527616" : 46667,
            "109576192" : 37551,
            "110624768" : 28203,
            "111673344" : 20442,
            "112721920" : 13825,
            "113770496" : 9569,
            "114819072" : 7821,
            "115867648" : 8005,
            "116916224" : 8934,
            "117964800" : 9410,
            "119013376" : 9140,
            "120061952" : 7557,
            "121110528" : 5918,
            "122159104" : 4592,
            "123207680" : 3451,
            "124256256" : 2509,
            "125304832" : 1530,
            "126353408" : 763,
            "127401984" : 418,
            "128450560" : 224,
            "129499136" : 131,
            "130547712" : 64,
            "131596288" : 41,
            "132644864" : 50,
            "133693440" : 38,
            "135266304" : 71,
            "137363456" : 52,
            "139460608" : 34,
            "141557760" : 15,
            "143654912" : 6,
            "145752064" : 2,
            "147849216" : 2,
            "149946368" : 2,
            "152043520" : 2,
            "154140672" : 2,
            "156237824" : 2,
            "158334976" : 2,
            "160432128" : 2,
            "162529280" : 2,
            "164626432" : 2,
            "166723584" : 1,
            "168820736" : 3,
            "173015040" : 2,
            "175112192" : 2,
            "177209344" : 2,
            "179306496" : 2,
            "181403648" : 2,
            "183500800" : 2,
            "185597952" : 2,
            "187695104" : 1,
            "189792256" : 1,
            "191889408" : 3,