{
  "fio version" : "fio-3.8",
  "timestamp" : 1535521028,
  "timestamp_ms" : 1535521028460,
  "time" : "Wed Aug 29 05:37:08 2018",
  "global options" : {
    "offset" : "53396512768"
  },
  "jobs" : [
    {
      "jobname" : "wdpc",
      "groupid" : 0,
      "error" : 0,
      "eta" : 0,
      "elapsed" : 61,
      "job options" : {
        "ioengine" : "libaio",
        "group_reporting" : "1",
        "direct" : "1",
        "rw" : "readwrite",
        "bs" : "8KB",
        "numjobs" : "1",
        "iodepth" : "32",
        "size" : "75%",
        "name" : "wdpc",
        "rwmixread" : "0",
        "time_based" : "1",
        "runtime" : "60s",
        "filename" : "/dev/sda"
      },
      "read" : {
        "io_bytes" : 0,
        "io_kbytes" : 0,
        "bw_bytes" : 0,
        "bw" : 0,
        "iops" : 0.000000,
        "runtime" : 0,
        "total_ios" : 0,
        "short_ios" : 0,
        "drop_ios" : 0,
        "slat_ns" : {
          "min" : 0,
          "max" : 0,
          "mean" : 0.000000,
          "stddev" : 0.000000
        },
        "clat_ns" : {
          "min" : 0,
          "max" : 0,
          "mean" : 0.000000,
          "stddev" : 0.000000,
          "percentile" : {
            "1.000000" : 0,
            "5.000000" : 0,
            "10.000000" : 0,
            "20.000000" : 0,
            "30.000000" : 0,
            "40.000000" : 0,
            "50.000000" : 0,
            "60.000000" : 0,
            "70.000000" : 0,
            "80.000000" : 0,
            "90.000000" : 0,
            "95.000000" : 0,
            "99.000000" : 0,
            "99.500000" : 0,
            "99.900000" : 0,
            "99.950000" : 0,
            "99.990000" : 0
          },
          "bins" : {

          }
        },
        "lat_ns" : {
          "min" : 0,
          "max" : 0,
          "mean" : 0.000000,
          "stddev" : 0.000000
        },
        "bw_min" : 0,
        "bw_max" : 0,
        "bw_agg" : 0.000000,
        "bw_mean" : 0.000000,
        "bw_dev" : 0.000000,
        "bw_samples" : 0,
        "iops_min" : 0,
        "iops_max" : 0,
        "iops_mean" : 0.000000,
        "iops_stddev" : 0.000000,
        "iops_samples" : 0
      },
      "write" : {
        "io_bytes" : 13163814912,
        "io_kbytes" : 12855288,
        "bw_bytes" : 219393258,
        "bw" : 214251,
        "iops" : 26781.403643,
        "runtime" : 60001,
        "total_ios" : 1606911,
        "short_ios" : 0,
        "drop_ios" : 0,
        "slat_ns" : {
          "min" : 5541,
          "max" : 481541,
          "mean" : 29455.457631,
          "stddev" : 5476.909923
        },
        "clat_ns" : {
          "min" : 136791,
          "max" : 17204250,
          "mean" : 1161485.271269,
          "stddev" : 407584.397305,
          "percentile" : {
            "1.000000" : 1011712,
            "5.000000" : 1089536,
            "10.000000" : 1105920,
            "20.000000" : 1105920,
            "30.000000" : 1122304,
            "40.000000" : 1138688,
            "50.000000" : 1138688,
            "60.000000" : 1155072,
            "70.000000" : 1155072,
            "80.000000" : 1171456,
            "90.000000" : 1187840,
            "95.000000" : 1204224,
            "99.000000" : 1662976,
            "99.500000" : 1957888,
            "99.900000" : 10158080,
            "99.950000" : 13434880,
            "99.990000" : 14221312
          },
          "bins" : {
            "136192" : 1,
            "173056" : 1,
            "211968" : 1,
            "257024" : 1,
            "301056" : 1,
            "337920" : 1,
            "374784" : 1,
            "407552" : 1,
            "440320" : 1,
            "473088" : 1,
            "509952" : 1,
            "544768" : 1,
            "585728" : 1,
            "626688" : 1,
            "659456" : 1,
            "700416" : 1,
            "733184" : 1,
            "765952" : 1,
            "806912" : 1,
            "839680" : 1,
            "872448" : 1,
            "888832" : 1,
            "897024" : 2,
            "905216" : 4,
            "913408" : 17,
            "921600" : 62,
            "929792" : 177,
            "937984" : 290,
            "946176" : 468,
            "954368" : 600,
            "962560" : 868,
            "970752" : 1292,
            "978944" : 1806,
            "987136" : 2321,
            "995328" : 2628,
            "1003520" : 2971,
            "1011712" : 3232,
            "1019904" : 3497,
            "1028096" : 3582,
            "1036288" : 3925,
            "1044480" : 4338,
            "1056768" : 13249,
            "1073152" : 28678,
            "1089536" : 80961,
            "1105920" : 181636,
            "1122304" : 277437,
            "1138688" : 314879,
            "1155072" : 269044,
            "1171456" : 189504,
            "1187840" : 109304,
            "1204224" : 51513,
            "1220608" : 20767,
            "1236992" : 6761,
            "1253376" : 2336,
            "1269760" : 1107,
            "1286144" : 845,
            "1302528" : 745,
            "1318912" : 733,
            "1335296" : 726,
            "1351680" : 805,
            "1368064" : 751,
            "1384448" : 622,
            "1400832" : 544,
            "1417216" : 479,
            "1433600" : 464,
            "1449984" : 394,
            "1466368" : 297,
            "1482752" : 385,
            "1499136" : 409,
            "1515520" : 530,
            "1531904" : 606,
            "1548288" : 564,
            "1564672" : 383,
            "1581056" : 309,
            "1597440" : 241,
            "1613824" : 216,
            "1630208" : 219,
            "1646592" : 221,
            "1662976" : 295,
            "1679360" : 298,
            "1695744" : 311,
            "1712128" : 308,
            "1728512" : 327,
            "1744896" : 358,
            "1761280" : 374,
            "1777664" : 459,
            "1794048" : 656,
            "1810432" : 547,
            "1826816" : 529,
            "1843200" : 534,
            "1859584" : 466,
            "1875968" : 500,
            "1892352" : 498,
            "1908736" : 492,
            "1925120" : 458,
            "1941504" : 460,
            "1957888" : 455,
            "1974272" : 390,
            "1990656" : 382,
            "2007040" : 329,
            "2023424" : 308,
            "2039808" : 285,
            "2056192" : 284,
            "2072576" : 245,
            "2088960" : 240,
            "2113536" : 462,
            "2146304" : 380,
            "2179072" : 649,
            "2211840" : 502,
            "2244608" : 294,
            "2277376" : 253,
            "2310144" : 211,
            "2342912" : 152,
            "2375680" : 128,
            "2408448" : 92,
            "2441216" : 63,
            "2473984" : 70,
            "2506752" : 82,
            "2539520" : 61,
            "2572288" : 24,
            "2605056" : 3,
            "2637824" : 2,
            "2670592" : 2,
            "2703360" : 3,
            "2736128" : 2,
            "2768896" : 4,
            "2801664" : 2,
            "2834432" : 5,
            "2867200" : 1,
            "2899968" : 1,
            "2932736" : 4,
            "2965504" : 1,
            "3031040" : 2,
            "3096576" : 2,
            "3129344" : 1,
            "3194880" : 2,
            "3227648" : 1,
            "3293184" : 2,
            "3358720" : 1,
            "3391488" : 1,
            "3424256" : 1,
            "3489792" : 2,
            "3522560" : 1,
            "3555328" : 1,
            "3588096" : 1,
            "3620864" : 1,
            "3653632" : 1,
            "3686400" : 1,
            "3719168" : 2,
            "3784704" : 1,
            "3817472" : 13,
            "3850240" : 22,
            "3883008" : 11,
            "3915776" : 11,
            "3948544" : 7,
            "3981312" : 7,
            "4014080" : 3,
            "4079616" : 2,
            "4112384" : 6,
            "4145152" : 1,
            "4227072" : 9,
            "4358144" : 8,