{
  "fio version" : "fio-3.8",
  "timestamp" : 1535522563,
  "timestamp_ms" : 1535522563899,
  "time" : "Wed Aug 29 06:02:43 2018",
  "global options" : {
    "offset" : "33798881280"
  },
  "jobs" : [
    {
      "jobname" : "wdpc",
      "groupid" : 0,
      "error" : 0,
      "eta" : 0,
      "elapsed" : 61,
      "job options" : {
        "ioengine" : "libaio",
        "group_reporting" : "1",
        "direct" : "1",
        "rw" : "readwrite",
        "bs" : "16KB",
        "numjobs" : "1",
        "iodepth" : "32",
        "size" : "75%",
        "name" : "wdpc",
        "rwmixread" : "0",
        "time_based" : "1",
        "runtime" : "60s",
        "filename" : "/dev/sda"
      },
      "read" : {
        "io_bytes" : 0,
        "io_kbytes" : 0,
        "bw_bytes" : 0,
        "bw" : 0,
        "iops" : 0.000000,
        "runtime" : 0,
        "total_ios" : 0,
        "short_ios" : 0,
        "drop_ios" : 0,
        "slat_ns" : {
          "min" : 0,
          "max" : 0,
          "mean" : 0.000000,
          "stddev" : 0.000000
        },
        "clat_ns" : {
          "min" : 0,
          "max" : 0,
          "mean" : 0.000000,
          "stddev" : 0.000000,
          "percentile" : {
            "1.000000" : 0,
            "5.000000" : 0,
            "10.000000" : 0,
            "20.000000" : 0,
            "30.000000" : 0,
            "40.000000" : 0,
            "50.000000" : 0,
            "60.000000" : 0,
            "70.000000" : 0,
            "80.000000" : 0,
            "90.000000" : 0,
            "95.000000" : 0,
            "99.000000" : 0,
            "99.500000" : 0,
            "99.900000" : 0,
            "99.950000" : 0,
            "99.990000" : 0
          },
          "bins" : {

          }
        },
        "lat_ns" : {
          "min" : 0,
          "max" : 0,
          "mean" : 0.000000,
          "stddev" : 0.000000
        },
        "bw_min" : 0,
        "bw_max" : 0,
        "bw_agg" : 0.000000,
        "bw_mean" : 0.000000,
        "bw_dev" : 0.000000,
        "bw_samples" : 0,
        "iops_min" : 0,
        "iops_max" : 0,
        "iops_mean" : 0.000000,
        "iops_stddev" : 0.000000,
        "iops_samples" : 0
      },
      "write" : {
        "io_bytes" : 16871636992,
        "io_kbytes" : 16476208,
        "bw_bytes" : 281184577,
        "bw" : 274594,
        "iops" : 17162.144595,
        "runtime" : 60002,
        "total_ios" : 1029763,
        "short_ios" : 0,
        "drop_ios" : 0,
        "slat_ns" : {
          "min" : 5833,
          "max" : 2217834,
          "mean" : 19602.422288,
          "stddev" : 18558.316087
        },
        "clat_ns" : {
          "min" : 1229958,
          "max" : 17543166,
          "mean" : 1838930.735245,
          "stddev" : 760680.038428,
          "percentile" : {
            "1.000000" : 1482752,
            "5.000000" : 1515520,
            "10.000000" : 1531904,
            "20.000000" : 1564672,
            "30.000000" : 1581056,
            "40.000000" : 1597440,
            "50.000000" : 1630208,
            "60.000000" : 1695744,
            "70.000000" : 1794048,
            "80.000000" : 1974272,
            "90.000000" : 2375680,
            "95.000000" : 2703360,
            "99.000000" : 3555328,
            "99.500000" : 3751936,
            "99.900000" : 15663104,
            "99.950000" : 16580608,
            "99.990000" : 17170432
          },
          "bins" : {
            "1236992" : 1,
            "1253376" : 8,
            "1269760" : 39,
            "1286144" : 48,
            "1302528" : 84,
            "1318912" : 147,
            "1335296" : 238,
            "1351680" : 300,
            "1368064" : 438,
            "1384448" : 515,
            "1400832" : 666,
            "1417216" : 832,
            "1433600" : 990,
            "1449984" : 1364,
            "1466368" : 2566,
            "1482752" : 8228,
            "1499136" : 19443,
            "1515520" : 32180,
            "1531904" : 42214,
            "1548288" : 68149,
            "1564672" : 70039,
            "1581056" : 94379,
            "1597440" : 84135,
            "1613824" : 60661,
            "1630208" : 43561,
            "1646592" : 24800,
            "1662976" : 20883,
            "1679360" : 21217,
            "1695744" : 21572,
            "1712128" : 21654,
            "1728512" : 21745,
            "1744896" : 21048,
            "1761280" : 16814,
            "1777664" : 13547,
            "1794048" : 12612,
            "1810432" : 11568,
            "1826816" : 10912,
            "1843200" : 10913,
            "1859584" : 11031,
            "1875968" : 10441,
            "1892352" : 8885,
            "1908736" : 7794,
            "1925120" : 7871,
            "1941504" : 8042,
            "1957888" : 7638,
            "1974272" : 7258,
            "1990656" : 6907,
            "2007040" : 5834,
            "2023424" : 4671,
            "2039808" : 4098,
            "2056192" : 4080,
            "2072576" : 3980,
            "2088960" : 3877,
            "2113536" : 8013,
            "2146304" : 7007,
            "2179072" : 6731,
            "2211840" : 7546,
            "2244608" : 8598,
            "2277376" : 6933,
            "2310144" : 6886,
            "2342912" : 7682,
            "2375680" : 7893,
            "2408448" : 6834,
            "2441216" : 7055,
            "2473984" : 7049,
            "2506752" : 6377,
            "2539520" : 5029,
            "2572288" : 4759,
            "2605056" : 4474,
            "2637824" : 3659,
            "2670592" : 2722,
            "2703360" : 2420,
            "2736128" : 2354,
            "2768896" : 1627,
            "2801664" : 1454,
            "2834432" : 1299,
            "2867200" : 1335,
            "2899968" : 1248,
            "2932736" : 1347,
            "2965504" : 1586,
            "2998272" : 2144,
            "3031040" : 1843,
            "3063808" : 2102,
            "3096576" : 2432,
            "3129344" : 2465,
            "3162112" : 1955,
            "3194880" : 2005,
            "3227648" : 1964,
            "3260416" : 1592,
            "3293184" : 1230,
            "3325952" : 1067,
            "3358720" : 1001,
            "3391488" : 775,
            "3424256" : 656,
            "3457024" : 702,
            "3489792" : 1060,
            "3522560" : 1000,
            "3555328" : 1016,
            "3588096" : 1110,
            "3620864" : 1044,
            "3653632" : 879,
            "3686400" : 804,
            "3719168" : 843,
            "3751936" : 791,
            "3784704" : 541,
            "3817472" : 443,
            "3850240" : 410,
            "3883008" : 269,
            "3915776" : 161,
            "3948544" : 104,
            "3981312" : 46,
            "4014080" : 27,
            "4046848" : 23,
            "4079616" : 7,
            "4112384" : 13,
            "4145152" : 12,
            "4177920" : 26,
            "4227072" : 95,
            "4292608" : 14,
            "4358144" : 6,
            "4423680" : 1,
            "4489216" : 1,
            "4554752" : 2,
            "4685824" : 1,
            "4751360" : 1,
            "4816896" : 4,
            "4882432" : 18,
            "4947968" : 10,
            "5275648" : 1,
            "5406720" : 1,
            "5472256" : 1,
            "5603328" : 1,
            "5734400" : 1,
            "6193152" : 1,
            "6324224" : 2,
            "6455296" : 2,
            "6979584" : 1,
            "7110656" : 1,
            "7176192" : 1,
            "7241728" : 2,
            "7372800" : 1,
            "7438336" : 1,
            "7700480" : 1,
            "7766016" : 2,
            "7831552" : 2,
            "7897088" : 1,
            "8028160" : 4,
            "8093696" : 1,
            "8159232" : 2,
            "8224768" : 1,
            "8355840" : 1,
            "8454144" : 4,
            "8585216" : 7,
            "8716288" : 32,
            "8847360" : 11,
            "8978432" : 3,