{
  "fio version" : "fio-3.8",
  "timestamp" : 1535565731,
  "timestamp_ms" : 1535565731916,
  "time" : "Wed Aug 29 18:02:11 2018",
  "jobs" : [
    {
      "jobname" : "wipc",
      "groupid" : 0,
      "error" : 0,
      "eta" : 0,
      "elapsed" : 885,
      "job options" : {
        "ioengine" : "libaio",
        "group_reporting" : "1",
        "direct" : "1",
        "rw" : "write",
        "bs" : "32KB",
        "numjobs" : "1",
        "iodepth" : "32",
        "size" : "75%",
        "name" : "wipc",
        "io_size" : "256071352320B",
        "filename" : "/dev/sda"
      },
      "read" : {
        "io_bytes" : 0,
        "io_kbytes" : 0,
        "bw_bytes" : 0,
        "bw" : 0,
        "iops" : 0.000000,
        "runtime" : 0,
        "total_ios" : 0,
        "short_ios" : 0,
        "drop_ios" : 0,
        "slat_ns" : {
          "min" : 0,
          "max" : 0,
          "mean" : 0.000000,
          "stddev" : 0.000000
        },
        "clat_ns" : {
          "min" : 0,
          "max" : 0,
          "mean" : 0.000000,
          "stddev" : 0.000000,
          "percentile" : {
            "1.000000" : 0,
            "5.000000" : 0,
            "10.000000" : 0,
            "20.000000" : 0,
            "30.000000" : 0,
            "40.000000" : 0,
            "50.000000" : 0,
            "60.000000" : 0,
            "70.000000" : 0,
            "80.000000" : 0,
            "90.000000" : 0,
            "95.000000" : 0,
            "99.000000" : 0,
            "99.500000" : 0,
            "99.900000" : 0,
            "99.950000" : 0,
            "99.990000" : 0
          },
          "bins" : {

          }
        },
        "lat_ns" : {
          "min" : 0,
          "max" : 0,
          "mean" : 0.000000,
          "stddev" : 0.000000
        },
        "bw_min" : 0,
        "bw_max" : 0,
        "bw_agg" : 0.000000,
        "bw_mean" : 0.000000,
        "bw_dev" : 0.000000,
        "bw_samples" : 0,
        "iops_min" : 0,
        "iops_max" : 0,
        "iops_mean" : 0.000000,
        "iops_stddev" : 0.000000,
        "iops_samples" : 0
      },
      "write" : {
        "io_bytes" : 256071368704,
        "io_kbytes" : 250069696,
        "bw_bytes" : 289691845,
        "bw" : 282902,
        "iops" : 8840.693528,
        "runtime" : 883944,
        "total_ios" : 7814678,
        "short_ios" : 0,
        "drop_ios" : 0,
        "slat_ns" : {
          "min" : 11083,
          "max" : 2395459,
          "mean" : 49246.954242,
          "stddev" : 30766.858643
        },
        "clat_ns" : {
          "min" : 1760791,
          "max" : 40711542,
          "mean" : 3561539.737295,
          "stddev" : 1144926.269233,
          "percentile" : {
            "1.000000" : 2670592,
            "5.000000" : 2801664,
            "10.000000" : 2834432,
            "20.000000" : 2998272,
            "30.000000" : 3129344,
            "40.000000" : 3227648,
            "50.000000" : 3358720,
            "60.000000" : 3489792,
            "70.000000" : 3719168,
            "80.000000" : 3948544,
            "90.000000" : 4423680,
            "95.000000" : 4816896,
            "99.000000" : 5472256,
            "99.500000" : 6979584,
            "99.900000" : 19267584,
            "99.950000" : 20054016,
            "99.990000" : 22413312
          },
          "bins" : {
            "1761280" : 1,
            "1777664" : 2,
            "1794048" : 9,
            "1810432" : 17,
            "1826816" : 15,
            "1843200" : 13,
            "1859584" : 15,
            "1875968" : 3,
            "1892352" : 9,
            "1908736" : 4,
            "1925120" : 20,
            "1941504" : 27,
            "1957888" : 32,
            "1974272" : 34,
            "1990656" : 51,
            "2007040" : 68,
            "2023424" : 79,
            "2039808" : 119,
            "2056192" : 174,
            "2072576" : 199,
            "2088960" : 170,
            "2113536" : 388,
            "2146304" : 321,
            "2179072" : 413,
            "2211840" : 562,
            "2244608" : 893,
            "2277376" : 1763,
            "2310144" : 2665,
            "2342912" : 3483,
            "2375680" : 2755,
            "2408448" : 2206,
            "2441216" : 2447,
            "2473984" : 2715,
            "2506752" : 3631,
            "2539520" : 4946,
            "2572288" : 6704,
            "2605056" : 9216,
            "2637824" : 13848,
            "2670592" : 19127,
            "2703360" : 36381,
            "2736128" : 64254,
            "2768896" : 109225,
            "2801664" : 339306,
            "2834432" : 238144,
            "2867200" : 276078,
            "2899968" : 140904,
            "2932736" : 86839,
            "2965504" : 103003,
            "2998272" : 141134,
            "3031040" : 191809,
            "3063808" : 231989,
            "3096576" : 269289,
            "3129344" : 273224,
            "3162112" : 258842,
            "3194880" : 246528,
            "3227648" : 223273,
            "3260416" : 205575,
            "3293184" : 194102,
            "3325952" : 185192,
            "3358720" : 180349,
            "3391488" : 171623,
            "3424256" : 161713,
            "3457024" : 153701,
            "3489792" : 144867,
            "3522560" : 134211,
            "3555328" : 127349,
            "3588096" : 122613,
            "3620864" : 115811,
            "3653632" : 111996,
            "3686400" : 109764,
            "3719168" : 109660,
            "3751936" : 107278,
            "3784704" : 107970,
            "3817472" : 107532,
            "3850240" : 107145,
            "3883008" : 103040,
            "3915776" : 98903,
            "3948544" : 94665,
            "3981312" : 89825,
            "4014080" : 81554,
            "4046848" : 75210,
            "4079616" : 68054,
            "4112384" : 61654,
            "4145152" : 55861,
            "4177920" : 50266,
            "4227072" : 89247,
            "4292608" : 80943,
            "4358144" : 78769,
            "4423680" : 75503,
            "4489216" : 72441,
            "4554752" : 71867,
            "4620288" : 70128,
            "4685824" : 66437,
            "4751360" : 62131,
            "4816896" : 58716,
            "4882432" : 52258,
            "4947968" : 45203,
            "5013504" : 40298,
            "5079040" : 33106,
            "5144576" : 26792,
            "5210112" : 23002,
            "5275648" : 18042,
            "5341184" : 13665,
            "5406720" : 11056,
            "5472256" : 9362,
            "5537792" : 7525,
            "5603328" : 6184,
            "5668864" : 4368,
            "5734400" : 3165,
            "5799936" : 2326,
            "5865472" : 1659,
            "5931008" : 1241,
            "5996544" : 877,
            "6062080" : 437,
            "6127616" : 380,
            "6193152" : 256,
            "6258688" : 196,
            "6324224" : 151,
            "6389760" : 112,
            "6455296" : 110,
            "6520832" : 148,
            "6586368" : 172,
            "6651904" : 120,
            "6717440" : 92,
            "6782976" : 98,
            "6848512" : 69,
            "6914048" : 78,
            "6979584" : 79,
            "7045120" : 91,
            "7110656" : 73,
            "7176192" : 173,
            "7241728" : 1446,
            "7307264" : 1885,
            "7372800" : 1028,
            "7438336" : 603,
            "7503872" : 232,
            "7569408" : 69,
            "7634944" : 53,
            "7700480" : 47,
            "7766016" : 39,
            "7831552" : 45,
            "7897088" : 43,
            "7962624" : 45,
            "8028160" : 37,
            "8093696" : 244,
            "8159232" : 277,
            "8224768" : 128,
            "8290304" : 88,
            "8355840" : 22,
            "8454144" : 14,
            "8585216" : 34,
            "8716288" : 63,
            "8847360" : 40,
            "8978432" : 68,
            "9109504" : 38,