{
  "fio version" : "fio-3.8",
  "timestamp" : 1536380392,
  "timestamp_ms" : 1536380392247,
  "time" : "Fri Sep  7 21:19:52 2018",
  "jobs" : [
    {
      "jobname" : "wdpc",
      "groupid" : 0,
      "error" : 0,
      "eta" : 0,
      "elapsed" : 61,
      "job options" : {
        "ioengine" : "libaio",
        "group_reporting" : "1",
        "direct" : "1",
        "rw" : "randrw",
        "bs" : "8KB",
        "numjobs" : "2",
        "iodepth" : "16",
        "size" : "75%",
        "name" : "wdpc",
        "random_distribution" : "random",
        "random_generator" : "tausworthe",
        "allrandrepeat" : "1",
        "randseed" : "101",
        "rwmixread" : "0",
        "time_based" : "1",
        "runtime" : "60s",
        "filename" : "/dev/sda"
      },
      "read" : {
        "io_bytes" : 0,
        "io_kbytes" : 0,
        "bw_bytes" : 0,
        "bw" : 0,
        "iops" : 0.000000,
        "runtime" : 0,
        "total_ios" : 0,
        "short_ios" : 0,
        "drop_ios" : 0,
        "slat_ns" : {
          "min" : 0,
          "max" : 0,
          "mean" : 0.000000,
          "stddev" : 0.000000
        },
        "clat_ns" : {
          "min" : 0,
          "max" : 0,
          "mean" : 0.000000,
          "stddev" : 0.000000,
          "percentile" : {
            "1.000000" : 0,
            "5.000000" : 0,
            "10.000000" : 0,
            "20.000000" : 0,
            "30.000000" : 0,
            "40.000000" : 0,
            "50.000000" : 0,
            "60.000000" : 0,
            "70.000000" : 0,
            "80.000000" : 0,
            "90.000000" : 0,
            "95.000000" : 0,
            "99.000000" : 0,
            "99.500000" : 0,
            "99.900000" : 0,
            "99.950000" : 0,
            "99.990000" : 0
          },
          "bins" : {

          }
        },
        "lat_ns" : {
          "min" : 0,
          "max" : 0,
          "mean" : 0.000000,
          "stddev" : 0.000000
        },
        "bw_min" : 0,
        "bw_max" : 0,
        "bw_agg" : 0.000000,
        "bw_mean" : 0.000000,
        "bw_dev" : 0.000000,
        "bw_samples" : 0,
        "iops_min" : 0,
        "iops_max" : 0,
        "iops_mean" : 0.000000,
        "iops_stddev" : 0.000000,
        "iops_samples" : 0
      },
      "write" : {
        "io_bytes" : 9579298816,
        "io_kbytes" : 9354784,
        "bw_bytes" : 159649658,
        "bw" : 155907,
        "iops" : 19488.483717,
        "runtime" : 60002,
        "total_ios" : 1169348,
        "short_ios" : 0,
        "drop_ios" : 0,
        "slat_ns" : {
          "min" : 2899,
          "max" : 1532439,
          "mean" : 11992.151254,
          "stddev" : 23421.933437
        },
        "clat_ns" : {
          "min" : 208658,
          "max" : 34068005,
          "mean" : 1627154.595357,
          "stddev" : 884026.522236,
          "percentile" : {
            "1.000000" : 659456,
            "5.000000" : 823296,
            "10.000000" : 905216,
            "20.000000" : 1028096,
            "30.000000" : 1073152,
            "40.000000" : 1105920,
            "50.000000" : 1220608,
            "60.000000" : 1941504,
            "70.000000" : 2113536,
            "80.000000" : 2211840,
            "90.000000" : 2408448,
            "95.000000" : 2670592,
            "99.000000" : 3915776,
            "99.500000" : 4489216,
            "99.900000" : 14614528,
            "99.950000" : 16056320,
            "99.990000" : 17432576
          },
          "bins" : {
            "207872" : 1,
            "222208" : 1,
            "226304" : 1,
            "228352" : 1,
            "230400" : 2,
            "232448" : 1,
            "234496" : 3,
            "236544" : 1,
            "250880" : 1,
            "252928" : 2,
            "254976" : 1,
            "257024" : 1,
            "259072" : 2,
            "261120" : 2,
            "264192" : 3,
            "268288" : 8,
            "272384" : 10,
            "276480" : 7,
            "280576" : 17,
            "284672" : 13,
            "288768" : 8,
            "292864" : 21,
            "296960" : 10,
            "301056" : 9,
            "305152" : 8,
            "309248" : 2,
            "313344" : 8,
            "317440" : 5,
            "321536" : 9,
            "325632" : 4,
            "329728" : 13,
            "333824" : 13,
            "337920" : 12,
            "342016" : 13,
            "346112" : 9,
            "350208" : 9,
            "354304" : 8,
            "358400" : 13,
            "362496" : 7,
            "366592" : 13,
            "370688" : 9,
            "374784" : 10,
            "378880" : 9,
            "382976" : 10,
            "387072" : 14,
            "391168" : 11,
            "395264" : 10,
            "399360" : 7,
            "403456" : 11,
            "407552" : 17,
            "411648" : 15,
            "415744" : 13,
            "419840" : 16,
            "423936" : 17,
            "428032" : 30,
            "432128" : 25,
            "436224" : 32,
            "440320" : 34,
            "444416" : 40,
            "448512" : 45,
            "452608" : 48,
            "456704" : 52,
            "460800" : 69,
            "464896" : 67,
            "468992" : 77,
            "473088" : 78,
            "477184" : 89,
            "481280" : 80,
            "485376" : 92,
            "489472" : 106,
            "493568" : 93,
            "497664" : 114,
            "501760" : 126,
            "505856" : 137,
            "509952" : 137,
            "514048" : 151,
            "518144" : 197,
            "522240" : 169,
            "528384" : 302,
            "536576" : 337,
            "544768" : 366,
            "552960" : 399,
            "561152" : 431,
            "569344" : 493,
            "577536" : 410,
            "585728" : 449,
            "593920" : 569,
            "602112" : 597,
            "610304" : 635,
            "618496" : 578,
            "626688" : 661,
            "634880" : 733,
            "643072" : 879,
            "651264" : 832,
            "659456" : 908,
            "667648" : 1005,
            "675840" : 1154,
            "684032" : 1327,
            "692224" : 1212,
            "700416" : 1249,
            "708608" : 1388,
            "716800" : 1725,
            "724992" : 1866,
            "733184" : 1867,
            "741376" : 1897,
            "749568" : 2334,
            "757760" : 2655,
            "765952" : 2946,
            "774144" : 3036,
            "782336" : 3035,
            "790528" : 3652,
            "798720" : 4204,
            "806912" : 4472,
            "815104" : 4367,
            "823296" : 4361,
            "831488" : 5028,
            "839680" : 5711,
            "847872" : 5844,
            "856064" : 5272,
            "864256" : 5337,
            "872448" : 6427,
            "880640" : 6674,
            "888832" : 6452,
            "897024" : 5993,
            "905216" : 6024,
            "913408" : 7240,
            "921600" : 7370,
            "929792" : 6733,
            "937984" : 6214,
            "946176" : 6730,
            "954368" : 8122,
            "962560" : 8043,
            "970752" : 7401,
            "978944" : 6855,
            "987136" : 7694,
            "995328" : 9562,
            "1003520" : 9301,
            "1011712" : 9045,
            "1019904" : 9127,
            "1028096" : 12915,
            "1036288" : 17796,
            "1044480" : 15591,
            "1056768" : 28425,
            "1073152" : 82725,
            "1089536" : 41667,
            "1105920" : 47405,
            "1122304" : 51959,
            "1138688" : 15832,
            "1155072" : 15836,
            "1171456" : 8721,
            "1187840" : 6389,
            "1204224" : 5797,
            "1220608" : 4753,
            "1236992" : 4487,
            "1253376" : 3898,
            "1269760" : 3535,
            "1286144" : 3526,
            "1302528" : 3127,
            "1318912" : 3156,
            "1335296" : 2930,