{
  "fio version" : "fio-3.8",
  "timestamp" : 1536370453,
  "timestamp_ms" : 1536370453376,
  "time" : "Fri Sep  7 18:34:13 2018",
  "jobs" : [
    {
      "jobname" : "wdpc",
      "groupid" : 0,
      "error" : 0,
      "eta" : 0,
      "elapsed" : 61,
      "job options" : {
        "ioengine" : "libaio",
        "group_reporting" : "1",
        "direct" : "1",
        "rw" : "randrw",
        "bs" : "128KB",
        "numjobs" : "2",
        "iodepth" : "16",
        "size" : "75%",
        "name" : "wdpc",
        "random_distribution" : "random",
        "random_generator" : "tausworthe",
        "allrandrepeat" : "1",
        "randseed" : "101",
        "rwmixread" : "0",
        "time_based" : "1",
        "runtime" : "60s",
        "filename" : "/dev/sda"
      },
      "read" : {
        "io_bytes" : 0,
        "io_kbytes" : 0,
        "bw_bytes" : 0,
        "bw" : 0,
        "iops" : 0.000000,
        "runtime" : 0,
        "total_ios" : 0,
        "short_ios" : 0,
        "drop_ios" : 0,
        "slat_ns" : {
          "min" : 0,
          "max" : 0,
          "mean" : 0.000000,
          "stddev" : 0.000000
        },
        "clat_ns" : {
          "min" : 0,
          "max" : 0,
          "mean" : 0.000000,
          "stddev" : 0.000000,
          "percentile" : {
            "1.000000" : 0,
            "5.000000" : 0,
            "10.000000" : 0,
            "20.000000" : 0,
            "30.000000" : 0,
            "40.000000" : 0,
            "50.000000" : 0,
            "60.000000" : 0,
            "70.000000" : 0,
            "80.000000" : 0,
            "90.000000" : 0,
            "95.000000" : 0,
            "99.000000" : 0,
            "99.500000" : 0,
            "99.900000" : 0,
            "99.950000" : 0,
            "99.990000" : 0
          },
          "bins" : {

          }
        },
        "lat_ns" : {
          "min" : 0,
          "max" : 0,
          "mean" : 0.000000,
          "stddev" : 0.000000
        },
        "bw_min" : 0,
        "bw_max" : 0,
        "bw_agg" : 0.000000,
        "bw_mean" : 0.000000,
        "bw_dev" : 0.000000,
        "bw_samples" : 0,
        "iops_min" : 0,
        "iops_max" : 0,
        "iops_mean" : 0.000000,
        "iops_stddev" : 0.000000,
        "iops_samples" : 0
      },
      "write" : {
        "io_bytes" : 13720748032,
        "io_kbytes" : 13399168,
        "bw_bytes" : 228618169,
        "bw" : 223259,
        "iops" : 1744.218208,
        "runtime" : 60016,
        "total_ios" : 104681,
        "short_ios" : 0,
        "drop_ios" : 0,
        "slat_ns" : {
          "min" : 8790,
          "max" : 1499318,
          "mean" : 28805.375703,
          "stddev" : 28123.872004
        },
        "clat_ns" : {
          "min" : 850862,
          "max" : 36438716,
          "mean" : 18308113.901998,
          "stddev" : 2071571.908091,
          "percentile" : {
            "1.000000" : 15532032,
            "5.000000" : 16187392,
            "10.000000" : 16449536,
            "20.000000" : 16908288,
            "30.000000" : 17432576,
            "40.000000" : 17694720,
            "50.000000" : 17956864,
            "60.000000" : 18481152,
            "70.000000" : 18743296,
            "80.000000" : 19267584,
            "90.000000" : 19791872,
            "95.000000" : 20578304,
            "99.000000" : 30277632,
            "99.500000" : 31326208,
            "99.900000" : 33161216,
            "99.950000" : 33816576,
            "99.990000" : 34865152
          },
          "bins" : {
            "847872" : 1,
            "1368064" : 1,
            "1384448" : 1,
            "2179072" : 1,
            "2506752" : 1,
            "2801664" : 1,
            "3260416" : 1,
            "3784704" : 1,
            "4177920" : 1,
            "4554752" : 1,
            "4882432" : 1,
            "5275648" : 1,
            "6193152" : 1,
            "7438336" : 1,
            "7700480" : 3,
            "8159232" : 1,
            "8585216" : 1,
            "8978432" : 1,
            "10027008" : 1,
            "11337728" : 1,
            "11599872" : 2,
            "12648448" : 1,
            "12910592" : 3,
            "13041664" : 1,
            "13303808" : 2,
            "13434880" : 4,
            "13565952" : 3,
            "13697024" : 3,
            "13828096" : 9,
            "13959168" : 4,
            "14090240" : 13,
            "14221312" : 10,
            "14352384" : 8,
            "14483456" : 15,
            "14614528" : 42,
            "14745600" : 34,
            "14876672" : 53,
            "15007744" : 94,
            "15138816" : 116,
            "15269888" : 208,
            "15400960" : 278,
            "15532032" : 409,
            "15663104" : 492,
            "15794176" : 757,
            "15925248" : 941,
            "16056320" : 1331,
            "16187392" : 1619,
            "16318464" : 1904,
            "16449536" : 2252,
            "16580608" : 2381,
            "16711680" : 2832,
            "16908288" : 5985,
            "17170432" : 6554,
            "17432576" : 7614,
            "17694720" : 8555,
            "17956864" : 8627,
            "18219008" : 8353,
            "18481152" : 7695,
            "18743296" : 6653,
            "19005440" : 5996,
            "19267584" : 5096,
            "19529728" : 4458,
            "19791872" : 3328,
            "20054016" : 2525,
            "20316160" : 1768,
            "20578304" : 1233,
            "20840448" : 848,
            "21102592" : 563,
            "21364736" : 411,
            "21626880" : 261,
            "21889024" : 204,
            "22151168" : 109,
            "22413312" : 54,
            "22675456" : 54,
            "22937600" : 25,
            "23199744" : 21,
            "23461888" : 36,
            "23724032" : 15,
            "23986176" : 20,
            "24510464" : 3,
            "24772608" : 1,
            "25296896" : 2,
            "26083328" : 1,
            "26345472" : 1,
            "26869760" : 1,
            "27131904" : 10,
            "27394048" : 23,
            "27656192" : 5,
            "27918336" : 26,
            "28180480" : 49,
            "28442624" : 44,
            "28704768" : 40,
            "28966912" : 50,
            "29229056" : 42,
            "29491200" : 92,
            "29753344" : 100,
            "30015488" : 144,
            "30277632" : 183,
            "30539776" : 140,
            "30801920" : 123,
            "31064064" : 87,
            "31326208" : 93,
            "31588352" : 94,
            "31850496" : 83,
            "32112640" : 84,
            "32374784" : 70,
            "32636928" : 37,
            "32899072" : 36,
            "33161216" : 34,
            "33423360" : 20,
            "33816576" : 26,
            "34340864" : 21,
            "34865152" : 3,
            "35913728" : 8,
            "36438016" : 1
          }
        },
        "lat_ns" : {
          "min" : 911899,
          "max" : 36466088,
          "mean" : 18337667.060288,
          "stddev" : 2071214.993690
        },
        "bw_min" : 106752,
        "bw_max" : 116480,
        "bw_agg" : 49.996650,
        "bw_mean" : 111622.020833,
        "bw_dev" : 2104.431551,
        "bw_samples" : 240,
        "iops_min" : 834,
        "iops_max" : 910,
        "iops_mean" : 872.033333,
        "iops_stddev" : 16.443606,
        "iops_samples" : 240
      },
      "trim" : {
        "io_bytes" : 0,
        "io_kbytes" : 0,
        "bw_bytes" : 0,
        "bw" : 0,
        "iops" : 0.000000,
        "runtime" : 0,
        "total_ios" : 0,
        "short_ios" : 0,
        "drop_ios" : 0,
        "slat_ns" : {
          "min" : 0,
          "max" : 0,
          "mean" : 0.000000,
          "stddev" : 0.000000
        },
        "clat_ns" : {
          "min" : 0,
          "max" : 0,
          "mean" : 0.000000,
          "stddev" : 0.000000,
          "percentile" : {
            "1.000000" : 0,
            "5.000000" : 0,
            "10.000000" : 0,