{
  "fio version" : "fio-3.8",
  "timestamp" : 1536375233,
  "timestamp_ms" : 1536375233648,
  "time" : "Fri Sep  7 19:53:53 2018",
  "jobs" : [
    {
      "jobname" : "wdpc",
      "groupid" : 0,
      "error" : 0,
      "eta" : 0,
      "elapsed" : 61,
      "job options" : {
        "ioengine" : "libaio",
        "group_reporting" : "1",
        "direct" : "1",
        "rw" : "randrw",
        "bs" : "32KB",
        "numjobs" : "2",
        "iodepth" : "16",
        "size" : "75%",
        "name" : "wdpc",
        "random_distribution" : "random",
        "random_generator" : "tausworthe",
        "allrandrepeat" : "1",
        "randseed" : "101",
        "rwmixread" : "0",
        "time_based" : "1",
        "runtime" : "60s",
        "filename" : "/dev/sda"
      },
      "read" : {
        "io_bytes" : 0,
        "io_kbytes" : 0,
        "bw_bytes" : 0,
        "bw" : 0,
        "iops" : 0.000000,
        "runtime" : 0,
        "total_ios" : 0,
        "short_ios" : 0,
        "drop_ios" : 0,
        "slat_ns" : {
          "min" : 0,
          "max" : 0,
          "mean" : 0.000000,
          "stddev" : 0.000000
        },
        "clat_ns" : {
          "min" : 0,
          "max" : 0,
          "mean" : 0.000000,
          "stddev" : 0.000000,
          "percentile" : {
            "1.000000" : 0,
            "5.000000" : 0,
            "10.000000" : 0,
            "20.000000" : 0,
            "30.000000" : 0,
            "40.000000" : 0,
            "50.000000" : 0,
            "60.000000" : 0,
            "70.000000" : 0,
            "80.000000" : 0,
            "90.000000" : 0,
            "95.000000" : 0,
            "99.000000" : 0,
            "99.500000" : 0,
            "99.900000" : 0,
            "99.950000" : 0,
            "99.990000" : 0
          },
          "bins" : {

          }
        },
        "lat_ns" : {
          "min" : 0,
          "max" : 0,
          "mean" : 0.000000,
          "stddev" : 0.000000
        },
        "bw_min" : 0,
        "bw_max" : 0,
        "bw_agg" : 0.000000,
        "bw_mean" : 0.000000,
        "bw_dev" : 0.000000,
        "bw_samples" : 0,
        "iops_min" : 0,
        "iops_max" : 0,
        "iops_mean" : 0.000000,
        "iops_stddev" : 0.000000,
        "iops_samples" : 0
      },
      "write" : {
        "io_bytes" : 12416909312,
        "io_kbytes" : 12125888,
        "bw_bytes" : 206914002,
        "bw" : 202064,
        "iops" : 6314.514248,
        "runtime" : 60010,
        "total_ios" : 378934,
        "short_ios" : 0,
        "drop_ios" : 0,
        "slat_ns" : {
          "min" : 4411,
          "max" : 4233573,
          "mean" : 10513.117902,
          "stddev" : 18791.070367
        },
        "clat_ns" : {
          "min" : 247370,
          "max" : 37286549,
          "mean" : 5053396.062037,
          "stddev" : 2012773.163199,
          "percentile" : {
            "1.000000" : 3031040,
            "5.000000" : 3063808,
            "10.000000" : 3194880,
            "20.000000" : 3948544,
            "30.000000" : 4177920,
            "40.000000" : 4358144,
            "50.000000" : 4620288,
            "60.000000" : 5144576,
            "70.000000" : 5406720,
            "80.000000" : 5734400,
            "90.000000" : 6324224,
            "95.000000" : 7241728,
            "99.000000" : 14614528,
            "99.500000" : 17694720,
            "99.900000" : 20316160,
            "99.950000" : 21889024,
            "99.990000" : 34865152
          },
          "bins" : {
            "246784" : 1,
            "370688" : 1,
            "456704" : 1,
            "552960" : 1,
            "651264" : 1,
            "749568" : 1,
            "856064" : 1,
            "946176" : 1,
            "1171456" : 1,
            "1204224" : 1,
            "1335296" : 1,
            "1417216" : 1,
            "1515520" : 1,
            "1597440" : 1,
            "1679360" : 1,
            "1761280" : 1,
            "1859584" : 1,
            "1908736" : 1,
            "1957888" : 1,
            "1990656" : 1,
            "2039808" : 1,
            "2072576" : 1,
            "2146304" : 2,
            "2179072" : 1,
            "2211840" : 1,
            "2244608" : 3,
            "2310144" : 1,
            "2342912" : 5,
            "2375680" : 2,
            "2408448" : 6,
            "2441216" : 11,
            "2473984" : 6,
            "2506752" : 8,
            "2539520" : 7,
            "2572288" : 9,
            "2605056" : 6,
            "2637824" : 27,
            "2670592" : 32,
            "2703360" : 55,
            "2736128" : 87,
            "2768896" : 78,
            "2801664" : 87,
            "2834432" : 91,
            "2867200" : 95,
            "2899968" : 81,
            "2932736" : 74,
            "2965504" : 127,
            "2998272" : 499,
            "3031040" : 2780,
            "3063808" : 21549,
            "3096576" : 5001,
            "3129344" : 3615,
            "3162112" : 2776,
            "3194880" : 1794,
            "3227648" : 1095,
            "3260416" : 757,
            "3293184" : 652,
            "3325952" : 545,
            "3358720" : 565,
            "3391488" : 567,
            "3424256" : 565,
            "3457024" : 503,
            "3489792" : 375,
            "3522560" : 440,
            "3555328" : 543,
            "3588096" : 580,
            "3620864" : 814,
            "3653632" : 1013,
            "3686400" : 1199,
            "3719168" : 1773,
            "3751936" : 1978,
            "3784704" : 2577,
            "3817472" : 3382,
            "3850240" : 3993,
            "3883008" : 4810,
            "3915776" : 5132,
            "3948544" : 5707,
            "3981312" : 5246,
            "4014080" : 4895,
            "4046848" : 5104,
            "4079616" : 4707,
            "4112384" : 5056,
            "4145152" : 5221,
            "4177920" : 5379,
            "4227072" : 11912,
            "4292608" : 14924,
            "4358144" : 14988,
            "4423680" : 12936,
            "4489216" : 10658,
            "4554752" : 7937,
            "4620288" : 5860,
            "4685824" : 4139,
            "4751360" : 3634,
            "4816896" : 2964,
            "4882432" : 3529,
            "4947968" : 3485,
            "5013504" : 4814,
            "5079040" : 6388,
            "5144576" : 7244,
            "5210112" : 8694,
            "5275648" : 9585,
            "5341184" : 9539,
            "5406720" : 10031,
            "5472256" : 9203,
            "5537792" : 9276,
            "5603328" : 8702,
            "5668864" : 8522,
            "5734400" : 7264,
            "5799936" : 6684,
            "5865472" : 5228,
            "5931008" : 4415,
            "5996544" : 3700,
            "6062080" : 3191,
            "6127616" : 2990,
            "6193152" : 1864,
            "6258688" : 1715,
            "6324224" : 1544,
            "6389760" : 1531,
            "6455296" : 1220,
            "6520832" : 1346,
            "6586368" : 1415,
            "6651904" : 1390,
            "6717440" : 1277,
            "6782976" : 1450,
            "6848512" : 1560,
            "6914048" : 1486,
            "6979584" : 1398,
            "7045120" : 1166,
            "7110656" : 1153,
            "7176192" : 1072,
            "7241728" : 1021,
            "7307264" : 869,
            "7372800" : 708,
            "7438336" : 499,
            "7503872" : 463,
            "7569408" : 315,
            "7634944" : 305,
            "7700480" : 328,
            "7766016" : 196,
            "7831552" : 169,
            "7897088" : 163,
            "7962624" : 136,
            "8028160" : 139,
            "8093696" : 157,
            "8159232" : 116,
            "8224768" : 190,
            "8290304" : 188,
            "8355840" : 163,
            "8454144" : 326,
            "8585216" : 294,
            "8716288" : 242,
            "8847360" : 218,
            "8978432" : 173,
            "9109504" : 240,