{
  "fio version" : "fio-3.8",
  "timestamp" : 1536372781,
  "timestamp_ms" : 1536372781020,
  "time" : "Fri Sep  7 19:13:01 2018",
  "jobs" : [
    {
      "jobname" : "wdpc",
      "groupid" : 0,
      "error" : 0,
      "eta" : 0,
      "elapsed" : 61,
      "job options" : {
        "ioengine" : "libaio",
        "group_reporting" : "1",
        "direct" : "1",
        "rw" : "randrw",
        "bs" : "64KB",
        "numjobs" : "2",
        "iodepth" : "16",
        "size" : "75%",
        "name" : "wdpc",
        "random_distribution" : "random",
        "random_generator" : "tausworthe",
        "allrandrepeat" : "1",
        "randseed" : "101",
        "rwmixread" : "0",
        "time_based" : "1",
        "runtime" : "60s",
        "filename" : "/dev/sda"
      },
      "read" : {
        "io_bytes" : 0,
        "io_kbytes" : 0,
        "bw_bytes" : 0,
        "bw" : 0,
        "iops" : 0.000000,
        "runtime" : 0,
        "total_ios" : 0,
        "short_ios" : 0,
        "drop_ios" : 0,
        "slat_ns" : {
          "min" : 0,
          "max" : 0,
          "mean" : 0.000000,
          "stddev" : 0.000000
        },
        "clat_ns" : {
          "min" : 0,
          "max" : 0,
          "mean" : 0.000000,
          "stddev" : 0.000000,
          "percentile" : {
            "1.000000" : 0,
            "5.000000" : 0,
            "10.000000" : 0,
            "20.000000" : 0,
            "30.000000" : 0,
            "40.000000" : 0,
            "50.000000" : 0,
            "60.000000" : 0,
            "70.000000" : 0,
            "80.000000" : 0,
            "90.000000" : 0,
            "95.000000" : 0,
            "99.000000" : 0,
            "99.500000" : 0,
            "99.900000" : 0,
            "99.950000" : 0,
            "99.990000" : 0
          },
          "bins" : {

          }
        },
        "lat_ns" : {
          "min" : 0,
          "max" : 0,
          "mean" : 0.000000,
          "stddev" : 0.000000
        },
        "bw_min" : 0,
        "bw_max" : 0,
        "bw_agg" : 0.000000,
        "bw_mean" : 0.000000,
        "bw_dev" : 0.000000,
        "bw_samples" : 0,
        "iops_min" : 0,
        "iops_max" : 0,
        "iops_mean" : 0.000000,
        "iops_stddev" : 0.000000,
        "iops_samples" : 0
      },
      "write" : {
        "io_bytes" : 13238468608,
        "io_kbytes" : 12928192,
        "bw_bytes" : 220608052,
        "bw" : 215437,
        "iops" : 3366.211735,
        "runtime" : 60009,
        "total_ios" : 202003,
        "short_ios" : 0,
        "drop_ios" : 0,
        "slat_ns" : {
          "min" : 5682,
          "max" : 1046450,
          "mean" : 16439.831503,
          "stddev" : 22073.914526
        },
        "clat_ns" : {
          "min" : 471974,
          "max" : 45133143,
          "mean" : 9484338.154206,
          "stddev" : 2216359.483310,
          "percentile" : {
            "1.000000" : 7438336,
            "5.000000" : 7831552,
            "10.000000" : 8093696,
            "20.000000" : 8355840,
            "30.000000" : 8585216,
            "40.000000" : 8847360,
            "50.000000" : 9240576,
            "60.000000" : 9502720,
            "70.000000" : 9764864,
            "80.000000" : 10027008,
            "90.000000" : 10420224,
            "95.000000" : 11206656,
            "99.000000" : 21889024,
            "99.500000" : 23724032,
            "99.900000" : 26083328,
            "99.950000" : 28966912,
            "99.990000" : 40108032
          },
          "bins" : {
            "473088" : 1,
            "659456" : 1,
            "856064" : 1,
            "1744896" : 2,
            "2113536" : 1,
            "2310144" : 1,
            "2506752" : 1,
            "2637824" : 1,
            "2801664" : 1,
            "2965504" : 1,
            "3162112" : 1,
            "3325952" : 1,
            "3489792" : 1,
            "3653632" : 1,
            "3850240" : 1,
            "4227072" : 1,
            "5603328" : 2,
            "5668864" : 4,
            "5734400" : 3,
            "5799936" : 14,
            "5865472" : 8,
            "5931008" : 25,
            "5996544" : 50,
            "6062080" : 61,
            "6127616" : 46,
            "6193152" : 41,
            "6258688" : 30,
            "6324224" : 26,
            "6389760" : 38,
            "6455296" : 29,
            "6520832" : 51,
            "6586368" : 40,
            "6651904" : 51,
            "6717440" : 76,
            "6782976" : 80,
            "6848512" : 89,
            "6914048" : 89,
            "6979584" : 80,
            "7045120" : 104,
            "7110656" : 87,
            "7176192" : 105,
            "7241728" : 138,
            "7307264" : 205,
            "7372800" : 356,
            "7438336" : 388,
            "7503872" : 531,
            "7569408" : 800,
            "7634944" : 1142,
            "7700480" : 1259,
            "7766016" : 1797,
            "7831552" : 2320,
            "7897088" : 2455,
            "7962624" : 3109,
            "8028160" : 3826,
            "8093696" : 4715,
            "8159232" : 5175,
            "8224768" : 4980,
            "8290304" : 5424,
            "8355840" : 5321,
            "8454144" : 10620,
            "8585216" : 9870,
            "8716288" : 9452,
            "8847360" : 8463,
            "8978432" : 8643,
            "9109504" : 8265,
            "9240576" : 9081,
            "9371648" : 9665,
            "9502720" : 10531,
            "9633792" : 10833,
            "9764864" : 10279,
            "9895936" : 10180,
            "10027008" : 7969,
            "10158080" : 6138,
            "10289152" : 4586,
            "10420224" : 3092,
            "10551296" : 2562,
            "10682368" : 1933,
            "10813440" : 1446,
            "10944512" : 1375,
            "11075584" : 1273,
            "11206656" : 1196,
            "11337728" : 1075,
            "11468800" : 709,
            "11599872" : 604,
            "11730944" : 342,
            "11862016" : 275,
            "11993088" : 223,
            "12124160" : 184,
            "12255232" : 106,
            "12386304" : 79,
            "12517376" : 59,
            "12648448" : 38,
            "12779520" : 63,
            "12910592" : 31,
            "13041664" : 34,
            "13172736" : 24,
            "13303808" : 31,
            "13434880" : 30,
            "13565952" : 15,
            "13697024" : 24,
            "13828096" : 13,
            "13959168" : 13,
            "14090240" : 20,
            "14221312" : 12,
            "14352384" : 15,
            "14483456" : 9,
            "14614528" : 15,
            "14745600" : 14,
            "14876672" : 7,
            "15007744" : 6,
            "15138816" : 16,
            "15269888" : 6,
            "15400960" : 6,
            "15532032" : 15,
            "15663104" : 4,
            "15794176" : 6,
            "15925248" : 9,
            "16056320" : 15,
            "16187392" : 18,
            "16318464" : 15,
            "16449536" : 12,
            "16580608" : 15,
            "16711680" : 16,
            "16908288" : 72,
            "17170432" : 65,
            "17432576" : 107,
            "17694720" : 71,
            "17956864" : 92,
            "18219008" : 101,
            "18481152" : 137,
            "18743296" : 153,
            "19005440" : 218,
            "19267584" : 199,
            "19529728" : 224,
            "19791872" : 198,
            "20054016" : 197,
            "20316160" : 251,
            "20578304" : 194,
            "20840448" : 177,
            "21102592" : 166,
            "21364736" : 157,
            "21626880" : 173,
            "21889024" : 179,
            "22151168" : 211,
            "22413312" : 186,
            "22675456" : 149,
            "22937600" : 186,
            "23199744" : 110,
            "23461888" : 138,
            "23724032" : 150,
            "23986176" : 144,
            "24248320" : 167,
            "24510464" : 99,