{
  "fio version" : "fio-3.8",
  "timestamp" : 1534556540,
  "timestamp_ms" : 1534556540761,
  "time" : "Sat Aug 18 01:42:20 2018",
  "global options" : {
    "offset" : "18098421760"
  },
  "jobs" : [
    {
      "jobname" : "wdpc",
      "groupid" : 0,
      "error" : 0,
      "eta" : 0,
      "elapsed" : 61,
      "job options" : {
        "ioengine" : "libaio",
        "group_reporting" : "1",
        "direct" : "1",
        "rw" : "readwrite",
        "bs" : "128KB",
        "numjobs" : "1",
        "iodepth" : "32",
        "size" : "75%",
        "name" : "wdpc",
        "rwmixread" : "0",
        "time_based" : "1",
        "runtime" : "60s",
        "filename" : "/dev/sda"
      },
      "read" : {
        "io_bytes" : 0,
        "io_kbytes" : 0,
        "bw_bytes" : 0,
        "bw" : 0,
        "iops" : 0.000000,
        "runtime" : 0,
        "total_ios" : 0,
        "short_ios" : 0,
        "drop_ios" : 0,
        "slat_ns" : {
          "min" : 0,
          "max" : 0,
          "mean" : 0.000000,
          "stddev" : 0.000000
        },
        "clat_ns" : {
          "min" : 0,
          "max" : 0,
          "mean" : 0.000000,
          "stddev" : 0.000000,
          "percentile" : {
            "1.000000" : 0,
            "5.000000" : 0,
            "10.000000" : 0,
            "20.000000" : 0,
            "30.000000" : 0,
            "40.000000" : 0,
            "50.000000" : 0,
            "60.000000" : 0,
            "70.000000" : 0,
            "80.000000" : 0,
            "90.000000" : 0,
            "95.000000" : 0,
            "99.000000" : 0,
            "99.500000" : 0,
            "99.900000" : 0,
            "99.950000" : 0,
            "99.990000" : 0
          },
          "bins" : {

          }
        },
        "lat_ns" : {
          "min" : 0,
          "max" : 0,
          "mean" : 0.000000,
          "stddev" : 0.000000
        },
        "bw_min" : 0,
        "bw_max" : 0,
        "bw_agg" : 0.000000,
        "bw_mean" : 0.000000,
        "bw_dev" : 0.000000,
        "bw_samples" : 0,
        "iops_min" : 0,
        "iops_max" : 0,
        "iops_mean" : 0.000000,
        "iops_stddev" : 0.000000,
        "iops_samples" : 0
      },
      "write" : {
        "io_bytes" : 18082955264,
        "io_kbytes" : 17659136,
        "bw_bytes" : 301322323,
        "bw" : 294260,
        "iops" : 2298.906885,
        "runtime" : 60012,
        "total_ios" : 137962,
        "short_ios" : 0,
        "drop_ios" : 0,
        "slat_ns" : {
          "min" : 33541,
          "max" : 15424792,
          "mean" : 170356.488055,
          "stddev" : 140935.940720
        },
        "clat_ns" : {
          "min" : 4926833,
          "max" : 32356041,
          "mean" : 13726477.442463,
          "stddev" : 2098283.092747,
          "percentile" : {
            "1.000000" : 10682368,
            "5.000000" : 12124160,
            "10.000000" : 12386304,
            "20.000000" : 12648448,
            "30.000000" : 12910592,
            "40.000000" : 13041664,
            "50.000000" : 13303808,
            "60.000000" : 13565952,
            "70.000000" : 13959168,
            "80.000000" : 14352384,
            "90.000000" : 15007744,
            "95.000000" : 16187392,
            "99.000000" : 26607616,
            "99.500000" : 27656192,
            "99.900000" : 28966912,
            "99.950000" : 29491200,
            "99.990000" : 30539776
          },
          "bins" : {
            "4947968" : 2,
            "5013504" : 3,
            "5079040" : 6,
            "5210112" : 4,
            "5341184" : 2,
            "5406720" : 5,
            "5472256" : 12,
            "5537792" : 7,
            "5603328" : 9,
            "5734400" : 2,
            "5799936" : 1,
            "5865472" : 3,
            "5931008" : 2,
            "5996544" : 3,
            "6062080" : 1,
            "6127616" : 2,
            "6193152" : 4,
            "6258688" : 6,
            "6324224" : 5,
            "6389760" : 3,
            "6455296" : 5,
            "6520832" : 1,
            "6586368" : 6,
            "6651904" : 12,
            "6717440" : 6,
            "6782976" : 8,
            "6848512" : 19,
            "6914048" : 10,
            "6979584" : 15,
            "7045120" : 11,
            "7110656" : 9,
            "7176192" : 8,
            "7241728" : 7,
            "7307264" : 12,
            "7372800" : 9,
            "7438336" : 7,
            "7503872" : 8,
            "7569408" : 4,
            "7634944" : 9,
            "7700480" : 2,
            "7766016" : 2,
            "7831552" : 6,
            "7897088" : 1,
            "7962624" : 4,
            "8028160" : 3,
            "8093696" : 7,
            "8159232" : 9,
            "8224768" : 14,
            "8290304" : 10,
            "8355840" : 17,
            "8454144" : 29,
            "8585216" : 35,
            "8716288" : 37,
            "8847360" : 29,
            "8978432" : 30,
            "9109504" : 29,
            "9240576" : 32,
            "9371648" : 30,
            "9502720" : 51,
            "9633792" : 42,
            "9764864" : 87,
            "9895936" : 61,
            "10027008" : 58,
            "10158080" : 81,
            "10289152" : 93,
            "10420224" : 130,
            "10551296" : 125,
            "10682368" : 117,
            "10813440" : 143,
            "10944512" : 130,
            "11075584" : 167,
            "11206656" : 180,
            "11337728" : 220,
            "11468800" : 261,
            "11599872" : 408,
            "11730944" : 564,
            "11862016" : 819,
            "11993088" : 1327,
            "12124160" : 1799,
            "12255232" : 2838,
            "12386304" : 4216,
            "12517376" : 5997,
            "12648448" : 7586,
            "12779520" : 8871,
            "12910592" : 9595,
            "13041664" : 9131,
            "13172736" : 8353,
            "13303808" : 7488,
            "13434880" : 6916,
            "13565952" : 6207,
            "13697024" : 5940,
            "13828096" : 5459,
            "13959168" : 5071,
            "14090240" : 4508,
            "14221312" : 3975,
            "14352384" : 3622,
            "14483456" : 2944,
            "14614528" : 2831,
            "14745600" : 2062,
            "14876672" : 1724,
            "15007744" : 1480,
            "15138816" : 1161,
            "15269888" : 874,
            "15400960" : 794,
            "15532032" : 768,
            "15663104" : 651,
            "15794176" : 741,
            "15925248" : 742,
            "16056320" : 804,
            "16187392" : 744,
            "16318464" : 712,
            "16449536" : 647,
            "16580608" : 529,
            "16711680" : 423,
            "16908288" : 541,
            "17170432" : 316,
            "17432576" : 189,
            "17694720" : 114,
            "17956864" : 93,
            "18219008" : 57,
            "18481152" : 54,
            "18743296" : 65,
            "19005440" : 86,
            "19267584" : 52,
            "19529728" : 36,
            "19791872" : 28,
            "20054016" : 39,
            "20316160" : 47,
            "20578304" : 26,
            "20840448" : 14,
            "21102592" : 20,
            "21364736" : 14,
            "21626880" : 14,
            "21889024" : 1,
            "22151168" : 5,
            "22413312" : 2,
            "22675456" : 7,
            "22937600" : 5,
            "23199744" : 8,
            "23461888" : 4,
            "23724032" : 9,
            "23986176" : 5,
            "24248320" : 2,
            "24510464" : 4,
            "24772608" : 15,
            "25034752" : 24,
            "25296896" : 61,
            "25559040" : 163,
            "25821184" : 225,
            "26083328" : 198,
            "26345472" : 191,
            "26607616" : 228,
            "26869760" : 178,
            "27131904" : 161,
            "27394048" : 113,
            "27656192" : 156,
            "27918336" : 120,