{
  "fio version" : "fio-3.8",
  "timestamp" : 1536956107,
  "timestamp_ms" : 1536956107295,
  "time" : "Fri Sep 14 20:15:07 2018",
  "global options" : {
    "offset" : "34724610048"
  },
  "jobs" : [
    {
      "jobname" : "wdpc",
      "groupid" : 0,
      "error" : 0,
      "eta" : 0,
      "elapsed" : 61,
      "job options" : {
        "ioengine" : "libaio",
        "group_reporting" : "1",
        "direct" : "1",
        "rw" : "readwrite",
        "bs" : "32KB",
        "numjobs" : "1",
        "iodepth" : "32",
        "size" : "75%",
        "name" : "wdpc",
        "rwmixread" : "0",
        "time_based" : "1",
        "runtime" : "60s",
        "filename" : "/dev/sda"
      },
      "read" : {
        "io_bytes" : 0,
        "io_kbytes" : 0,
        "bw_bytes" : 0,
        "bw" : 0,
        "iops" : 0.000000,
        "runtime" : 0,
        "total_ios" : 0,
        "short_ios" : 0,
        "drop_ios" : 0,
        "slat_ns" : {
          "min" : 0,
          "max" : 0,
          "mean" : 0.000000,
          "stddev" : 0.000000
        },
        "clat_ns" : {
          "min" : 0,
          "max" : 0,
          "mean" : 0.000000,
          "stddev" : 0.000000,
          "percentile" : {
            "1.000000" : 0,
            "5.000000" : 0,
            "10.000000" : 0,
            "20.000000" : 0,
            "30.000000" : 0,
            "40.000000" : 0,
            "50.000000" : 0,
            "60.000000" : 0,
            "70.000000" : 0,
            "80.000000" : 0,
            "90.000000" : 0,
            "95.000000" : 0,
            "99.000000" : 0,
            "99.500000" : 0,
            "99.900000" : 0,
            "99.950000" : 0,
            "99.990000" : 0
          },
          "bins" : {

          }
        },
        "lat_ns" : {
          "min" : 0,
          "max" : 0,
          "mean" : 0.000000,
          "stddev" : 0.000000
        },
        "bw_min" : 0,
        "bw_max" : 0,
        "bw_agg" : 0.000000,
        "bw_mean" : 0.000000,
        "bw_dev" : 0.000000,
        "bw_samples" : 0,
        "iops_min" : 0,
        "iops_max" : 0,
        "iops_mean" : 0.000000,
        "iops_stddev" : 0.000000,
        "iops_samples" : 0
      },
      "write" : {
        "io_bytes" : 17386864640,
        "io_kbytes" : 16979360,
        "bw_bytes" : 289761759,
        "bw" : 282970,
        "iops" : 8842.827145,
        "runtime" : 60004,
        "total_ios" : 530605,
        "short_ios" : 0,
        "drop_ios" : 0,
        "slat_ns" : {
          "min" : 8458,
          "max" : 16115167,
          "mean" : 18417.977094,
          "stddev" : 30637.699491
        },
        "clat_ns" : {
          "min" : 1304041,
          "max" : 19576375,
          "mean" : 3596334.830239,
          "stddev" : 1083810.197371,
          "percentile" : {
            "1.000000" : 2801664,
            "5.000000" : 2867200,
            "10.000000" : 2899968,
            "20.000000" : 3063808,
            "30.000000" : 3162112,
            "40.000000" : 3260416,
            "50.000000" : 3358720,
            "60.000000" : 3522560,
            "70.000000" : 3751936,
            "80.000000" : 4014080,
            "90.000000" : 4489216,
            "95.000000" : 4816896,
            "99.000000" : 5472256,
            "99.500000" : 6324224,
            "99.900000" : 17956864,
            "99.950000" : 18219008,
            "99.990000" : 18743296
          },
          "bins" : {
            "1302528" : 1,
            "1318912" : 6,
            "1335296" : 17,
            "1351680" : 56,
            "1368064" : 102,
            "1384448" : 82,
            "1400832" : 68,
            "1417216" : 102,
            "1433600" : 63,
            "1449984" : 33,
            "1466368" : 46,
            "1482752" : 40,
            "1499136" : 47,
            "1515520" : 27,
            "1531904" : 15,
            "1548288" : 19,
            "1564672" : 14,
            "1581056" : 8,
            "1597440" : 16,
            "1613824" : 20,
            "1630208" : 17,
            "1646592" : 23,
            "1662976" : 30,
            "1679360" : 23,
            "1695744" : 28,
            "1712128" : 31,
            "1728512" : 20,
            "1744896" : 32,
            "1761280" : 32,
            "1777664" : 27,
            "1794048" : 16,
            "1810432" : 16,
            "1826816" : 22,
            "1843200" : 15,
            "1859584" : 19,
            "1875968" : 29,
            "1892352" : 18,
            "1908736" : 22,
            "1925120" : 29,
            "1941504" : 30,
            "1957888" : 22,
            "1974272" : 19,
            "1990656" : 16,
            "2007040" : 22,
            "2023424" : 10,
            "2039808" : 27,
            "2056192" : 31,
            "2072576" : 31,
            "2088960" : 26,
            "2113536" : 61,
            "2146304" : 76,
            "2179072" : 62,
            "2211840" : 78,
            "2244608" : 61,
            "2277376" : 78,
            "2310144" : 92,
            "2342912" : 90,
            "2375680" : 87,
            "2408448" : 94,
            "2441216" : 86,
            "2473984" : 83,
            "2506752" : 104,
            "2539520" : 119,
            "2572288" : 131,
            "2605056" : 139,
            "2637824" : 176,
            "2670592" : 278,
            "2703360" : 358,
            "2736128" : 449,
            "2768896" : 681,
            "2801664" : 2634,
            "2834432" : 2975,
            "2867200" : 33794,
            "2899968" : 40942,
            "2932736" : 5682,
            "2965504" : 4741,
            "2998272" : 3878,
            "3031040" : 5927,
            "3063808" : 9464,
            "3096576" : 14265,
            "3129344" : 17983,
            "3162112" : 19867,
            "3194880" : 21114,
            "3227648" : 19805,
            "3260416" : 16480,
            "3293184" : 15042,
            "3325952" : 14064,
            "3358720" : 12882,
            "3391488" : 12241,
            "3424256" : 10761,
            "3457024" : 10024,
            "3489792" : 9639,
            "3522560" : 9447,
            "3555328" : 9022,
            "3588096" : 8714,
            "3620864" : 7447,
            "3653632" : 7467,
            "3686400" : 7232,
            "3719168" : 7062,
            "3751936" : 7158,
            "3784704" : 7288,
            "3817472" : 7477,
            "3850240" : 7972,
            "3883008" : 8008,
            "3915776" : 7336,
            "3948544" : 6819,
            "3981312" : 6511,
            "4014080" : 5934,
            "4046848" : 5654,
            "4079616" : 4903,
            "4112384" : 4560,
            "4145152" : 4569,
            "4177920" : 4243,
            "4227072" : 7164,
            "4292608" : 5782,
            "4358144" : 5132,
            "4423680" : 5203,
            "4489216" : 5137,
            "4554752" : 4518,
            "4620288" : 4831,
            "4685824" : 4551,
            "4751360" : 4917,
            "4816896" : 4095,
            "4882432" : 3392,
            "4947968" : 2994,
            "5013504" : 3024,
            "5079040" : 2999,
            "5144576" : 2378,
            "5210112" : 1811,
            "5275648" : 1315,
            "5341184" : 1081,
            "5406720" : 840,
            "5472256" : 737,
            "5537792" : 604,
            "5603328" : 562,
            "5668864" : 340,
            "5734400" : 182,
            "5799936" : 136,
            "5865472" : 103,
            "5931008" : 79,
            "5996544" : 41,
            "6062080" : 37,
            "6127616" : 26,
            "6193152" : 33,
            "6258688" : 27,
            "6324224" : 21,
            "6389760" : 24,
            "6455296" : 48,
            "6520832" : 23,
            "6586368" : 21,
            "6651904" : 20,
            "6717440" : 20,
            "6782976" : 15,
            "6848512" : 19,
            "6914048" : 15,
            "6979584" : 14,
            "7045120" : 9,