{
  "fio version" : "fio-3.8",
  "timestamp" : 1536954526,
  "timestamp_ms" : 1536954526026,
  "time" : "Fri Sep 14 19:48:46 2018",
  "global options" : {
    "offset" : "0"
  },
  "jobs" : [
    {
      "jobname" : "wdpc",
      "groupid" : 0,
      "error" : 0,
      "eta" : 0,
      "elapsed" : 61,
      "job options" : {
        "ioengine" : "libaio",
        "group_reporting" : "1",
        "direct" : "1",
        "rw" : "readwrite",
        "bs" : "8KB",
        "numjobs" : "1",
        "iodepth" : "32",
        "size" : "75%",
        "name" : "wdpc",
        "rwmixread" : "0",
        "time_based" : "1",
        "runtime" : "60s",
        "filename" : "/dev/sda"
      },
      "read" : {
        "io_bytes" : 0,
        "io_kbytes" : 0,
        "bw_bytes" : 0,
        "bw" : 0,
        "iops" : 0.000000,
        "runtime" : 0,
        "total_ios" : 0,
        "short_ios" : 0,
        "drop_ios" : 0,
        "slat_ns" : {
          "min" : 0,
          "max" : 0,
          "mean" : 0.000000,
          "stddev" : 0.000000
        },
        "clat_ns" : {
          "min" : 0,
          "max" : 0,
          "mean" : 0.000000,
          "stddev" : 0.000000,
          "percentile" : {
            "1.000000" : 0,
            "5.000000" : 0,
            "10.000000" : 0,
            "20.000000" : 0,
            "30.000000" : 0,
            "40.000000" : 0,
            "50.000000" : 0,
            "60.000000" : 0,
            "70.000000" : 0,
            "80.000000" : 0,
            "90.000000" : 0,
            "95.000000" : 0,
            "99.000000" : 0,
            "99.500000" : 0,
            "99.900000" : 0,
            "99.950000" : 0,
            "99.990000" : 0
          },
          "bins" : {

          }
        },
        "lat_ns" : {
          "min" : 0,
          "max" : 0,
          "mean" : 0.000000,
          "stddev" : 0.000000
        },
        "bw_min" : 0,
        "bw_max" : 0,
        "bw_agg" : 0.000000,
        "bw_mean" : 0.000000,
        "bw_dev" : 0.000000,
        "bw_samples" : 0,
        "iops_min" : 0,
        "iops_max" : 0,
        "iops_mean" : 0.000000,
        "iops_stddev" : 0.000000,
        "iops_samples" : 0
      },
      "write" : {
        "io_bytes" : 15006318592,
        "io_kbytes" : 14654608,
        "bw_bytes" : 250101141,
        "bw" : 244239,
        "iops" : 30529.924501,
        "runtime" : 60001,
        "total_ios" : 1831826,
        "short_ios" : 0,
        "drop_ios" : 0,
        "slat_ns" : {
          "min" : 5541,
          "max" : 5455042,
          "mean" : 13314.176037,
          "stddev" : 12298.728742
        },
        "clat_ns" : {
          "min" : 631167,
          "max" : 29295000,
          "mean" : 1031347.258191,
          "stddev" : 494399.631957,
          "percentile" : {
            "1.000000" : 856064,
            "5.000000" : 888832,
            "10.000000" : 913408,
            "20.000000" : 929792,
            "30.000000" : 946176,
            "40.000000" : 954368,
            "50.000000" : 970752,
            "60.000000" : 978944,
            "70.000000" : 995328,
            "80.000000" : 1011712,
            "90.000000" : 1073152,
            "95.000000" : 1335296,
            "99.000000" : 2375680,
            "99.500000" : 2572288,
            "99.900000" : 13697024,
            "99.950000" : 14221312,
            "99.990000" : 14614528
          },
          "bins" : {
            "634880" : 1,
            "659456" : 1,
            "675840" : 1,
            "708608" : 2,
            "716800" : 1,
            "724992" : 6,
            "733184" : 3,
            "741376" : 5,
            "749568" : 9,
            "757760" : 12,
            "765952" : 14,
            "774144" : 48,
            "782336" : 75,
            "790528" : 148,
            "798720" : 227,
            "806912" : 457,
            "815104" : 769,
            "823296" : 1281,
            "831488" : 2063,
            "839680" : 3012,
            "847872" : 5045,
            "856064" : 7385,
            "864256" : 10641,
            "872448" : 16150,
            "880640" : 22695,
            "888832" : 29472,
            "897024" : 36539,
            "905216" : 45875,
            "913408" : 56199,
            "921600" : 67378,
            "929792" : 82597,
            "937984" : 100962,
            "946176" : 122941,
            "954368" : 132536,
            "962560" : 139180,
            "970752" : 136754,
            "978944" : 128485,
            "987136" : 113475,
            "995328" : 93173,
            "1003520" : 73537,
            "1011712" : 56598,
            "1019904" : 42754,
            "1028096" : 31860,
            "1036288" : 25317,
            "1044480" : 18835,
            "1056768" : 27108,
            "1073152" : 19584,
            "1089536" : 15613,
            "1105920" : 12831,
            "1122304" : 10607,
            "1138688" : 8631,
            "1155072" : 6923,
            "1171456" : 5591,
            "1187840" : 4706,
            "1204224" : 4160,
            "1220608" : 3439,
            "1236992" : 2988,
            "1253376" : 2731,
            "1269760" : 2467,
            "1286144" : 2372,
            "1302528" : 2214,
            "1318912" : 2152,
            "1335296" : 1977,
            "1351680" : 1668,
            "1368064" : 1345,
            "1384448" : 1273,
            "1400832" : 1319,
            "1417216" : 1354,
            "1433600" : 1444,
            "1449984" : 1466,
            "1466368" : 1557,
            "1482752" : 1592,
            "1499136" : 1631,
            "1515520" : 1772,
            "1531904" : 1815,
            "1548288" : 1783,
            "1564672" : 1808,
            "1581056" : 1761,
            "1597440" : 1745,
            "1613824" : 1803,
            "1630208" : 1860,
            "1646592" : 1924,
            "1662976" : 1808,
            "1679360" : 1767,
            "1695744" : 1914,
            "1712128" : 1949,
            "1728512" : 1925,
            "1744896" : 1943,
            "1761280" : 2107,
            "1777664" : 2145,
            "1794048" : 2152,
            "1810432" : 2002,
            "1826816" : 1975,
            "1843200" : 1921,
            "1859584" : 1766,
            "1875968" : 1743,
            "1892352" : 1720,
            "1908736" : 1532,
            "1925120" : 1370,
            "1941504" : 1206,
            "1957888" : 1142,
            "1974272" : 979,
            "1990656" : 747,
            "2007040" : 720,
            "2023424" : 753,
            "2039808" : 688,
            "2056192" : 492,
            "2072576" : 383,
            "2088960" : 290,
            "2113536" : 357,
            "2146304" : 190,
            "2179072" : 186,
            "2211840" : 153,
            "2244608" : 189,
            "2277376" : 228,
            "2310144" : 403,
            "2342912" : 599,
            "2375680" : 778,
            "2408448" : 949,
            "2441216" : 1362,
            "2473984" : 1657,
            "2506752" : 1654,
            "2539520" : 1771,
            "2572288" : 1724,
            "2605056" : 1533,
            "2637824" : 1079,
            "2670592" : 740,
            "2703360" : 544,
            "2736128" : 433,
            "2768896" : 376,
            "2801664" : 283,
            "2834432" : 282,
            "2867200" : 179,
            "2899968" : 138,
            "2932736" : 74,
            "2965504" : 68,
            "2998272" : 19,
            "3031040" : 34,
            "3063808" : 13,
            "3096576" : 22,
            "3129344" : 6,
            "3162112" : 1,
            "3194880" : 1,
            "3260416" : 28,
            "3293184" : 3,
            "3325952" : 20,
            "3358720" : 9,
            "3391488" : 1,
            "3424256" : 20,
            "3457024" : 15,
            "3489792" : 27,
            "3522560" : 33,
            "3555328" : 57,
            "3588096" : 83,
            "3620864" : 74,
            "3653632" : 60,