{
  "fio version" : "fio-3.8",
  "timestamp" : 1537116021,
  "timestamp_ms" : 1537116021743,
  "time" : "Sun Sep 16 09:40:21 2018",
  "global options" : {
    "offset" : "79147204608"
  },
  "jobs" : [
    {
      "jobname" : "wdpc",
      "groupid" : 0,
      "error" : 0,
      "eta" : 0,
      "elapsed" : 61,
      "job options" : {
        "ioengine" : "libaio",
        "group_reporting" : "1",
        "direct" : "1",
        "rw" : "readwrite",
        "bs" : "8KB",
        "numjobs" : "1",
        "iodepth" : "32",
        "size" : "75%",
        "name" : "wdpc",
        "rwmixread" : "0",
        "time_based" : "1",
        "runtime" : "60s",
        "filename" : "/dev/sda"
      },
      "read" : {
        "io_bytes" : 0,
        "io_kbytes" : 0,
        "bw_bytes" : 0,
        "bw" : 0,
        "iops" : 0.000000,
        "runtime" : 0,
        "total_ios" : 0,
        "short_ios" : 0,
        "drop_ios" : 0,
        "slat_ns" : {
          "min" : 0,
          "max" : 0,
          "mean" : 0.000000,
          "stddev" : 0.000000
        },
        "clat_ns" : {
          "min" : 0,
          "max" : 0,
          "mean" : 0.000000,
          "stddev" : 0.000000,
          "percentile" : {
            "1.000000" : 0,
            "5.000000" : 0,
            "10.000000" : 0,
            "20.000000" : 0,
            "30.000000" : 0,
            "40.000000" : 0,
            "50.000000" : 0,
            "60.000000" : 0,
            "70.000000" : 0,
            "80.000000" : 0,
            "90.000000" : 0,
            "95.000000" : 0,
            "99.000000" : 0,
            "99.500000" : 0,
            "99.900000" : 0,
            "99.950000" : 0,
            "99.990000" : 0
          },
          "bins" : {

          }
        },
        "lat_ns" : {
          "min" : 0,
          "max" : 0,
          "mean" : 0.000000,
          "stddev" : 0.000000
        },
        "bw_min" : 0,
        "bw_max" : 0,
        "bw_agg" : 0.000000,
        "bw_mean" : 0.000000,
        "bw_dev" : 0.000000,
        "bw_samples" : 0,
        "iops_min" : 0,
        "iops_max" : 0,
        "iops_mean" : 0.000000,
        "iops_stddev" : 0.000000,
        "iops_samples" : 0
      },
      "write" : {
        "io_bytes" : 13750198272,
        "io_kbytes" : 13427928,
        "bw_bytes" : 229162332,
        "bw" : 223791,
        "iops" : 27973.917536,
        "runtime" : 60002,
        "total_ios" : 1678491,
        "short_ios" : 0,
        "drop_ios" : 0,
        "slat_ns" : {
          "min" : 2172,
          "max" : 113571,
          "mean" : 3548.632294,
          "stddev" : 981.223665
        },
        "clat_ns" : {
          "min" : 316783,
          "max" : 14502589,
          "mean" : 1139135.133294,
          "stddev" : 445829.173659,
          "percentile" : {
            "1.000000" : 1036288,
            "5.000000" : 1044480,
            "10.000000" : 1073152,
            "20.000000" : 1073152,
            "30.000000" : 1073152,
            "40.000000" : 1073152,
            "50.000000" : 1089536,
            "60.000000" : 1105920,
            "70.000000" : 1122304,
            "80.000000" : 1122304,
            "90.000000" : 1122304,
            "95.000000" : 1187840,
            "99.000000" : 1974272,
            "99.500000" : 2572288,
            "99.900000" : 13434880,
            "99.950000" : 13828096,
            "99.990000" : 14090240
          },
          "bins" : {
            "317440" : 1,
            "444416" : 2,
            "452608" : 1,
            "460800" : 1,
            "468992" : 1,
            "473088" : 1,
            "477184" : 3,
            "481280" : 3,
            "485376" : 2,
            "489472" : 2,
            "493568" : 3,
            "497664" : 3,
            "505856" : 1,
            "509952" : 3,
            "514048" : 7,
            "518144" : 6,
            "522240" : 5,
            "528384" : 7,
            "536576" : 11,
            "544768" : 16,
            "552960" : 14,
            "561152" : 12,
            "569344" : 11,
            "577536" : 14,
            "585728" : 10,
            "593920" : 6,
            "602112" : 4,
            "610304" : 10,
            "618496" : 9,
            "626688" : 12,
            "634880" : 7,
            "643072" : 12,
            "651264" : 8,
            "659456" : 8,
            "667648" : 19,
            "675840" : 17,
            "684032" : 13,
            "692224" : 9,
            "700416" : 16,
            "708608" : 28,
            "716800" : 58,
            "724992" : 87,
            "733184" : 76,
            "741376" : 57,
            "749568" : 54,
            "757760" : 32,
            "765952" : 46,
            "774144" : 27,
            "782336" : 28,
            "790528" : 21,
            "798720" : 37,
            "806912" : 26,
            "815104" : 33,
            "823296" : 37,
            "831488" : 50,
            "839680" : 59,
            "847872" : 52,
            "856064" : 61,
            "864256" : 58,
            "872448" : 202,
            "880640" : 201,
            "888832" : 161,
            "897024" : 98,
            "905216" : 189,
            "913408" : 473,
            "921600" : 438,
            "929792" : 177,
            "937984" : 101,
            "946176" : 378,
            "954368" : 692,
            "962560" : 401,
            "970752" : 188,
            "978944" : 216,
            "987136" : 536,
            "995328" : 666,
            "1003520" : 683,
            "1011712" : 426,
            "1019904" : 408,
            "1028096" : 6922,
            "1036288" : 57219,
            "1044480" : 43862,
            "1056768" : 27865,
            "1073152" : 530964,
            "1089536" : 289815,
            "1105920" : 164220,
            "1122304" : 386773,
            "1138688" : 19839,
            "1155072" : 47800,
            "1171456" : 10461,
            "1187840" : 1968,
            "1204224" : 1896,
            "1220608" : 1335,
            "1236992" : 1216,
            "1253376" : 1221,
            "1269760" : 1223,
            "1286144" : 1197,
            "1302528" : 1345,
            "1318912" : 1163,
            "1335296" : 1166,
            "1351680" : 1050,
            "1368064" : 909,
            "1384448" : 868,
            "1400832" : 859,
            "1417216" : 849,
            "1433600" : 978,
            "1449984" : 1000,
            "1466368" : 1089,
            "1482752" : 1304,
            "1499136" : 1104,
            "1515520" : 1210,
            "1531904" : 1140,
            "1548288" : 1087,
            "1564672" : 1085,
            "1581056" : 1031,
            "1597440" : 1019,
            "1613824" : 1078,
            "1630208" : 1104,
            "1646592" : 1038,
            "1662976" : 1203,
            "1679360" : 1415,
            "1695744" : 1387,
            "1712128" : 1478,
            "1728512" : 1812,
            "1744896" : 1771,
            "1761280" : 1988,
            "1777664" : 2228,
            "1794048" : 2249,
            "1810432" : 2309,
            "1826816" : 2196,
            "1843200" : 2148,
            "1859584" : 2131,
            "1875968" : 1960,
            "1892352" : 1908,
            "1908736" : 1652,
            "1925120" : 1560,
            "1941504" : 1311,
            "1957888" : 1157,
            "1974272" : 1097,
            "1990656" : 765,
            "2007040" : 698,
            "2023424" : 536,
            "2039808" : 424,
            "2056192" : 368,
            "2072576" : 348,
            "2088960" : 258,
            "2113536" : 334,
            "2146304" : 147,
            "2179072" : 80,
            "2211840" : 24,
            "2244608" : 39,
            "2277376" : 48,
            "2310144" : 80,
            "2342912" : 86,
            "2375680" : 177,
            "2408448" : 379,
            "2441216" : 539,
            "2473984" : 654,
            "2506752" : 657,
            "2539520" : 888,
            "2572288" : 1144,