{
  "fio version" : "fio-3.8",
  "timestamp" : 1537115646,
  "timestamp_ms" : 1537115646087,
  "time" : "Sun Sep 16 09:34:06 2018",
  "global options" : {
    "offset" : "0"
  },
  "jobs" : [
    {
      "jobname" : "wdpc",
      "groupid" : 0,
      "error" : 0,
      "eta" : 0,
      "elapsed" : 61,
      "job options" : {
        "ioengine" : "libaio",
        "group_reporting" : "1",
        "direct" : "1",
        "rw" : "readwrite",
        "bs" : "8KB",
        "numjobs" : "1",
        "iodepth" : "32",
        "size" : "75%",
        "name" : "wdpc",
        "rwmixread" : "0",
        "time_based" : "1",
        "runtime" : "60s",
        "filename" : "/dev/sda"
      },
      "read" : {
        "io_bytes" : 0,
        "io_kbytes" : 0,
        "bw_bytes" : 0,
        "bw" : 0,
        "iops" : 0.000000,
        "runtime" : 0,
        "total_ios" : 0,
        "short_ios" : 0,
        "drop_ios" : 0,
        "slat_ns" : {
          "min" : 0,
          "max" : 0,
          "mean" : 0.000000,
          "stddev" : 0.000000
        },
        "clat_ns" : {
          "min" : 0,
          "max" : 0,
          "mean" : 0.000000,
          "stddev" : 0.000000,
          "percentile" : {
            "1.000000" : 0,
            "5.000000" : 0,
            "10.000000" : 0,
            "20.000000" : 0,
            "30.000000" : 0,
            "40.000000" : 0,
            "50.000000" : 0,
            "60.000000" : 0,
            "70.000000" : 0,
            "80.000000" : 0,
            "90.000000" : 0,
            "95.000000" : 0,
            "99.000000" : 0,
            "99.500000" : 0,
            "99.900000" : 0,
            "99.950000" : 0,
            "99.990000" : 0
          },
          "bins" : {

          }
        },
        "lat_ns" : {
          "min" : 0,
          "max" : 0,
          "mean" : 0.000000,
          "stddev" : 0.000000
        },
        "bw_min" : 0,
        "bw_max" : 0,
        "bw_agg" : 0.000000,
        "bw_mean" : 0.000000,
        "bw_dev" : 0.000000,
        "bw_samples" : 0,
        "iops_min" : 0,
        "iops_max" : 0,
        "iops_mean" : 0.000000,
        "iops_stddev" : 0.000000,
        "iops_samples" : 0
      },
      "write" : {
        "io_bytes" : 13769105408,
        "io_kbytes" : 13446392,
        "bw_bytes" : 229481265,
        "bw" : 224102,
        "iops" : 28012.849786,
        "runtime" : 60001,
        "total_ios" : 1680799,
        "short_ios" : 0,
        "drop_ios" : 0,
        "slat_ns" : {
          "min" : 2159,
          "max" : 81360,
          "mean" : 3508.492908,
          "stddev" : 983.126162
        },
        "clat_ns" : {
          "min" : 278613,
          "max" : 29099024,
          "mean" : 1137600.142940,
          "stddev" : 454149.146912,
          "percentile" : {
            "1.000000" : 1036288,
            "5.000000" : 1044480,
            "10.000000" : 1073152,
            "20.000000" : 1073152,
            "30.000000" : 1073152,
            "40.000000" : 1073152,
            "50.000000" : 1089536,
            "60.000000" : 1105920,
            "70.000000" : 1122304,
            "80.000000" : 1122304,
            "90.000000" : 1122304,
            "95.000000" : 1171456,
            "99.000000" : 1957888,
            "99.500000" : 2539520,
            "99.900000" : 13434880,
            "99.950000" : 13828096,
            "99.990000" : 14614528
          },
          "bins" : {
            "280576" : 1,
            "428032" : 1,
            "448512" : 1,
            "456704" : 1,
            "460800" : 1,
            "464896" : 3,
            "468992" : 2,
            "473088" : 3,
            "477184" : 5,
            "481280" : 1,
            "485376" : 5,
            "489472" : 1,
            "493568" : 1,
            "497664" : 2,
            "501760" : 4,
            "514048" : 8,
            "518144" : 3,
            "522240" : 6,
            "528384" : 10,
            "536576" : 14,
            "544768" : 7,
            "552960" : 16,
            "561152" : 14,
            "569344" : 12,
            "577536" : 4,
            "585728" : 5,
            "593920" : 9,
            "602112" : 11,
            "610304" : 18,
            "618496" : 3,
            "626688" : 9,
            "634880" : 11,
            "643072" : 13,
            "651264" : 10,
            "659456" : 12,
            "667648" : 10,
            "675840" : 8,
            "684032" : 20,
            "692224" : 18,
            "700416" : 36,
            "708608" : 25,
            "716800" : 46,
            "724992" : 56,
            "733184" : 76,
            "741376" : 73,
            "749568" : 53,
            "757760" : 84,
            "765952" : 43,
            "774144" : 35,
            "782336" : 17,
            "790528" : 22,
            "798720" : 19,
            "806912" : 15,
            "815104" : 23,
            "823296" : 21,
            "831488" : 57,
            "839680" : 54,
            "847872" : 62,
            "856064" : 47,
            "864256" : 79,
            "872448" : 203,
            "880640" : 218,
            "888832" : 188,
            "897024" : 107,
            "905216" : 186,
            "913408" : 572,
            "921600" : 497,
            "929792" : 209,
            "937984" : 113,
            "946176" : 389,
            "954368" : 689,
            "962560" : 472,
            "970752" : 208,
            "978944" : 205,
            "987136" : 505,
            "995328" : 733,
            "1003520" : 702,
            "1011712" : 429,
            "1019904" : 463,
            "1028096" : 5859,
            "1036288" : 57298,
            "1044480" : 44174,
            "1056768" : 26254,
            "1073152" : 538364,
            "1089536" : 289098,
            "1105920" : 161195,
            "1122304" : 395454,
            "1138688" : 14965,
            "1155072" : 48583,
            "1171456" : 7443,
            "1187840" : 1582,
            "1204224" : 1859,
            "1220608" : 1620,
            "1236992" : 1715,
            "1253376" : 1409,
            "1269760" : 1396,
            "1286144" : 1383,
            "1302528" : 1341,
            "1318912" : 1337,
            "1335296" : 1076,
            "1351680" : 1061,
            "1368064" : 846,
            "1384448" : 793,
            "1400832" : 889,
            "1417216" : 885,
            "1433600" : 1038,
            "1449984" : 1078,
            "1466368" : 1099,
            "1482752" : 1041,
            "1499136" : 1226,
            "1515520" : 1040,
            "1531904" : 976,
            "1548288" : 1032,
            "1564672" : 946,
            "1581056" : 1049,
            "1597440" : 1005,
            "1613824" : 1130,
            "1630208" : 1055,
            "1646592" : 1215,
            "1662976" : 1319,
            "1679360" : 1467,
            "1695744" : 1613,
            "1712128" : 1746,
            "1728512" : 1879,
            "1744896" : 2101,
            "1761280" : 2082,
            "1777664" : 2102,
            "1794048" : 2244,
            "1810432" : 2254,
            "1826816" : 2155,
            "1843200" : 2014,
            "1859584" : 1981,
            "1875968" : 1813,
            "1892352" : 1687,
            "1908736" : 1561,
            "1925120" : 1364,
            "1941504" : 1282,
            "1957888" : 1103,
            "1974272" : 852,
            "1990656" : 756,
            "2007040" : 637,
            "2023424" : 521,
            "2039808" : 397,
            "2056192" : 326,
            "2072576" : 189,
            "2088960" : 143,
            "2113536" : 212,
            "2146304" : 88,
            "2179072" : 35,
            "2211840" : 31,
            "2244608" : 10,
            "2277376" : 8,
            "2310144" : 61,
            "2342912" : 164,
            "2375680" : 237,
            "2408448" : 389,
            "2441216" : 401,
            "2473984" : 536,
            "2506752" : 769,
            "2539520" : 1025,
            "2572288" : 1155,