{
  "fio version" : "fio-3.8",
  "timestamp" : 1537065615,
  "timestamp_ms" : 1537065615182,
  "time" : "Sat Sep 15 19:40:15 2018",
  "jobs" : [
    {
      "jobname" : "wdpc",
      "groupid" : 0,
      "error" : 0,
      "eta" : 0,
      "elapsed" : 61,
      "job options" : {
        "ioengine" : "libaio",
        "group_reporting" : "1",
        "direct" : "1",
        "rw" : "randrw",
        "bs" : "8KB",
        "numjobs" : "2",
        "iodepth" : "16",
        "size" : "75%",
        "name" : "wdpc",
        "random_distribution" : "random",
        "random_generator" : "tausworthe",
        "allrandrepeat" : "1",
        "randseed" : "101",
        "rwmixread" : "0",
        "time_based" : "1",
        "runtime" : "60s",
        "filename" : "/dev/sda"
      },
      "read" : {
        "io_bytes" : 0,
        "io_kbytes" : 0,
        "bw_bytes" : 0,
        "bw" : 0,
        "iops" : 0.000000,
        "runtime" : 0,
        "total_ios" : 0,
        "short_ios" : 0,
        "drop_ios" : 0,
        "slat_ns" : {
          "min" : 0,
          "max" : 0,
          "mean" : 0.000000,
          "stddev" : 0.000000
        },
        "clat_ns" : {
          "min" : 0,
          "max" : 0,
          "mean" : 0.000000,
          "stddev" : 0.000000,
          "percentile" : {
            "1.000000" : 0,
            "5.000000" : 0,
            "10.000000" : 0,
            "20.000000" : 0,
            "30.000000" : 0,
            "40.000000" : 0,
            "50.000000" : 0,
            "60.000000" : 0,
            "70.000000" : 0,
            "80.000000" : 0,
            "90.000000" : 0,
            "95.000000" : 0,
            "99.000000" : 0,
            "99.500000" : 0,
            "99.900000" : 0,
            "99.950000" : 0,
            "99.990000" : 0
          },
          "bins" : {

          }
        },
        "lat_ns" : {
          "min" : 0,
          "max" : 0,
          "mean" : 0.000000,
          "stddev" : 0.000000
        },
        "bw_min" : 0,
        "bw_max" : 0,
        "bw_agg" : 0.000000,
        "bw_mean" : 0.000000,
        "bw_dev" : 0.000000,
        "bw_samples" : 0,
        "iops_min" : 0,
        "iops_max" : 0,
        "iops_mean" : 0.000000,
        "iops_stddev" : 0.000000,
        "iops_samples" : 0
      },
      "write" : {
        "io_bytes" : 9477111808,
        "io_kbytes" : 9254992,
        "bw_bytes" : 157946598,
        "bw" : 154244,
        "iops" : 19280.590647,
        "runtime" : 60002,
        "total_ios" : 1156874,
        "short_ios" : 0,
        "drop_ios" : 0,
        "slat_ns" : {
          "min" : 2225,
          "max" : 176227,
          "mean" : 4932.239846,
          "stddev" : 2992.525712
        },
        "clat_ns" : {
          "min" : 319516,
          "max" : 31514309,
          "mean" : 1653059.506884,
          "stddev" : 993862.402674,
          "percentile" : {
            "1.000000" : 716800,
            "5.000000" : 856064,
            "10.000000" : 937984,
            "20.000000" : 1044480,
            "30.000000" : 1073152,
            "40.000000" : 1122304,
            "50.000000" : 1171456,
            "60.000000" : 1974272,
            "70.000000" : 2113536,
            "80.000000" : 2211840,
            "90.000000" : 2342912,
            "95.000000" : 2736128,
            "99.000000" : 4358144,
            "99.500000" : 5668864,
            "99.900000" : 15663104,
            "99.950000" : 17170432,
            "99.990000" : 23986176
          },
          "bins" : {
            "321536" : 1,
            "354304" : 2,
            "358400" : 1,
            "362496" : 1,
            "366592" : 2,
            "370688" : 3,
            "378880" : 1,
            "382976" : 3,
            "387072" : 3,
            "391168" : 1,
            "395264" : 9,
            "399360" : 4,
            "403456" : 6,
            "407552" : 4,
            "411648" : 6,
            "415744" : 4,
            "419840" : 5,
            "423936" : 12,
            "428032" : 9,
            "432128" : 12,
            "436224" : 16,
            "440320" : 21,
            "444416" : 22,
            "448512" : 26,
            "452608" : 19,
            "456704" : 28,
            "460800" : 20,
            "464896" : 22,
            "468992" : 33,
            "473088" : 61,
            "477184" : 57,
            "481280" : 70,
            "485376" : 52,
            "489472" : 71,
            "493568" : 62,
            "497664" : 56,
            "501760" : 64,
            "505856" : 76,
            "509952" : 101,
            "514048" : 114,
            "518144" : 146,
            "522240" : 138,
            "528384" : 281,
            "536576" : 200,
            "544768" : 238,
            "552960" : 299,
            "561152" : 372,
            "569344" : 377,
            "577536" : 285,
            "585728" : 254,
            "593920" : 366,
            "602112" : 459,
            "610304" : 455,
            "618496" : 317,
            "626688" : 323,
            "634880" : 449,
            "643072" : 547,
            "651264" : 513,
            "659456" : 350,
            "667648" : 370,
            "675840" : 630,
            "684032" : 721,
            "692224" : 660,
            "700416" : 503,
            "708608" : 678,
            "716800" : 1089,
            "724992" : 1240,
            "733184" : 1099,
            "741376" : 996,
            "749568" : 1507,
            "757760" : 2201,
            "765952" : 2254,
            "774144" : 1726,
            "782336" : 1850,
            "790528" : 2936,
            "798720" : 3812,
            "806912" : 3328,
            "815104" : 2506,
            "823296" : 3069,
            "831488" : 5146,
            "839680" : 5828,
            "847872" : 4330,
            "856064" : 3375,
            "864256" : 4686,
            "872448" : 7189,
            "880640" : 7542,
            "888832" : 4794,
            "897024" : 3838,
            "905216" : 6257,
            "913408" : 8846,
            "921600" : 7972,
            "929792" : 4614,
            "937984" : 4149,
            "946176" : 7190,
            "954368" : 9792,
            "962560" : 7834,
            "970752" : 4448,
            "978944" : 4491,
            "987136" : 8697,
            "995328" : 11141,
            "1003520" : 7943,
            "1011712" : 4849,
            "1019904" : 5258,
            "1028096" : 12025,
            "1036288" : 23224,
            "1044480" : 13994,
            "1056768" : 15033,
            "1073152" : 112108,
            "1089536" : 42953,
            "1105920" : 40172,
            "1122304" : 91186,
            "1138688" : 10281,
            "1155072" : 20880,
            "1171456" : 7107,
            "1187840" : 3743,
            "1204224" : 4133,
            "1220608" : 2620,
            "1236992" : 2853,
            "1253376" : 2432,
            "1269760" : 2163,
            "1286144" : 2265,
            "1302528" : 1713,
            "1318912" : 1929,
            "1335296" : 1599,
            "1351680" : 1530,
            "1368064" : 1649,
            "1384448" : 1345,
            "1400832" : 1470,
            "1417216" : 1313,
            "1433600" : 1425,
            "1449984" : 1367,
            "1466368" : 1353,
            "1482752" : 1447,
            "1499136" : 1237,
            "1515520" : 1426,
            "1531904" : 1341,
            "1548288" : 1303,
            "1564672" : 1321,
            "1581056" : 1224,
            "1597440" : 1346,
            "1613824" : 1296,
            "1630208" : 1230,
            "1646592" : 1380,
            "1662976" : 1266,
            "1679360" : 1344,
            "1695744" : 1374,
            "1712128" : 1450,
            "1728512" : 1594,
            "1744896" : 1625,
            "1761280" : 1944,
            "1777664" : 1861,
            "1794048" : 2120,
            "1810432" : 2280,
            "1826816" : 2310,
            "1843200" : 2695,
            "1859584" : 2926,