{
  "fio version" : "fio-3.8",
  "timestamp" : 1537059540,
  "timestamp_ms" : 1537059540882,
  "time" : "Sat Sep 15 17:59:00 2018",
  "jobs" : [
    {
      "jobname" : "wdpc",
      "groupid" : 0,
      "error" : 0,
      "eta" : 0,
      "elapsed" : 61,
      "job options" : {
        "ioengine" : "libaio",
        "group_reporting" : "1",
        "direct" : "1",
        "rw" : "randrw",
        "bs" : "32KB",
        "numjobs" : "2",
        "iodepth" : "16",
        "size" : "75%",
        "name" : "wdpc",
        "random_distribution" : "random",
        "random_generator" : "tausworthe",
        "allrandrepeat" : "1",
        "randseed" : "101",
        "rwmixread" : "0",
        "time_based" : "1",
        "runtime" : "60s",
        "filename" : "/dev/sda"
      },
      "read" : {
        "io_bytes" : 0,
        "io_kbytes" : 0,
        "bw_bytes" : 0,
        "bw" : 0,
        "iops" : 0.000000,
        "runtime" : 0,
        "total_ios" : 0,
        "short_ios" : 0,
        "drop_ios" : 0,
        "slat_ns" : {
          "min" : 0,
          "max" : 0,
          "mean" : 0.000000,
          "stddev" : 0.000000
        },
        "clat_ns" : {
          "min" : 0,
          "max" : 0,
          "mean" : 0.000000,
          "stddev" : 0.000000,
          "percentile" : {
            "1.000000" : 0,
            "5.000000" : 0,
            "10.000000" : 0,
            "20.000000" : 0,
            "30.000000" : 0,
            "40.000000" : 0,
            "50.000000" : 0,
            "60.000000" : 0,
            "70.000000" : 0,
            "80.000000" : 0,
            "90.000000" : 0,
            "95.000000" : 0,
            "99.000000" : 0,
            "99.500000" : 0,
            "99.900000" : 0,
            "99.950000" : 0,
            "99.990000" : 0
          },
          "bins" : {

          }
        },
        "lat_ns" : {
          "min" : 0,
          "max" : 0,
          "mean" : 0.000000,
          "stddev" : 0.000000
        },
        "bw_min" : 0,
        "bw_max" : 0,
        "bw_agg" : 0.000000,
        "bw_mean" : 0.000000,
        "bw_dev" : 0.000000,
        "bw_samples" : 0,
        "iops_min" : 0,
        "iops_max" : 0,
        "iops_mean" : 0.000000,
        "iops_stddev" : 0.000000,
        "iops_samples" : 0
      },
      "write" : {
        "io_bytes" : 13228802048,
        "io_kbytes" : 12918752,
        "bw_bytes" : 220457988,
        "bw" : 215291,
        "iops" : 6727.843882,
        "runtime" : 60006,
        "total_ios" : 403711,
        "short_ios" : 0,
        "drop_ios" : 0,
        "slat_ns" : {
          "min" : 3139,
          "max" : 105087,
          "mean" : 4860.187642,
          "stddev" : 941.805902
        },
        "clat_ns" : {
          "min" : 287356,
          "max" : 24005197,
          "mean" : 4749598.713870,
          "stddev" : 1367687.258700,
          "percentile" : {
            "1.000000" : 3031040,
            "5.000000" : 3031040,
            "10.000000" : 3129344,
            "20.000000" : 3915776,
            "30.000000" : 4145152,
            "40.000000" : 4292608,
            "50.000000" : 4489216,
            "60.000000" : 5079040,
            "70.000000" : 5341184,
            "80.000000" : 5537792,
            "90.000000" : 5865472,
            "95.000000" : 6520832,
            "99.000000" : 7176192,
            "99.500000" : 8224768,
            "99.900000" : 20054016,
            "99.950000" : 20840448,
            "99.990000" : 22151168
          },
          "bins" : {
            "288768" : 1,
            "370688" : 1,
            "456704" : 1,
            "552960" : 1,
            "643072" : 1,
            "733184" : 1,
            "831488" : 1,
            "929792" : 1,
            "1220608" : 2,
            "1400832" : 1,
            "1482752" : 1,
            "1581056" : 1,
            "1662976" : 1,
            "1761280" : 1,
            "1859584" : 1,
            "1941504" : 1,
            "2039808" : 1,
            "2113536" : 1,
            "2179072" : 1,
            "2211840" : 9,
            "2244608" : 1,
            "2277376" : 6,
            "2310144" : 5,
            "2342912" : 7,
            "2375680" : 13,
            "2408448" : 9,
            "2441216" : 16,
            "2473984" : 18,
            "2506752" : 14,
            "2539520" : 12,
            "2572288" : 13,
            "2605056" : 15,
            "2637824" : 11,
            "2670592" : 15,
            "2703360" : 13,
            "2736128" : 8,
            "2768896" : 13,
            "2801664" : 14,
            "2834432" : 13,
            "2867200" : 18,
            "2899968" : 10,
            "2932736" : 19,
            "2965504" : 33,
            "2998272" : 294,
            "3031040" : 19789,
            "3063808" : 12574,
            "3096576" : 6032,
            "3129344" : 4066,
            "3162112" : 2464,
            "3194880" : 1718,
            "3227648" : 992,
            "3260416" : 565,
            "3293184" : 464,
            "3325952" : 318,
            "3358720" : 258,
            "3391488" : 274,
            "3424256" : 303,
            "3457024" : 234,
            "3489792" : 272,
            "3522560" : 313,
            "3555328" : 373,
            "3588096" : 451,
            "3620864" : 602,
            "3653632" : 678,
            "3686400" : 940,
            "3719168" : 1441,
            "3751936" : 1749,
            "3784704" : 2404,
            "3817472" : 3869,
            "3850240" : 4624,
            "3883008" : 6164,
            "3915776" : 6338,
            "3948544" : 7315,
            "3981312" : 7407,
            "4014080" : 6485,
            "4046848" : 6114,
            "4079616" : 5323,
            "4112384" : 4883,
            "4145152" : 4845,
            "4177920" : 5366,
            "4227072" : 14118,
            "4292608" : 19030,
            "4358144" : 19869,
            "4423680" : 17441,
            "4489216" : 11961,
            "4554752" : 6888,
            "4620288" : 3762,
            "4685824" : 2515,
            "4751360" : 1979,
            "4816896" : 2198,
            "4882432" : 2874,
            "4947968" : 3742,
            "5013504" : 4880,
            "5079040" : 6479,
            "5144576" : 9020,
            "5210112" : 11310,
            "5275648" : 12609,
            "5341184" : 12859,
            "5406720" : 11036,
            "5472256" : 10989,
            "5537792" : 11047,
            "5603328" : 11220,
            "5668864" : 11394,
            "5734400" : 8852,
            "5799936" : 6546,
            "5865472" : 3983,
            "5931008" : 3133,
            "5996544" : 2258,
            "6062080" : 1695,
            "6127616" : 1272,
            "6193152" : 1572,
            "6258688" : 1356,
            "6324224" : 1112,
            "6389760" : 1292,
            "6455296" : 1208,
            "6520832" : 1409,
            "6586368" : 1477,
            "6651904" : 1747,
            "6717440" : 1500,
            "6782976" : 1665,
            "6848512" : 1885,
            "6914048" : 2088,
            "6979584" : 2014,
            "7045120" : 1543,
            "7110656" : 1382,
            "7176192" : 1053,
            "7241728" : 608,
            "7307264" : 316,
            "7372800" : 204,
            "7438336" : 94,
            "7503872" : 77,
            "7569408" : 52,
            "7634944" : 49,
            "7700480" : 51,
            "7766016" : 55,
            "7831552" : 41,
            "7897088" : 42,
            "7962624" : 64,
            "8028160" : 47,
            "8093696" : 58,
            "8159232" : 31,
            "8224768" : 50,
            "8290304" : 18,
            "8355840" : 44,
            "8454144" : 45,
            "8585216" : 6,
            "8716288" : 24,
            "8847360" : 3,
            "8978432" : 2,
            "9109504" : 10,
            "9240576" : 4,
            "9371648" : 1,
            "9502720" : 4,
            "9764864" : 10,
            "10027008" : 3,