{
  "fio version" : "fio-3.8",
  "timestamp" : 1536903500,
  "timestamp_ms" : 1536903500934,
  "time" : "Thu Sep 13 22:38:20 2018",
  "jobs" : [
    {
      "jobname" : "wdpc",
      "groupid" : 0,
      "error" : 0,
      "eta" : 0,
      "elapsed" : 61,
      "job options" : {
        "ioengine" : "libaio",
        "group_reporting" : "1",
        "direct" : "1",
        "rw" : "readwrite",
        "bs" : "4KB",
        "numjobs" : "1",
        "iodepth" : "1",
        "size" : "75%",
        "name" : "wdpc",
        "random_distribution" : "random",
        "random_generator" : "tausworthe",
        "allrandrepeat" : "1",
        "randseed" : "101",
        "rwmixread" : "0",
        "time_based" : "1",
        "runtime" : "60s",
        "filename" : "/dev/sda"
      },
      "read" : {
        "io_bytes" : 0,
        "io_kbytes" : 0,
        "bw_bytes" : 0,
        "bw" : 0,
        "iops" : 0.000000,
        "runtime" : 0,
        "total_ios" : 0,
        "short_ios" : 0,
        "drop_ios" : 0,
        "slat_ns" : {
          "min" : 0,
          "max" : 0,
          "mean" : 0.000000,
          "stddev" : 0.000000
        },
        "clat_ns" : {
          "min" : 0,
          "max" : 0,
          "mean" : 0.000000,
          "stddev" : 0.000000,
          "percentile" : {
            "1.000000" : 0,
            "5.000000" : 0,
            "10.000000" : 0,
            "20.000000" : 0,
            "30.000000" : 0,
            "40.000000" : 0,
            "50.000000" : 0,
            "60.000000" : 0,
            "70.000000" : 0,
            "80.000000" : 0,
            "90.000000" : 0,
            "95.000000" : 0,
            "99.000000" : 0,
            "99.500000" : 0,
            "99.900000" : 0,
            "99.950000" : 0,
            "99.990000" : 0
          },
          "bins" : {

          }
        },
        "lat_ns" : {
          "min" : 0,
          "max" : 0,
          "mean" : 0.000000,
          "stddev" : 0.000000
        },
        "bw_min" : 0,
        "bw_max" : 0,
        "bw_agg" : 0.000000,
        "bw_mean" : 0.000000,
        "bw_dev" : 0.000000,
        "bw_samples" : 0,
        "iops_min" : 0,
        "iops_max" : 0,
        "iops_mean" : 0.000000,
        "iops_stddev" : 0.000000,
        "iops_samples" : 0
      },
      "write" : {
        "io_bytes" : 3027582976,
        "io_kbytes" : 2956624,
        "bw_bytes" : 50458875,
        "bw" : 49276,
        "iops" : 12319.061349,
        "runtime" : 60001,
        "total_ios" : 739156,
        "short_ios" : 0,
        "drop_ios" : 0,
        "slat_ns" : {
          "min" : 5466,
          "max" : 701446,
          "mean" : 6236.588210,
          "stddev" : 1706.863025
        },
        "clat_ns" : {
          "min" : 1455,
          "max" : 13090597,
          "mean" : 73548.316918,
          "stddev" : 52040.181374,
          "percentile" : {
            "1.000000" : 61696,
            "5.000000" : 72192,
            "10.000000" : 72192,
            "20.000000" : 72192,
            "30.000000" : 73216,
            "40.000000" : 73216,
            "50.000000" : 73216,
            "60.000000" : 73216,
            "70.000000" : 73216,
            "80.000000" : 73216,
            "90.000000" : 73216,
            "95.000000" : 74240,
            "99.000000" : 99840,
            "99.500000" : 100864,
            "99.900000" : 102912,
            "99.950000" : 110080,
            "99.990000" : 113152
          },
          "bins" : {
            "1448" : 1,
            "40192" : 1,
            "55552" : 1,
            "56576" : 4,
            "57088" : 3,
            "57600" : 3,
            "58112" : 6,
            "58624" : 2,
            "59136" : 2,
            "59648" : 32,
            "60160" : 549,
            "60672" : 2586,
            "61184" : 3996,
            "61696" : 1898,
            "62208" : 557,
            "62720" : 568,
            "63232" : 623,
            "63744" : 614,
            "64256" : 616,
            "64768" : 622,
            "65280" : 662,
            "66048" : 1679,
            "67072" : 1516,
            "68096" : 1664,
            "69120" : 2041,
            "70144" : 2111,
            "71168" : 3980,
            "72192" : 193527,
            "73216" : 481089,
            "74240" : 4139,
            "75264" : 1880,
            "76288" : 1780,
            "77312" : 1231,
            "78336" : 1133,
            "79360" : 1126,
            "80384" : 1106,
            "81408" : 1129,
            "82432" : 1166,
            "83456" : 1337,
            "84480" : 6478,
            "85504" : 3602,
            "86528" : 60,
            "87552" : 22,
            "88576" : 18,
            "89600" : 10,
            "90624" : 9,
            "91648" : 6,
            "92672" : 23,
            "93696" : 69,
            "94720" : 137,
            "95744" : 290,
            "96768" : 174,
            "97792" : 103,
            "98816" : 184,
            "99840" : 4105,
            "100864" : 5719,
            "101888" : 338,
            "102912" : 102,
            "103936" : 97,
            "104960" : 79,
            "105984" : 79,
            "107008" : 54,
            "108032" : 25,
            "109056" : 18,
            "110080" : 10,
            "111104" : 19,
            "112128" : 205,
            "113152" : 74,
            "114176" : 4,
            "115200" : 3,
            "116224" : 3,
            "117248" : 1,
            "118272" : 2,
            "120320" : 2,
            "121344" : 2,
            "122368" : 1,
            "123392" : 1,
            "124416" : 2,
            "125440" : 1,
            "127488" : 1,
            "128512" : 1,
            "132096" : 1,
            "138240" : 3,
            "142336" : 1,
            "146432" : 1,
            "150528" : 1,
            "154624" : 1,
            "158720" : 1,
            "162816" : 1,
            "175104" : 1,
            "187392" : 1,
            "216064" : 1,
            "218112" : 1,
            "250880" : 1,
            "305152" : 1,
            "382976" : 1,
            "452608" : 1,
            "460800" : 1,
            "489472" : 1,
            "716800" : 1,
            "790528" : 1,
            "806912" : 1,
            "815104" : 1,
            "831488" : 1,
            "872448" : 1,
            "880640" : 1,
            "954368" : 1,
            "970752" : 1,
            "1089536" : 1,
            "1138688" : 1,
            "12779520" : 3,
            "12910592" : 7,
            "13041664" : 2
          }
        },
        "lat_ns" : {
          "min" : 65918,
          "max" : 13096516,
          "mean" : 79968.808415,
          "stddev" : 52088.405342
        },
        "bw_min" : 47896,
        "bw_max" : 49832,
        "bw_agg" : 99.993400,
        "bw_mean" : 49272.747899,
        "bw_dev" : 454.890771,
        "bw_samples" : 119,
        "iops_min" : 11976,
        "iops_max" : 12458,
        "iops_mean" : 12318.168067,
        "iops_stddev" : 113.665829,
        "iops_samples" : 119
      },
      "trim" : {
        "io_bytes" : 0,
        "io_kbytes" : 0,
        "bw_bytes" : 0,
        "bw" : 0,
        "iops" : 0.000000,
        "runtime" : 0,
        "total_ios" : 0,
        "short_ios" : 0,
        "drop_ios" : 0,
        "slat_ns" : {
          "min" : 0,
          "max" : 0,
          "mean" : 0.000000,
          "stddev" : 0.000000
        },
        "clat_ns" : {
          "min" : 0,
          "max" : 0,
          "mean" : 0.000000,
          "stddev" : 0.000000,
          "percentile" : {
            "1.000000" : 0,
            "5.000000" : 0,
            "10.000000" : 0,
            "20.000000" : 0,
            "30.000000" : 0,
            "40.000000" : 0,
            "50.000000" : 0,
            "60.000000" : 0,
            "70.000000" : 0,
            "80.000000" : 0,
            "90.000000" : 0,
            "95.000000" : 0,
            "99.000000" : 0,
            "99.500000" : 0,
            "99.900000" : 0,
            "99.950000" : 0,