{
  "fio version" : "fio-3.8",
  "timestamp" : 1535321448,
  "timestamp_ms" : 1535321448292,
  "time" : "Sun Aug 26 22:10:48 2018",
  "jobs" : [
    {
      "jobname" : "wdpc",
      "groupid" : 0,
      "error" : 0,
      "eta" : 0,
      "elapsed" : 61,
      "job options" : {
        "ioengine" : "libaio",
        "group_reporting" : "1",
        "direct" : "1",
        "rw" : "randrw",
        "bs" : "32KB",
        "numjobs" : "2",
        "iodepth" : "16",
        "size" : "75%",
        "name" : "wdpc",
        "random_distribution" : "random",
        "random_generator" : "tausworthe",
        "allrandrepeat" : "1",
        "randseed" : "101",
        "rwmixread" : "0",
        "time_based" : "1",
        "runtime" : "60s",
        "filename" : "/dev/sda"
      },
      "read" : {
        "io_bytes" : 0,
        "io_kbytes" : 0,
        "bw_bytes" : 0,
        "bw" : 0,
        "iops" : 0.000000,
        "runtime" : 0,
        "total_ios" : 0,
        "short_ios" : 0,
        "drop_ios" : 0,
        "slat_ns" : {
          "min" : 0,
          "max" : 0,
          "mean" : 0.000000,
          "stddev" : 0.000000
        },
        "clat_ns" : {
          "min" : 0,
          "max" : 0,
          "mean" : 0.000000,
          "stddev" : 0.000000,
          "percentile" : {
            "1.000000" : 0,
            "5.000000" : 0,
            "10.000000" : 0,
            "20.000000" : 0,
            "30.000000" : 0,
            "40.000000" : 0,
            "50.000000" : 0,
            "60.000000" : 0,
            "70.000000" : 0,
            "80.000000" : 0,
            "90.000000" : 0,
            "95.000000" : 0,
            "99.000000" : 0,
            "99.500000" : 0,
            "99.900000" : 0,
            "99.950000" : 0,
            "99.990000" : 0
          },
          "bins" : {

          }
        },
        "lat_ns" : {
          "min" : 0,
          "max" : 0,
          "mean" : 0.000000,
          "stddev" : 0.000000
        },
        "bw_min" : 0,
        "bw_max" : 0,
        "bw_agg" : 0.000000,
        "bw_mean" : 0.000000,
        "bw_dev" : 0.000000,
        "bw_samples" : 0,
        "iops_min" : 0,
        "iops_max" : 0,
        "iops_mean" : 0.000000,
        "iops_stddev" : 0.000000,
        "iops_samples" : 0
      },
      "write" : {
        "io_bytes" : 11969462272,
        "io_kbytes" : 11688928,
        "bw_bytes" : 199464442,
        "bw" : 194789,
        "iops" : 6087.171710,
        "runtime" : 60008,
        "total_ios" : 365279,
        "short_ios" : 0,
        "drop_ios" : 0,
        "slat_ns" : {
          "min" : 15458,
          "max" : 14816666,
          "mean" : 98102.632694,
          "stddev" : 131823.197714
        },
        "clat_ns" : {
          "min" : 1086750,
          "max" : 49383833,
          "mean" : 5143207.750736,
          "stddev" : 2652140.864026,
          "percentile" : {
            "1.000000" : 2088960,
            "5.000000" : 2768896,
            "10.000000" : 3162112,
            "20.000000" : 3620864,
            "30.000000" : 3883008,
            "40.000000" : 4145152,
            "50.000000" : 4489216,
            "60.000000" : 4882432,
            "70.000000" : 5210112,
            "80.000000" : 5865472,
            "90.000000" : 7634944,
            "95.000000" : 10813440,
            "99.000000" : 15400960,
            "99.500000" : 18481152,
            "99.900000" : 23199744,
            "99.950000" : 29753344,
            "99.990000" : 42729472
          },
          "bins" : {
            "1089536" : 4,
            "1105920" : 20,
            "1122304" : 14,
            "1138688" : 15,
            "1155072" : 10,
            "1171456" : 5,
            "1187840" : 6,
            "1204224" : 3,
            "1220608" : 1,
            "1236992" : 3,
            "1253376" : 14,
            "1269760" : 17,
            "1286144" : 9,
            "1302528" : 10,
            "1318912" : 10,
            "1335296" : 20,
            "1351680" : 18,
            "1368064" : 26,
            "1384448" : 21,
            "1400832" : 16,
            "1417216" : 8,
            "1433600" : 6,
            "1449984" : 15,
            "1466368" : 9,
            "1482752" : 4,
            "1499136" : 12,
            "1515520" : 19,
            "1531904" : 21,
            "1548288" : 12,
            "1564672" : 19,
            "1581056" : 33,
            "1597440" : 36,
            "1613824" : 41,
            "1630208" : 31,
            "1646592" : 42,
            "1662976" : 42,
            "1679360" : 50,
            "1695744" : 41,
            "1712128" : 58,
            "1728512" : 45,
            "1744896" : 66,
            "1761280" : 53,
            "1777664" : 55,
            "1794048" : 60,
            "1810432" : 65,
            "1826816" : 83,
            "1843200" : 74,
            "1859584" : 85,
            "1875968" : 88,
            "1892352" : 115,
            "1908736" : 111,
            "1925120" : 133,
            "1941504" : 155,
            "1957888" : 141,
            "1974272" : 189,
            "1990656" : 186,
            "2007040" : 164,
            "2023424" : 206,
            "2039808" : 239,
            "2056192" : 234,
            "2072576" : 262,
            "2088960" : 215,
            "2113536" : 487,
            "2146304" : 572,
            "2179072" : 584,
            "2211840" : 603,
            "2244608" : 629,
            "2277376" : 641,
            "2310144" : 614,
            "2342912" : 660,
            "2375680" : 625,
            "2408448" : 700,
            "2441216" : 707,
            "2473984" : 803,
            "2506752" : 819,
            "2539520" : 797,
            "2572288" : 823,
            "2605056" : 820,
            "2637824" : 818,
            "2670592" : 859,
            "2703360" : 857,
            "2736128" : 920,
            "2768896" : 984,
            "2801664" : 996,
            "2834432" : 1131,
            "2867200" : 1110,
            "2899968" : 1211,
            "2932736" : 1279,
            "2965504" : 1352,
            "2998272" : 1531,
            "3031040" : 1712,
            "3063808" : 1951,
            "3096576" : 1915,
            "3129344" : 1871,
            "3162112" : 1977,
            "3194880" : 1933,
            "3227648" : 1927,
            "3260416" : 1918,
            "3293184" : 2078,
            "3325952" : 2228,
            "3358720" : 2320,
            "3391488" : 2469,
            "3424256" : 2533,
            "3457024" : 2682,
            "3489792" : 2889,
            "3522560" : 2958,
            "3555328" : 3249,
            "3588096" : 3356,
            "3620864" : 3824,
            "3653632" : 4123,
            "3686400" : 4595,
            "3719168" : 4876,
            "3751936" : 5293,
            "3784704" : 5491,
            "3817472" : 5569,
            "3850240" : 5484,
            "3883008" : 5414,
            "3915776" : 5019,
            "3948544" : 4794,
            "3981312" : 4590,
            "4014080" : 4318,
            "4046848" : 3922,
            "4079616" : 3790,
            "4112384" : 3712,
            "4145152" : 3747,
            "4177920" : 3731,
            "4227072" : 7298,
            "4292608" : 7235,
            "4358144" : 6923,
            "4423680" : 6522,
            "4489216" : 6194,
            "4554752" : 6294,
            "4620288" : 6129,
            "4685824" : 6165,
            "4751360" : 6610,
            "4816896" : 6682,
            "4882432" : 7083,
            "4947968" : 7041,
            "5013504" : 7169,
            "5079040" : 6583,
            "5144576" : 6026,
            "5210112" : 5380,
            "5275648" : 5473,
            "5341184" : 4992,
            "5406720" : 4558,
            "5472256" : 4065,
            "5537792" : 3685,
            "5603328" : 3482,
            "5668864" : 3120,
            "5734400" : 2853,
            "5799936" : 2499,
            "5865472" : 2402,
            "5931008" : 2259,