{
  "fio version" : "fio-3.8",
  "timestamp" : 1535756892,
  "timestamp_ms" : 1535756892659,
  "time" : "Fri Aug 31 23:08:12 2018",
  "jobs" : [
    {
      "jobname" : "wdpc",
      "groupid" : 0,
      "error" : 0,
      "eta" : 0,
      "elapsed" : 61,
      "job options" : {
        "ioengine" : "libaio",
        "group_reporting" : "1",
        "direct" : "1",
        "rw" : "randrw",
        "bs" : "32KB",
        "numjobs" : "2",
        "iodepth" : "16",
        "size" : "75%",
        "name" : "wdpc",
        "random_distribution" : "random",
        "random_generator" : "tausworthe",
        "allrandrepeat" : "1",
        "randseed" : "101",
        "rwmixread" : "0",
        "time_based" : "1",
        "runtime" : "60s",
        "filename" : "/dev/sda"
      },
      "read" : {
        "io_bytes" : 0,
        "io_kbytes" : 0,
        "bw_bytes" : 0,
        "bw" : 0,
        "iops" : 0.000000,
        "runtime" : 0,
        "total_ios" : 0,
        "short_ios" : 0,
        "drop_ios" : 0,
        "slat_ns" : {
          "min" : 0,
          "max" : 0,
          "mean" : 0.000000,
          "stddev" : 0.000000
        },
        "clat_ns" : {
          "min" : 0,
          "max" : 0,
          "mean" : 0.000000,
          "stddev" : 0.000000,
          "percentile" : {
            "1.000000" : 0,
            "5.000000" : 0,
            "10.000000" : 0,
            "20.000000" : 0,
            "30.000000" : 0,
            "40.000000" : 0,
            "50.000000" : 0,
            "60.000000" : 0,
            "70.000000" : 0,
            "80.000000" : 0,
            "90.000000" : 0,
            "95.000000" : 0,
            "99.000000" : 0,
            "99.500000" : 0,
            "99.900000" : 0,
            "99.950000" : 0,
            "99.990000" : 0
          },
          "bins" : {

          }
        },
        "lat_ns" : {
          "min" : 0,
          "max" : 0,
          "mean" : 0.000000,
          "stddev" : 0.000000
        },
        "bw_min" : 0,
        "bw_max" : 0,
        "bw_agg" : 0.000000,
        "bw_mean" : 0.000000,
        "bw_dev" : 0.000000,
        "bw_samples" : 0,
        "iops_min" : 0,
        "iops_max" : 0,
        "iops_mean" : 0.000000,
        "iops_stddev" : 0.000000,
        "iops_samples" : 0
      },
      "write" : {
        "io_bytes" : 12768083968,
        "io_kbytes" : 12468832,
        "bw_bytes" : 212780121,
        "bw" : 207793,
        "iops" : 6493.533980,
        "runtime" : 60006,
        "total_ios" : 389651,
        "short_ios" : 0,
        "drop_ios" : 0,
        "slat_ns" : {
          "min" : 16041,
          "max" : 12940375,
          "mean" : 94649.464477,
          "stddev" : 117953.746925
        },
        "clat_ns" : {
          "min" : 1190000,
          "max" : 50732500,
          "mean" : 4817240.288094,
          "stddev" : 2117553.844421,
          "percentile" : {
            "1.000000" : 2113536,
            "5.000000" : 2703360,
            "10.000000" : 3194880,
            "20.000000" : 3620864,
            "30.000000" : 3850240,
            "40.000000" : 4079616,
            "50.000000" : 4423680,
            "60.000000" : 4751360,
            "70.000000" : 5079040,
            "80.000000" : 5537792,
            "90.000000" : 6520832,
            "95.000000" : 7897088,
            "99.000000" : 13959168,
            "99.500000" : 17170432,
            "99.900000" : 20840448,
            "99.950000" : 22675456,
            "99.990000" : 41680896
          },
          "bins" : {
            "1187840" : 2,
            "1204224" : 1,
            "1286144" : 1,
            "1302528" : 2,
            "1318912" : 4,
            "1335296" : 8,
            "1351680" : 6,
            "1368064" : 12,
            "1384448" : 18,
            "1400832" : 16,
            "1417216" : 12,
            "1433600" : 10,
            "1449984" : 10,
            "1466368" : 5,
            "1482752" : 14,
            "1499136" : 15,
            "1515520" : 5,
            "1531904" : 11,
            "1548288" : 22,
            "1564672" : 8,
            "1581056" : 8,
            "1597440" : 15,
            "1613824" : 20,
            "1630208" : 20,
            "1646592" : 20,
            "1662976" : 25,
            "1679360" : 35,
            "1695744" : 30,
            "1712128" : 37,
            "1728512" : 29,
            "1744896" : 26,
            "1761280" : 29,
            "1777664" : 35,
            "1794048" : 45,
            "1810432" : 42,
            "1826816" : 50,
            "1843200" : 64,
            "1859584" : 66,
            "1875968" : 85,
            "1892352" : 103,
            "1908736" : 95,
            "1925120" : 120,
            "1941504" : 140,
            "1957888" : 179,
            "1974272" : 214,
            "1990656" : 243,
            "2007040" : 239,
            "2023424" : 282,
            "2039808" : 300,
            "2056192" : 283,
            "2072576" : 354,
            "2088960" : 328,
            "2113536" : 669,
            "2146304" : 686,
            "2179072" : 710,
            "2211840" : 698,
            "2244608" : 723,
            "2277376" : 733,
            "2310144" : 767,
            "2342912" : 732,
            "2375680" : 767,
            "2408448" : 791,
            "2441216" : 899,
            "2473984" : 937,
            "2506752" : 959,
            "2539520" : 1027,
            "2572288" : 1026,
            "2605056" : 980,
            "2637824" : 984,
            "2670592" : 1004,
            "2703360" : 1067,
            "2736128" : 1027,
            "2768896" : 1089,
            "2801664" : 1154,
            "2834432" : 1261,
            "2867200" : 1232,
            "2899968" : 1264,
            "2932736" : 1277,
            "2965504" : 1304,
            "2998272" : 1384,
            "3031040" : 1442,
            "3063808" : 1507,
            "3096576" : 1553,
            "3129344" : 1696,
            "3162112" : 1757,
            "3194880" : 1936,
            "3227648" : 2002,
            "3260416" : 2224,
            "3293184" : 2332,
            "3325952" : 2522,
            "3358720" : 2687,
            "3391488" : 2905,
            "3424256" : 3059,
            "3457024" : 3157,
            "3489792" : 3404,
            "3522560" : 3711,
            "3555328" : 3810,
            "3588096" : 4479,
            "3620864" : 4553,
            "3653632" : 5017,
            "3686400" : 5258,
            "3719168" : 5611,
            "3751936" : 5739,
            "3784704" : 5864,
            "3817472" : 5983,
            "3850240" : 5830,
            "3883008" : 5665,
            "3915776" : 5318,
            "3948544" : 5265,
            "3981312" : 5100,
            "4014080" : 4842,
            "4046848" : 4622,
            "4079616" : 4487,
            "4112384" : 4134,
            "4145152" : 4163,
            "4177920" : 4173,
            "4227072" : 7895,
            "4292608" : 7634,
            "4358144" : 7474,
            "4423680" : 6983,
            "4489216" : 7116,
            "4554752" : 7027,
            "4620288" : 7359,
            "4685824" : 7517,
            "4751360" : 7686,
            "4816896" : 7769,
            "4882432" : 7948,
            "4947968" : 8252,
            "5013504" : 8265,
            "5079040" : 7771,
            "5144576" : 7194,
            "5210112" : 6829,
            "5275648" : 6219,
            "5341184" : 5796,
            "5406720" : 5211,
            "5472256" : 4640,
            "5537792" : 4355,
            "5603328" : 3766,
            "5668864" : 3346,
            "5734400" : 3116,
            "5799936" : 2790,
            "5865472" : 2734,
            "5931008" : 2520,
            "5996544" : 2414,
            "6062080" : 2176,
            "6127616" : 2092,
            "6193152" : 1956,
            "6258688" : 1923,
            "6324224" : 1761,
            "6389760" : 1705,
            "6455296" : 1551,
            "6520832" : 1495,
            "6586368" : 1450,