{
  "fio version" : "fio-3.8",
  "timestamp" : 1535813797,
  "timestamp_ms" : 1535813797225,
  "time" : "Sat Sep  1 14:56:37 2018",
  "jobs" : [
    {
      "jobname" : "wdpc",
      "groupid" : 0,
      "error" : 0,
      "eta" : 0,
      "elapsed" : 61,
      "job options" : {
        "ioengine" : "libaio",
        "group_reporting" : "1",
        "direct" : "1",
        "rw" : "randrw",
        "bs" : "16KB",
        "numjobs" : "2",
        "iodepth" : "16",
        "size" : "75%",
        "name" : "wdpc",
        "random_distribution" : "random",
        "random_generator" : "tausworthe",
        "allrandrepeat" : "1",
        "randseed" : "101",
        "rwmixread" : "0",
        "time_based" : "1",
        "runtime" : "60s",
        "filename" : "/dev/sda"
      },
      "read" : {
        "io_bytes" : 0,
        "io_kbytes" : 0,
        "bw_bytes" : 0,
        "bw" : 0,
        "iops" : 0.000000,
        "runtime" : 0,
        "total_ios" : 0,
        "short_ios" : 0,
        "drop_ios" : 0,
        "slat_ns" : {
          "min" : 0,
          "max" : 0,
          "mean" : 0.000000,
          "stddev" : 0.000000
        },
        "clat_ns" : {
          "min" : 0,
          "max" : 0,
          "mean" : 0.000000,
          "stddev" : 0.000000,
          "percentile" : {
            "1.000000" : 0,
            "5.000000" : 0,
            "10.000000" : 0,
            "20.000000" : 0,
            "30.000000" : 0,
            "40.000000" : 0,
            "50.000000" : 0,
            "60.000000" : 0,
            "70.000000" : 0,
            "80.000000" : 0,
            "90.000000" : 0,
            "95.000000" : 0,
            "99.000000" : 0,
            "99.500000" : 0,
            "99.900000" : 0,
            "99.950000" : 0,
            "99.990000" : 0
          },
          "bins" : {

          }
        },
        "lat_ns" : {
          "min" : 0,
          "max" : 0,
          "mean" : 0.000000,
          "stddev" : 0.000000
        },
        "bw_min" : 0,
        "bw_max" : 0,
        "bw_agg" : 0.000000,
        "bw_mean" : 0.000000,
        "bw_dev" : 0.000000,
        "bw_samples" : 0,
        "iops_min" : 0,
        "iops_max" : 0,
        "iops_mean" : 0.000000,
        "iops_stddev" : 0.000000,
        "iops_samples" : 0
      },
      "write" : {
        "io_bytes" : 10108682240,
        "io_kbytes" : 9871760,
        "bw_bytes" : 168469613,
        "bw" : 164521,
        "iops" : 10282.569205,
        "runtime" : 60003,
        "total_ios" : 616985,
        "short_ios" : 0,
        "drop_ios" : 0,
        "slat_ns" : {
          "min" : 11667,
          "max" : 17647875,
          "mean" : 48339.454034,
          "stddev" : 98930.751680
        },
        "clat_ns" : {
          "min" : 479208,
          "max" : 64778583,
          "mean" : 3053420.503356,
          "stddev" : 2223488.647914,
          "percentile" : {
            "1.000000" : 888832,
            "5.000000" : 1286144,
            "10.000000" : 1761280,
            "20.000000" : 2039808,
            "30.000000" : 2146304,
            "40.000000" : 2277376,
            "50.000000" : 2375680,
            "60.000000" : 2572288,
            "70.000000" : 2867200,
            "80.000000" : 3457024,
            "90.000000" : 5144576,
            "95.000000" : 7045120,
            "99.000000" : 11599872,
            "99.500000" : 16056320,
            "99.900000" : 21626880,
            "99.950000" : 25821184,
            "99.990000" : 46923776
          },
          "bins" : {
            "477184" : 1,
            "514048" : 1,
            "522240" : 1,
            "528384" : 1,
            "544768" : 1,
            "577536" : 1,
            "585728" : 1,
            "618496" : 2,
            "643072" : 2,
            "659456" : 1,
            "684032" : 1,
            "692224" : 11,
            "700416" : 19,
            "708608" : 42,
            "716800" : 72,
            "724992" : 78,
            "733184" : 149,
            "741376" : 188,
            "749568" : 201,
            "757760" : 217,
            "765952" : 229,
            "774144" : 227,
            "782336" : 252,
            "790528" : 265,
            "798720" : 253,
            "806912" : 273,
            "815104" : 297,
            "823296" : 333,
            "831488" : 358,
            "839680" : 350,
            "847872" : 514,
            "856064" : 485,
            "864256" : 402,
            "872448" : 454,
            "880640" : 438,
            "888832" : 457,
            "897024" : 461,
            "905216" : 524,
            "913408" : 556,
            "921600" : 532,
            "929792" : 616,
            "937984" : 616,
            "946176" : 740,
            "954368" : 666,
            "962560" : 659,
            "970752" : 624,
            "978944" : 557,
            "987136" : 579,
            "995328" : 564,
            "1003520" : 546,
            "1011712" : 438,
            "1019904" : 443,
            "1028096" : 508,
            "1036288" : 529,
            "1044480" : 544,
            "1056768" : 1044,
            "1073152" : 1124,
            "1089536" : 1154,
            "1105920" : 1041,
            "1122304" : 972,
            "1138688" : 906,
            "1155072" : 868,
            "1171456" : 849,
            "1187840" : 843,
            "1204224" : 874,
            "1220608" : 812,
            "1236992" : 859,
            "1253376" : 880,
            "1269760" : 843,
            "1286144" : 979,
            "1302528" : 936,
            "1318912" : 1058,
            "1335296" : 1063,
            "1351680" : 1010,
            "1368064" : 1185,
            "1384448" : 1286,
            "1400832" : 1254,
            "1417216" : 1417,
            "1433600" : 1163,
            "1449984" : 1179,
            "1466368" : 1116,
            "1482752" : 1111,
            "1499136" : 1096,
            "1515520" : 1052,
            "1531904" : 981,
            "1548288" : 1014,
            "1564672" : 1023,
            "1581056" : 1040,
            "1597440" : 958,
            "1613824" : 892,
            "1630208" : 927,
            "1646592" : 939,
            "1662976" : 922,
            "1679360" : 942,
            "1695744" : 979,
            "1712128" : 1008,
            "1728512" : 1087,
            "1744896" : 1185,
            "1761280" : 1399,
            "1777664" : 1568,
            "1794048" : 1699,
            "1810432" : 1859,
            "1826816" : 2023,
            "1843200" : 2202,
            "1859584" : 2351,
            "1875968" : 2632,
            "1892352" : 2997,
            "1908736" : 3322,
            "1925120" : 3844,
            "1941504" : 4147,
            "1957888" : 4796,
            "1974272" : 5282,
            "1990656" : 5516,
            "2007040" : 6050,
            "2023424" : 6628,
            "2039808" : 7013,
            "2056192" : 7413,
            "2072576" : 7972,
            "2088960" : 8318,
            "2113536" : 17469,
            "2146304" : 18876,
            "2179072" : 19349,
            "2211840" : 18470,
            "2244608" : 18218,
            "2277376" : 17943,
            "2310144" : 17462,
            "2342912" : 16612,
            "2375680" : 16044,
            "2408448" : 14875,
            "2441216" : 13337,
            "2473984" : 11804,
            "2506752" : 10310,
            "2539520" : 9132,
            "2572288" : 7922,
            "2605056" : 7251,
            "2637824" : 6947,
            "2670592" : 6809,
            "2703360" : 6639,
            "2736128" : 6361,
            "2768896" : 6172,
            "2801664" : 6020,
            "2834432" : 5800,
            "2867200" : 5542,
            "2899968" : 5413,
            "2932736" : 5396,
            "2965504" : 5173,
            "2998272" : 4849,
            "3031040" : 4541,
            "3063808" : 4269,
            "3096576" : 3922,
            "3129344" : 3428,
            "3162112" : 3109,
            "3194880" : 2841,