{
  "fio version" : "fio-3.8",
  "timestamp" : 1535949207,
  "timestamp_ms" : 1535949207901,
  "time" : "Mon Sep  3 04:33:27 2018",
  "jobs" : [
    {
      "jobname" : "wdpc",
      "groupid" : 0,
      "error" : 0,
      "eta" : 0,
      "elapsed" : 61,
      "job options" : {
        "ioengine" : "libaio",
        "group_reporting" : "1",
        "direct" : "1",
        "rw" : "randrw",
        "bs" : "4KB",
        "numjobs" : "2",
        "iodepth" : "16",
        "size" : "75%",
        "name" : "wdpc",
        "random_distribution" : "random",
        "random_generator" : "tausworthe",
        "allrandrepeat" : "1",
        "randseed" : "101",
        "rwmixread" : "0",
        "time_based" : "1",
        "runtime" : "60s",
        "filename" : "/dev/sda"
      },
      "read" : {
        "io_bytes" : 0,
        "io_kbytes" : 0,
        "bw_bytes" : 0,
        "bw" : 0,
        "iops" : 0.000000,
        "runtime" : 0,
        "total_ios" : 0,
        "short_ios" : 0,
        "drop_ios" : 0,
        "slat_ns" : {
          "min" : 0,
          "max" : 0,
          "mean" : 0.000000,
          "stddev" : 0.000000
        },
        "clat_ns" : {
          "min" : 0,
          "max" : 0,
          "mean" : 0.000000,
          "stddev" : 0.000000,
          "percentile" : {
            "1.000000" : 0,
            "5.000000" : 0,
            "10.000000" : 0,
            "20.000000" : 0,
            "30.000000" : 0,
            "40.000000" : 0,
            "50.000000" : 0,
            "60.000000" : 0,
            "70.000000" : 0,
            "80.000000" : 0,
            "90.000000" : 0,
            "95.000000" : 0,
            "99.000000" : 0,
            "99.500000" : 0,
            "99.900000" : 0,
            "99.950000" : 0,
            "99.990000" : 0
          },
          "bins" : {

          }
        },
        "lat_ns" : {
          "min" : 0,
          "max" : 0,
          "mean" : 0.000000,
          "stddev" : 0.000000
        },
        "bw_min" : 0,
        "bw_max" : 0,
        "bw_agg" : 0.000000,
        "bw_mean" : 0.000000,
        "bw_dev" : 0.000000,
        "bw_samples" : 0,
        "iops_min" : 0,
        "iops_max" : 0,
        "iops_mean" : 0.000000,
        "iops_stddev" : 0.000000,
        "iops_samples" : 0
      },
      "write" : {
        "io_bytes" : 5623586816,
        "io_kbytes" : 5491784,
        "bw_bytes" : 93723322,
        "bw" : 91526,
        "iops" : 22881.670611,
        "runtime" : 60002,
        "total_ios" : 1372946,
        "short_ios" : 0,
        "drop_ios" : 0,
        "slat_ns" : {
          "min" : 5541,
          "max" : 13097292,
          "mean" : 40666.886989,
          "stddev" : 39490.758914
        },
        "clat_ns" : {
          "min" : 102084,
          "max" : 30223375,
          "mean" : 1349167.401925,
          "stddev" : 844785.164717,
          "percentile" : {
            "1.000000" : 593920,
            "5.000000" : 684032,
            "10.000000" : 864256,
            "20.000000" : 946176,
            "30.000000" : 1003520,
            "40.000000" : 1056768,
            "50.000000" : 1105920,
            "60.000000" : 1286144,
            "70.000000" : 1433600,
            "80.000000" : 1581056,
            "90.000000" : 1859584,
            "95.000000" : 2441216,
            "99.000000" : 4685824,
            "99.500000" : 5865472,
            "99.900000" : 10813440,
            "99.950000" : 15269888,
            "99.990000" : 18743296
          },
          "bins" : {
            "101888" : 1,
            "142336" : 1,
            "148480" : 1,
            "156672" : 1,
            "183296" : 1,
            "197632" : 1,
            "242688" : 1,
            "252928" : 1,
            "261120" : 1,
            "264192" : 1,
            "268288" : 2,
            "272384" : 1,
            "276480" : 6,
            "280576" : 1,
            "288768" : 1,
            "292864" : 2,
            "296960" : 2,
            "301056" : 3,
            "305152" : 2,
            "309248" : 2,
            "313344" : 2,
            "317440" : 5,
            "321536" : 2,
            "325632" : 1,
            "329728" : 4,
            "333824" : 7,
            "337920" : 8,
            "342016" : 2,
            "346112" : 2,
            "350208" : 5,
            "358400" : 2,
            "362496" : 1,
            "370688" : 5,
            "374784" : 7,
            "378880" : 3,
            "382976" : 1,
            "391168" : 3,
            "395264" : 3,
            "399360" : 2,
            "403456" : 9,
            "411648" : 2,
            "415744" : 4,
            "419840" : 3,
            "423936" : 2,
            "428032" : 5,
            "432128" : 3,
            "436224" : 8,
            "440320" : 4,
            "448512" : 2,
            "452608" : 5,
            "456704" : 8,
            "460800" : 7,
            "464896" : 7,
            "468992" : 4,
            "473088" : 9,
            "477184" : 6,
            "481280" : 13,
            "485376" : 14,
            "489472" : 14,
            "493568" : 26,
            "497664" : 34,
            "501760" : 27,
            "505856" : 42,
            "509952" : 54,
            "514048" : 84,
            "518144" : 123,
            "522240" : 134,
            "528384" : 349,
            "536576" : 480,
            "544768" : 699,
            "552960" : 961,
            "561152" : 1296,
            "569344" : 2012,
            "577536" : 2695,
            "585728" : 3355,
            "593920" : 3683,
            "602112" : 4157,
            "610304" : 4194,
            "618496" : 4184,
            "626688" : 4393,
            "634880" : 5009,
            "643072" : 5670,
            "651264" : 5921,
            "659456" : 5862,
            "667648" : 5156,
            "675840" : 4306,
            "684032" : 3628,
            "692224" : 3042,
            "700416" : 2460,
            "708608" : 2124,
            "716800" : 1957,
            "724992" : 1932,
            "733184" : 1892,
            "741376" : 1962,
            "749568" : 2013,
            "757760" : 2354,
            "765952" : 2396,
            "774144" : 2708,
            "782336" : 2840,
            "790528" : 2933,
            "798720" : 3043,
            "806912" : 3297,
            "815104" : 3400,
            "823296" : 3722,
            "831488" : 3948,
            "839680" : 4416,
            "847872" : 5179,
            "856064" : 6150,
            "864256" : 7439,
            "872448" : 9057,
            "880640" : 10753,
            "888832" : 12397,
            "897024" : 14461,
            "905216" : 15595,
            "913408" : 16247,
            "921600" : 16545,
            "929792" : 16388,
            "937984" : 16286,
            "946176" : 17247,
            "954368" : 17160,
            "962560" : 18152,
            "970752" : 18837,
            "978944" : 19791,
            "987136" : 20725,
            "995328" : 21628,
            "1003520" : 22251,
            "1011712" : 22443,
            "1019904" : 22918,
            "1028096" : 23222,
            "1036288" : 23764,
            "1044480" : 22875,
            "1056768" : 43826,
            "1073152" : 39893,
            "1089536" : 34842,
            "1105920" : 29799,
            "1122304" : 24390,
            "1138688" : 19977,
            "1155072" : 15333,
            "1171456" : 12423,
            "1187840" : 10086,
            "1204224" : 9214,
            "1220608" : 8497,
            "1236992" : 8539,
            "1253376" : 9043,
            "1269760" : 9852,
            "1286144" : 11022,
            "1302528" : 12119,
            "1318912" : 13474,
            "1335296" : 14685,
            "1351680" : 15325,
            "1368064" : 16278,
            "1384448" : 17430,
            "1400832" : 17811,
            "1417216" : 18070,
            "1433600" : 17801,
            "1449984" : 17485,
            "1466368" : 17141,
            "1482752" : 16337,