{
  "fio version" : "fio-3.8",
  "timestamp" : 1535320782,
  "timestamp_ms" : 1535320782406,
  "time" : "Sun Aug 26 21:59:42 2018",
  "jobs" : [
    {
      "jobname" : "wdpc",
      "groupid" : 0,
      "error" : 0,
      "eta" : 0,
      "elapsed" : 61,
      "job options" : {
        "ioengine" : "libaio",
        "group_reporting" : "1",
        "direct" : "1",
        "rw" : "randrw",
        "bs" : "32KB",
        "numjobs" : "2",
        "iodepth" : "16",
        "size" : "75%",
        "name" : "wdpc",
        "random_distribution" : "random",
        "random_generator" : "tausworthe",
        "allrandrepeat" : "1",
        "randseed" : "101",
        "rwmixread" : "0",
        "time_based" : "1",
        "runtime" : "60s",
        "filename" : "/dev/sda"
      },
      "read" : {
        "io_bytes" : 0,
        "io_kbytes" : 0,
        "bw_bytes" : 0,
        "bw" : 0,
        "iops" : 0.000000,
        "runtime" : 0,
        "total_ios" : 0,
        "short_ios" : 0,
        "drop_ios" : 0,
        "slat_ns" : {
          "min" : 0,
          "max" : 0,
          "mean" : 0.000000,
          "stddev" : 0.000000
        },
        "clat_ns" : {
          "min" : 0,
          "max" : 0,
          "mean" : 0.000000,
          "stddev" : 0.000000,
          "percentile" : {
            "1.000000" : 0,
            "5.000000" : 0,
            "10.000000" : 0,
            "20.000000" : 0,
            "30.000000" : 0,
            "40.000000" : 0,
            "50.000000" : 0,
            "60.000000" : 0,
            "70.000000" : 0,
            "80.000000" : 0,
            "90.000000" : 0,
            "95.000000" : 0,
            "99.000000" : 0,
            "99.500000" : 0,
            "99.900000" : 0,
            "99.950000" : 0,
            "99.990000" : 0
          },
          "bins" : {

          }
        },
        "lat_ns" : {
          "min" : 0,
          "max" : 0,
          "mean" : 0.000000,
          "stddev" : 0.000000
        },
        "bw_min" : 0,
        "bw_max" : 0,
        "bw_agg" : 0.000000,
        "bw_mean" : 0.000000,
        "bw_dev" : 0.000000,
        "bw_samples" : 0,
        "iops_min" : 0,
        "iops_max" : 0,
        "iops_mean" : 0.000000,
        "iops_stddev" : 0.000000,
        "iops_samples" : 0
      },
      "write" : {
        "io_bytes" : 11268947968,
        "io_kbytes" : 11004832,
        "bw_bytes" : 187793890,
        "bw" : 183392,
        "iops" : 5731.014715,
        "runtime" : 60007,
        "total_ios" : 343901,
        "short_ios" : 0,
        "drop_ios" : 0,
        "slat_ns" : {
          "min" : 15167,
          "max" : 24823750,
          "mean" : 103662.338033,
          "stddev" : 146154.597017
        },
        "clat_ns" : {
          "min" : 130083,
          "max" : 52523917,
          "mean" : 5462891.457667,
          "stddev" : 2944647.382537,
          "percentile" : {
            "1.000000" : 2146304,
            "5.000000" : 2801664,
            "10.000000" : 3260416,
            "20.000000" : 3686400,
            "30.000000" : 3948544,
            "40.000000" : 4292608,
            "50.000000" : 4685824,
            "60.000000" : 5013504,
            "70.000000" : 5472256,
            "80.000000" : 6455296,
            "90.000000" : 9109504,
            "95.000000" : 11862016,
            "99.000000" : 16318464,
            "99.500000" : 18743296,
            "99.900000" : 23986176,
            "99.950000" : 34865152,
            "99.990000" : 43778048
          },
          "bins" : {
            "130560" : 1,
            "1089536" : 2,
            "1155072" : 2,
            "1171456" : 4,
            "1187840" : 3,
            "1204224" : 1,
            "1236992" : 1,
            "1269760" : 1,
            "1286144" : 11,
            "1302528" : 8,
            "1318912" : 7,
            "1335296" : 17,
            "1351680" : 14,
            "1368064" : 20,
            "1384448" : 21,
            "1400832" : 30,
            "1417216" : 21,
            "1433600" : 14,
            "1449984" : 7,
            "1466368" : 3,
            "1482752" : 14,
            "1499136" : 8,
            "1515520" : 7,
            "1531904" : 3,
            "1548288" : 3,
            "1564672" : 5,
            "1581056" : 7,
            "1597440" : 2,
            "1613824" : 2,
            "1630208" : 1,
            "1646592" : 12,
            "1662976" : 12,
            "1679360" : 11,
            "1695744" : 17,
            "1712128" : 18,
            "1728512" : 26,
            "1744896" : 27,
            "1761280" : 26,
            "1777664" : 38,
            "1794048" : 39,
            "1810432" : 32,
            "1826816" : 45,
            "1843200" : 61,
            "1859584" : 70,
            "1875968" : 88,
            "1892352" : 81,
            "1908736" : 87,
            "1925120" : 91,
            "1941504" : 106,
            "1957888" : 130,
            "1974272" : 163,
            "1990656" : 213,
            "2007040" : 173,
            "2023424" : 197,
            "2039808" : 196,
            "2056192" : 218,
            "2072576" : 266,
            "2088960" : 199,
            "2113536" : 451,
            "2146304" : 542,
            "2179072" : 511,
            "2211840" : 466,
            "2244608" : 527,
            "2277376" : 524,
            "2310144" : 572,
            "2342912" : 605,
            "2375680" : 600,
            "2408448" : 678,
            "2441216" : 701,
            "2473984" : 686,
            "2506752" : 830,
            "2539520" : 747,
            "2572288" : 796,
            "2605056" : 783,
            "2637824" : 745,
            "2670592" : 762,
            "2703360" : 770,
            "2736128" : 779,
            "2768896" : 824,
            "2801664" : 910,
            "2834432" : 1039,
            "2867200" : 1024,
            "2899968" : 1073,
            "2932736" : 1076,
            "2965504" : 1107,
            "2998272" : 1175,
            "3031040" : 1198,
            "3063808" : 1221,
            "3096576" : 1281,
            "3129344" : 1365,
            "3162112" : 1520,
            "3194880" : 1599,
            "3227648" : 1661,
            "3260416" : 1897,
            "3293184" : 1915,
            "3325952" : 1957,
            "3358720" : 2159,
            "3391488" : 2130,
            "3424256" : 2309,
            "3457024" : 2408,
            "3489792" : 2550,
            "3522560" : 2742,
            "3555328" : 2848,
            "3588096" : 2939,
            "3620864" : 3246,
            "3653632" : 3719,
            "3686400" : 3960,
            "3719168" : 4249,
            "3751936" : 4491,
            "3784704" : 4766,
            "3817472" : 4735,
            "3850240" : 4524,
            "3883008" : 4466,
            "3915776" : 4250,
            "3948544" : 4195,
            "3981312" : 3996,
            "4014080" : 3763,
            "4046848" : 3657,
            "4079616" : 3434,
            "4112384" : 3250,
            "4145152" : 3350,
            "4177920" : 3268,
            "4227072" : 6265,
            "4292608" : 5756,
            "4358144" : 5733,
            "4423680" : 5611,
            "4489216" : 5591,
            "4554752" : 5729,
            "4620288" : 5642,
            "4685824" : 5629,
            "4751360" : 5838,
            "4816896" : 5808,
            "4882432" : 6109,
            "4947968" : 6559,
            "5013504" : 6674,
            "5079040" : 6143,
            "5144576" : 5579,
            "5210112" : 5221,
            "5275648" : 4842,
            "5341184" : 4719,
            "5406720" : 4306,
            "5472256" : 4046,
            "5537792" : 3643,
            "5603328" : 3262,
            "5668864" : 2939,
            "5734400" : 2608,
            "5799936" : 2424,
            "5865472" : 2364,
            "5931008" : 2170,
            "5996544" : 2091,
            "6062080" : 1912,
            "6127616" : 1874,
            "6193152" : 1820,
            "6258688" : 1718,