{
  "fio version" : "fio-3.8",
  "timestamp" : 1535320649,
  "timestamp_ms" : 1535320649667,
  "time" : "Sun Aug 26 21:57:29 2018",
  "jobs" : [
    {
      "jobname" : "wdpc",
      "groupid" : 0,
      "error" : 0,
      "eta" : 0,
      "elapsed" : 61,
      "job options" : {
        "ioengine" : "libaio",
        "group_reporting" : "1",
        "direct" : "1",
        "rw" : "randrw",
        "bs" : "32KB",
        "numjobs" : "2",
        "iodepth" : "16",
        "size" : "75%",
        "name" : "wdpc",
        "random_distribution" : "random",
        "random_generator" : "tausworthe",
        "allrandrepeat" : "1",
        "randseed" : "101",
        "rwmixread" : "0",
        "time_based" : "1",
        "runtime" : "60s",
        "filename" : "/dev/sda"
      },
      "read" : {
        "io_bytes" : 0,
        "io_kbytes" : 0,
        "bw_bytes" : 0,
        "bw" : 0,
        "iops" : 0.000000,
        "runtime" : 0,
        "total_ios" : 0,
        "short_ios" : 0,
        "drop_ios" : 0,
        "slat_ns" : {
          "min" : 0,
          "max" : 0,
          "mean" : 0.000000,
          "stddev" : 0.000000
        },
        "clat_ns" : {
          "min" : 0,
          "max" : 0,
          "mean" : 0.000000,
          "stddev" : 0.000000,
          "percentile" : {
            "1.000000" : 0,
            "5.000000" : 0,
            "10.000000" : 0,
            "20.000000" : 0,
            "30.000000" : 0,
            "40.000000" : 0,
            "50.000000" : 0,
            "60.000000" : 0,
            "70.000000" : 0,
            "80.000000" : 0,
            "90.000000" : 0,
            "95.000000" : 0,
            "99.000000" : 0,
            "99.500000" : 0,
            "99.900000" : 0,
            "99.950000" : 0,
            "99.990000" : 0
          },
          "bins" : {

          }
        },
        "lat_ns" : {
          "min" : 0,
          "max" : 0,
          "mean" : 0.000000,
          "stddev" : 0.000000
        },
        "bw_min" : 0,
        "bw_max" : 0,
        "bw_agg" : 0.000000,
        "bw_mean" : 0.000000,
        "bw_dev" : 0.000000,
        "bw_samples" : 0,
        "iops_min" : 0,
        "iops_max" : 0,
        "iops_mean" : 0.000000,
        "iops_stddev" : 0.000000,
        "iops_samples" : 0
      },
      "write" : {
        "io_bytes" : 8876883968,
        "io_kbytes" : 8668832,
        "bw_bytes" : 147935738,
        "bw" : 144468,
        "iops" : 4514.640447,
        "runtime" : 60005,
        "total_ios" : 270901,
        "short_ios" : 0,
        "drop_ios" : 0,
        "slat_ns" : {
          "min" : 15167,
          "max" : 17309792,
          "mean" : 113528.763187,
          "stddev" : 143012.943616
        },
        "clat_ns" : {
          "min" : 1192041,
          "max" : 67843709,
          "mean" : 6955364.617358,
          "stddev" : 4515442.587385,
          "percentile" : {
            "1.000000" : 2113536,
            "5.000000" : 2899968,
            "10.000000" : 3391488,
            "20.000000" : 3850240,
            "30.000000" : 4227072,
            "40.000000" : 4751360,
            "50.000000" : 5210112,
            "60.000000" : 5931008,
            "70.000000" : 7438336,
            "80.000000" : 10158080,
            "90.000000" : 13434880,
            "95.000000" : 15794176,
            "99.000000" : 21102592,
            "99.500000" : 23986176,
            "99.900000" : 39583744,
            "99.950000" : 44826624,
            "99.990000" : 55312384
          },
          "bins" : {
            "1187840" : 2,
            "1204224" : 1,
            "1220608" : 1,
            "1253376" : 2,
            "1286144" : 4,
            "1302528" : 7,
            "1318912" : 2,
            "1335296" : 11,
            "1351680" : 5,
            "1368064" : 16,
            "1384448" : 10,
            "1400832" : 10,
            "1417216" : 10,
            "1433600" : 11,
            "1449984" : 8,
            "1466368" : 10,
            "1482752" : 15,
            "1499136" : 8,
            "1515520" : 9,
            "1531904" : 10,
            "1548288" : 4,
            "1564672" : 14,
            "1581056" : 14,
            "1597440" : 29,
            "1613824" : 22,
            "1630208" : 20,
            "1646592" : 23,
            "1662976" : 21,
            "1679360" : 34,
            "1695744" : 33,
            "1712128" : 33,
            "1728512" : 30,
            "1744896" : 41,
            "1761280" : 50,
            "1777664" : 49,
            "1794048" : 30,
            "1810432" : 43,
            "1826816" : 36,
            "1843200" : 29,
            "1859584" : 47,
            "1875968" : 59,
            "1892352" : 58,
            "1908736" : 62,
            "1925120" : 78,
            "1941504" : 100,
            "1957888" : 91,
            "1974272" : 133,
            "1990656" : 121,
            "2007040" : 172,
            "2023424" : 169,
            "2039808" : 149,
            "2056192" : 151,
            "2072576" : 174,
            "2088960" : 174,
            "2113536" : 341,
            "2146304" : 379,
            "2179072" : 364,
            "2211840" : 354,
            "2244608" : 346,
            "2277376" : 316,
            "2310144" : 320,
            "2342912" : 368,
            "2375680" : 366,
            "2408448" : 343,
            "2441216" : 452,
            "2473984" : 481,
            "2506752" : 472,
            "2539520" : 512,
            "2572288" : 548,
            "2605056" : 491,
            "2637824" : 528,
            "2670592" : 509,
            "2703360" : 480,
            "2736128" : 524,
            "2768896" : 507,
            "2801664" : 539,
            "2834432" : 624,
            "2867200" : 628,
            "2899968" : 610,
            "2932736" : 580,
            "2965504" : 675,
            "2998272" : 653,
            "3031040" : 768,
            "3063808" : 678,
            "3096576" : 742,
            "3129344" : 860,
            "3162112" : 944,
            "3194880" : 976,
            "3227648" : 1043,
            "3260416" : 1048,
            "3293184" : 1124,
            "3325952" : 1155,
            "3358720" : 1231,
            "3391488" : 1342,
            "3424256" : 1422,
            "3457024" : 1446,
            "3489792" : 1547,
            "3522560" : 1678,
            "3555328" : 1704,
            "3588096" : 1856,
            "3620864" : 1925,
            "3653632" : 2205,
            "3686400" : 2180,
            "3719168" : 2338,
            "3751936" : 2445,
            "3784704" : 2761,
            "3817472" : 2663,
            "3850240" : 2729,
            "3883008" : 2621,
            "3915776" : 2644,
            "3948544" : 2481,
            "3981312" : 2468,
            "4014080" : 2311,
            "4046848" : 2335,
            "4079616" : 2168,
            "4112384" : 2133,
            "4145152" : 2070,
            "4177920" : 2061,
            "4227072" : 3892,
            "4292608" : 3796,
            "4358144" : 3527,
            "4423680" : 3485,
            "4489216" : 3414,
            "4554752" : 3255,
            "4620288" : 3451,
            "4685824" : 3490,
            "4751360" : 3498,
            "4816896" : 3756,
            "4882432" : 3763,
            "4947968" : 3662,
            "5013504" : 3937,
            "5079040" : 3874,
            "5144576" : 3916,
            "5210112" : 3511,
            "5275648" : 3192,
            "5341184" : 3274,
            "5406720" : 3025,
            "5472256" : 2849,
            "5537792" : 2443,
            "5603328" : 2201,
            "5668864" : 2031,
            "5734400" : 1824,
            "5799936" : 1761,
            "5865472" : 1665,
            "5931008" : 1558,
            "5996544" : 1472,
            "6062080" : 1396,
            "6127616" : 1397,
            "6193152" : 1337,
            "6258688" : 1251,
            "6324224" : 1235,
            "6389760" : 1252,
            "6455296" : 1269,