{
  "fio version" : "fio-3.8",
  "timestamp" : 1534813539,
  "timestamp_ms" : 1534813539066,
  "time" : "Mon Aug 20 18:05:39 2018",
  "jobs" : [
    {
      "jobname" : "wdpc",
      "groupid" : 0,
      "error" : 0,
      "eta" : 0,
      "elapsed" : 61,
      "job options" : {
        "ioengine" : "libaio",
        "group_reporting" : "1",
        "direct" : "1",
        "rw" : "randrw",
        "bs" : "128KB",
        "numjobs" : "2",
        "iodepth" : "16",
        "size" : "75%",
        "name" : "wdpc",
        "random_distribution" : "random",
        "random_generator" : "tausworthe",
        "allrandrepeat" : "1",
        "randseed" : "101",
        "rwmixread" : "0",
        "time_based" : "1",
        "runtime" : "60s",
        "filename" : "/dev/sda"
      },
      "read" : {
        "io_bytes" : 0,
        "io_kbytes" : 0,
        "bw_bytes" : 0,
        "bw" : 0,
        "iops" : 0.000000,
        "runtime" : 0,
        "total_ios" : 0,
        "short_ios" : 0,
        "drop_ios" : 0,
        "slat_ns" : {
          "min" : 0,
          "max" : 0,
          "mean" : 0.000000,
          "stddev" : 0.000000
        },
        "clat_ns" : {
          "min" : 0,
          "max" : 0,
          "mean" : 0.000000,
          "stddev" : 0.000000,
          "percentile" : {
            "1.000000" : 0,
            "5.000000" : 0,
            "10.000000" : 0,
            "20.000000" : 0,
            "30.000000" : 0,
            "40.000000" : 0,
            "50.000000" : 0,
            "60.000000" : 0,
            "70.000000" : 0,
            "80.000000" : 0,
            "90.000000" : 0,
            "95.000000" : 0,
            "99.000000" : 0,
            "99.500000" : 0,
            "99.900000" : 0,
            "99.950000" : 0,
            "99.990000" : 0
          },
          "bins" : {

          }
        },
        "lat_ns" : {
          "min" : 0,
          "max" : 0,
          "mean" : 0.000000,
          "stddev" : 0.000000
        },
        "bw_min" : 0,
        "bw_max" : 0,
        "bw_agg" : 0.000000,
        "bw_mean" : 0.000000,
        "bw_dev" : 0.000000,
        "bw_samples" : 0,
        "iops_min" : 0,
        "iops_max" : 0,
        "iops_mean" : 0.000000,
        "iops_stddev" : 0.000000,
        "iops_samples" : 0
      },
      "write" : {
        "io_bytes" : 13417971712,
        "io_kbytes" : 13103488,
        "bw_bytes" : 223398293,
        "bw" : 218162,
        "iops" : 1704.393720,
        "runtime" : 60063,
        "total_ios" : 102371,
        "short_ios" : 0,
        "drop_ios" : 0,
        "slat_ns" : {
          "min" : 8828,
          "max" : 3558210,
          "mean" : 27764.581229,
          "stddev" : 29281.395985
        },
        "clat_ns" : {
          "min" : 479567,
          "max" : 131318890,
          "mean" : 18736854.179709,
          "stddev" : 5188382.057347,
          "percentile" : {
            "1.000000" : 15400960,
            "5.000000" : 16056320,
            "10.000000" : 16449536,
            "20.000000" : 16908288,
            "30.000000" : 17432576,
            "40.000000" : 17694720,
            "50.000000" : 17956864,
            "60.000000" : 18219008,
            "70.000000" : 18743296,
            "80.000000" : 19267584,
            "90.000000" : 20054016,
            "95.000000" : 21102592,
            "99.000000" : 55836672,
            "99.500000" : 58982400,
            "99.900000" : 70778880,
            "99.950000" : 82313216,
            "99.990000" : 112721920
          },
          "bins" : {
            "481280" : 1,
            "806912" : 1,
            "1875968" : 1,
            "2605056" : 1,
            "3620864" : 1,
            "3915776" : 1,
            "4685824" : 1,
            "4947968" : 1,
            "5341184" : 1,
            "5668864" : 1,
            "8454144" : 2,
            "10158080" : 1,
            "10551296" : 1,
            "10944512" : 1,
            "11206656" : 1,
            "13041664" : 2,
            "13303808" : 2,
            "13434880" : 3,
            "13565952" : 6,
            "13697024" : 6,
            "13828096" : 6,
            "13959168" : 15,
            "14090240" : 16,
            "14221312" : 12,
            "14352384" : 27,
            "14483456" : 47,
            "14614528" : 60,
            "14745600" : 51,
            "14876672" : 80,
            "15007744" : 120,
            "15138816" : 154,
            "15269888" : 284,
            "15400960" : 431,
            "15532032" : 515,
            "15663104" : 678,
            "15794176" : 863,
            "15925248" : 1275,
            "16056320" : 1522,
            "16187392" : 1832,
            "16318464" : 2167,
            "16449536" : 2243,
            "16580608" : 2517,
            "16711680" : 2837,
            "16908288" : 6227,
            "17170432" : 6594,
            "17432576" : 7518,
            "17694720" : 8336,
            "17956864" : 8410,
            "18219008" : 7801,
            "18481152" : 6515,
            "18743296" : 6060,
            "19005440" : 5110,
            "19267584" : 4682,
            "19529728" : 3843,
            "19791872" : 2889,
            "20054016" : 1915,
            "20316160" : 1376,
            "20578304" : 1063,
            "20840448" : 821,
            "21102592" : 574,
            "21364736" : 370,
            "21626880" : 380,
            "21889024" : 267,
            "22151168" : 191,
            "22413312" : 140,
            "22675456" : 112,
            "22937600" : 87,
            "23199744" : 76,
            "23461888" : 58,
            "23724032" : 36,
            "23986176" : 37,
            "24248320" : 28,
            "24510464" : 20,
            "24772608" : 13,
            "25034752" : 30,
            "25296896" : 6,
            "25559040" : 17,
            "25821184" : 19,
            "26083328" : 8,
            "26345472" : 10,
            "26607616" : 13,
            "26869760" : 26,
            "27131904" : 28,
            "27394048" : 5,
            "27656192" : 17,
            "27918336" : 30,
            "28180480" : 43,
            "28442624" : 64,
            "28704768" : 77,
            "28966912" : 64,
            "29229056" : 65,
            "29491200" : 62,
            "29753344" : 82,
            "30015488" : 116,
            "30277632" : 139,
            "30539776" : 106,
            "30801920" : 119,
            "31064064" : 109,
            "31326208" : 62,
            "31588352" : 83,
            "31850496" : 79,
            "32112640" : 52,
            "32374784" : 63,
            "32636928" : 31,
            "32899072" : 38,
            "33161216" : 23,
            "33423360" : 38,
            "33816576" : 70,
            "34340864" : 23,
            "34865152" : 21,
            "35389440" : 14,
            "36438016" : 6,
            "36962304" : 1,
            "37486592" : 7,
            "38010880" : 1,
            "39059456" : 2,
            "40632320" : 3,
            "41156608" : 1,
            "50593792" : 1,
            "51642368" : 1,
            "52690944" : 3,
            "53215232" : 12,
            "53739520" : 20,
            "54263808" : 27,
            "54788096" : 26,
            "55312384" : 38,
            "55836672" : 68,
            "56360960" : 94,
            "56885248" : 101,
            "57409536" : 109,
            "57933824" : 69,
            "58458112" : 48,
            "58982400" : 47,
            "59506688" : 39,
            "60030976" : 31,
            "60555264" : 26,
            "61079552" : 37,
            "61603840" : 37,
            "62128128" : 26,
            "62652416" : 31,
            "63176704" : 28,
            "63700992" : 30,
            "64225280" : 22,
            "64749568" : 11,
            "65273856" : 12,
            "65798144" : 10,
            "66322432" : 9,
            "66846720" : 9,
            "67633152" : 19,
            "68681728" : 9,
            "69730304" : 3,
            "70778880" : 8,
            "71827456" : 2,