{
  "fio version" : "fio-3.8",
  "timestamp" : 1533718289,
  "timestamp_ms" : 1533718289607,
  "time" : "Wed Aug  8 01:51:29 2018",
  "global options" : {
    "offset" : "33231470592"
  },
  "jobs" : [
    {
      "jobname" : "wdpc",
      "groupid" : 0,
      "error" : 0,
      "eta" : 0,
      "elapsed" : 61,
      "job options" : {
        "ioengine" : "libaio",
        "group_reporting" : "1",
        "direct" : "1",
        "rw" : "readwrite",
        "bs" : "128kB",
        "numjobs" : "1",
        "iodepth" : "32",
        "size" : "75%",
        "name" : "wdpc",
        "rwmixread" : "0",
        "time_based" : "1",
        "runtime" : "60s",
        "filename" : "/dev/sda"
      },
      "read" : {
        "io_bytes" : 0,
        "io_kbytes" : 0,
        "bw_bytes" : 0,
        "bw" : 0,
        "iops" : 0.000000,
        "runtime" : 0,
        "total_ios" : 0,
        "short_ios" : 0,
        "drop_ios" : 0,
        "slat_ns" : {
          "min" : 0,
          "max" : 0,
          "mean" : 0.000000,
          "stddev" : 0.000000
        },
        "clat_ns" : {
          "min" : 0,
          "max" : 0,
          "mean" : 0.000000,
          "stddev" : 0.000000,
          "percentile" : {
            "1.000000" : 0,
            "5.000000" : 0,
            "10.000000" : 0,
            "20.000000" : 0,
            "30.000000" : 0,
            "40.000000" : 0,
            "50.000000" : 0,
            "60.000000" : 0,
            "70.000000" : 0,
            "80.000000" : 0,
            "90.000000" : 0,
            "95.000000" : 0,
            "99.000000" : 0,
            "99.500000" : 0,
            "99.900000" : 0,
            "99.950000" : 0,
            "99.990000" : 0
          },
          "bins" : {

          }
        },
        "lat_ns" : {
          "min" : 0,
          "max" : 0,
          "mean" : 0.000000,
          "stddev" : 0.000000
        },
        "bw_min" : 0,
        "bw_max" : 0,
        "bw_agg" : 0.000000,
        "bw_mean" : 0.000000,
        "bw_dev" : 0.000000,
        "bw_samples" : 0,
        "iops_min" : 0,
        "iops_max" : 0,
        "iops_mean" : 0.000000,
        "iops_stddev" : 0.000000,
        "iops_samples" : 0
      },
      "write" : {
        "io_bytes" : 17138581504,
        "io_kbytes" : 16736896,
        "bw_bytes" : 285576390,
        "bw" : 278883,
        "iops" : 2178.774953,
        "runtime" : 60014,
        "total_ios" : 130757,
        "short_ios" : 0,
        "drop_ios" : 0,
        "slat_ns" : {
          "min" : 8229,
          "max" : 5580758,
          "mean" : 21164.886071,
          "stddev" : 50815.002840
        },
        "clat_ns" : {
          "min" : 970184,
          "max" : 32142095,
          "mean" : 14660495.911324,
          "stddev" : 2006737.705737,
          "percentile" : {
            "1.000000" : 12648448,
            "5.000000" : 13041664,
            "10.000000" : 13303808,
            "20.000000" : 13565952,
            "30.000000" : 13697024,
            "40.000000" : 13959168,
            "50.000000" : 14221312,
            "60.000000" : 14614528,
            "70.000000" : 14876672,
            "80.000000" : 15400960,
            "90.000000" : 16056320,
            "95.000000" : 16908288,
            "99.000000" : 27131904,
            "99.500000" : 28180480,
            "99.900000" : 29753344,
            "99.950000" : 30801920,
            "99.990000" : 31588352
          },
          "bins" : {
            "970752" : 1,
            "1400832" : 1,
            "1417216" : 1,
            "2113536" : 1,
            "2473984" : 1,
            "2801664" : 1,
            "3325952" : 1,
            "3686400" : 1,
            "4014080" : 1,
            "4423680" : 1,
            "4751360" : 1,
            "5079040" : 1,
            "5537792" : 1,
            "5931008" : 1,
            "6258688" : 1,
            "6520832" : 1,
            "6914048" : 1,
            "7241728" : 1,
            "7634944" : 1,
            "7962624" : 1,
            "8355840" : 1,
            "8716288" : 1,
            "9633792" : 3,
            "9895936" : 6,
            "10027008" : 2,
            "10158080" : 6,
            "10289152" : 8,
            "10420224" : 12,
            "10551296" : 5,
            "10682368" : 15,
            "10813440" : 13,
            "10944512" : 7,
            "11075584" : 19,
            "11206656" : 24,
            "11337728" : 12,
            "11468800" : 14,
            "11599872" : 44,
            "11730944" : 56,
            "11862016" : 58,
            "11993088" : 95,
            "12124160" : 79,
            "12255232" : 102,
            "12386304" : 124,
            "12517376" : 233,
            "12648448" : 468,
            "12779520" : 1004,
            "12910592" : 1923,
            "13041664" : 3336,
            "13172736" : 4741,
            "13303808" : 5950,
            "13434880" : 6601,
            "13565952" : 6928,
            "13697024" : 7342,
            "13828096" : 7243,
            "13959168" : 7286,
            "14090240" : 6603,
            "14221312" : 6472,
            "14352384" : 5418,
            "14483456" : 5364,
            "14614528" : 5246,
            "14745600" : 4525,
            "14876672" : 4295,
            "15007744" : 3738,
            "15138816" : 3543,
            "15269888" : 3260,
            "15400960" : 3251,
            "15532032" : 3389,
            "15663104" : 2945,
            "15794176" : 2805,
            "15925248" : 2221,
            "16056320" : 1732,
            "16187392" : 1251,
            "16318464" : 1219,
            "16449536" : 965,
            "16580608" : 900,
            "16711680" : 968,
            "16908288" : 1691,
            "17170432" : 1273,
            "17432576" : 783,
            "17694720" : 375,
            "17956864" : 207,
            "18219008" : 113,
            "18481152" : 85,
            "18743296" : 43,
            "19005440" : 37,
            "19267584" : 38,
            "19529728" : 37,
            "19791872" : 33,
            "20054016" : 15,
            "20316160" : 6,
            "20578304" : 1,
            "20840448" : 2,
            "21102592" : 1,
            "21889024" : 1,
            "22413312" : 1,
            "22675456" : 1,
            "22937600" : 1,
            "23461888" : 1,
            "23724032" : 1,
            "24248320" : 1,
            "24510464" : 1,
            "25034752" : 2,
            "25296896" : 9,
            "25559040" : 4,
            "25821184" : 19,
            "26083328" : 38,
            "26345472" : 83,
            "26607616" : 182,
            "26869760" : 259,
            "27131904" : 274,
            "27394048" : 150,
            "27656192" : 164,
            "27918336" : 221,
            "28180480" : 226,
            "28442624" : 124,
            "28704768" : 120,
            "28966912" : 50,
            "29229056" : 45,
            "29491200" : 6,
            "29753344" : 13,
            "30015488" : 3,
            "30277632" : 17,
            "30539776" : 23,
            "30801920" : 38,
            "31064064" : 16,
            "31326208" : 18,
            "31588352" : 7,
            "31850496" : 3,
            "32112640" : 4
          }
        },
        "lat_ns" : {
          "min" : 1065309,
          "max" : 32162190,
          "mean" : 14682133.511475,
          "stddev" : 2006036.703536
        },
        "bw_min" : 262400,
        "bw_max" : 292864,
        "bw_agg" : 99.992249,
        "bw_mean" : 278861.383333,
        "bw_dev" : 6156.770484,
        "bw_samples" : 120,
        "iops_min" : 2050,
        "iops_max" : 2288,
        "iops_mean" : 2178.600000,
        "iops_stddev" : 48.123511,
        "iops_samples" : 120
      },
      "trim" : {
        "io_bytes" : 0,
        "io_kbytes" : 0,
        "bw_bytes" : 0,
        "bw" : 0,
        "iops" : 0.000000,
        "runtime" : 0,
        "total_ios" : 0,
        "short_ios" : 0,
        "drop_ios" : 0,
        "slat_ns" : {
          "min" : 0,