{
  "fio version" : "fio-3.8",
  "timestamp" : 1535667966,
  "timestamp_ms" : 1535667966689,
  "time" : "Thu Aug 30 22:26:06 2018",
  "global options" : {
    "offset" : "0"
  },
  "jobs" : [
    {
      "jobname" : "wdpc",
      "groupid" : 0,
      "error" : 0,
      "eta" : 0,
      "elapsed" : 61,
      "job options" : {
        "ioengine" : "libaio",
        "group_reporting" : "1",
        "direct" : "1",
        "rw" : "readwrite",
        "bs" : "128KB",
        "numjobs" : "1",
        "iodepth" : "32",
        "size" : "75%",
        "name" : "wdpc",
        "rwmixread" : "0",
        "time_based" : "1",
        "runtime" : "60s",
        "filename" : "/dev/sda"
      },
      "read" : {
        "io_bytes" : 0,
        "io_kbytes" : 0,
        "bw_bytes" : 0,
        "bw" : 0,
        "iops" : 0.000000,
        "runtime" : 0,
        "total_ios" : 0,
        "short_ios" : 0,
        "drop_ios" : 0,
        "slat_ns" : {
          "min" : 0,
          "max" : 0,
          "mean" : 0.000000,
          "stddev" : 0.000000
        },
        "clat_ns" : {
          "min" : 0,
          "max" : 0,
          "mean" : 0.000000,
          "stddev" : 0.000000,
          "percentile" : {
            "1.000000" : 0,
            "5.000000" : 0,
            "10.000000" : 0,
            "20.000000" : 0,
            "30.000000" : 0,
            "40.000000" : 0,
            "50.000000" : 0,
            "60.000000" : 0,
            "70.000000" : 0,
            "80.000000" : 0,
            "90.000000" : 0,
            "95.000000" : 0,
            "99.000000" : 0,
            "99.500000" : 0,
            "99.900000" : 0,
            "99.950000" : 0,
            "99.990000" : 0
          },
          "bins" : {

          }
        },
        "lat_ns" : {
          "min" : 0,
          "max" : 0,
          "mean" : 0.000000,
          "stddev" : 0.000000
        },
        "bw_min" : 0,
        "bw_max" : 0,
        "bw_agg" : 0.000000,
        "bw_mean" : 0.000000,
        "bw_dev" : 0.000000,
        "bw_samples" : 0,
        "iops_min" : 0,
        "iops_max" : 0,
        "iops_mean" : 0.000000,
        "iops_stddev" : 0.000000,
        "iops_samples" : 0
      },
      "write" : {
        "io_bytes" : 17889886208,
        "io_kbytes" : 17470592,
        "bw_bytes" : 298100181,
        "bw" : 291113,
        "iops" : 2274.323896,
        "runtime" : 60013,
        "total_ios" : 136489,
        "short_ios" : 0,
        "drop_ios" : 0,
        "slat_ns" : {
          "min" : 37041,
          "max" : 10249459,
          "mean" : 173626.633883,
          "stddev" : 118279.903818
        },
        "clat_ns" : {
          "min" : 4864417,
          "max" : 33352958,
          "mean" : 13873502.387943,
          "stddev" : 2081195.832462,
          "percentile" : {
            "1.000000" : 11599872,
            "5.000000" : 12255232,
            "10.000000" : 12517376,
            "20.000000" : 12779520,
            "30.000000" : 13041664,
            "40.000000" : 13303808,
            "50.000000" : 13565952,
            "60.000000" : 13828096,
            "70.000000" : 14090240,
            "80.000000" : 14483456,
            "90.000000" : 15269888,
            "95.000000" : 16056320,
            "99.000000" : 27131904,
            "99.500000" : 28180480,
            "99.900000" : 29753344,
            "99.950000" : 30801920,
            "99.990000" : 32374784
          },
          "bins" : {
            "4882432" : 6,
            "4947968" : 2,
            "5013504" : 1,
            "5079040" : 9,
            "5996544" : 2,
            "6062080" : 2,
            "6193152" : 1,
            "6258688" : 6,
            "6324224" : 4,
            "6389760" : 4,
            "6455296" : 4,
            "6520832" : 4,
            "6586368" : 1,
            "6717440" : 2,
            "6782976" : 5,
            "6848512" : 2,
            "6914048" : 1,
            "7110656" : 1,
            "7241728" : 1,
            "7372800" : 1,
            "7569408" : 1,
            "7700480" : 1,
            "7831552" : 1,
            "8028160" : 1,
            "8159232" : 1,
            "8224768" : 1,
            "8290304" : 1,
            "8454144" : 2,
            "8585216" : 2,
            "8716288" : 2,
            "8847360" : 3,
            "8978432" : 1,
            "9109504" : 1,
            "9240576" : 2,
            "9371648" : 2,
            "9764864" : 16,
            "9895936" : 36,
            "10027008" : 69,
            "10158080" : 50,
            "10289152" : 29,
            "10420224" : 30,
            "10551296" : 24,
            "10682368" : 59,
            "10813440" : 73,
            "10944512" : 90,
            "11075584" : 115,
            "11206656" : 123,
            "11337728" : 181,
            "11468800" : 238,
            "11599872" : 365,
            "11730944" : 464,
            "11862016" : 746,
            "11993088" : 1169,
            "12124160" : 1752,
            "12255232" : 2830,
            "12386304" : 3897,
            "12517376" : 5238,
            "12648448" : 6126,
            "12779520" : 7089,
            "12910592" : 7480,
            "13041664" : 7875,
            "13172736" : 7604,
            "13303808" : 7292,
            "13434880" : 7093,
            "13565952" : 6476,
            "13697024" : 6418,
            "13828096" : 6173,
            "13959168" : 5783,
            "14090240" : 5265,
            "14221312" : 4757,
            "14352384" : 4364,
            "14483456" : 3538,
            "14614528" : 3069,
            "14745600" : 2588,
            "14876672" : 2206,
            "15007744" : 1959,
            "15138816" : 1593,
            "15269888" : 1308,
            "15400960" : 1231,
            "15532032" : 1055,
            "15663104" : 989,
            "15794176" : 958,
            "15925248" : 893,
            "16056320" : 871,
            "16187392" : 777,
            "16318464" : 743,
            "16449536" : 559,
            "16580608" : 484,
            "16711680" : 335,
            "16908288" : 560,
            "17170432" : 305,
            "17432576" : 197,
            "17694720" : 127,
            "17956864" : 116,
            "18219008" : 72,
            "18481152" : 67,
            "18743296" : 46,
            "19005440" : 37,
            "19267584" : 37,
            "19529728" : 26,
            "19791872" : 9,
            "20054016" : 17,
            "20316160" : 5,
            "20578304" : 6,
            "20840448" : 6,
            "21102592" : 2,
            "21364736" : 2,
            "21626880" : 6,
            "21889024" : 4,
            "22151168" : 2,
            "22413312" : 2,
            "23199744" : 2,
            "23724032" : 3,
            "23986176" : 8,
            "24248320" : 10,
            "24510464" : 11,
            "24772608" : 9,
            "25034752" : 11,
            "25296896" : 42,
            "25559040" : 80,
            "25821184" : 99,
            "26083328" : 156,
            "26345472" : 119,
            "26607616" : 121,
            "26869760" : 151,
            "27131904" : 134,
            "27394048" : 165,
            "27656192" : 210,
            "27918336" : 164,
            "28180480" : 148,
            "28442624" : 147,
            "28704768" : 105,
            "28966912" : 57,
            "29229056" : 51,
            "29491200" : 62,
            "29753344" : 34,
            "30015488" : 15,
            "30277632" : 15,
            "30539776" : 13,
            "30801920" : 13,
            "31064064" : 9,
            "31326208" : 4,
            "31588352" : 10,
            "31850496" : 11,
            "32112640" : 7,
            "32374784" : 5,
            "32636928" : 1,
            "32899072" : 1,
            "33161216" : 8,
            "33423360" : 1
          }
        },
        "lat_ns" : {
          "min" : 5023375,
          "max" : 33419750,
          "mean" : 14052791.140715,
          "stddev" : 2071385.162567
        },
        "bw_min" : 266240,