{
  "fio version" : "fio-3.8",
  "timestamp" : 1535660505,
  "timestamp_ms" : 1535660505811,
  "time" : "Thu Aug 30 20:21:45 2018",
  "global options" : {
    "offset" : "40256274432"
  },
  "jobs" : [
    {
      "jobname" : "wdpc",
      "groupid" : 0,
      "error" : 0,
      "eta" : 0,
      "elapsed" : 61,
      "job options" : {
        "ioengine" : "libaio",
        "group_reporting" : "1",
        "direct" : "1",
        "rw" : "readwrite",
        "bs" : "8KB",
        "numjobs" : "1",
        "iodepth" : "32",
        "size" : "75%",
        "name" : "wdpc",
        "rwmixread" : "0",
        "time_based" : "1",
        "runtime" : "60s",
        "filename" : "/dev/sda"
      },
      "read" : {
        "io_bytes" : 0,
        "io_kbytes" : 0,
        "bw_bytes" : 0,
        "bw" : 0,
        "iops" : 0.000000,
        "runtime" : 0,
        "total_ios" : 0,
        "short_ios" : 0,
        "drop_ios" : 0,
        "slat_ns" : {
          "min" : 0,
          "max" : 0,
          "mean" : 0.000000,
          "stddev" : 0.000000
        },
        "clat_ns" : {
          "min" : 0,
          "max" : 0,
          "mean" : 0.000000,
          "stddev" : 0.000000,
          "percentile" : {
            "1.000000" : 0,
            "5.000000" : 0,
            "10.000000" : 0,
            "20.000000" : 0,
            "30.000000" : 0,
            "40.000000" : 0,
            "50.000000" : 0,
            "60.000000" : 0,
            "70.000000" : 0,
            "80.000000" : 0,
            "90.000000" : 0,
            "95.000000" : 0,
            "99.000000" : 0,
            "99.500000" : 0,
            "99.900000" : 0,
            "99.950000" : 0,
            "99.990000" : 0
          },
          "bins" : {

          }
        },
        "lat_ns" : {
          "min" : 0,
          "max" : 0,
          "mean" : 0.000000,
          "stddev" : 0.000000
        },
        "bw_min" : 0,
        "bw_max" : 0,
        "bw_agg" : 0.000000,
        "bw_mean" : 0.000000,
        "bw_dev" : 0.000000,
        "bw_samples" : 0,
        "iops_min" : 0,
        "iops_max" : 0,
        "iops_mean" : 0.000000,
        "iops_stddev" : 0.000000,
        "iops_samples" : 0
      },
      "write" : {
        "io_bytes" : 13419544576,
        "io_kbytes" : 13105024,
        "bw_bytes" : 223655348,
        "bw" : 218413,
        "iops" : 27301.678305,
        "runtime" : 60001,
        "total_ios" : 1638128,
        "short_ios" : 0,
        "drop_ios" : 0,
        "slat_ns" : {
          "min" : 5542,
          "max" : 1190583,
          "mean" : 28826.366479,
          "stddev" : 5494.469350
        },
        "clat_ns" : {
          "min" : 182583,
          "max" : 14594708,
          "mean" : 1139600.332347,
          "stddev" : 407871.617961,
          "percentile" : {
            "1.000000" : 995328,
            "5.000000" : 1056768,
            "10.000000" : 1073152,
            "20.000000" : 1089536,
            "30.000000" : 1105920,
            "40.000000" : 1105920,
            "50.000000" : 1122304,
            "60.000000" : 1122304,
            "70.000000" : 1138688,
            "80.000000" : 1138688,
            "90.000000" : 1171456,
            "95.000000" : 1187840,
            "99.000000" : 1597440,
            "99.500000" : 1957888,
            "99.900000" : 5406720,
            "99.950000" : 13565952,
            "99.990000" : 14090240
          },
          "bins" : {
            "183296" : 1,
            "211968" : 1,
            "254976" : 1,
            "296960" : 1,
            "329728" : 1,
            "374784" : 1,
            "407552" : 1,
            "448512" : 1,
            "489472" : 1,
            "518144" : 1,
            "561152" : 1,
            "593920" : 1,
            "634880" : 1,
            "675840" : 1,
            "708608" : 1,
            "749568" : 1,
            "790528" : 1,
            "823296" : 1,
            "872448" : 3,
            "880640" : 5,
            "888832" : 10,
            "897024" : 33,
            "905216" : 75,
            "913408" : 182,
            "921600" : 382,
            "929792" : 487,
            "937984" : 721,
            "946176" : 1108,
            "954368" : 1455,
            "962560" : 1829,
            "970752" : 2277,
            "978944" : 2870,
            "987136" : 3134,
            "995328" : 3321,
            "1003520" : 3648,
            "1011712" : 3735,
            "1019904" : 4095,
            "1028096" : 4383,
            "1036288" : 5767,
            "1044480" : 8663,
            "1056768" : 34851,
            "1073152" : 92096,
            "1089536" : 235506,
            "1105920" : 361289,
            "1122304" : 328465,
            "1138688" : 222416,
            "1155072" : 130846,
            "1171456" : 78040,
            "1187840" : 43191,
            "1204224" : 19650,
            "1220608" : 8124,
            "1236992" : 3377,
            "1253376" : 1903,
            "1269760" : 1344,
            "1286144" : 1138,
            "1302528" : 1064,
            "1318912" : 1026,
            "1335296" : 877,
            "1351680" : 878,
            "1368064" : 777,
            "1384448" : 715,
            "1400832" : 740,
            "1417216" : 776,
            "1433600" : 689,
            "1449984" : 555,
            "1466368" : 420,
            "1482752" : 499,
            "1499136" : 441,
            "1515520" : 492,
            "1531904" : 362,
            "1548288" : 345,
            "1564672" : 300,
            "1581056" : 309,
            "1597440" : 245,
            "1613824" : 208,
            "1630208" : 248,
            "1646592" : 259,
            "1662976" : 265,
            "1679360" : 291,
            "1695744" : 330,
            "1712128" : 361,
            "1728512" : 392,
            "1744896" : 327,
            "1761280" : 372,
            "1777664" : 322,
            "1794048" : 343,
            "1810432" : 329,
            "1826816" : 370,
            "1843200" : 476,
            "1859584" : 489,
            "1875968" : 649,
            "1892352" : 546,
            "1908736" : 508,
            "1925120" : 424,
            "1941504" : 367,
            "1957888" : 355,
            "1974272" : 353,
            "1990656" : 368,
            "2007040" : 364,
            "2023424" : 343,
            "2039808" : 347,
            "2056192" : 312,
            "2072576" : 316,
            "2088960" : 389,
            "2113536" : 813,
            "2146304" : 555,
            "2179072" : 435,
            "2211840" : 328,
            "2244608" : 295,
            "2277376" : 224,
            "2310144" : 135,
            "2342912" : 131,
            "2375680" : 79,
            "2408448" : 73,
            "2441216" : 41,
            "2473984" : 27,
            "2506752" : 20,
            "2539520" : 13,
            "2572288" : 14,
            "2605056" : 13,
            "2637824" : 4,
            "2670592" : 7,
            "2703360" : 5,
            "2736128" : 5,
            "2768896" : 6,
            "2801664" : 1,
            "2834432" : 2,
            "2867200" : 2,
            "2932736" : 2,
            "2998272" : 3,
            "3063808" : 2,
            "3129344" : 2,
            "3162112" : 1,
            "3194880" : 3,
            "3227648" : 1,
            "3260416" : 1,
            "3293184" : 2,
            "3325952" : 1,
            "3358720" : 6,
            "3391488" : 7,
            "3457024" : 2,
            "3489792" : 1,
            "3522560" : 4,
            "3555328" : 5,
            "3588096" : 1,
            "3620864" : 2,
            "3653632" : 5,
            "3686400" : 5,
            "3719168" : 1,
            "3751936" : 1,
            "3784704" : 2,
            "3817472" : 17,
            "3850240" : 32,
            "3883008" : 87,
            "3915776" : 9,
            "3948544" : 2,
            "3981312" : 2,
            "4014080" : 1,
            "4046848" : 2,
            "4079616" : 2,
            "4112384" : 1,