{
  "fio version" : "fio-3.8",
  "timestamp" : 1536990561,
  "timestamp_ms" : 1536990561279,
  "time" : "Sat Sep 15 05:49:21 2018",
  "jobs" : [
    {
      "jobname" : "wdpc",
      "groupid" : 0,
      "error" : 0,
      "eta" : 0,
      "elapsed" : 61,
      "job options" : {
        "ioengine" : "libaio",
        "group_reporting" : "1",
        "direct" : "1",
        "rw" : "readwrite",
        "bs" : "512B",
        "numjobs" : "1",
        "iodepth" : "1",
        "size" : "75%",
        "name" : "wdpc",
        "random_distribution" : "random",
        "random_generator" : "tausworthe",
        "allrandrepeat" : "1",
        "randseed" : "101",
        "rwmixread" : "0",
        "time_based" : "1",
        "runtime" : "60s",
        "filename" : "/dev/sda"
      },
      "read" : {
        "io_bytes" : 0,
        "io_kbytes" : 0,
        "bw_bytes" : 0,
        "bw" : 0,
        "iops" : 0.000000,
        "runtime" : 0,
        "total_ios" : 0,
        "short_ios" : 0,
        "drop_ios" : 0,
        "slat_ns" : {
          "min" : 0,
          "max" : 0,
          "mean" : 0.000000,
          "stddev" : 0.000000
        },
        "clat_ns" : {
          "min" : 0,
          "max" : 0,
          "mean" : 0.000000,
          "stddev" : 0.000000,
          "percentile" : {
            "1.000000" : 0,
            "5.000000" : 0,
            "10.000000" : 0,
            "20.000000" : 0,
            "30.000000" : 0,
            "40.000000" : 0,
            "50.000000" : 0,
            "60.000000" : 0,
            "70.000000" : 0,
            "80.000000" : 0,
            "90.000000" : 0,
            "95.000000" : 0,
            "99.000000" : 0,
            "99.500000" : 0,
            "99.900000" : 0,
            "99.950000" : 0,
            "99.990000" : 0
          },
          "bins" : {

          }
        },
        "lat_ns" : {
          "min" : 0,
          "max" : 0,
          "mean" : 0.000000,
          "stddev" : 0.000000
        },
        "bw_min" : 0,
        "bw_max" : 0,
        "bw_agg" : 0.000000,
        "bw_mean" : 0.000000,
        "bw_dev" : 0.000000,
        "bw_samples" : 0,
        "iops_min" : 0,
        "iops_max" : 0,
        "iops_mean" : 0.000000,
        "iops_stddev" : 0.000000,
        "iops_samples" : 0
      },
      "write" : {
        "io_bytes" : 376594944,
        "io_kbytes" : 367768,
        "bw_bytes" : 6276477,
        "bw" : 6129,
        "iops" : 12258.745688,
        "runtime" : 60001,
        "total_ios" : 735537,
        "short_ios" : 0,
        "drop_ios" : 0,
        "slat_ns" : {
          "min" : 18083,
          "max" : 4802291,
          "mean" : 19662.216581,
          "stddev" : 18781.986270
        },
        "clat_ns" : {
          "min" : 1750,
          "max" : 27043042,
          "mean" : 58343.185539,
          "stddev" : 70792.238352,
          "percentile" : {
            "1.000000" : 48384,
            "5.000000" : 55040,
            "10.000000" : 55552,
            "20.000000" : 55552,
            "30.000000" : 55552,
            "40.000000" : 55552,
            "50.000000" : 56064,
            "60.000000" : 56064,
            "70.000000" : 56576,
            "80.000000" : 57600,
            "90.000000" : 59136,
            "95.000000" : 61696,
            "99.000000" : 88576,
            "99.500000" : 90624,
            "99.900000" : 130560,
            "99.950000" : 207872,
            "99.990000" : 2146304
          },
          "bins" : {
            "1752" : 4,
            "2040" : 29,
            "2320" : 28,
            "2640" : 25,
            "2928" : 19,
            "3216" : 4,
            "3504" : 4,
            "3792" : 2,
            "4080" : 4,
            "4384" : 3,
            "4640" : 5,
            "4960" : 3,
            "5280" : 1,
            "5536" : 1,
            "5856" : 1,
            "6112" : 1,
            "6688" : 3,
            "7008" : 1,
            "7264" : 1,
            "7904" : 1,
            "8160" : 3,
            "8512" : 2,
            "8768" : 1,
            "9024" : 1,
            "9280" : 2,
            "9920" : 6,
            "10176" : 4,
            "10560" : 1,
            "10816" : 3,
            "11328" : 1,
            "11712" : 2,
            "11968" : 1,
            "12224" : 1,
            "12480" : 3,
            "13120" : 2,
            "14016" : 1,
            "14272" : 2,
            "15168" : 1,
            "15424" : 1,
            "15808" : 1,
            "16064" : 1,
            "16512" : 2,
            "17024" : 1,
            "17792" : 2,
            "18048" : 1,
            "18304" : 2,
            "18560" : 3,
            "19072" : 5,
            "19328" : 1,
            "19584" : 1,
            "20096" : 4,
            "20352" : 1,
            "20608" : 5,
            "21120" : 1,
            "21376" : 3,
            "21632" : 5,
            "21888" : 3,
            "22400" : 1,
            "22656" : 5,
            "23168" : 4,
            "23424" : 2,
            "23680" : 3,
            "23936" : 4,
            "24192" : 4,
            "24448" : 4,
            "24704" : 3,
            "24960" : 8,
            "25472" : 5,
            "25728" : 6,
            "25984" : 8,
            "26240" : 7,
            "26496" : 6,
            "26752" : 6,
            "27008" : 15,
            "27520" : 10,
            "27776" : 12,
            "28032" : 10,
            "28288" : 11,
            "28544" : 8,
            "28800" : 17,
            "29056" : 10,
            "29568" : 13,
            "29824" : 19,
            "30080" : 17,
            "30336" : 12,
            "30592" : 13,
            "30848" : 16,
            "31104" : 18,
            "31616" : 22,
            "31872" : 24,
            "32128" : 18,
            "32384" : 26,
            "32640" : 32,
            "33024" : 75,
            "33536" : 33,
            "34048" : 85,
            "34560" : 78,
            "35072" : 68,
            "35584" : 30,
            "36096" : 54,
            "36608" : 56,
            "37120" : 41,
            "37632" : 20,
            "38144" : 44,
            "38656" : 47,
            "39168" : 26,
            "39680" : 11,
            "40192" : 23,
            "40704" : 16,
            "41216" : 16,
            "41728" : 10,
            "42240" : 23,
            "42752" : 45,
            "43264" : 34,
            "43776" : 29,
            "44288" : 73,
            "44800" : 102,
            "45312" : 131,
            "45824" : 112,
            "46336" : 334,
            "46848" : 745,
            "47360" : 1586,
            "47872" : 2058,
            "48384" : 792,
            "48896" : 774,
            "49408" : 325,
            "49920" : 240,
            "50432" : 104,
            "50944" : 232,
            "51456" : 217,
            "51968" : 188,
            "52480" : 55,
            "52992" : 115,
            "53504" : 106,
            "54016" : 134,
            "54528" : 780,
            "55040" : 26601,
            "55552" : 271163,
            "56064" : 203768,
            "56576" : 24127,
            "57088" : 34830,
            "57600" : 30190,
            "58112" : 26263,
            "58624" : 13066,
            "59136" : 25963,
            "59648" : 17154,
            "60160" : 7017,
            "60672" : 2405,
            "61184" : 3570,
            "61696" : 2642,
            "62208" : 2032,
            "62720" : 855,
            "63232" : 1315,
            "63744" : 851,
            "64256" : 588,
            "64768" : 274,
            "65280" : 494,
            "66048" : 740,
            "67072" : 399,
            "68096" : 420,
            "69120" : 253,
            "70144" : 279,
            "71168" : 180,
            "72192" : 208,
            "73216" : 139,
            "74240" : 199,
            "75264" : 147,
            "76288" : 188,
            "77312" : 113,
            "78336" : 151,
            "79360" : 142,
            "80384" : 212,
            "81408" : 83,
            "82432" : 75,