{
  "fio version" : "fio-3.8",
  "timestamp" : 1536883008,
  "timestamp_ms" : 1536883008857,
  "time" : "Thu Sep 13 23:56:48 2018",
  "jobs" : [
    {
      "jobname" : "wdpc",
      "groupid" : 0,
      "error" : 0,
      "eta" : 0,
      "elapsed" : 61,
      "job options" : {
        "ioengine" : "libaio",
        "group_reporting" : "1",
        "direct" : "1",
        "rw" : "readwrite",
        "bs" : "512B",
        "numjobs" : "1",
        "iodepth" : "1",
        "size" : "75%",
        "name" : "wdpc",
        "random_distribution" : "random",
        "random_generator" : "tausworthe",
        "allrandrepeat" : "1",
        "randseed" : "101",
        "rwmixread" : "0",
        "time_based" : "1",
        "runtime" : "60s",
        "filename" : "/dev/sda"
      },
      "read" : {
        "io_bytes" : 0,
        "io_kbytes" : 0,
        "bw_bytes" : 0,
        "bw" : 0,
        "iops" : 0.000000,
        "runtime" : 0,
        "total_ios" : 0,
        "short_ios" : 0,
        "drop_ios" : 0,
        "slat_ns" : {
          "min" : 0,
          "max" : 0,
          "mean" : 0.000000,
          "stddev" : 0.000000
        },
        "clat_ns" : {
          "min" : 0,
          "max" : 0,
          "mean" : 0.000000,
          "stddev" : 0.000000,
          "percentile" : {
            "1.000000" : 0,
            "5.000000" : 0,
            "10.000000" : 0,
            "20.000000" : 0,
            "30.000000" : 0,
            "40.000000" : 0,
            "50.000000" : 0,
            "60.000000" : 0,
            "70.000000" : 0,
            "80.000000" : 0,
            "90.000000" : 0,
            "95.000000" : 0,
            "99.000000" : 0,
            "99.500000" : 0,
            "99.900000" : 0,
            "99.950000" : 0,
            "99.990000" : 0
          },
          "bins" : {

          }
        },
        "lat_ns" : {
          "min" : 0,
          "max" : 0,
          "mean" : 0.000000,
          "stddev" : 0.000000
        },
        "bw_min" : 0,
        "bw_max" : 0,
        "bw_agg" : 0.000000,
        "bw_mean" : 0.000000,
        "bw_dev" : 0.000000,
        "bw_samples" : 0,
        "iops_min" : 0,
        "iops_max" : 0,
        "iops_mean" : 0.000000,
        "iops_stddev" : 0.000000,
        "iops_samples" : 0
      },
      "write" : {
        "io_bytes" : 366194176,
        "io_kbytes" : 357611,
        "bw_bytes" : 6103134,
        "bw" : 5960,
        "iops" : 11920.184664,
        "runtime" : 60001,
        "total_ios" : 715223,
        "short_ios" : 0,
        "drop_ios" : 0,
        "slat_ns" : {
          "min" : 18083,
          "max" : 10370792,
          "mean" : 19907.560811,
          "stddev" : 18749.667259
        },
        "clat_ns" : {
          "min" : 1458,
          "max" : 23407708,
          "mean" : 60290.555796,
          "stddev" : 61514.437128,
          "percentile" : {
            "1.000000" : 49920,
            "5.000000" : 57088,
            "10.000000" : 57600,
            "20.000000" : 57600,
            "30.000000" : 57600,
            "40.000000" : 58112,
            "50.000000" : 58624,
            "60.000000" : 60160,
            "70.000000" : 60672,
            "80.000000" : 61184,
            "90.000000" : 61696,
            "95.000000" : 63744,
            "99.000000" : 89600,
            "99.500000" : 92672,
            "99.900000" : 110080,
            "99.950000" : 179200,
            "99.990000" : 1449984
          },
          "bins" : {
            "1464" : 8,
            "1752" : 29,
            "2040" : 61,
            "2320" : 68,
            "2640" : 44,
            "2928" : 21,
            "3216" : 14,
            "3504" : 5,
            "3792" : 1,
            "4080" : 8,
            "4384" : 10,
            "4640" : 5,
            "4960" : 2,
            "5280" : 6,
            "5536" : 2,
            "5856" : 3,
            "7584" : 1,
            "8512" : 1,
            "8768" : 3,
            "9024" : 4,
            "9280" : 3,
            "9664" : 3,
            "10176" : 1,
            "11072" : 1,
            "11328" : 2,
            "11712" : 2,
            "11968" : 2,
            "12224" : 7,
            "12480" : 8,
            "12864" : 9,
            "13120" : 2,
            "13376" : 5,
            "13760" : 2,
            "14016" : 6,
            "14272" : 5,
            "14528" : 6,
            "14912" : 4,
            "15168" : 1,
            "15424" : 2,
            "15808" : 3,
            "16064" : 5,
            "16320" : 4,
            "16512" : 5,
            "17024" : 7,
            "17280" : 1,
            "17536" : 4,
            "17792" : 3,
            "18048" : 1,
            "18304" : 7,
            "19072" : 7,
            "19328" : 5,
            "19584" : 2,
            "19840" : 1,
            "20096" : 3,
            "20352" : 7,
            "20608" : 6,
            "21120" : 5,
            "21376" : 7,
            "21632" : 2,
            "21888" : 2,
            "22144" : 6,
            "22400" : 4,
            "22656" : 4,
            "23168" : 7,
            "23424" : 7,
            "23680" : 5,
            "23936" : 2,
            "24192" : 3,
            "24448" : 5,
            "24704" : 1,
            "24960" : 6,
            "25472" : 3,
            "25728" : 6,
            "25984" : 4,
            "26240" : 5,
            "26496" : 8,
            "26752" : 7,
            "27008" : 8,
            "27520" : 7,
            "27776" : 10,
            "28032" : 4,
            "28288" : 8,
            "28544" : 10,
            "28800" : 9,
            "29056" : 8,
            "29568" : 8,
            "29824" : 8,
            "30080" : 9,
            "30336" : 10,
            "30592" : 14,
            "30848" : 19,
            "31104" : 6,
            "31616" : 16,
            "31872" : 17,
            "32128" : 13,
            "32384" : 9,
            "32640" : 17,
            "33024" : 47,
            "33536" : 34,
            "34048" : 52,
            "34560" : 58,
            "35072" : 43,
            "35584" : 20,
            "36096" : 39,
            "36608" : 27,
            "37120" : 27,
            "37632" : 11,
            "38144" : 30,
            "38656" : 40,
            "39168" : 39,
            "39680" : 23,
            "40192" : 42,
            "40704" : 34,
            "41216" : 23,
            "41728" : 10,
            "42240" : 22,
            "42752" : 22,
            "43264" : 16,
            "43776" : 11,
            "44288" : 28,
            "44800" : 41,
            "45312" : 59,
            "45824" : 23,
            "46336" : 121,
            "46848" : 434,
            "47360" : 878,
            "47872" : 925,
            "48384" : 266,
            "48896" : 673,
            "49408" : 1282,
            "49920" : 1875,
            "50432" : 669,
            "50944" : 662,
            "51456" : 232,
            "51968" : 151,
            "52480" : 85,
            "52992" : 479,
            "53504" : 617,
            "54016" : 306,
            "54528" : 95,
            "55040" : 180,
            "55552" : 269,
            "56064" : 452,
            "56576" : 819,
            "57088" : 27108,
            "57600" : 193107,
            "58112" : 113632,
            "58624" : 15137,
            "59136" : 23989,
            "59648" : 21453,
            "60160" : 51316,
            "60672" : 62816,
            "61184" : 91043,
            "61696" : 32245,
            "62208" : 17254,
            "62720" : 6033,
            "63232" : 10580,
            "63744" : 7891,
            "64256" : 5768,
            "64768" : 2056,
            "65280" : 2800,
            "66048" : 2826,
            "67072" : 1197,
            "68096" : 1005,
            "69120" : 429,
            "70144" : 382,
            "71168" : 188,
            "72192" : 205,
            "73216" : 137,
            "74240" : 159,
            "75264" : 103,
            "76288" : 144,
            "77312" : 106,
            "78336" : 158,