{
  "fio version" : "fio-3.8",
  "timestamp" : 1536880917,
  "timestamp_ms" : 1536880917032,
  "time" : "Thu Sep 13 23:21:57 2018",
  "jobs" : [
    {
      "jobname" : "wdpc",
      "groupid" : 0,
      "error" : 0,
      "eta" : 0,
      "elapsed" : 61,
      "job options" : {
        "ioengine" : "libaio",
        "group_reporting" : "1",
        "direct" : "1",
        "rw" : "readwrite",
        "bs" : "8KB",
        "numjobs" : "1",
        "iodepth" : "1",
        "size" : "75%",
        "name" : "wdpc",
        "random_distribution" : "random",
        "random_generator" : "tausworthe",
        "allrandrepeat" : "1",
        "randseed" : "101",
        "rwmixread" : "0",
        "time_based" : "1",
        "runtime" : "60s",
        "filename" : "/dev/sda"
      },
      "read" : {
        "io_bytes" : 0,
        "io_kbytes" : 0,
        "bw_bytes" : 0,
        "bw" : 0,
        "iops" : 0.000000,
        "runtime" : 0,
        "total_ios" : 0,
        "short_ios" : 0,
        "drop_ios" : 0,
        "slat_ns" : {
          "min" : 0,
          "max" : 0,
          "mean" : 0.000000,
          "stddev" : 0.000000
        },
        "clat_ns" : {
          "min" : 0,
          "max" : 0,
          "mean" : 0.000000,
          "stddev" : 0.000000,
          "percentile" : {
            "1.000000" : 0,
            "5.000000" : 0,
            "10.000000" : 0,
            "20.000000" : 0,
            "30.000000" : 0,
            "40.000000" : 0,
            "50.000000" : 0,
            "60.000000" : 0,
            "70.000000" : 0,
            "80.000000" : 0,
            "90.000000" : 0,
            "95.000000" : 0,
            "99.000000" : 0,
            "99.500000" : 0,
            "99.900000" : 0,
            "99.950000" : 0,
            "99.990000" : 0
          },
          "bins" : {

          }
        },
        "lat_ns" : {
          "min" : 0,
          "max" : 0,
          "mean" : 0.000000,
          "stddev" : 0.000000
        },
        "bw_min" : 0,
        "bw_max" : 0,
        "bw_agg" : 0.000000,
        "bw_mean" : 0.000000,
        "bw_dev" : 0.000000,
        "bw_samples" : 0,
        "iops_min" : 0,
        "iops_max" : 0,
        "iops_mean" : 0.000000,
        "iops_stddev" : 0.000000,
        "iops_samples" : 0
      },
      "write" : {
        "io_bytes" : 4039073792,
        "io_kbytes" : 3944408,
        "bw_bytes" : 67316774,
        "bw" : 65739,
        "iops" : 8217.379710,
        "runtime" : 60001,
        "total_ios" : 493051,
        "short_ios" : 0,
        "drop_ios" : 0,
        "slat_ns" : {
          "min" : 20708,
          "max" : 4577417,
          "mean" : 22878.162553,
          "stddev" : 21892.036248
        },
        "clat_ns" : {
          "min" : 1459,
          "max" : 13245750,
          "mean" : 95168.530140,
          "stddev" : 77247.330817,
          "percentile" : {
            "1.000000" : 86528,
            "5.000000" : 91648,
            "10.000000" : 91648,
            "20.000000" : 91648,
            "30.000000" : 92672,
            "40.000000" : 92672,
            "50.000000" : 93696,
            "60.000000" : 94720,
            "70.000000" : 96768,
            "80.000000" : 97792,
            "90.000000" : 97792,
            "95.000000" : 99840,
            "99.000000" : 103936,
            "99.500000" : 110080,
            "99.900000" : 191488,
            "99.950000" : 240640,
            "99.990000" : 1171456
          },
          "bins" : {
            "1464" : 1,
            "1752" : 2,
            "2040" : 12,
            "2320" : 30,
            "2640" : 37,
            "2928" : 14,
            "3216" : 12,
            "3504" : 4,
            "3792" : 1,
            "4080" : 3,
            "4384" : 3,
            "4640" : 4,
            "4960" : 6,
            "5280" : 5,
            "5536" : 6,
            "5856" : 3,
            "6432" : 1,
            "7008" : 1,
            "7264" : 2,
            "7584" : 1,
            "7904" : 1,
            "8160" : 5,
            "8512" : 12,
            "8768" : 5,
            "9024" : 1,
            "9664" : 1,
            "15424" : 1,
            "16064" : 1,
            "18048" : 1,
            "20352" : 1,
            "22656" : 1,
            "23680" : 1,
            "24960" : 1,
            "28544" : 1,
            "29056" : 2,
            "30848" : 1,
            "32128" : 1,
            "34560" : 1,
            "35072" : 2,
            "35584" : 1,
            "36096" : 2,
            "37120" : 2,
            "37632" : 1,
            "39168" : 2,
            "39680" : 1,
            "41728" : 1,
            "42240" : 3,
            "42752" : 4,
            "43776" : 1,
            "44288" : 3,
            "44800" : 4,
            "45312" : 2,
            "45824" : 2,
            "46336" : 3,
            "46848" : 1,
            "47360" : 1,
            "47872" : 2,
            "48384" : 3,
            "48896" : 6,
            "49408" : 4,
            "49920" : 2,
            "50432" : 5,
            "50944" : 1,
            "51456" : 4,
            "51968" : 5,
            "52480" : 8,
            "52992" : 11,
            "53504" : 2,
            "54016" : 6,
            "54528" : 2,
            "55040" : 5,
            "55552" : 5,
            "56064" : 3,
            "56576" : 2,
            "57088" : 10,
            "57600" : 5,
            "58112" : 6,
            "58624" : 7,
            "59136" : 9,
            "59648" : 11,
            "60160" : 9,
            "60672" : 10,
            "61184" : 15,
            "61696" : 14,
            "62208" : 9,
            "62720" : 4,
            "63232" : 9,
            "63744" : 23,
            "64256" : 17,
            "64768" : 5,
            "65280" : 13,
            "66048" : 26,
            "67072" : 30,
            "68096" : 50,
            "69120" : 60,
            "70144" : 62,
            "71168" : 38,
            "72192" : 44,
            "73216" : 41,
            "74240" : 58,
            "75264" : 20,
            "76288" : 27,
            "77312" : 26,
            "78336" : 32,
            "79360" : 30,
            "80384" : 71,
            "81408" : 101,
            "82432" : 331,
            "83456" : 809,
            "84480" : 1921,
            "85504" : 436,
            "86528" : 530,
            "87552" : 1063,
            "88576" : 2376,
            "89600" : 1984,
            "90624" : 3228,
            "91648" : 105217,
            "92672" : 117709,
            "93696" : 34055,
            "94720" : 34681,
            "95744" : 36004,
            "96768" : 51588,
            "97792" : 57475,
            "98816" : 16324,
            "99840" : 11815,
            "100864" : 5099,
            "101888" : 2911,
            "102912" : 997,
            "103936" : 835,
            "104960" : 555,
            "105984" : 814,
            "107008" : 293,
            "108032" : 242,
            "109056" : 99,
            "110080" : 117,
            "111104" : 79,
            "112128" : 90,
            "113152" : 62,
            "114176" : 69,
            "115200" : 79,
            "116224" : 63,
            "117248" : 64,
            "118272" : 68,
            "119296" : 31,
            "120320" : 55,
            "121344" : 41,
            "122368" : 62,
            "123392" : 58,
            "124416" : 71,
            "125440" : 73,
            "126464" : 96,
            "127488" : 76,
            "128512" : 81,
            "129536" : 50,
            "130560" : 55,
            "132096" : 66,
            "134144" : 59,
            "136192" : 55,
            "138240" : 42,
            "140288" : 33,
            "142336" : 28,
            "144384" : 18,
            "146432" : 12,
            "148480" : 9,
            "150528" : 14,
            "152576" : 10,
            "154624" : 19,
            "156672" : 12,
            "158720" : 11,
            "160768" : 8,
            "162816" : 9,
            "164864" : 4,
            "166912" : 13,