{
  "fio version" : "fio-3.8",
  "timestamp" : 1536881180,
  "timestamp_ms" : 1536881180697,
  "time" : "Thu Sep 13 23:26:20 2018",
  "jobs" : [
    {
      "jobname" : "wdpc",
      "groupid" : 0,
      "error" : 0,
      "eta" : 0,
      "elapsed" : 61,
      "job options" : {
        "ioengine" : "libaio",
        "group_reporting" : "1",
        "direct" : "1",
        "rw" : "readwrite",
        "bs" : "8KB",
        "numjobs" : "1",
        "iodepth" : "1",
        "size" : "75%",
        "name" : "wdpc",
        "random_distribution" : "random",
        "random_generator" : "tausworthe",
        "allrandrepeat" : "1",
        "randseed" : "101",
        "rwmixread" : "0",
        "time_based" : "1",
        "runtime" : "60s",
        "filename" : "/dev/sda"
      },
      "read" : {
        "io_bytes" : 0,
        "io_kbytes" : 0,
        "bw_bytes" : 0,
        "bw" : 0,
        "iops" : 0.000000,
        "runtime" : 0,
        "total_ios" : 0,
        "short_ios" : 0,
        "drop_ios" : 0,
        "slat_ns" : {
          "min" : 0,
          "max" : 0,
          "mean" : 0.000000,
          "stddev" : 0.000000
        },
        "clat_ns" : {
          "min" : 0,
          "max" : 0,
          "mean" : 0.000000,
          "stddev" : 0.000000,
          "percentile" : {
            "1.000000" : 0,
            "5.000000" : 0,
            "10.000000" : 0,
            "20.000000" : 0,
            "30.000000" : 0,
            "40.000000" : 0,
            "50.000000" : 0,
            "60.000000" : 0,
            "70.000000" : 0,
            "80.000000" : 0,
            "90.000000" : 0,
            "95.000000" : 0,
            "99.000000" : 0,
            "99.500000" : 0,
            "99.900000" : 0,
            "99.950000" : 0,
            "99.990000" : 0
          },
          "bins" : {

          }
        },
        "lat_ns" : {
          "min" : 0,
          "max" : 0,
          "mean" : 0.000000,
          "stddev" : 0.000000
        },
        "bw_min" : 0,
        "bw_max" : 0,
        "bw_agg" : 0.000000,
        "bw_mean" : 0.000000,
        "bw_dev" : 0.000000,
        "bw_samples" : 0,
        "iops_min" : 0,
        "iops_max" : 0,
        "iops_mean" : 0.000000,
        "iops_stddev" : 0.000000,
        "iops_samples" : 0
      },
      "write" : {
        "io_bytes" : 4026081280,
        "io_kbytes" : 3931720,
        "bw_bytes" : 67100236,
        "bw" : 65527,
        "iops" : 8190.946818,
        "runtime" : 60001,
        "total_ios" : 491465,
        "short_ios" : 0,
        "drop_ios" : 0,
        "slat_ns" : {
          "min" : 20708,
          "max" : 4116292,
          "mean" : 22667.067474,
          "stddev" : 11245.600215
        },
        "clat_ns" : {
          "min" : 1458,
          "max" : 13153292,
          "mean" : 95808.602002,
          "stddev" : 76024.054790,
          "percentile" : {
            "1.000000" : 87552,
            "5.000000" : 91648,
            "10.000000" : 91648,
            "20.000000" : 92672,
            "30.000000" : 92672,
            "40.000000" : 93696,
            "50.000000" : 94720,
            "60.000000" : 96768,
            "70.000000" : 97792,
            "80.000000" : 98816,
            "90.000000" : 98816,
            "95.000000" : 99840,
            "99.000000" : 102912,
            "99.500000" : 107008,
            "99.900000" : 152576,
            "99.950000" : 236544,
            "99.990000" : 485376
          },
          "bins" : {
            "1464" : 1,
            "1752" : 1,
            "2040" : 10,
            "2320" : 13,
            "2640" : 7,
            "2928" : 6,
            "3216" : 4,
            "3504" : 5,
            "3792" : 6,
            "4080" : 10,
            "4384" : 9,
            "4640" : 4,
            "4960" : 3,
            "5280" : 10,
            "5536" : 3,
            "6112" : 1,
            "6432" : 2,
            "6688" : 1,
            "8512" : 2,
            "8768" : 1,
            "9024" : 1,
            "16320" : 1,
            "16512" : 1,
            "17024" : 1,
            "17280" : 2,
            "17536" : 2,
            "19840" : 1,
            "21888" : 1,
            "23424" : 1,
            "24704" : 2,
            "25472" : 1,
            "25728" : 3,
            "26240" : 1,
            "26752" : 1,
            "29824" : 1,
            "30336" : 1,
            "31104" : 1,
            "31616" : 2,
            "31872" : 3,
            "32128" : 3,
            "32640" : 2,
            "33024" : 9,
            "33536" : 5,
            "34048" : 9,
            "34560" : 13,
            "35072" : 5,
            "35584" : 2,
            "36096" : 5,
            "37120" : 1,
            "40192" : 1,
            "41216" : 1,
            "41728" : 1,
            "43264" : 2,
            "43776" : 1,
            "44288" : 1,
            "44800" : 3,
            "45312" : 5,
            "45824" : 1,
            "46336" : 2,
            "46848" : 3,
            "47360" : 1,
            "48384" : 1,
            "48896" : 2,
            "49408" : 1,
            "50944" : 2,
            "51456" : 1,
            "51968" : 2,
            "52480" : 1,
            "52992" : 1,
            "53504" : 1,
            "54016" : 3,
            "54528" : 1,
            "55040" : 1,
            "55552" : 2,
            "56064" : 7,
            "56576" : 4,
            "57088" : 3,
            "57600" : 3,
            "58112" : 8,
            "59136" : 7,
            "59648" : 8,
            "60160" : 5,
            "60672" : 3,
            "61184" : 4,
            "61696" : 11,
            "62208" : 6,
            "62720" : 3,
            "63232" : 12,
            "63744" : 11,
            "64256" : 14,
            "64768" : 7,
            "65280" : 17,
            "66048" : 35,
            "67072" : 25,
            "68096" : 45,
            "69120" : 27,
            "70144" : 33,
            "71168" : 22,
            "72192" : 33,
            "73216" : 21,
            "74240" : 28,
            "75264" : 14,
            "76288" : 31,
            "77312" : 27,
            "78336" : 62,
            "79360" : 55,
            "80384" : 142,
            "81408" : 119,
            "82432" : 344,
            "83456" : 895,
            "84480" : 1411,
            "85504" : 307,
            "86528" : 367,
            "87552" : 619,
            "88576" : 1063,
            "89600" : 826,
            "90624" : 1238,
            "91648" : 89028,
            "92672" : 96279,
            "93696" : 33268,
            "94720" : 33088,
            "95744" : 34080,
            "96768" : 43972,
            "97792" : 53665,
            "98816" : 53187,
            "99840" : 27020,
            "100864" : 8472,
            "101888" : 5161,
            "102912" : 1667,
            "103936" : 961,
            "104960" : 453,
            "105984" : 389,
            "107008" : 185,
            "108032" : 200,
            "109056" : 84,
            "110080" : 114,
            "111104" : 77,
            "112128" : 62,
            "113152" : 64,
            "114176" : 73,
            "115200" : 61,
            "116224" : 66,
            "117248" : 49,
            "118272" : 76,
            "119296" : 56,
            "120320" : 69,
            "121344" : 49,
            "122368" : 62,
            "123392" : 59,
            "124416" : 105,
            "125440" : 77,
            "126464" : 80,
            "127488" : 60,
            "128512" : 71,
            "129536" : 33,
            "130560" : 43,
            "132096" : 40,
            "134144" : 46,
            "136192" : 37,
            "138240" : 35,
            "140288" : 24,
            "142336" : 22,
            "144384" : 13,
            "146432" : 21,
            "148480" : 13,
            "150528" : 9,
            "152576" : 9,
            "154624" : 8,
            "156672" : 7,
            "158720" : 13,
            "160768" : 1,
            "162816" : 3,
            "164864" : 4,
            "166912" : 4,