{
  "fio version" : "fio-3.8",
  "timestamp" : 1536883074,
  "timestamp_ms" : 1536883074870,
  "time" : "Thu Sep 13 23:57:54 2018",
  "jobs" : [
    {
      "jobname" : "wdpc",
      "groupid" : 0,
      "error" : 0,
      "eta" : 0,
      "elapsed" : 61,
      "job options" : {
        "ioengine" : "libaio",
        "group_reporting" : "1",
        "direct" : "1",
        "rw" : "readwrite",
        "bs" : "512B",
        "numjobs" : "1",
        "iodepth" : "1",
        "size" : "75%",
        "name" : "wdpc",
        "random_distribution" : "random",
        "random_generator" : "tausworthe",
        "allrandrepeat" : "1",
        "randseed" : "101",
        "rwmixread" : "0",
        "time_based" : "1",
        "runtime" : "60s",
        "filename" : "/dev/sda"
      },
      "read" : {
        "io_bytes" : 0,
        "io_kbytes" : 0,
        "bw_bytes" : 0,
        "bw" : 0,
        "iops" : 0.000000,
        "runtime" : 0,
        "total_ios" : 0,
        "short_ios" : 0,
        "drop_ios" : 0,
        "slat_ns" : {
          "min" : 0,
          "max" : 0,
          "mean" : 0.000000,
          "stddev" : 0.000000
        },
        "clat_ns" : {
          "min" : 0,
          "max" : 0,
          "mean" : 0.000000,
          "stddev" : 0.000000,
          "percentile" : {
            "1.000000" : 0,
            "5.000000" : 0,
            "10.000000" : 0,
            "20.000000" : 0,
            "30.000000" : 0,
            "40.000000" : 0,
            "50.000000" : 0,
            "60.000000" : 0,
            "70.000000" : 0,
            "80.000000" : 0,
            "90.000000" : 0,
            "95.000000" : 0,
            "99.000000" : 0,
            "99.500000" : 0,
            "99.900000" : 0,
            "99.950000" : 0,
            "99.990000" : 0
          },
          "bins" : {

          }
        },
        "lat_ns" : {
          "min" : 0,
          "max" : 0,
          "mean" : 0.000000,
          "stddev" : 0.000000
        },
        "bw_min" : 0,
        "bw_max" : 0,
        "bw_agg" : 0.000000,
        "bw_mean" : 0.000000,
        "bw_dev" : 0.000000,
        "bw_samples" : 0,
        "iops_min" : 0,
        "iops_max" : 0,
        "iops_mean" : 0.000000,
        "iops_stddev" : 0.000000,
        "iops_samples" : 0
      },
      "write" : {
        "io_bytes" : 360157184,
        "io_kbytes" : 351716,
        "bw_bytes" : 6002519,
        "bw" : 5861,
        "iops" : 11723.671272,
        "runtime" : 60001,
        "total_ios" : 703432,
        "short_ios" : 0,
        "drop_ios" : 0,
        "slat_ns" : {
          "min" : 17791,
          "max" : 12818167,
          "mean" : 19738.769585,
          "stddev" : 16981.956597
        },
        "clat_ns" : {
          "min" : 1458,
          "max" : 23418792,
          "mean" : 61761.921859,
          "stddev" : 58396.336405,
          "percentile" : {
            "1.000000" : 49920,
            "5.000000" : 57600,
            "10.000000" : 59648,
            "20.000000" : 60160,
            "30.000000" : 60672,
            "40.000000" : 60672,
            "50.000000" : 61184,
            "60.000000" : 61184,
            "70.000000" : 61184,
            "80.000000" : 61696,
            "90.000000" : 63232,
            "95.000000" : 64256,
            "99.000000" : 92672,
            "99.500000" : 93696,
            "99.900000" : 121344,
            "99.950000" : 193536,
            "99.990000" : 929792
          },
          "bins" : {
            "1464" : 49,
            "1752" : 104,
            "2040" : 72,
            "2320" : 59,
            "2640" : 34,
            "2928" : 14,
            "3216" : 6,
            "3504" : 2,
            "3792" : 5,
            "4080" : 5,
            "4384" : 2,
            "4640" : 2,
            "4960" : 4,
            "5280" : 6,
            "5536" : 1,
            "5856" : 2,
            "6432" : 3,
            "7008" : 1,
            "7264" : 2,
            "7584" : 1,
            "7904" : 1,
            "9280" : 1,
            "11968" : 1,
            "12864" : 1,
            "13376" : 1,
            "15168" : 1,
            "16064" : 1,
            "16320" : 1,
            "16512" : 2,
            "17280" : 1,
            "17792" : 1,
            "18048" : 1,
            "19328" : 1,
            "19584" : 3,
            "20352" : 1,
            "22400" : 1,
            "23168" : 1,
            "23936" : 3,
            "24192" : 1,
            "24704" : 3,
            "24960" : 2,
            "25472" : 3,
            "25728" : 1,
            "25984" : 1,
            "26240" : 2,
            "26496" : 1,
            "27008" : 1,
            "27520" : 2,
            "27776" : 2,
            "28288" : 4,
            "28544" : 2,
            "28800" : 2,
            "29056" : 1,
            "29568" : 3,
            "29824" : 3,
            "30080" : 4,
            "30336" : 7,
            "30592" : 2,
            "30848" : 2,
            "31104" : 7,
            "31616" : 10,
            "31872" : 8,
            "32128" : 6,
            "32384" : 8,
            "32640" : 9,
            "33024" : 19,
            "33536" : 9,
            "34048" : 14,
            "34560" : 17,
            "35072" : 21,
            "35584" : 7,
            "36096" : 12,
            "36608" : 13,
            "37120" : 14,
            "37632" : 10,
            "38144" : 14,
            "38656" : 13,
            "39168" : 14,
            "39680" : 4,
            "40192" : 11,
            "40704" : 13,
            "41216" : 6,
            "41728" : 5,
            "42240" : 8,
            "42752" : 10,
            "43264" : 25,
            "43776" : 8,
            "44288" : 11,
            "44800" : 18,
            "45312" : 35,
            "45824" : 15,
            "46336" : 108,
            "46848" : 514,
            "47360" : 1325,
            "47872" : 2444,
            "48384" : 692,
            "48896" : 648,
            "49408" : 456,
            "49920" : 371,
            "50432" : 152,
            "50944" : 336,
            "51456" : 493,
            "51968" : 492,
            "52480" : 121,
            "52992" : 151,
            "53504" : 88,
            "54016" : 53,
            "54528" : 32,
            "55040" : 52,
            "55552" : 60,
            "56064" : 38,
            "56576" : 60,
            "57088" : 1903,
            "57600" : 25177,
            "58112" : 22975,
            "58624" : 3102,
            "59136" : 5386,
            "59648" : 11328,
            "60160" : 66756,
            "60672" : 139849,
            "61184" : 234682,
            "61696" : 67738,
            "62208" : 33636,
            "62720" : 10220,
            "63232" : 19488,
            "63744" : 16227,
            "64256" : 10351,
            "64768" : 3487,
            "65280" : 4219,
            "66048" : 3871,
            "67072" : 1541,
            "68096" : 1123,
            "69120" : 376,
            "70144" : 310,
            "71168" : 164,
            "72192" : 168,
            "73216" : 100,
            "74240" : 113,
            "75264" : 79,
            "76288" : 116,
            "77312" : 79,
            "78336" : 95,
            "79360" : 118,
            "80384" : 138,
            "81408" : 77,
            "82432" : 100,
            "83456" : 57,
            "84480" : 73,
            "85504" : 45,
            "86528" : 51,
            "87552" : 57,
            "88576" : 64,
            "89600" : 569,
            "90624" : 495,
            "91648" : 205,
            "92672" : 2913,
            "93696" : 1386,
            "94720" : 633,
            "95744" : 317,
            "96768" : 115,
            "97792" : 86,
            "98816" : 55,
            "99840" : 76,
            "100864" : 45,
            "101888" : 62,
            "102912" : 52,
            "103936" : 73,
            "104960" : 67,
            "105984" : 116,
            "107008" : 67,
            "108032" : 92,
            "109056" : 56,
            "110080" : 50,