{
  "fio version" : "fio-3.8",
  "timestamp" : 1537054459,
  "timestamp_ms" : 1537054459869,
  "time" : "Sat Sep 15 16:34:19 2018",
  "jobs" : [
    {
      "jobname" : "wdpc",
      "groupid" : 0,
      "error" : 0,
      "eta" : 0,
      "elapsed" : 61,
      "job options" : {
        "ioengine" : "libaio",
        "group_reporting" : "1",
        "direct" : "1",
        "rw" : "randrw",
        "bs" : "128KB",
        "numjobs" : "2",
        "iodepth" : "16",
        "size" : "75%",
        "name" : "wdpc",
        "random_distribution" : "random",
        "random_generator" : "tausworthe",
        "allrandrepeat" : "1",
        "randseed" : "101",
        "rwmixread" : "0",
        "time_based" : "1",
        "runtime" : "60s",
        "filename" : "/dev/sda"
      },
      "read" : {
        "io_bytes" : 0,
        "io_kbytes" : 0,
        "bw_bytes" : 0,
        "bw" : 0,
        "iops" : 0.000000,
        "runtime" : 0,
        "total_ios" : 0,
        "short_ios" : 0,
        "drop_ios" : 0,
        "slat_ns" : {
          "min" : 0,
          "max" : 0,
          "mean" : 0.000000,
          "stddev" : 0.000000
        },
        "clat_ns" : {
          "min" : 0,
          "max" : 0,
          "mean" : 0.000000,
          "stddev" : 0.000000,
          "percentile" : {
            "1.000000" : 0,
            "5.000000" : 0,
            "10.000000" : 0,
            "20.000000" : 0,
            "30.000000" : 0,
            "40.000000" : 0,
            "50.000000" : 0,
            "60.000000" : 0,
            "70.000000" : 0,
            "80.000000" : 0,
            "90.000000" : 0,
            "95.000000" : 0,
            "99.000000" : 0,
            "99.500000" : 0,
            "99.900000" : 0,
            "99.950000" : 0,
            "99.990000" : 0
          },
          "bins" : {

          }
        },
        "lat_ns" : {
          "min" : 0,
          "max" : 0,
          "mean" : 0.000000,
          "stddev" : 0.000000
        },
        "bw_min" : 0,
        "bw_max" : 0,
        "bw_agg" : 0.000000,
        "bw_mean" : 0.000000,
        "bw_dev" : 0.000000,
        "bw_samples" : 0,
        "iops_min" : 0,
        "iops_max" : 0,
        "iops_mean" : 0.000000,
        "iops_stddev" : 0.000000,
        "iops_samples" : 0
      },
      "write" : {
        "io_bytes" : 13512867840,
        "io_kbytes" : 13196160,
        "bw_bytes" : 225150671,
        "bw" : 219873,
        "iops" : 1717.763300,
        "runtime" : 60017,
        "total_ios" : 103095,
        "short_ios" : 0,
        "drop_ios" : 0,
        "slat_ns" : {
          "min" : 5628,
          "max" : 53516,
          "mean" : 12352.629982,
          "stddev" : 3054.411223
        },
        "clat_ns" : {
          "min" : 960229,
          "max" : 76505445,
          "mean" : 18612387.211882,
          "stddev" : 3987328.983376,
          "percentile" : {
            "1.000000" : 15138816,
            "5.000000" : 15925248,
            "10.000000" : 16318464,
            "20.000000" : 16908288,
            "30.000000" : 17170432,
            "40.000000" : 17432576,
            "50.000000" : 17956864,
            "60.000000" : 18219008,
            "70.000000" : 18481152,
            "80.000000" : 19005440,
            "90.000000" : 19791872,
            "95.000000" : 21889024,
            "99.000000" : 38535168,
            "99.500000" : 40632320,
            "99.900000" : 59506688,
            "99.950000" : 62652416,
            "99.990000" : 72876032
          },
          "bins" : {
            "962560" : 1,
            "1433600" : 2,
            "2211840" : 1,
            "2539520" : 1,
            "2899968" : 1,
            "3227648" : 1,
            "4177920" : 1,
            "4554752" : 1,
            "4882432" : 1,
            "5275648" : 1,
            "5603328" : 1,
            "7307264" : 1,
            "7700480" : 1,
            "9633792" : 1,
            "9895936" : 1,
            "10289152" : 1,
            "10682368" : 1,
            "12124160" : 1,
            "12386304" : 1,
            "12517376" : 1,
            "12910592" : 1,
            "13041664" : 1,
            "13172736" : 4,
            "13303808" : 4,
            "13434880" : 6,
            "13565952" : 8,
            "13697024" : 11,
            "13828096" : 6,
            "13959168" : 13,
            "14090240" : 11,
            "14221312" : 10,
            "14352384" : 59,
            "14483456" : 37,
            "14614528" : 83,
            "14745600" : 117,
            "14876672" : 135,
            "15007744" : 188,
            "15138816" : 334,
            "15269888" : 464,
            "15400960" : 513,
            "15532032" : 621,
            "15663104" : 950,
            "15794176" : 1188,
            "15925248" : 1350,
            "16056320" : 1722,
            "16187392" : 1927,
            "16318464" : 2178,
            "16449536" : 2450,
            "16580608" : 2717,
            "16711680" : 2778,
            "16908288" : 6727,
            "17170432" : 7525,
            "17432576" : 8102,
            "17694720" : 8300,
            "17956864" : 8280,
            "18219008" : 7564,
            "18481152" : 6277,
            "18743296" : 5661,
            "19005440" : 4820,
            "19267584" : 4187,
            "19529728" : 3208,
            "19791872" : 2445,
            "20054016" : 1546,
            "20316160" : 1091,
            "20578304" : 773,
            "20840448" : 545,
            "21102592" : 388,
            "21364736" : 339,
            "21626880" : 153,
            "21889024" : 123,
            "22151168" : 78,
            "22413312" : 101,
            "22675456" : 55,
            "22937600" : 42,
            "23199744" : 47,
            "23461888" : 38,
            "23724032" : 14,
            "23986176" : 13,
            "24248320" : 27,
            "24510464" : 12,
            "24772608" : 17,
            "25034752" : 12,
            "25296896" : 2,
            "25559040" : 3,
            "25821184" : 11,
            "26083328" : 6,
            "26345472" : 22,
            "26607616" : 15,
            "26869760" : 4,
            "27131904" : 14,
            "27394048" : 13,
            "27656192" : 47,
            "27918336" : 84,
            "28180480" : 100,
            "28442624" : 121,
            "28704768" : 91,
            "28966912" : 93,
            "29229056" : 91,
            "29491200" : 130,
            "29753344" : 171,
            "30015488" : 177,
            "30277632" : 181,
            "30539776" : 146,
            "30801920" : 145,
            "31064064" : 107,
            "31326208" : 99,
            "31588352" : 91,
            "31850496" : 87,
            "32112640" : 109,
            "32374784" : 68,
            "32636928" : 64,
            "32899072" : 64,
            "33161216" : 40,
            "33423360" : 56,
            "33816576" : 95,
            "34340864" : 123,
            "34865152" : 107,
            "35389440" : 106,
            "35913728" : 138,
            "36438016" : 129,
            "36962304" : 159,
            "37486592" : 170,
            "38010880" : 161,
            "38535168" : 184,
            "39059456" : 106,
            "39583744" : 128,
            "40108032" : 79,
            "40632320" : 72,
            "41156608" : 64,
            "41680896" : 43,
            "42205184" : 43,
            "42729472" : 34,
            "43253760" : 23,
            "43778048" : 22,
            "44302336" : 22,
            "44826624" : 15,
            "45350912" : 12,
            "45875200" : 13,
            "46399488" : 8,
            "46923776" : 1,
            "47448064" : 4,
            "47972352" : 7,
            "48496640" : 1,
            "49020928" : 9,
            "49545216" : 3,
            "50069504" : 6,
            "50593792" : 7,
            "51642368" : 2,
            "52166656" : 4,
            "52690944" : 6,
            "55312384" : 1,
            "55836672" : 2,
            "56360960" : 2,