{
  "fio version" : "fio-3.8",
  "timestamp" : 1534885265,
  "timestamp_ms" : 1534885265799,
  "time" : "Tue Aug 21 21:01:05 2018",
  "global options" : {
    "offset" : "66979430400"
  },
  "jobs" : [
    {
      "jobname" : "wdpc",
      "groupid" : 0,
      "error" : 0,
      "eta" : 0,
      "elapsed" : 61,
      "job options" : {
        "ioengine" : "libaio",
        "group_reporting" : "1",
        "direct" : "1",
        "rw" : "readwrite",
        "bs" : "16KB",
        "numjobs" : "1",
        "iodepth" : "32",
        "size" : "75%",
        "name" : "wdpc",
        "rwmixread" : "0",
        "time_based" : "1",
        "runtime" : "60s",
        "filename" : "/dev/sda"
      },
      "read" : {
        "io_bytes" : 0,
        "io_kbytes" : 0,
        "bw_bytes" : 0,
        "bw" : 0,
        "iops" : 0.000000,
        "runtime" : 0,
        "total_ios" : 0,
        "short_ios" : 0,
        "drop_ios" : 0,
        "slat_ns" : {
          "min" : 0,
          "max" : 0,
          "mean" : 0.000000,
          "stddev" : 0.000000
        },
        "clat_ns" : {
          "min" : 0,
          "max" : 0,
          "mean" : 0.000000,
          "stddev" : 0.000000,
          "percentile" : {
            "1.000000" : 0,
            "5.000000" : 0,
            "10.000000" : 0,
            "20.000000" : 0,
            "30.000000" : 0,
            "40.000000" : 0,
            "50.000000" : 0,
            "60.000000" : 0,
            "70.000000" : 0,
            "80.000000" : 0,
            "90.000000" : 0,
            "95.000000" : 0,
            "99.000000" : 0,
            "99.500000" : 0,
            "99.900000" : 0,
            "99.950000" : 0,
            "99.990000" : 0
          },
          "bins" : {

          }
        },
        "lat_ns" : {
          "min" : 0,
          "max" : 0,
          "mean" : 0.000000,
          "stddev" : 0.000000
        },
        "bw_min" : 0,
        "bw_max" : 0,
        "bw_agg" : 0.000000,
        "bw_mean" : 0.000000,
        "bw_dev" : 0.000000,
        "bw_samples" : 0,
        "iops_min" : 0,
        "iops_max" : 0,
        "iops_mean" : 0.000000,
        "iops_stddev" : 0.000000,
        "iops_samples" : 0
      },
      "write" : {
        "io_bytes" : 16715857920,
        "io_kbytes" : 16324080,
        "bw_bytes" : 278546565,
        "bw" : 272018,
        "iops" : 17001.133126,
        "runtime" : 60011,
        "total_ios" : 1020255,
        "short_ios" : 0,
        "drop_ios" : 0,
        "slat_ns" : {
          "min" : 5833,
          "max" : 5261958,
          "mean" : 21387.133831,
          "stddev" : 23975.968458
        },
        "clat_ns" : {
          "min" : 1149750,
          "max" : 21298666,
          "mean" : 1855085.401747,
          "stddev" : 775103.193808,
          "percentile" : {
            "1.000000" : 1449984,
            "5.000000" : 1515520,
            "10.000000" : 1531904,
            "20.000000" : 1564672,
            "30.000000" : 1581056,
            "40.000000" : 1597440,
            "50.000000" : 1646592,
            "60.000000" : 1728512,
            "70.000000" : 1826816,
            "80.000000" : 2007040,
            "90.000000" : 2375680,
            "95.000000" : 2736128,
            "99.000000" : 3686400,
            "99.500000" : 3915776,
            "99.900000" : 15794176,
            "99.950000" : 16187392,
            "99.990000" : 17694720
          },
          "bins" : {
            "1155072" : 1,
            "1171456" : 2,
            "1187840" : 4,
            "1204224" : 7,
            "1220608" : 19,
            "1236992" : 23,
            "1253376" : 84,
            "1269760" : 173,
            "1286144" : 254,
            "1302528" : 380,
            "1318912" : 572,
            "1335296" : 716,
            "1351680" : 820,
            "1368064" : 930,
            "1384448" : 1025,
            "1400832" : 1238,
            "1417216" : 1519,
            "1433600" : 1911,
            "1449984" : 2381,
            "1466368" : 3755,
            "1482752" : 9206,
            "1499136" : 19762,
            "1515520" : 32493,
            "1531904" : 42372,
            "1548288" : 68327,
            "1564672" : 65873,
            "1581056" : 85976,
            "1597440" : 76908,
            "1613824" : 52566,
            "1630208" : 38178,
            "1646592" : 20711,
            "1662976" : 16919,
            "1679360" : 17026,
            "1695744" : 18684,
            "1712128" : 19437,
            "1728512" : 20626,
            "1744896" : 21009,
            "1761280" : 18241,
            "1777664" : 15203,
            "1794048" : 14293,
            "1810432" : 13659,
            "1826816" : 12722,
            "1843200" : 11967,
            "1859584" : 12307,
            "1875968" : 11304,
            "1892352" : 9860,
            "1908736" : 8986,
            "1925120" : 8713,
            "1941504" : 8663,
            "1957888" : 8043,
            "1974272" : 8169,
            "1990656" : 8081,
            "2007040" : 7255,
            "2023424" : 6030,
            "2039808" : 5581,
            "2056192" : 5567,
            "2072576" : 5477,
            "2088960" : 5121,
            "2113536" : 10288,
            "2146304" : 8129,
            "2179072" : 7426,
            "2211840" : 8003,
            "2244608" : 8662,
            "2277376" : 7215,
            "2310144" : 6805,
            "2342912" : 7428,
            "2375680" : 7633,
            "2408448" : 6847,
            "2441216" : 6834,
            "2473984" : 6815,
            "2506752" : 5936,
            "2539520" : 4687,
            "2572288" : 4441,
            "2605056" : 4454,
            "2637824" : 3703,
            "2670592" : 3096,
            "2703360" : 3009,
            "2736128" : 2688,
            "2768896" : 2117,
            "2801664" : 1804,
            "2834432" : 1638,
            "2867200" : 1646,
            "2899968" : 1447,
            "2932736" : 1395,
            "2965504" : 1777,
            "2998272" : 2157,
            "3031040" : 1638,
            "3063808" : 1825,
            "3096576" : 1988,
            "3129344" : 2153,
            "3162112" : 1750,
            "3194880" : 1832,
            "3227648" : 1802,
            "3260416" : 1501,
            "3293184" : 1153,
            "3325952" : 1017,
            "3358720" : 880,
            "3391488" : 662,
            "3424256" : 473,
            "3457024" : 480,
            "3489792" : 571,
            "3522560" : 643,
            "3555328" : 809,
            "3588096" : 933,
            "3620864" : 1053,
            "3653632" : 1009,
            "3686400" : 940,
            "3719168" : 1088,
            "3751936" : 1023,
            "3784704" : 743,
            "3817472" : 620,
            "3850240" : 531,
            "3883008" : 567,
            "3915776" : 366,
            "3948544" : 259,
            "3981312" : 235,
            "4014080" : 96,
            "4046848" : 101,
            "4079616" : 130,
            "4112384" : 146,
            "4145152" : 148,
            "4177920" : 80,
            "4227072" : 218,
            "4292608" : 57,
            "4358144" : 31,
            "4423680" : 42,
            "4489216" : 15,
            "4554752" : 27,
            "4620288" : 40,
            "4685824" : 27,
            "4751360" : 21,
            "4816896" : 20,
            "4882432" : 7,
            "4947968" : 67,
            "5013504" : 173,
            "5079040" : 115,
            "5144576" : 94,
            "5210112" : 98,
            "5275648" : 83,
            "5341184" : 49,
            "5406720" : 58,
            "5472256" : 80,
            "5537792" : 59,
            "5603328" : 42,
            "5668864" : 14,
            "5734400" : 20,
            "5799936" : 18,
            "5865472" : 16,
            "5931008" : 7,
            "5996544" : 14,
            "6062080" : 14,
            "6127616" : 24,
            "6193152" : 23,
            "6258688" : 22,
            "6324224" : 8,