{
  "fio version" : "fio-3.8",
  "timestamp" : 1534887694,
  "timestamp_ms" : 1534887694168,
  "time" : "Tue Aug 21 21:41:34 2018",
  "global options" : {
    "offset" : "34408267776"
  },
  "jobs" : [
    {
      "jobname" : "wdpc",
      "groupid" : 0,
      "error" : 0,
      "eta" : 0,
      "elapsed" : 61,
      "job options" : {
        "ioengine" : "libaio",
        "group_reporting" : "1",
        "direct" : "1",
        "rw" : "readwrite",
        "bs" : "32KB",
        "numjobs" : "1",
        "iodepth" : "32",
        "size" : "75%",
        "name" : "wdpc",
        "rwmixread" : "0",
        "time_based" : "1",
        "runtime" : "60s",
        "filename" : "/dev/sda"
      },
      "read" : {
        "io_bytes" : 0,
        "io_kbytes" : 0,
        "bw_bytes" : 0,
        "bw" : 0,
        "iops" : 0.000000,
        "runtime" : 0,
        "total_ios" : 0,
        "short_ios" : 0,
        "drop_ios" : 0,
        "slat_ns" : {
          "min" : 0,
          "max" : 0,
          "mean" : 0.000000,
          "stddev" : 0.000000
        },
        "clat_ns" : {
          "min" : 0,
          "max" : 0,
          "mean" : 0.000000,
          "stddev" : 0.000000,
          "percentile" : {
            "1.000000" : 0,
            "5.000000" : 0,
            "10.000000" : 0,
            "20.000000" : 0,
            "30.000000" : 0,
            "40.000000" : 0,
            "50.000000" : 0,
            "60.000000" : 0,
            "70.000000" : 0,
            "80.000000" : 0,
            "90.000000" : 0,
            "95.000000" : 0,
            "99.000000" : 0,
            "99.500000" : 0,
            "99.900000" : 0,
            "99.950000" : 0,
            "99.990000" : 0
          },
          "bins" : {

          }
        },
        "lat_ns" : {
          "min" : 0,
          "max" : 0,
          "mean" : 0.000000,
          "stddev" : 0.000000
        },
        "bw_min" : 0,
        "bw_max" : 0,
        "bw_agg" : 0.000000,
        "bw_mean" : 0.000000,
        "bw_dev" : 0.000000,
        "bw_samples" : 0,
        "iops_min" : 0,
        "iops_max" : 0,
        "iops_mean" : 0.000000,
        "iops_stddev" : 0.000000,
        "iops_samples" : 0
      },
      "write" : {
        "io_bytes" : 17281286144,
        "io_kbytes" : 16876256,
        "bw_bytes" : 288002235,
        "bw" : 281252,
        "iops" : 8789.130725,
        "runtime" : 60004,
        "total_ios" : 527383,
        "short_ios" : 0,
        "drop_ios" : 0,
        "slat_ns" : {
          "min" : 11958,
          "max" : 6360666,
          "mean" : 39917.807878,
          "stddev" : 35523.666082
        },
        "clat_ns" : {
          "min" : 1811833,
          "max" : 25209917,
          "mean" : 3593045.331330,
          "stddev" : 1170711.784805,
          "percentile" : {
            "1.000000" : 2637824,
            "5.000000" : 2801664,
            "10.000000" : 2867200,
            "20.000000" : 3031040,
            "30.000000" : 3129344,
            "40.000000" : 3260416,
            "50.000000" : 3358720,
            "60.000000" : 3522560,
            "70.000000" : 3719168,
            "80.000000" : 3981312,
            "90.000000" : 4489216,
            "95.000000" : 4882432,
            "99.000000" : 5668864,
            "99.500000" : 7438336,
            "99.900000" : 19005440,
            "99.950000" : 20054016,
            "99.990000" : 23199744
          },
          "bins" : {
            "1810432" : 2,
            "1826816" : 12,
            "1843200" : 10,
            "1859584" : 21,
            "1875968" : 40,
            "1892352" : 30,
            "1908736" : 23,
            "1925120" : 8,
            "1941504" : 7,
            "1957888" : 18,
            "1974272" : 7,
            "1990656" : 9,
            "2007040" : 26,
            "2023424" : 31,
            "2039808" : 35,
            "2056192" : 16,
            "2072576" : 20,
            "2088960" : 30,
            "2113536" : 71,
            "2146304" : 82,
            "2179072" : 81,
            "2211840" : 88,
            "2244608" : 132,
            "2277376" : 198,
            "2310144" : 390,
            "2342912" : 410,
            "2375680" : 502,
            "2408448" : 394,
            "2441216" : 317,
            "2473984" : 272,
            "2506752" : 402,
            "2539520" : 389,
            "2572288" : 448,
            "2605056" : 575,
            "2637824" : 772,
            "2670592" : 1125,
            "2703360" : 1867,
            "2736128" : 2912,
            "2768896" : 5600,
            "2801664" : 14084,
            "2834432" : 17657,
            "2867200" : 16976,
            "2899968" : 10147,
            "2932736" : 6941,
            "2965504" : 7443,
            "2998272" : 9159,
            "3031040" : 12052,
            "3063808" : 14407,
            "3096576" : 16722,
            "3129344" : 17390,
            "3162112" : 17120,
            "3194880" : 16754,
            "3227648" : 15820,
            "3260416" : 14549,
            "3293184" : 13927,
            "3325952" : 13420,
            "3358720" : 12992,
            "3391488" : 12480,
            "3424256" : 12091,
            "3457024" : 11489,
            "3489792" : 10656,
            "3522560" : 9578,
            "3555328" : 8734,
            "3588096" : 8671,
            "3620864" : 7965,
            "3653632" : 7793,
            "3686400" : 7840,
            "3719168" : 7665,
            "3751936" : 7373,
            "3784704" : 7245,
            "3817472" : 7077,
            "3850240" : 6788,
            "3883008" : 6856,
            "3915776" : 6646,
            "3948544" : 6344,
            "3981312" : 6052,
            "4014080" : 5487,
            "4046848" : 5063,
            "4079616" : 4649,
            "4112384" : 4419,
            "4145152" : 4026,
            "4177920" : 3631,
            "4227072" : 6153,
            "4292608" : 5759,
            "4358144" : 5620,
            "4423680" : 5209,
            "4489216" : 5065,
            "4554752" : 4697,
            "4620288" : 4504,
            "4685824" : 3925,
            "4751360" : 3845,
            "4816896" : 3795,
            "4882432" : 3830,
            "4947968" : 3696,
            "5013504" : 3014,
            "5079040" : 2415,
            "5144576" : 2210,
            "5210112" : 1664,
            "5275648" : 1203,
            "5341184" : 942,
            "5406720" : 870,
            "5472256" : 713,
            "5537792" : 612,
            "5603328" : 515,
            "5668864" : 384,
            "5734400" : 342,
            "5799936" : 294,
            "5865472" : 277,
            "5931008" : 282,
            "5996544" : 151,
            "6062080" : 99,
            "6127616" : 138,
            "6193152" : 79,
            "6258688" : 72,
            "6324224" : 46,
            "6389760" : 26,
            "6455296" : 37,
            "6520832" : 69,
            "6586368" : 38,
            "6651904" : 22,
            "6717440" : 25,
            "6782976" : 16,
            "6848512" : 12,
            "6914048" : 8,
            "6979584" : 8,
            "7045120" : 10,
            "7110656" : 19,
            "7176192" : 8,
            "7241728" : 32,
            "7307264" : 207,
            "7372800" : 195,
            "7438336" : 70,
            "7503872" : 17,
            "7569408" : 15,
            "7634944" : 32,
            "7700480" : 37,
            "7766016" : 17,
            "7831552" : 17,
            "7897088" : 4,
            "7962624" : 20,
            "8028160" : 10,
            "8093696" : 17,
            "8159232" : 20,
            "8224768" : 7,
            "8290304" : 1,
            "8355840" : 1,
            "8454144" : 16,
            "8585216" : 6,
            "8716288" : 20,
            "8847360" : 5,
            "8978432" : 1,
            "9109504" : 2,
            "9240576" : 8,
            "9371648" : 16,
            "9502720" : 6,
            "9633792" : 2,
            "9764864" : 18,