{
  "fio version" : "fio-3.8",
  "timestamp" : 1534911338,
  "timestamp_ms" : 1534911338170,
  "time" : "Wed Aug 22 04:15:38 2018",
  "global options" : {
    "offset" : "0"
  },
  "jobs" : [
    {
      "jobname" : "wdpc",
      "groupid" : 0,
      "error" : 0,
      "eta" : 0,
      "elapsed" : 61,
      "job options" : {
        "ioengine" : "libaio",
        "group_reporting" : "1",
        "direct" : "1",
        "rw" : "readwrite",
        "bs" : "8KB",
        "numjobs" : "1",
        "iodepth" : "32",
        "size" : "75%",
        "name" : "wdpc",
        "rwmixread" : "0",
        "time_based" : "1",
        "runtime" : "60s",
        "cpus_allowed" : "4,5",
        "filename" : "/dev/sda"
      },
      "read" : {
        "io_bytes" : 0,
        "io_kbytes" : 0,
        "bw_bytes" : 0,
        "bw" : 0,
        "iops" : 0.000000,
        "runtime" : 0,
        "total_ios" : 0,
        "short_ios" : 0,
        "drop_ios" : 0,
        "slat_ns" : {
          "min" : 0,
          "max" : 0,
          "mean" : 0.000000,
          "stddev" : 0.000000
        },
        "clat_ns" : {
          "min" : 0,
          "max" : 0,
          "mean" : 0.000000,
          "stddev" : 0.000000,
          "percentile" : {
            "1.000000" : 0,
            "5.000000" : 0,
            "10.000000" : 0,
            "20.000000" : 0,
            "30.000000" : 0,
            "40.000000" : 0,
            "50.000000" : 0,
            "60.000000" : 0,
            "70.000000" : 0,
            "80.000000" : 0,
            "90.000000" : 0,
            "95.000000" : 0,
            "99.000000" : 0,
            "99.500000" : 0,
            "99.900000" : 0,
            "99.950000" : 0,
            "99.990000" : 0
          },
          "bins" : {

          }
        },
        "lat_ns" : {
          "min" : 0,
          "max" : 0,
          "mean" : 0.000000,
          "stddev" : 0.000000
        },
        "bw_min" : 0,
        "bw_max" : 0,
        "bw_agg" : 0.000000,
        "bw_mean" : 0.000000,
        "bw_dev" : 0.000000,
        "bw_samples" : 0,
        "iops_min" : 0,
        "iops_max" : 0,
        "iops_mean" : 0.000000,
        "iops_stddev" : 0.000000,
        "iops_samples" : 0
      },
      "write" : {
        "io_bytes" : 13345185792,
        "io_kbytes" : 13032408,
        "bw_bytes" : 222416056,
        "bw" : 217203,
        "iops" : 27150.397493,
        "runtime" : 60001,
        "total_ios" : 1629051,
        "short_ios" : 0,
        "drop_ios" : 0,
        "slat_ns" : {
          "min" : 5541,
          "max" : 3034500,
          "mean" : 28970.668446,
          "stddev" : 5797.708718
        },
        "clat_ns" : {
          "min" : 384708,
          "max" : 14944875,
          "mean" : 1145835.353949,
          "stddev" : 412520.143620,
          "percentile" : {
            "1.000000" : 1011712,
            "5.000000" : 1073152,
            "10.000000" : 1073152,
            "20.000000" : 1089536,
            "30.000000" : 1105920,
            "40.000000" : 1105920,
            "50.000000" : 1122304,
            "60.000000" : 1122304,
            "70.000000" : 1138688,
            "80.000000" : 1155072,
            "90.000000" : 1171456,
            "95.000000" : 1204224,
            "99.000000" : 1646592,
            "99.500000" : 1957888,
            "99.900000" : 13172736,
            "99.950000" : 13565952,
            "99.990000" : 14483456
          },
          "bins" : {
            "382976" : 1,
            "428032" : 1,
            "468992" : 1,
            "518144" : 1,
            "544768" : 1,
            "577536" : 1,
            "618496" : 1,
            "651264" : 1,
            "700416" : 1,
            "724992" : 1,
            "774144" : 1,
            "806912" : 1,
            "839680" : 1,
            "880640" : 2,
            "888832" : 7,
            "897024" : 7,
            "905216" : 12,
            "913408" : 47,
            "921600" : 109,
            "929792" : 257,
            "937984" : 406,
            "946176" : 582,
            "954368" : 824,
            "962560" : 1208,
            "970752" : 1570,
            "978944" : 2100,
            "987136" : 2518,
            "995328" : 2891,
            "1003520" : 3255,
            "1011712" : 3615,
            "1019904" : 3838,
            "1028096" : 4263,
            "1036288" : 6038,
            "1044480" : 8959,
            "1056768" : 32911,
            "1073152" : 92662,
            "1089536" : 216660,
            "1105920" : 304021,
            "1122304" : 299283,
            "1138688" : 233617,
            "1155072" : 150270,
            "1171456" : 95049,
            "1187840" : 57916,
            "1204224" : 33138,
            "1220608" : 18898,
            "1236992" : 10210,
            "1253376" : 6272,
            "1269760" : 4083,
            "1286144" : 2618,
            "1302528" : 1783,
            "1318912" : 1411,
            "1335296" : 1152,
            "1351680" : 989,
            "1368064" : 822,
            "1384448" : 738,
            "1400832" : 631,
            "1417216" : 510,
            "1433600" : 420,
            "1449984" : 363,
            "1466368" : 348,
            "1482752" : 354,
            "1499136" : 352,
            "1515520" : 380,
            "1531904" : 390,
            "1548288" : 360,
            "1564672" : 313,
            "1581056" : 293,
            "1597440" : 325,
            "1613824" : 335,
            "1630208" : 350,
            "1646592" : 374,
            "1662976" : 444,
            "1679360" : 477,
            "1695744" : 474,
            "1712128" : 449,
            "1728512" : 407,
            "1744896" : 349,
            "1761280" : 460,
            "1777664" : 569,
            "1794048" : 463,
            "1810432" : 367,
            "1826816" : 326,
            "1843200" : 356,
            "1859584" : 380,
            "1875968" : 387,
            "1892352" : 394,
            "1908736" : 421,
            "1925120" : 403,
            "1941504" : 412,
            "1957888" : 387,
            "1974272" : 357,
            "1990656" : 372,
            "2007040" : 369,
            "2023424" : 333,
            "2039808" : 313,
            "2056192" : 304,
            "2072576" : 306,
            "2088960" : 281,
            "2113536" : 478,
            "2146304" : 477,
            "2179072" : 633,
            "2211840" : 436,
            "2244608" : 302,
            "2277376" : 286,
            "2310144" : 240,
            "2342912" : 152,
            "2375680" : 126,
            "2408448" : 92,
            "2441216" : 71,
            "2473984" : 44,
            "2506752" : 39,
            "2539520" : 23,
            "2572288" : 11,
            "2605056" : 5,
            "2637824" : 5,
            "2670592" : 1,
            "2703360" : 1,
            "2736128" : 1,
            "2801664" : 1,
            "2867200" : 1,
            "2932736" : 1,
            "2998272" : 4,
            "3031040" : 3,
            "3063808" : 2,
            "3096576" : 2,
            "3129344" : 9,
            "3162112" : 8,
            "3194880" : 5,
            "3227648" : 5,
            "3260416" : 7,
            "3293184" : 6,
            "3325952" : 2,
            "3358720" : 5,
            "3391488" : 6,
            "3457024" : 3,
            "3522560" : 3,
            "3555328" : 6,
            "3588096" : 6,
            "3620864" : 1,
            "3653632" : 3,
            "3686400" : 4,
            "3719168" : 2,
            "3784704" : 4,
            "3817472" : 6,
            "3850240" : 29,
            "3883008" : 6,
            "3948544" : 1,
            "3981312" : 1,
            "4046848" : 2,
            "4079616" : 1,
            "4112384" : 7,
            "4145152" : 7,
            "4227072" : 2,
            "4292608" : 6,
            "4358144" : 4,
            "4423680" : 6,
            "4554752" : 23,
            "4620288" : 17,
            "4685824" : 16,
            "4751360" : 7,