{
  "fio version" : "fio-3.8",
  "timestamp" : 1535704562,
  "timestamp_ms" : 1535704562947,
  "time" : "Fri Aug 31 08:36:02 2018",
  "jobs" : [
    {
      "jobname" : "wdpc",
      "groupid" : 0,
      "error" : 0,
      "eta" : 0,
      "elapsed" : 61,
      "job options" : {
        "ioengine" : "libaio",
        "group_reporting" : "1",
        "direct" : "1",
        "rw" : "randrw",
        "bs" : "8KB",
        "numjobs" : "2",
        "iodepth" : "16",
        "size" : "75%",
        "name" : "wdpc",
        "random_distribution" : "random",
        "random_generator" : "tausworthe",
        "allrandrepeat" : "1",
        "randseed" : "101",
        "rwmixread" : "0",
        "time_based" : "1",
        "runtime" : "60s",
        "filename" : "/dev/sda"
      },
      "read" : {
        "io_bytes" : 0,
        "io_kbytes" : 0,
        "bw_bytes" : 0,
        "bw" : 0,
        "iops" : 0.000000,
        "runtime" : 0,
        "total_ios" : 0,
        "short_ios" : 0,
        "drop_ios" : 0,
        "slat_ns" : {
          "min" : 0,
          "max" : 0,
          "mean" : 0.000000,
          "stddev" : 0.000000
        },
        "clat_ns" : {
          "min" : 0,
          "max" : 0,
          "mean" : 0.000000,
          "stddev" : 0.000000,
          "percentile" : {
            "1.000000" : 0,
            "5.000000" : 0,
            "10.000000" : 0,
            "20.000000" : 0,
            "30.000000" : 0,
            "40.000000" : 0,
            "50.000000" : 0,
            "60.000000" : 0,
            "70.000000" : 0,
            "80.000000" : 0,
            "90.000000" : 0,
            "95.000000" : 0,
            "99.000000" : 0,
            "99.500000" : 0,
            "99.900000" : 0,
            "99.950000" : 0,
            "99.990000" : 0
          },
          "bins" : {

          }
        },
        "lat_ns" : {
          "min" : 0,
          "max" : 0,
          "mean" : 0.000000,
          "stddev" : 0.000000
        },
        "bw_min" : 0,
        "bw_max" : 0,
        "bw_agg" : 0.000000,
        "bw_mean" : 0.000000,
        "bw_dev" : 0.000000,
        "bw_samples" : 0,
        "iops_min" : 0,
        "iops_max" : 0,
        "iops_mean" : 0.000000,
        "iops_stddev" : 0.000000,
        "iops_samples" : 0
      },
      "write" : {
        "io_bytes" : 8624824320,
        "io_kbytes" : 8422680,
        "bw_bytes" : 143744676,
        "bw" : 140375,
        "iops" : 17546.957551,
        "runtime" : 60001,
        "total_ios" : 1052835,
        "short_ios" : 0,
        "drop_ios" : 0,
        "slat_ns" : {
          "min" : 10500,
          "max" : 11144916,
          "mean" : 55110.292891,
          "stddev" : 38671.607110
        },
        "clat_ns" : {
          "min" : 85459,
          "max" : 34522584,
          "mean" : 1754646.552843,
          "stddev" : 937769.340624,
          "percentile" : {
            "1.000000" : 798720,
            "5.000000" : 1105920,
            "10.000000" : 1138688,
            "20.000000" : 1204224,
            "30.000000" : 1269760,
            "40.000000" : 1400832,
            "50.000000" : 1581056,
            "60.000000" : 1810432,
            "70.000000" : 2007040,
            "80.000000" : 2146304,
            "90.000000" : 2408448,
            "95.000000" : 2736128,
            "99.000000" : 4423680,
            "99.500000" : 5603328,
            "99.900000" : 15925248,
            "99.950000" : 17432576,
            "99.990000" : 22937600
          },
          "bins" : {
            "85504" : 1,
            "325632" : 1,
            "419840" : 1,
            "522240" : 1,
            "544768" : 3,
            "552960" : 8,
            "561152" : 26,
            "569344" : 42,
            "577536" : 73,
            "585728" : 91,
            "593920" : 184,
            "602112" : 403,
            "610304" : 548,
            "618496" : 766,
            "626688" : 838,
            "634880" : 925,
            "643072" : 866,
            "651264" : 733,
            "659456" : 599,
            "667648" : 493,
            "675840" : 329,
            "684032" : 306,
            "692224" : 278,
            "700416" : 198,
            "708608" : 186,
            "716800" : 172,
            "724992" : 166,
            "733184" : 158,
            "741376" : 139,
            "749568" : 134,
            "757760" : 145,
            "765952" : 188,
            "774144" : 267,
            "782336" : 387,
            "790528" : 582,
            "798720" : 845,
            "806912" : 1014,
            "815104" : 998,
            "823296" : 1083,
            "831488" : 1070,
            "839680" : 1011,
            "847872" : 980,
            "856064" : 838,
            "864256" : 772,
            "872448" : 647,
            "880640" : 609,
            "888832" : 514,
            "897024" : 498,
            "905216" : 426,
            "913408" : 390,
            "921600" : 373,
            "929792" : 351,
            "937984" : 422,
            "946176" : 410,
            "954368" : 377,
            "962560" : 376,
            "970752" : 298,
            "978944" : 316,
            "987136" : 372,
            "995328" : 379,
            "1003520" : 440,
            "1011712" : 471,
            "1019904" : 498,
            "1028096" : 641,
            "1036288" : 729,
            "1044480" : 773,
            "1056768" : 2136,
            "1073152" : 4867,
            "1089536" : 11806,
            "1105920" : 20595,
            "1122304" : 26059,
            "1138688" : 27010,
            "1155072" : 25553,
            "1171456" : 25642,
            "1187840" : 26861,
            "1204224" : 27925,
            "1220608" : 28315,
            "1236992" : 26572,
            "1253376" : 24151,
            "1269760" : 21655,
            "1286144" : 19169,
            "1302528" : 16736,
            "1318912" : 14727,
            "1335296" : 12325,
            "1351680" : 10594,
            "1368064" : 9401,
            "1384448" : 8645,
            "1400832" : 8292,
            "1417216" : 8111,
            "1433600" : 8175,
            "1449984" : 8546,
            "1466368" : 8928,
            "1482752" : 9589,
            "1499136" : 10338,
            "1515520" : 11076,
            "1531904" : 10943,
            "1548288" : 11113,
            "1564672" : 10850,
            "1581056" : 10270,
            "1597440" : 9780,
            "1613824" : 9058,
            "1630208" : 7938,
            "1646592" : 7443,
            "1662976" : 6811,
            "1679360" : 6557,
            "1695744" : 6315,
            "1712128" : 5946,
            "1728512" : 5956,
            "1744896" : 6041,
            "1761280" : 6077,
            "1777664" : 6143,
            "1794048" : 6427,
            "1810432" : 6637,
            "1826816" : 6952,
            "1843200" : 7223,
            "1859584" : 7489,
            "1875968" : 8297,
            "1892352" : 8882,
            "1908736" : 9146,
            "1925120" : 9687,
            "1941504" : 10180,
            "1957888" : 10514,
            "1974272" : 11137,
            "1990656" : 11327,
            "2007040" : 11586,
            "2023424" : 11945,
            "2039808" : 11733,
            "2056192" : 11957,
            "2072576" : 11942,
            "2088960" : 11452,
            "2113536" : 21994,
            "2146304" : 20353,
            "2179072" : 18676,
            "2211840" : 16902,
            "2244608" : 15185,
            "2277376" : 13459,
            "2310144" : 11681,
            "2342912" : 10653,
            "2375680" : 9703,
            "2408448" : 8776,
            "2441216" : 7880,
            "2473984" : 6756,
            "2506752" : 6278,
            "2539520" : 5391,
            "2572288" : 4908,
            "2605056" : 4372,
            "2637824" : 4068,
            "2670592" : 3410,
            "2703360" : 2834,
            "2736128" : 2564,
            "2768896" : 2278,
            "2801664" : 2116,