{
  "fio version" : "fio-3.8",
  "timestamp" : 1535702030,
  "timestamp_ms" : 1535702030822,
  "time" : "Fri Aug 31 07:53:50 2018",
  "jobs" : [
    {
      "jobname" : "wdpc",
      "groupid" : 0,
      "error" : 0,
      "eta" : 0,
      "elapsed" : 61,
      "job options" : {
        "ioengine" : "libaio",
        "group_reporting" : "1",
        "direct" : "1",
        "rw" : "randrw",
        "bs" : "16KB",
        "numjobs" : "2",
        "iodepth" : "16",
        "size" : "75%",
        "name" : "wdpc",
        "random_distribution" : "random",
        "random_generator" : "tausworthe",
        "allrandrepeat" : "1",
        "randseed" : "101",
        "rwmixread" : "0",
        "time_based" : "1",
        "runtime" : "60s",
        "filename" : "/dev/sda"
      },
      "read" : {
        "io_bytes" : 0,
        "io_kbytes" : 0,
        "bw_bytes" : 0,
        "bw" : 0,
        "iops" : 0.000000,
        "runtime" : 0,
        "total_ios" : 0,
        "short_ios" : 0,
        "drop_ios" : 0,
        "slat_ns" : {
          "min" : 0,
          "max" : 0,
          "mean" : 0.000000,
          "stddev" : 0.000000
        },
        "clat_ns" : {
          "min" : 0,
          "max" : 0,
          "mean" : 0.000000,
          "stddev" : 0.000000,
          "percentile" : {
            "1.000000" : 0,
            "5.000000" : 0,
            "10.000000" : 0,
            "20.000000" : 0,
            "30.000000" : 0,
            "40.000000" : 0,
            "50.000000" : 0,
            "60.000000" : 0,
            "70.000000" : 0,
            "80.000000" : 0,
            "90.000000" : 0,
            "95.000000" : 0,
            "99.000000" : 0,
            "99.500000" : 0,
            "99.900000" : 0,
            "99.950000" : 0,
            "99.990000" : 0
          },
          "bins" : {

          }
        },
        "lat_ns" : {
          "min" : 0,
          "max" : 0,
          "mean" : 0.000000,
          "stddev" : 0.000000
        },
        "bw_min" : 0,
        "bw_max" : 0,
        "bw_agg" : 0.000000,
        "bw_mean" : 0.000000,
        "bw_dev" : 0.000000,
        "bw_samples" : 0,
        "iops_min" : 0,
        "iops_max" : 0,
        "iops_mean" : 0.000000,
        "iops_stddev" : 0.000000,
        "iops_samples" : 0
      },
      "write" : {
        "io_bytes" : 12392513536,
        "io_kbytes" : 12102064,
        "bw_bytes" : 206528123,
        "bw" : 201687,
        "iops" : 12605.476302,
        "runtime" : 60004,
        "total_ios" : 756379,
        "short_ios" : 0,
        "drop_ios" : 0,
        "slat_ns" : {
          "min" : 11666,
          "max" : 10183250,
          "mean" : 46332.976828,
          "stddev" : 72041.924059
        },
        "clat_ns" : {
          "min" : 645459,
          "max" : 33766834,
          "mean" : 2483216.640831,
          "stddev" : 1430764.479115,
          "percentile" : {
            "1.000000" : 815104,
            "5.000000" : 929792,
            "10.000000" : 1122304,
            "20.000000" : 1777664,
            "30.000000" : 2023424,
            "40.000000" : 2146304,
            "50.000000" : 2277376,
            "60.000000" : 2441216,
            "70.000000" : 2637824,
            "80.000000" : 2932736,
            "90.000000" : 3653632,
            "95.000000" : 4554752,
            "99.000000" : 6979584,
            "99.500000" : 9502720,
            "99.900000" : 19005440,
            "99.950000" : 20316160,
            "99.990000" : 23199744
          },
          "bins" : {
            "643072" : 1,
            "667648" : 1,
            "675840" : 7,
            "684032" : 11,
            "692224" : 50,
            "700416" : 104,
            "708608" : 157,
            "716800" : 203,
            "724992" : 320,
            "733184" : 402,
            "741376" : 449,
            "749568" : 507,
            "757760" : 509,
            "765952" : 536,
            "774144" : 522,
            "782336" : 556,
            "790528" : 684,
            "798720" : 793,
            "806912" : 918,
            "815104" : 1180,
            "823296" : 1350,
            "831488" : 1722,
            "839680" : 1825,
            "847872" : 2057,
            "856064" : 1999,
            "864256" : 2246,
            "872448" : 2479,
            "880640" : 2475,
            "888832" : 2639,
            "897024" : 2720,
            "905216" : 2736,
            "913408" : 2651,
            "921600" : 2409,
            "929792" : 2625,
            "937984" : 2538,
            "946176" : 2581,
            "954368" : 2372,
            "962560" : 2213,
            "970752" : 2005,
            "978944" : 2043,
            "987136" : 2089,
            "995328" : 1980,
            "1003520" : 1933,
            "1011712" : 1613,
            "1019904" : 1585,
            "1028096" : 1495,
            "1036288" : 1469,
            "1044480" : 1311,
            "1056768" : 2322,
            "1073152" : 2086,
            "1089536" : 1686,
            "1105920" : 1517,
            "1122304" : 1493,
            "1138688" : 1415,
            "1155072" : 1333,
            "1171456" : 1227,
            "1187840" : 1280,
            "1204224" : 1353,
            "1220608" : 1449,
            "1236992" : 1447,
            "1253376" : 1727,
            "1269760" : 1803,
            "1286144" : 1914,
            "1302528" : 2163,
            "1318912" : 2464,
            "1335296" : 2610,
            "1351680" : 2468,
            "1368064" : 2760,
            "1384448" : 2652,
            "1400832" : 2560,
            "1417216" : 2510,
            "1433600" : 2359,
            "1449984" : 2262,
            "1466368" : 2104,
            "1482752" : 1987,
            "1499136" : 2140,
            "1515520" : 2172,
            "1531904" : 2157,
            "1548288" : 2086,
            "1564672" : 1841,
            "1581056" : 1732,
            "1597440" : 1565,
            "1613824" : 1399,
            "1630208" : 1479,
            "1646592" : 1362,
            "1662976" : 1327,
            "1679360" : 1453,
            "1695744" : 1641,
            "1712128" : 1655,
            "1728512" : 1776,
            "1744896" : 1950,
            "1761280" : 2116,
            "1777664" : 2446,
            "1794048" : 2781,
            "1810432" : 2921,
            "1826816" : 3326,
            "1843200" : 3638,
            "1859584" : 4017,
            "1875968" : 4445,
            "1892352" : 4984,
            "1908736" : 5338,
            "1925120" : 5709,
            "1941504" : 6204,
            "1957888" : 6403,
            "1974272" : 7085,
            "1990656" : 7364,
            "2007040" : 7892,
            "2023424" : 8328,
            "2039808" : 8514,
            "2056192" : 8577,
            "2072576" : 8974,
            "2088960" : 9198,
            "2113536" : 18925,
            "2146304" : 19052,
            "2179072" : 19137,
            "2211840" : 18879,
            "2244608" : 18812,
            "2277376" : 18255,
            "2310144" : 17762,
            "2342912" : 17323,
            "2375680" : 16500,
            "2408448" : 15975,
            "2441216" : 14809,
            "2473984" : 13344,
            "2506752" : 12123,
            "2539520" : 11275,
            "2572288" : 10657,
            "2605056" : 10267,
            "2637824" : 9963,
            "2670592" : 9652,
            "2703360" : 9656,
            "2736128" : 9266,
            "2768896" : 9018,
            "2801664" : 8522,
            "2834432" : 8134,
            "2867200" : 7736,
            "2899968" : 7286,
            "2932736" : 6977,
            "2965504" : 6276,
            "2998272" : 6040,
            "3031040" : 5691,
            "3063808" : 5267,
            "3096576" : 4883,
            "3129344" : 4467,
            "3162112" : 4044,
            "3194880" : 3730,
            "3227648" : 3447,
            "3260416" : 3181,
            "3293184" : 2893,
            "3325952" : 2782,
            "3358720" : 2671,