{
  "fio version" : "fio-3.8",
  "timestamp" : 1536180727,
  "timestamp_ms" : 1536180727133,
  "time" : "Wed Sep  5 20:52:07 2018",
  "global options" : {
    "offset" : "33654308864"
  },
  "jobs" : [
    {
      "jobname" : "wdpc",
      "groupid" : 0,
      "error" : 0,
      "eta" : 0,
      "elapsed" : 61,
      "job options" : {
        "ioengine" : "libaio",
        "group_reporting" : "1",
        "direct" : "1",
        "rw" : "readwrite",
        "bs" : "16KB",
        "numjobs" : "1",
        "iodepth" : "32",
        "size" : "75%",
        "name" : "wdpc",
        "rwmixread" : "0",
        "time_based" : "1",
        "runtime" : "60s",
        "filename" : "/dev/sda"
      },
      "read" : {
        "io_bytes" : 0,
        "io_kbytes" : 0,
        "bw_bytes" : 0,
        "bw" : 0,
        "iops" : 0.000000,
        "runtime" : 0,
        "total_ios" : 0,
        "short_ios" : 0,
        "drop_ios" : 0,
        "slat_ns" : {
          "min" : 0,
          "max" : 0,
          "mean" : 0.000000,
          "stddev" : 0.000000
        },
        "clat_ns" : {
          "min" : 0,
          "max" : 0,
          "mean" : 0.000000,
          "stddev" : 0.000000,
          "percentile" : {
            "1.000000" : 0,
            "5.000000" : 0,
            "10.000000" : 0,
            "20.000000" : 0,
            "30.000000" : 0,
            "40.000000" : 0,
            "50.000000" : 0,
            "60.000000" : 0,
            "70.000000" : 0,
            "80.000000" : 0,
            "90.000000" : 0,
            "95.000000" : 0,
            "99.000000" : 0,
            "99.500000" : 0,
            "99.900000" : 0,
            "99.950000" : 0,
            "99.990000" : 0
          },
          "bins" : {

          }
        },
        "lat_ns" : {
          "min" : 0,
          "max" : 0,
          "mean" : 0.000000,
          "stddev" : 0.000000
        },
        "bw_min" : 0,
        "bw_max" : 0,
        "bw_agg" : 0.000000,
        "bw_mean" : 0.000000,
        "bw_dev" : 0.000000,
        "bw_samples" : 0,
        "iops_min" : 0,
        "iops_max" : 0,
        "iops_mean" : 0.000000,
        "iops_stddev" : 0.000000,
        "iops_samples" : 0
      },
      "write" : {
        "io_bytes" : 16763453440,
        "io_kbytes" : 16370560,
        "bw_bytes" : 279381577,
        "bw" : 272833,
        "iops" : 17052.098263,
        "runtime" : 60002,
        "total_ios" : 1023160,
        "short_ios" : 0,
        "drop_ios" : 0,
        "slat_ns" : {
          "min" : 5833,
          "max" : 4903209,
          "mean" : 21093.314025,
          "stddev" : 22864.473057
        },
        "clat_ns" : {
          "min" : 1189125,
          "max" : 31545208,
          "mean" : 1849741.526047,
          "stddev" : 787545.524419,
          "percentile" : {
            "1.000000" : 1400832,
            "5.000000" : 1515520,
            "10.000000" : 1531904,
            "20.000000" : 1564672,
            "30.000000" : 1581056,
            "40.000000" : 1597440,
            "50.000000" : 1646592,
            "60.000000" : 1728512,
            "70.000000" : 1826816,
            "80.000000" : 1990656,
            "90.000000" : 2375680,
            "95.000000" : 2703360,
            "99.000000" : 3620864,
            "99.500000" : 3817472,
            "99.900000" : 16056320,
            "99.950000" : 16908288,
            "99.990000" : 17956864
          },
          "bins" : {
            "1187840" : 2,
            "1204224" : 3,
            "1220608" : 10,
            "1236992" : 55,
            "1253376" : 140,
            "1269760" : 448,
            "1286144" : 872,
            "1302528" : 1068,
            "1318912" : 1097,
            "1335296" : 1157,
            "1351680" : 1224,
            "1368064" : 1330,
            "1384448" : 1538,
            "1400832" : 2015,
            "1417216" : 2092,
            "1433600" : 2189,
            "1449984" : 2265,
            "1466368" : 3460,
            "1482752" : 8997,
            "1499136" : 19770,
            "1515520" : 32347,
            "1531904" : 41338,
            "1548288" : 65160,
            "1564672" : 64845,
            "1581056" : 86652,
            "1597440" : 75717,
            "1613824" : 55673,
            "1630208" : 39140,
            "1646592" : 22162,
            "1662976" : 18997,
            "1679360" : 18718,
            "1695744" : 19939,
            "1712128" : 20569,
            "1728512" : 21025,
            "1744896" : 21241,
            "1761280" : 17589,
            "1777664" : 14715,
            "1794048" : 13987,
            "1810432" : 12992,
            "1826816" : 11604,
            "1843200" : 11284,
            "1859584" : 11674,
            "1875968" : 10864,
            "1892352" : 9502,
            "1908736" : 8620,
            "1925120" : 8838,
            "1941504" : 8889,
            "1957888" : 8378,
            "1974272" : 8547,
            "1990656" : 8110,
            "2007040" : 7272,
            "2023424" : 5965,
            "2039808" : 5540,
            "2056192" : 5561,
            "2072576" : 5302,
            "2088960" : 4885,
            "2113536" : 9891,
            "2146304" : 7900,
            "2179072" : 6889,
            "2211840" : 6969,
            "2244608" : 7618,
            "2277376" : 6510,
            "2310144" : 6688,
            "2342912" : 7294,
            "2375680" : 7822,
            "2408448" : 7009,
            "2441216" : 7086,
            "2473984" : 7187,
            "2506752" : 6192,
            "2539520" : 4939,
            "2572288" : 4631,
            "2605056" : 4743,
            "2637824" : 3940,
            "2670592" : 3073,
            "2703360" : 2904,
            "2736128" : 2782,
            "2768896" : 2078,
            "2801664" : 1620,
            "2834432" : 1254,
            "2867200" : 1153,
            "2899968" : 1024,
            "2932736" : 1152,
            "2965504" : 1402,
            "2998272" : 1987,
            "3031040" : 1843,
            "3063808" : 1971,
            "3096576" : 2218,
            "3129344" : 2549,
            "3162112" : 2282,
            "3194880" : 2004,
            "3227648" : 1825,
            "3260416" : 1501,
            "3293184" : 1221,
            "3325952" : 1095,
            "3358720" : 968,
            "3391488" : 794,
            "3424256" : 728,
            "3457024" : 643,
            "3489792" : 760,
            "3522560" : 732,
            "3555328" : 936,
            "3588096" : 1035,
            "3620864" : 1196,
            "3653632" : 1065,
            "3686400" : 1069,
            "3719168" : 910,
            "3751936" : 860,
            "3784704" : 624,
            "3817472" : 504,
            "3850240" : 380,
            "3883008" : 298,
            "3915776" : 157,
            "3948544" : 114,
            "3981312" : 82,
            "4014080" : 70,
            "4046848" : 57,
            "4079616" : 55,
            "4112384" : 62,
            "4145152" : 51,
            "4177920" : 65,
            "4227072" : 223,
            "4292608" : 145,
            "4358144" : 107,
            "4423680" : 26,
            "4489216" : 12,
            "4554752" : 12,
            "4620288" : 14,
            "4685824" : 2,
            "4751360" : 3,
            "4816896" : 4,
            "4882432" : 8,
            "4947968" : 30,
            "5013504" : 54,
            "5079040" : 70,
            "5144576" : 61,
            "5210112" : 58,
            "5275648" : 63,
            "5341184" : 46,
            "5406720" : 24,
            "5472256" : 12,
            "5537792" : 17,
            "5603328" : 16,
            "5668864" : 9,
            "5734400" : 9,
            "5799936" : 14,
            "5865472" : 6,
            "5931008" : 19,
            "5996544" : 18,
            "6062080" : 21,
            "6127616" : 11,
            "6258688" : 5,
            "6324224" : 16,
            "6389760" : 13,
            "6455296" : 17,
            "6520832" : 14,