{
  "fio version" : "fio-3.8",
  "timestamp" : 1536177003,
  "timestamp_ms" : 1536177003007,
  "time" : "Wed Sep  5 19:50:03 2018",
  "global options" : {
    "offset" : "7151153152"
  },
  "jobs" : [
    {
      "jobname" : "wdpc",
      "groupid" : 0,
      "error" : 0,
      "eta" : 0,
      "elapsed" : 61,
      "job options" : {
        "ioengine" : "libaio",
        "group_reporting" : "1",
        "direct" : "1",
        "rw" : "readwrite",
        "bs" : "4KB",
        "numjobs" : "1",
        "iodepth" : "32",
        "size" : "75%",
        "name" : "wdpc",
        "rwmixread" : "0",
        "time_based" : "1",
        "runtime" : "60s",
        "filename" : "/dev/sda"
      },
      "read" : {
        "io_bytes" : 0,
        "io_kbytes" : 0,
        "bw_bytes" : 0,
        "bw" : 0,
        "iops" : 0.000000,
        "runtime" : 0,
        "total_ios" : 0,
        "short_ios" : 0,
        "drop_ios" : 0,
        "slat_ns" : {
          "min" : 0,
          "max" : 0,
          "mean" : 0.000000,
          "stddev" : 0.000000
        },
        "clat_ns" : {
          "min" : 0,
          "max" : 0,
          "mean" : 0.000000,
          "stddev" : 0.000000,
          "percentile" : {
            "1.000000" : 0,
            "5.000000" : 0,
            "10.000000" : 0,
            "20.000000" : 0,
            "30.000000" : 0,
            "40.000000" : 0,
            "50.000000" : 0,
            "60.000000" : 0,
            "70.000000" : 0,
            "80.000000" : 0,
            "90.000000" : 0,
            "95.000000" : 0,
            "99.000000" : 0,
            "99.500000" : 0,
            "99.900000" : 0,
            "99.950000" : 0,
            "99.990000" : 0
          },
          "bins" : {

          }
        },
        "lat_ns" : {
          "min" : 0,
          "max" : 0,
          "mean" : 0.000000,
          "stddev" : 0.000000
        },
        "bw_min" : 0,
        "bw_max" : 0,
        "bw_agg" : 0.000000,
        "bw_mean" : 0.000000,
        "bw_dev" : 0.000000,
        "bw_samples" : 0,
        "iops_min" : 0,
        "iops_max" : 0,
        "iops_mean" : 0.000000,
        "iops_stddev" : 0.000000,
        "iops_samples" : 0
      },
      "write" : {
        "io_bytes" : 7100870656,
        "io_kbytes" : 6934444,
        "bw_bytes" : 118345871,
        "bw" : 115572,
        "iops" : 28893.035116,
        "runtime" : 60001,
        "total_ios" : 1733611,
        "short_ios" : 0,
        "drop_ios" : 0,
        "slat_ns" : {
          "min" : 5541,
          "max" : 442167,
          "mean" : 27301.438569,
          "stddev" : 5242.690238
        },
        "clat_ns" : {
          "min" : 392458,
          "max" : 13650125,
          "mean" : 1076608.717167,
          "stddev" : 283046.377835,
          "percentile" : {
            "1.000000" : 1003520,
            "5.000000" : 1019904,
            "10.000000" : 1036288,
            "20.000000" : 1044480,
            "30.000000" : 1056768,
            "40.000000" : 1056768,
            "50.000000" : 1073152,
            "60.000000" : 1073152,
            "70.000000" : 1073152,
            "80.000000" : 1089536,
            "90.000000" : 1105920,
            "95.000000" : 1122304,
            "99.000000" : 1155072,
            "99.500000" : 1236992,
            "99.900000" : 2039808,
            "99.950000" : 4112384,
            "99.990000" : 13565952
          },
          "bins" : {
            "391168" : 1,
            "432128" : 1,
            "464896" : 1,
            "497664" : 1,
            "536576" : 1,
            "569344" : 1,
            "602112" : 1,
            "634880" : 1,
            "667648" : 1,
            "700416" : 1,
            "724992" : 1,
            "765952" : 1,
            "806912" : 2,
            "815104" : 1,
            "823296" : 1,
            "831488" : 3,
            "839680" : 2,
            "856064" : 4,
            "864256" : 3,
            "872448" : 2,
            "880640" : 3,
            "888832" : 20,
            "897024" : 28,
            "905216" : 48,
            "913408" : 55,
            "921600" : 81,
            "929792" : 111,
            "937984" : 152,
            "946176" : 203,
            "954368" : 230,
            "962560" : 278,
            "970752" : 377,
            "978944" : 489,
            "987136" : 1478,
            "995328" : 5844,
            "1003520" : 14862,
            "1011712" : 28718,
            "1019904" : 45800,
            "1028096" : 68916,
            "1036288" : 105143,
            "1044480" : 145544,
            "1056768" : 400478,
            "1073152" : 403947,
            "1089536" : 272562,
            "1105920" : 138279,
            "1122304" : 58049,
            "1138688" : 19542,
            "1155072" : 6744,
            "1171456" : 3550,
            "1187840" : 1841,
            "1204224" : 875,
            "1220608" : 424,
            "1236992" : 584,
            "1253376" : 509,
            "1269760" : 462,
            "1286144" : 235,
            "1302528" : 91,
            "1318912" : 72,
            "1335296" : 71,
            "1351680" : 60,
            "1368064" : 46,
            "1384448" : 40,
            "1400832" : 32,
            "1417216" : 54,
            "1433600" : 78,
            "1449984" : 168,
            "1466368" : 390,
            "1482752" : 350,
            "1499136" : 223,
            "1515520" : 131,
            "1531904" : 79,
            "1548288" : 92,
            "1564672" : 96,
            "1581056" : 90,
            "1597440" : 98,
            "1613824" : 89,
            "1630208" : 105,
            "1646592" : 83,
            "1662976" : 98,
            "1679360" : 195,
            "1695744" : 277,
            "1712128" : 277,
            "1728512" : 154,
            "1744896" : 74,
            "1761280" : 44,
            "1777664" : 53,
            "1794048" : 58,
            "1810432" : 60,
            "1826816" : 55,
            "1843200" : 56,
            "1859584" : 59,
            "1875968" : 74,
            "1892352" : 60,
            "1908736" : 79,
            "1925120" : 60,
            "1941504" : 74,
            "1957888" : 113,
            "1974272" : 374,
            "1990656" : 264,
            "2007040" : 136,
            "2023424" : 75,
            "2039808" : 90,
            "2056192" : 89,
            "2072576" : 74,
            "2088960" : 73,
            "2113536" : 92,
            "2146304" : 79,
            "2179072" : 51,
            "2211840" : 24,
            "2244608" : 13,
            "2277376" : 7,
            "2310144" : 3,
            "2342912" : 1,
            "2408448" : 2,
            "2473984" : 3,
            "2506752" : 2,
            "2572288" : 3,
            "2605056" : 1,
            "2637824" : 1,
            "2670592" : 2,
            "2703360" : 2,
            "2736128" : 2,
            "2768896" : 1,
            "2801664" : 2,
            "2834432" : 1,
            "2867200" : 2,
            "2899968" : 2,
            "2932736" : 1,
            "2965504" : 2,
            "2998272" : 2,
            "3031040" : 1,
            "3063808" : 1,
            "3096576" : 1,
            "3129344" : 1,
            "3162112" : 1,
            "3194880" : 4,
            "3227648" : 4,
            "3260416" : 3,
            "3293184" : 5,
            "3325952" : 8,
            "3358720" : 2,
            "3391488" : 31,
            "3424256" : 49,
            "3457024" : 29,
            "3489792" : 17,
            "3555328" : 3,
            "3588096" : 1,
            "3620864" : 2,
            "3653632" : 25,
            "3686400" : 80,
            "3719168" : 20,
            "3751936" : 2,
            "3784704" : 2,
            "3817472" : 1,
            "3883008" : 7,
            "3915776" : 15,
            "3948544" : 1,
            "4014080" : 2,
            "4046848" : 1,
            "4112384" : 1,
            "4177920" : 1,
            "4227072" : 1,
            "13172736" : 8,
            "13303808" : 153,