{
  "fio version" : "fio-3.8",
  "timestamp" : 1536969033,
  "timestamp_ms" : 1536969033050,
  "time" : "Fri Sep 14 23:50:33 2018",
  "jobs" : [
    {
      "jobname" : "wdpc",
      "groupid" : 0,
      "error" : 0,
      "eta" : 0,
      "elapsed" : 61,
      "job options" : {
        "ioengine" : "libaio",
        "group_reporting" : "1",
        "direct" : "1",
        "rw" : "randrw",
        "bs" : "128KB",
        "numjobs" : "2",
        "iodepth" : "16",
        "size" : "75%",
        "name" : "wdpc",
        "random_distribution" : "random",
        "random_generator" : "tausworthe",
        "allrandrepeat" : "1",
        "randseed" : "101",
        "rwmixread" : "0",
        "time_based" : "1",
        "runtime" : "60s",
        "filename" : "/dev/sda"
      },
      "read" : {
        "io_bytes" : 0,
        "io_kbytes" : 0,
        "bw_bytes" : 0,
        "bw" : 0,
        "iops" : 0.000000,
        "runtime" : 0,
        "total_ios" : 0,
        "short_ios" : 0,
        "drop_ios" : 0,
        "slat_ns" : {
          "min" : 0,
          "max" : 0,
          "mean" : 0.000000,
          "stddev" : 0.000000
        },
        "clat_ns" : {
          "min" : 0,
          "max" : 0,
          "mean" : 0.000000,
          "stddev" : 0.000000,
          "percentile" : {
            "1.000000" : 0,
            "5.000000" : 0,
            "10.000000" : 0,
            "20.000000" : 0,
            "30.000000" : 0,
            "40.000000" : 0,
            "50.000000" : 0,
            "60.000000" : 0,
            "70.000000" : 0,
            "80.000000" : 0,
            "90.000000" : 0,
            "95.000000" : 0,
            "99.000000" : 0,
            "99.500000" : 0,
            "99.900000" : 0,
            "99.950000" : 0,
            "99.990000" : 0
          },
          "bins" : {

          }
        },
        "lat_ns" : {
          "min" : 0,
          "max" : 0,
          "mean" : 0.000000,
          "stddev" : 0.000000
        },
        "bw_min" : 0,
        "bw_max" : 0,
        "bw_agg" : 0.000000,
        "bw_mean" : 0.000000,
        "bw_dev" : 0.000000,
        "bw_samples" : 0,
        "iops_min" : 0,
        "iops_max" : 0,
        "iops_mean" : 0.000000,
        "iops_stddev" : 0.000000,
        "iops_samples" : 0
      },
      "write" : {
        "io_bytes" : 14701166592,
        "io_kbytes" : 14356608,
        "bw_bytes" : 244958203,
        "bw" : 239216,
        "iops" : 1868.882779,
        "runtime" : 60015,
        "total_ios" : 112161,
        "short_ios" : 0,
        "drop_ios" : 0,
        "slat_ns" : {
          "min" : 22458,
          "max" : 4732584,
          "mean" : 46789.028361,
          "stddev" : 18415.110862
        },
        "clat_ns" : {
          "min" : 1987125,
          "max" : 74255417,
          "mean" : 17068147.501395,
          "stddev" : 3673428.069760,
          "percentile" : {
            "1.000000" : 14090240,
            "5.000000" : 14745600,
            "10.000000" : 15007744,
            "20.000000" : 15400960,
            "30.000000" : 15794176,
            "40.000000" : 16056320,
            "50.000000" : 16449536,
            "60.000000" : 16908288,
            "70.000000" : 17170432,
            "80.000000" : 17694720,
            "90.000000" : 18481152,
            "95.000000" : 19267584,
            "99.000000" : 37486592,
            "99.500000" : 39583744,
            "99.900000" : 47448064,
            "99.950000" : 58982400,
            "99.990000" : 62652416
          },
          "bins" : {
            "1990656" : 1,
            "3883008" : 1,
            "4079616" : 1,
            "4489216" : 1,
            "4685824" : 1,
            "4882432" : 1,
            "5144576" : 1,
            "5341184" : 1,
            "5537792" : 1,
            "6193152" : 9,
            "6258688" : 2,
            "6324224" : 1,
            "6389760" : 1,
            "6717440" : 1,
            "6914048" : 1,
            "7176192" : 1,
            "7372800" : 1,
            "8978432" : 1,
            "9240576" : 1,
            "9502720" : 1,
            "9633792" : 1,
            "9895936" : 1,
            "10027008" : 1,
            "10158080" : 3,
            "10420224" : 2,
            "10551296" : 2,
            "10682368" : 1,
            "10813440" : 2,
            "10944512" : 1,
            "11075584" : 1,
            "11337728" : 1,
            "11599872" : 2,
            "11730944" : 2,
            "11993088" : 2,
            "12124160" : 2,
            "12255232" : 2,
            "12386304" : 8,
            "12517376" : 17,
            "12648448" : 12,
            "12779520" : 14,
            "12910592" : 20,
            "13041664" : 19,
            "13172736" : 29,
            "13303808" : 31,
            "13434880" : 38,
            "13565952" : 51,
            "13697024" : 110,
            "13828096" : 161,
            "13959168" : 277,
            "14090240" : 347,
            "14221312" : 572,
            "14352384" : 824,
            "14483456" : 1258,
            "14614528" : 1765,
            "14745600" : 2035,
            "14876672" : 2641,
            "15007744" : 3208,
            "15138816" : 3604,
            "15269888" : 3752,
            "15400960" : 3860,
            "15532032" : 3953,
            "15663104" : 4226,
            "15794176" : 4463,
            "15925248" : 3988,
            "16056320" : 4130,
            "16187392" : 4084,
            "16318464" : 3981,
            "16449536" : 4418,
            "16580608" : 4573,
            "16711680" : 4346,
            "16908288" : 8939,
            "17170432" : 7676,
            "17432576" : 5911,
            "17694720" : 4616,
            "17956864" : 3503,
            "18219008" : 3093,
            "18481152" : 2401,
            "18743296" : 1746,
            "19005440" : 1265,
            "19267584" : 917,
            "19529728" : 516,
            "19791872" : 308,
            "20054016" : 165,
            "20316160" : 147,
            "20578304" : 99,
            "20840448" : 54,
            "21102592" : 44,
            "21364736" : 10,
            "21626880" : 15,
            "21889024" : 8,
            "22151168" : 6,
            "22413312" : 2,
            "22675456" : 2,
            "22937600" : 1,
            "23199744" : 1,
            "23461888" : 10,
            "23724032" : 17,
            "23986176" : 12,
            "24248320" : 6,
            "24510464" : 6,
            "24772608" : 5,
            "25034752" : 5,
            "25296896" : 3,
            "25559040" : 3,
            "25821184" : 2,
            "26083328" : 8,
            "26345472" : 7,
            "26607616" : 24,
            "26869760" : 22,
            "27131904" : 37,
            "27394048" : 68,
            "27656192" : 64,
            "27918336" : 83,
            "28180480" : 82,
            "28442624" : 118,
            "28704768" : 119,
            "28966912" : 100,
            "29229056" : 95,
            "29491200" : 131,
            "29753344" : 115,
            "30015488" : 106,
            "30277632" : 73,
            "30539776" : 75,
            "30801920" : 64,
            "31064064" : 69,
            "31326208" : 81,
            "31588352" : 56,
            "31850496" : 46,
            "32112640" : 31,
            "32374784" : 24,
            "32636928" : 18,
            "32899072" : 11,
            "33161216" : 23,
            "33423360" : 37,
            "33816576" : 62,
            "34340864" : 66,
            "34865152" : 80,
            "35389440" : 117,
            "35913728" : 118,
            "36438016" : 192,
            "36962304" : 176,
            "37486592" : 153,
            "38010880" : 135,
            "38535168" : 145,
            "39059456" : 130,
            "39583744" : 119,
            "40108032" : 80,
            "40632320" : 44,
            "41156608" : 62,
            "41680896" : 48,
            "42205184" : 33,
            "42729472" : 27,
            "43253760" : 21,