{
  "fio version" : "fio-3.8",
  "timestamp" : 1536895794,
  "timestamp_ms" : 1536895794927,
  "time" : "Fri Sep 14 03:29:54 2018",
  "jobs" : [
    {
      "jobname" : "wdpc",
      "groupid" : 0,
      "error" : 0,
      "eta" : 0,
      "elapsed" : 61,
      "job options" : {
        "ioengine" : "libaio",
        "group_reporting" : "1",
        "direct" : "1",
        "rw" : "randrw",
        "bs" : "32KB",
        "numjobs" : "2",
        "iodepth" : "16",
        "size" : "75%",
        "name" : "wdpc",
        "random_distribution" : "random",
        "random_generator" : "tausworthe",
        "allrandrepeat" : "1",
        "randseed" : "101",
        "rwmixread" : "0",
        "time_based" : "1",
        "runtime" : "60s",
        "filename" : "/dev/sda"
      },
      "read" : {
        "io_bytes" : 0,
        "io_kbytes" : 0,
        "bw_bytes" : 0,
        "bw" : 0,
        "iops" : 0.000000,
        "runtime" : 0,
        "total_ios" : 0,
        "short_ios" : 0,
        "drop_ios" : 0,
        "slat_ns" : {
          "min" : 0,
          "max" : 0,
          "mean" : 0.000000,
          "stddev" : 0.000000
        },
        "clat_ns" : {
          "min" : 0,
          "max" : 0,
          "mean" : 0.000000,
          "stddev" : 0.000000,
          "percentile" : {
            "1.000000" : 0,
            "5.000000" : 0,
            "10.000000" : 0,
            "20.000000" : 0,
            "30.000000" : 0,
            "40.000000" : 0,
            "50.000000" : 0,
            "60.000000" : 0,
            "70.000000" : 0,
            "80.000000" : 0,
            "90.000000" : 0,
            "95.000000" : 0,
            "99.000000" : 0,
            "99.500000" : 0,
            "99.900000" : 0,
            "99.950000" : 0,
            "99.990000" : 0
          },
          "bins" : {

          }
        },
        "lat_ns" : {
          "min" : 0,
          "max" : 0,
          "mean" : 0.000000,
          "stddev" : 0.000000
        },
        "bw_min" : 0,
        "bw_max" : 0,
        "bw_agg" : 0.000000,
        "bw_mean" : 0.000000,
        "bw_dev" : 0.000000,
        "bw_samples" : 0,
        "iops_min" : 0,
        "iops_max" : 0,
        "iops_mean" : 0.000000,
        "iops_stddev" : 0.000000,
        "iops_samples" : 0
      },
      "write" : {
        "io_bytes" : 13004800000,
        "io_kbytes" : 12700000,
        "bw_bytes" : 216728605,
        "bw" : 211649,
        "iops" : 6614.032164,
        "runtime" : 60005,
        "total_ios" : 396875,
        "short_ios" : 0,
        "drop_ios" : 0,
        "slat_ns" : {
          "min" : 9041,
          "max" : 4842833,
          "mean" : 21759.941911,
          "stddev" : 24988.254094
        },
        "clat_ns" : {
          "min" : 767959,
          "max" : 40347125,
          "mean" : 4810438.214294,
          "stddev" : 2004479.956158,
          "percentile" : {
            "1.000000" : 2867200,
            "5.000000" : 2899968,
            "10.000000" : 2965504,
            "20.000000" : 3817472,
            "30.000000" : 3981312,
            "40.000000" : 4177920,
            "50.000000" : 4358144,
            "60.000000" : 4947968,
            "70.000000" : 5210112,
            "80.000000" : 5472256,
            "90.000000" : 5931008,
            "95.000000" : 6914048,
            "99.000000" : 14876672,
            "99.500000" : 17694720,
            "99.900000" : 20840448,
            "99.950000" : 21626880,
            "99.990000" : 34340864
          },
          "bins" : {
            "765952" : 1,
            "774144" : 2,
            "782336" : 2,
            "831488" : 1,
            "847872" : 1,
            "872448" : 1,
            "880640" : 1,
            "888832" : 1,
            "905216" : 1,
            "913408" : 1,
            "921600" : 1,
            "937984" : 3,
            "946176" : 1,
            "995328" : 1,
            "1011712" : 1,
            "1036288" : 1,
            "1056768" : 1,
            "1204224" : 2,
            "1220608" : 1,
            "1236992" : 1,
            "1253376" : 1,
            "1269760" : 2,
            "1302528" : 6,
            "1318912" : 2,
            "1335296" : 7,
            "1351680" : 5,
            "1368064" : 7,
            "1384448" : 6,
            "1400832" : 5,
            "1417216" : 5,
            "1433600" : 14,
            "1449984" : 10,
            "1466368" : 9,
            "1482752" : 19,
            "1499136" : 5,
            "1515520" : 10,
            "1531904" : 4,
            "1548288" : 7,
            "1564672" : 8,
            "1581056" : 1,
            "1597440" : 7,
            "1613824" : 3,
            "1630208" : 4,
            "1646592" : 5,
            "1662976" : 6,
            "1679360" : 2,
            "1695744" : 3,
            "1712128" : 3,
            "1728512" : 5,
            "1744896" : 4,
            "1761280" : 1,
            "1777664" : 4,
            "1794048" : 3,
            "1810432" : 7,
            "1826816" : 5,
            "1843200" : 10,
            "1859584" : 10,
            "1875968" : 6,
            "1892352" : 10,
            "1908736" : 8,
            "1925120" : 6,
            "1941504" : 10,
            "1957888" : 9,
            "1974272" : 5,
            "1990656" : 8,
            "2007040" : 10,
            "2023424" : 8,
            "2039808" : 13,
            "2056192" : 17,
            "2072576" : 12,
            "2088960" : 16,
            "2113536" : 27,
            "2146304" : 32,
            "2179072" : 41,
            "2211840" : 51,
            "2244608" : 46,
            "2277376" : 40,
            "2310144" : 45,
            "2342912" : 44,
            "2375680" : 57,
            "2408448" : 53,
            "2441216" : 62,
            "2473984" : 47,
            "2506752" : 68,
            "2539520" : 68,
            "2572288" : 80,
            "2605056" : 91,
            "2637824" : 107,
            "2670592" : 98,
            "2703360" : 130,
            "2736128" : 136,
            "2768896" : 175,
            "2801664" : 563,
            "2834432" : 1051,
            "2867200" : 4945,
            "2899968" : 18029,
            "2932736" : 8461,
            "2965504" : 5574,
            "2998272" : 4177,
            "3031040" : 2944,
            "3063808" : 1971,
            "3096576" : 1239,
            "3129344" : 880,
            "3162112" : 612,
            "3194880" : 425,
            "3227648" : 369,
            "3260416" : 311,
            "3293184" : 294,
            "3325952" : 240,
            "3358720" : 351,
            "3391488" : 306,
            "3424256" : 313,
            "3457024" : 399,
            "3489792" : 427,
            "3522560" : 546,
            "3555328" : 710,
            "3588096" : 966,
            "3620864" : 1444,
            "3653632" : 2297,
            "3686400" : 2719,
            "3719168" : 3853,
            "3751936" : 4865,
            "3784704" : 5996,
            "3817472" : 6970,
            "3850240" : 7571,
            "3883008" : 7333,
            "3915776" : 6963,
            "3948544" : 6555,
            "3981312" : 6343,
            "4014080" : 5628,
            "4046848" : 5551,
            "4079616" : 6041,
            "4112384" : 6841,
            "4145152" : 7622,
            "4177920" : 8511,
            "4227072" : 18861,
            "4292608" : 16816,
            "4358144" : 11918,
            "4423680" : 7584,
            "4489216" : 4917,
            "4554752" : 2797,
            "4620288" : 1859,
            "4685824" : 1950,
            "4751360" : 2113,
            "4816896" : 2540,
            "4882432" : 3308,
            "4947968" : 4815,
            "5013504" : 6791,
            "5079040" : 8957,
            "5144576" : 11257,
            "5210112" : 12419,
            "5275648" : 12231,
            "5341184" : 10712,
            "5406720" : 9451,
            "5472256" : 9494,
            "5537792" : 9334,
            "5603328" : 8124,
            "5668864" : 6390,