{
  "fio version" : "fio-3.8",
  "timestamp" : 1536890713,
  "timestamp_ms" : 1536890713834,
  "time" : "Fri Sep 14 02:05:13 2018",
  "jobs" : [
    {
      "jobname" : "wdpc",
      "groupid" : 0,
      "error" : 0,
      "eta" : 0,
      "elapsed" : 61,
      "job options" : {
        "ioengine" : "libaio",
        "group_reporting" : "1",
        "direct" : "1",
        "rw" : "randrw",
        "bs" : "128KB",
        "numjobs" : "2",
        "iodepth" : "16",
        "size" : "75%",
        "name" : "wdpc",
        "random_distribution" : "random",
        "random_generator" : "tausworthe",
        "allrandrepeat" : "1",
        "randseed" : "101",
        "rwmixread" : "0",
        "time_based" : "1",
        "runtime" : "60s",
        "filename" : "/dev/sda"
      },
      "read" : {
        "io_bytes" : 0,
        "io_kbytes" : 0,
        "bw_bytes" : 0,
        "bw" : 0,
        "iops" : 0.000000,
        "runtime" : 0,
        "total_ios" : 0,
        "short_ios" : 0,
        "drop_ios" : 0,
        "slat_ns" : {
          "min" : 0,
          "max" : 0,
          "mean" : 0.000000,
          "stddev" : 0.000000
        },
        "clat_ns" : {
          "min" : 0,
          "max" : 0,
          "mean" : 0.000000,
          "stddev" : 0.000000,
          "percentile" : {
            "1.000000" : 0,
            "5.000000" : 0,
            "10.000000" : 0,
            "20.000000" : 0,
            "30.000000" : 0,
            "40.000000" : 0,
            "50.000000" : 0,
            "60.000000" : 0,
            "70.000000" : 0,
            "80.000000" : 0,
            "90.000000" : 0,
            "95.000000" : 0,
            "99.000000" : 0,
            "99.500000" : 0,
            "99.900000" : 0,
            "99.950000" : 0,
            "99.990000" : 0
          },
          "bins" : {

          }
        },
        "lat_ns" : {
          "min" : 0,
          "max" : 0,
          "mean" : 0.000000,
          "stddev" : 0.000000
        },
        "bw_min" : 0,
        "bw_max" : 0,
        "bw_agg" : 0.000000,
        "bw_mean" : 0.000000,
        "bw_dev" : 0.000000,
        "bw_samples" : 0,
        "iops_min" : 0,
        "iops_max" : 0,
        "iops_mean" : 0.000000,
        "iops_stddev" : 0.000000,
        "iops_samples" : 0
      },
      "write" : {
        "io_bytes" : 15091630080,
        "io_kbytes" : 14737920,
        "bw_bytes" : 251464301,
        "bw" : 245570,
        "iops" : 1918.520370,
        "runtime" : 60015,
        "total_ios" : 115140,
        "short_ios" : 0,
        "drop_ios" : 0,
        "slat_ns" : {
          "min" : 21291,
          "max" : 6493958,
          "mean" : 44047.611438,
          "stddev" : 25842.079970
        },
        "clat_ns" : {
          "min" : 1533000,
          "max" : 35454125,
          "mean" : 16628189.414513,
          "stddev" : 2053307.119999,
          "percentile" : {
            "1.000000" : 14090240,
            "5.000000" : 14614528,
            "10.000000" : 15007744,
            "20.000000" : 15400960,
            "30.000000" : 15663104,
            "40.000000" : 16056320,
            "50.000000" : 16449536,
            "60.000000" : 16711680,
            "70.000000" : 16908288,
            "80.000000" : 17432576,
            "90.000000" : 18219008,
            "95.000000" : 18743296,
            "99.000000" : 28966912,
            "99.500000" : 30015488,
            "99.900000" : 31850496,
            "99.950000" : 32374784,
            "99.990000" : 33816576
          },
          "bins" : {
            "1531904" : 1,
            "1548288" : 2,
            "6193152" : 13,
            "6324224" : 1,
            "6520832" : 1,
            "6717440" : 1,
            "6979584" : 1,
            "7045120" : 1,
            "7176192" : 1,
            "7241728" : 1,
            "7307264" : 1,
            "7372800" : 1,
            "7438336" : 1,
            "7503872" : 1,
            "7569408" : 1,
            "7700480" : 2,
            "7831552" : 1,
            "7897088" : 1,
            "7962624" : 1,
            "8028160" : 3,
            "8224768" : 2,
            "8290304" : 1,
            "8585216" : 1,
            "8716288" : 2,
            "8978432" : 1,
            "9109504" : 1,
            "9240576" : 1,
            "9633792" : 1,
            "9764864" : 2,
            "9895936" : 2,
            "10027008" : 1,
            "10158080" : 4,
            "10289152" : 2,
            "10551296" : 1,
            "11468800" : 1,
            "11599872" : 3,
            "11730944" : 5,
            "11862016" : 8,
            "11993088" : 6,
            "12124160" : 14,
            "12255232" : 14,
            "12386304" : 26,
            "12517376" : 17,
            "12648448" : 19,
            "12779520" : 22,
            "12910592" : 37,
            "13041664" : 43,
            "13172736" : 26,
            "13303808" : 35,
            "13434880" : 52,
            "13565952" : 61,
            "13697024" : 128,
            "13828096" : 149,
            "13959168" : 242,
            "14090240" : 424,
            "14221312" : 596,
            "14352384" : 944,
            "14483456" : 1419,
            "14614528" : 1692,
            "14745600" : 2313,
            "14876672" : 2957,
            "15007744" : 3579,
            "15138816" : 3652,
            "15269888" : 4031,
            "15400960" : 4289,
            "15532032" : 4354,
            "15663104" : 4246,
            "15794176" : 4263,
            "15925248" : 4375,
            "16056320" : 4160,
            "16187392" : 4416,
            "16318464" : 4536,
            "16449536" : 4670,
            "16580608" : 5023,
            "16711680" : 4955,
            "16908288" : 9029,
            "17170432" : 7616,
            "17432576" : 5963,
            "17694720" : 4342,
            "17956864" : 3622,
            "18219008" : 3124,
            "18481152" : 2646,
            "18743296" : 1682,
            "19005440" : 1188,
            "19267584" : 725,
            "19529728" : 489,
            "19791872" : 324,
            "20054016" : 227,
            "20316160" : 162,
            "20578304" : 96,
            "20840448" : 53,
            "21102592" : 12,
            "21364736" : 16,
            "21626880" : 3,
            "21889024" : 7,
            "22151168" : 2,
            "22413312" : 2,
            "22675456" : 2,
            "23199744" : 4,
            "23461888" : 6,
            "23724032" : 23,
            "23986176" : 5,
            "24510464" : 1,
            "24772608" : 3,
            "25034752" : 21,
            "25296896" : 3,
            "25559040" : 5,
            "25821184" : 8,
            "26083328" : 4,
            "26345472" : 9,
            "26607616" : 21,
            "26869760" : 46,
            "27131904" : 55,
            "27394048" : 84,
            "27656192" : 108,
            "27918336" : 77,
            "28180480" : 77,
            "28442624" : 109,
            "28704768" : 118,
            "28966912" : 191,
            "29229056" : 123,
            "29491200" : 115,
            "29753344" : 123,
            "30015488" : 69,
            "30277632" : 116,
            "30539776" : 56,
            "30801920" : 78,
            "31064064" : 79,
            "31326208" : 53,
            "31588352" : 31,
            "31850496" : 25,
            "32112640" : 27,
            "32374784" : 24,
            "32636928" : 16,
            "32899072" : 6,
            "33161216" : 6,
            "33423360" : 9,
            "33816576" : 5,
            "34865152" : 5,
            "35389440" : 4
          }
        },
        "lat_ns" : {
          "min" : 1652292,
          "max" : 35511584,
          "mean" : 16673047.675378,
          "stddev" : 2052760.981231
        },
        "bw_min" : 116502,
        "bw_max" : 130560,
        "bw_agg" : 49.992928,
        "bw_mean" : 122767.633333,
        "bw_dev" : 2494.597793,
        "bw_samples" : 240,
        "iops_min" : 910,
        "iops_max" : 1020,