{
  "fio version" : "fio-3.8",
  "timestamp" : 1536982499,
  "timestamp_ms" : 1536982499077,
  "time" : "Sat Sep 15 03:34:59 2018",
  "jobs" : [
    {
      "jobname" : "wdpc",
      "groupid" : 0,
      "error" : 0,
      "eta" : 0,
      "elapsed" : 61,
      "job options" : {
        "ioengine" : "libaio",
        "group_reporting" : "1",
        "direct" : "1",
        "rw" : "randrw",
        "bs" : "4KB",
        "numjobs" : "2",
        "iodepth" : "16",
        "size" : "75%",
        "name" : "wdpc",
        "random_distribution" : "random",
        "random_generator" : "tausworthe",
        "allrandrepeat" : "1",
        "randseed" : "101",
        "rwmixread" : "0",
        "time_based" : "1",
        "runtime" : "60s",
        "filename" : "/dev/sda"
      },
      "read" : {
        "io_bytes" : 0,
        "io_kbytes" : 0,
        "bw_bytes" : 0,
        "bw" : 0,
        "iops" : 0.000000,
        "runtime" : 0,
        "total_ios" : 0,
        "short_ios" : 0,
        "drop_ios" : 0,
        "slat_ns" : {
          "min" : 0,
          "max" : 0,
          "mean" : 0.000000,
          "stddev" : 0.000000
        },
        "clat_ns" : {
          "min" : 0,
          "max" : 0,
          "mean" : 0.000000,
          "stddev" : 0.000000,
          "percentile" : {
            "1.000000" : 0,
            "5.000000" : 0,
            "10.000000" : 0,
            "20.000000" : 0,
            "30.000000" : 0,
            "40.000000" : 0,
            "50.000000" : 0,
            "60.000000" : 0,
            "70.000000" : 0,
            "80.000000" : 0,
            "90.000000" : 0,
            "95.000000" : 0,
            "99.000000" : 0,
            "99.500000" : 0,
            "99.900000" : 0,
            "99.950000" : 0,
            "99.990000" : 0
          },
          "bins" : {

          }
        },
        "lat_ns" : {
          "min" : 0,
          "max" : 0,
          "mean" : 0.000000,
          "stddev" : 0.000000
        },
        "bw_min" : 0,
        "bw_max" : 0,
        "bw_agg" : 0.000000,
        "bw_mean" : 0.000000,
        "bw_dev" : 0.000000,
        "bw_samples" : 0,
        "iops_min" : 0,
        "iops_max" : 0,
        "iops_mean" : 0.000000,
        "iops_stddev" : 0.000000,
        "iops_samples" : 0
      },
      "write" : {
        "io_bytes" : 6454726656,
        "io_kbytes" : 6303444,
        "bw_bytes" : 107575191,
        "bw" : 105053,
        "iops" : 26263.474551,
        "runtime" : 60002,
        "total_ios" : 1575861,
        "short_ios" : 0,
        "drop_ios" : 0,
        "slat_ns" : {
          "min" : 5250,
          "max" : 7846125,
          "mean" : 15738.443410,
          "stddev" : 53861.936171
        },
        "clat_ns" : {
          "min" : 183750,
          "max" : 64724042,
          "mean" : 1198079.496902,
          "stddev" : 1006117.018129,
          "percentile" : {
            "1.000000" : 301056,
            "5.000000" : 387072,
            "10.000000" : 407552,
            "20.000000" : 782336,
            "30.000000" : 864256,
            "40.000000" : 897024,
            "50.000000" : 937984,
            "60.000000" : 1036288,
            "70.000000" : 1482752,
            "80.000000" : 1695744,
            "90.000000" : 1957888,
            "95.000000" : 2310144,
            "99.000000" : 3883008,
            "99.500000" : 4685824,
            "99.900000" : 9633792,
            "99.950000" : 15400960,
            "99.990000" : 38535168
          },
          "bins" : {
            "183296" : 1,
            "189440" : 1,
            "203776" : 1,
            "207872" : 3,
            "209920" : 2,
            "214016" : 2,
            "222208" : 1,
            "224256" : 2,
            "226304" : 5,
            "228352" : 12,
            "230400" : 22,
            "232448" : 23,
            "234496" : 15,
            "236544" : 19,
            "238592" : 16,
            "240640" : 8,
            "242688" : 11,
            "244736" : 11,
            "246784" : 24,
            "248832" : 92,
            "250880" : 227,
            "252928" : 392,
            "254976" : 530,
            "257024" : 567,
            "259072" : 493,
            "261120" : 379,
            "264192" : 490,
            "268288" : 506,
            "272384" : 738,
            "276480" : 1612,
            "280576" : 2862,
            "284672" : 2662,
            "288768" : 1419,
            "292864" : 917,
            "296960" : 1051,
            "301056" : 1755,
            "305152" : 2685,
            "309248" : 2798,
            "313344" : 1915,
            "317440" : 1169,
            "321536" : 1136,
            "325632" : 1204,
            "329728" : 1529,
            "333824" : 1703,
            "337920" : 1356,
            "342016" : 927,
            "346112" : 726,
            "350208" : 822,
            "354304" : 1320,
            "358400" : 1671,
            "362496" : 1759,
            "366592" : 1544,
            "370688" : 1455,
            "374784" : 2937,
            "378880" : 9189,
            "382976" : 15546,
            "387072" : 17967,
            "391168" : 17100,
            "395264" : 15262,
            "399360" : 14604,
            "403456" : 15673,
            "407552" : 16476,
            "411648" : 14732,
            "415744" : 11818,
            "419840" : 9141,
            "423936" : 8120,
            "428032" : 7740,
            "432128" : 8158,
            "436224" : 7385,
            "440320" : 5685,
            "444416" : 4948,
            "448512" : 4474,
            "452608" : 4438,
            "456704" : 3527,
            "460800" : 3019,
            "464896" : 2360,
            "468992" : 1816,
            "473088" : 1850,
            "477184" : 1461,
            "481280" : 1291,
            "485376" : 1021,
            "489472" : 996,
            "493568" : 823,
            "497664" : 730,
            "501760" : 697,
            "505856" : 583,
            "509952" : 564,
            "514048" : 510,
            "518144" : 507,
            "522240" : 531,
            "528384" : 906,
            "536576" : 828,
            "544768" : 831,
            "552960" : 693,
            "561152" : 787,
            "569344" : 765,
            "577536" : 716,
            "585728" : 660,
            "593920" : 666,
            "602112" : 677,
            "610304" : 620,
            "618496" : 697,
            "626688" : 705,
            "634880" : 653,
            "643072" : 655,
            "651264" : 647,
            "659456" : 671,
            "667648" : 646,
            "675840" : 685,
            "684032" : 802,
            "692224" : 817,
            "700416" : 991,
            "708608" : 1103,
            "716800" : 1316,
            "724992" : 1508,
            "733184" : 1618,
            "741376" : 1911,
            "749568" : 2424,
            "757760" : 2941,
            "765952" : 3274,
            "774144" : 3879,
            "782336" : 4731,
            "790528" : 5708,
            "798720" : 7139,
            "806912" : 8660,
            "815104" : 10384,
            "823296" : 12616,
            "831488" : 15607,
            "839680" : 18809,
            "847872" : 24179,
            "856064" : 29320,
            "864256" : 34894,
            "872448" : 39873,
            "880640" : 43061,
            "888832" : 43174,
            "897024" : 39645,
            "905216" : 35231,
            "913408" : 30708,
            "921600" : 26877,
            "929792" : 24012,
            "937984" : 21689,
            "946176" : 20350,
            "954368" : 18257,
            "962560" : 16803,
            "970752" : 15261,
            "978944" : 14364,
            "987136" : 13194,
            "995328" : 12309,
            "1003520" : 11080,
            "1011712" : 10469,
            "1019904" : 9413,
            "1028096" : 8618,
            "1036288" : 8369,
            "1044480" : 7267,
            "1056768" : 12450,
            "1073152" : 10263,