{
  "fio version" : "fio-3.8",
  "timestamp" : 1536909141,
  "timestamp_ms" : 1536909141895,
  "time" : "Fri Sep 14 00:12:21 2018",
  "jobs" : [
    {
      "jobname" : "wdpc",
      "groupid" : 0,
      "error" : 0,
      "eta" : 0,
      "elapsed" : 61,
      "job options" : {
        "ioengine" : "libaio",
        "group_reporting" : "1",
        "direct" : "1",
        "rw" : "randrw",
        "bs" : "128KB",
        "numjobs" : "2",
        "iodepth" : "16",
        "size" : "75%",
        "name" : "wdpc",
        "random_distribution" : "random",
        "random_generator" : "tausworthe",
        "allrandrepeat" : "1",
        "randseed" : "101",
        "rwmixread" : "0",
        "time_based" : "1",
        "runtime" : "60s",
        "filename" : "/dev/sda"
      },
      "read" : {
        "io_bytes" : 0,
        "io_kbytes" : 0,
        "bw_bytes" : 0,
        "bw" : 0,
        "iops" : 0.000000,
        "runtime" : 0,
        "total_ios" : 0,
        "short_ios" : 0,
        "drop_ios" : 0,
        "slat_ns" : {
          "min" : 0,
          "max" : 0,
          "mean" : 0.000000,
          "stddev" : 0.000000
        },
        "clat_ns" : {
          "min" : 0,
          "max" : 0,
          "mean" : 0.000000,
          "stddev" : 0.000000,
          "percentile" : {
            "1.000000" : 0,
            "5.000000" : 0,
            "10.000000" : 0,
            "20.000000" : 0,
            "30.000000" : 0,
            "40.000000" : 0,
            "50.000000" : 0,
            "60.000000" : 0,
            "70.000000" : 0,
            "80.000000" : 0,
            "90.000000" : 0,
            "95.000000" : 0,
            "99.000000" : 0,
            "99.500000" : 0,
            "99.900000" : 0,
            "99.950000" : 0,
            "99.990000" : 0
          },
          "bins" : {

          }
        },
        "lat_ns" : {
          "min" : 0,
          "max" : 0,
          "mean" : 0.000000,
          "stddev" : 0.000000
        },
        "bw_min" : 0,
        "bw_max" : 0,
        "bw_agg" : 0.000000,
        "bw_mean" : 0.000000,
        "bw_dev" : 0.000000,
        "bw_samples" : 0,
        "iops_min" : 0,
        "iops_max" : 0,
        "iops_mean" : 0.000000,
        "iops_stddev" : 0.000000,
        "iops_samples" : 0
      },
      "write" : {
        "io_bytes" : 13751156736,
        "io_kbytes" : 13428864,
        "bw_bytes" : 229117210,
        "bw" : 223747,
        "iops" : 1748.025592,
        "runtime" : 60018,
        "total_ios" : 104913,
        "short_ios" : 0,
        "drop_ios" : 0,
        "slat_ns" : {
          "min" : 6542,
          "max" : 753781,
          "mean" : 13573.640407,
          "stddev" : 4636.401738
        },
        "clat_ns" : {
          "min" : 502073,
          "max" : 36566480,
          "mean" : 18288217.641341,
          "stddev" : 2077181.903516,
          "percentile" : {
            "1.000000" : 15400960,
            "5.000000" : 16056320,
            "10.000000" : 16449536,
            "20.000000" : 16908288,
            "30.000000" : 17432576,
            "40.000000" : 17694720,
            "50.000000" : 17956864,
            "60.000000" : 18481152,
            "70.000000" : 18743296,
            "80.000000" : 19267584,
            "90.000000" : 19791872,
            "95.000000" : 20578304,
            "99.000000" : 30539776,
            "99.500000" : 31588352,
            "99.900000" : 32899072,
            "99.950000" : 33816576,
            "99.990000" : 35913728
          },
          "bins" : {
            "501760" : 1,
            "2146304" : 2,
            "2899968" : 1,
            "3227648" : 1,
            "3653632" : 1,
            "4079616" : 1,
            "4423680" : 1,
            "4816896" : 1,
            "5144576" : 1,
            "5537792" : 1,
            "5931008" : 1,
            "7372800" : 1,
            "7700480" : 1,
            "8093696" : 1,
            "9764864" : 1,
            "10158080" : 1,
            "10551296" : 1,
            "10813440" : 1,
            "11206656" : 1,
            "11993088" : 1,
            "12255232" : 1,
            "12648448" : 1,
            "12779520" : 1,
            "13041664" : 2,
            "13303808" : 2,
            "13434880" : 3,
            "13565952" : 2,
            "13697024" : 1,
            "13828096" : 6,
            "13959168" : 10,
            "14090240" : 5,
            "14221312" : 13,
            "14352384" : 17,
            "14483456" : 30,
            "14614528" : 25,
            "14745600" : 46,
            "14876672" : 91,
            "15007744" : 83,
            "15138816" : 144,
            "15269888" : 226,
            "15400960" : 385,
            "15532032" : 586,
            "15663104" : 624,
            "15794176" : 969,
            "15925248" : 1060,
            "16056320" : 1234,
            "16187392" : 1450,
            "16318464" : 1611,
            "16449536" : 2210,
            "16580608" : 2482,
            "16711680" : 2408,
            "16908288" : 6243,
            "17170432" : 6775,
            "17432576" : 7698,
            "17694720" : 8194,
            "17956864" : 8742,
            "18219008" : 8506,
            "18481152" : 7849,
            "18743296" : 6998,
            "19005440" : 5930,
            "19267584" : 5274,
            "19529728" : 4290,
            "19791872" : 3153,
            "20054016" : 2295,
            "20316160" : 1748,
            "20578304" : 1208,
            "20840448" : 897,
            "21102592" : 525,
            "21364736" : 354,
            "21626880" : 269,
            "21889024" : 145,
            "22151168" : 89,
            "22413312" : 54,
            "22675456" : 46,
            "22937600" : 23,
            "23199744" : 39,
            "23461888" : 19,
            "23724032" : 2,
            "23986176" : 4,
            "24248320" : 10,
            "24510464" : 10,
            "24772608" : 14,
            "25034752" : 8,
            "25296896" : 3,
            "25559040" : 9,
            "25821184" : 5,
            "26083328" : 5,
            "26345472" : 5,
            "26607616" : 3,
            "26869760" : 11,
            "27131904" : 2,
            "27656192" : 2,
            "27918336" : 9,
            "28180480" : 28,
            "28442624" : 36,
            "28704768" : 38,
            "28966912" : 60,
            "29229056" : 48,
            "29491200" : 88,
            "29753344" : 79,
            "30015488" : 136,
            "30277632" : 132,
            "30539776" : 118,
            "30801920" : 134,
            "31064064" : 148,
            "31326208" : 111,
            "31588352" : 77,
            "31850496" : 79,
            "32112640" : 98,
            "32374784" : 69,
            "32636928" : 64,
            "32899072" : 53,
            "33161216" : 19,
            "33423360" : 15,
            "33816576" : 24,
            "34340864" : 11,
            "34865152" : 15,
            "35389440" : 4,
            "35913728" : 11,
            "36438016" : 4
          }
        },
        "lat_ns" : {
          "min" : 546611,
          "max" : 36591942,
          "mean" : 18302151.812883,
          "stddev" : 2077226.665549
        },
        "bw_min" : 107008,
        "bw_max" : 119552,
        "bw_agg" : 49.996935,
        "bw_mean" : 111866.641667,
        "bw_dev" : 2263.328542,
        "bw_samples" : 240,
        "iops_min" : 836,
        "iops_max" : 934,
        "iops_mean" : 873.958333,
        "iops_stddev" : 17.687618,
        "iops_samples" : 240
      },
      "trim" : {
        "io_bytes" : 0,
        "io_kbytes" : 0,
        "bw_bytes" : 0,
        "bw" : 0,
        "iops" : 0.000000,
        "runtime" : 0,
        "total_ios" : 0,
        "short_ios" : 0,
        "drop_ios" : 0,
        "slat_ns" : {
          "min" : 0,
          "max" : 0,
          "mean" : 0.000000,
          "stddev" : 0.000000
        },
        "clat_ns" : {
          "min" : 0,
          "max" : 0,
          "mean" : 0.000000,