{
  "fio version" : "fio-3.8",
  "timestamp" : 1536911182,
  "timestamp_ms" : 1536911182958,
  "time" : "Fri Sep 14 00:46:22 2018",
  "jobs" : [
    {
      "jobname" : "wdpc",
      "groupid" : 0,
      "error" : 0,
      "eta" : 0,
      "elapsed" : 61,
      "job options" : {
        "ioengine" : "libaio",
        "group_reporting" : "1",
        "direct" : "1",
        "rw" : "randrw",
        "bs" : "64KB",
        "numjobs" : "2",
        "iodepth" : "16",
        "size" : "75%",
        "name" : "wdpc",
        "random_distribution" : "random",
        "random_generator" : "tausworthe",
        "allrandrepeat" : "1",
        "randseed" : "101",
        "rwmixread" : "0",
        "time_based" : "1",
        "runtime" : "60s",
        "filename" : "/dev/sda"
      },
      "read" : {
        "io_bytes" : 0,
        "io_kbytes" : 0,
        "bw_bytes" : 0,
        "bw" : 0,
        "iops" : 0.000000,
        "runtime" : 0,
        "total_ios" : 0,
        "short_ios" : 0,
        "drop_ios" : 0,
        "slat_ns" : {
          "min" : 0,
          "max" : 0,
          "mean" : 0.000000,
          "stddev" : 0.000000
        },
        "clat_ns" : {
          "min" : 0,
          "max" : 0,
          "mean" : 0.000000,
          "stddev" : 0.000000,
          "percentile" : {
            "1.000000" : 0,
            "5.000000" : 0,
            "10.000000" : 0,
            "20.000000" : 0,
            "30.000000" : 0,
            "40.000000" : 0,
            "50.000000" : 0,
            "60.000000" : 0,
            "70.000000" : 0,
            "80.000000" : 0,
            "90.000000" : 0,
            "95.000000" : 0,
            "99.000000" : 0,
            "99.500000" : 0,
            "99.900000" : 0,
            "99.950000" : 0,
            "99.990000" : 0
          },
          "bins" : {

          }
        },
        "lat_ns" : {
          "min" : 0,
          "max" : 0,
          "mean" : 0.000000,
          "stddev" : 0.000000
        },
        "bw_min" : 0,
        "bw_max" : 0,
        "bw_agg" : 0.000000,
        "bw_mean" : 0.000000,
        "bw_dev" : 0.000000,
        "bw_samples" : 0,
        "iops_min" : 0,
        "iops_max" : 0,
        "iops_mean" : 0.000000,
        "iops_stddev" : 0.000000,
        "iops_samples" : 0
      },
      "write" : {
        "io_bytes" : 13268942848,
        "io_kbytes" : 12957952,
        "bw_bytes" : 221108510,
        "bw" : 215926,
        "iops" : 3373.848128,
        "runtime" : 60011,
        "total_ios" : 202468,
        "short_ios" : 0,
        "drop_ios" : 0,
        "slat_ns" : {
          "min" : 4103,
          "max" : 107321,
          "mean" : 9205.438045,
          "stddev" : 2644.221807
        },
        "clat_ns" : {
          "min" : 457059,
          "max" : 27446948,
          "mean" : 9471932.882031,
          "stddev" : 1553442.114203,
          "percentile" : {
            "1.000000" : 7569408,
            "5.000000" : 8028160,
            "10.000000" : 8224768,
            "20.000000" : 8585216,
            "30.000000" : 8847360,
            "40.000000" : 9109504,
            "50.000000" : 9371648,
            "60.000000" : 9633792,
            "70.000000" : 9895936,
            "80.000000" : 10027008,
            "90.000000" : 10420224,
            "95.000000" : 11075584,
            "99.000000" : 12779520,
            "99.500000" : 22675456,
            "99.900000" : 24772608,
            "99.950000" : 25296896,
            "99.990000" : 26607616
          },
          "bins" : {
            "456704" : 1,
            "684032" : 1,
            "864256" : 1,
            "1810432" : 1,
            "1843200" : 1,
            "2244608" : 1,
            "2441216" : 1,
            "2605056" : 1,
            "3424256" : 1,
            "3620864" : 1,
            "3817472" : 1,
            "4014080" : 1,
            "4227072" : 1,
            "4816896" : 1,
            "5013504" : 1,
            "5079040" : 1,
            "5144576" : 1,
            "5210112" : 2,
            "5275648" : 3,
            "5341184" : 6,
            "5406720" : 7,
            "5472256" : 9,
            "5537792" : 10,
            "5603328" : 9,
            "5668864" : 13,
            "5734400" : 16,
            "5799936" : 10,
            "5865472" : 19,
            "5931008" : 22,
            "5996544" : 20,
            "6062080" : 28,
            "6127616" : 42,
            "6193152" : 35,
            "6258688" : 44,
            "6324224" : 28,
            "6389760" : 40,
            "6455296" : 33,
            "6520832" : 33,
            "6586368" : 35,
            "6651904" : 26,
            "6717440" : 52,
            "6782976" : 59,
            "6848512" : 66,
            "6914048" : 77,
            "6979584" : 88,
            "7045120" : 89,
            "7110656" : 76,
            "7176192" : 104,
            "7241728" : 73,
            "7307264" : 88,
            "7372800" : 142,
            "7438336" : 212,
            "7503872" : 270,
            "7569408" : 434,
            "7634944" : 534,
            "7700480" : 812,
            "7766016" : 1100,
            "7831552" : 1220,
            "7897088" : 1546,
            "7962624" : 1919,
            "8028160" : 2187,
            "8093696" : 2609,
            "8159232" : 3448,
            "8224768" : 3751,
            "8290304" : 4106,
            "8355840" : 4483,
            "8454144" : 9543,
            "8585216" : 10186,
            "8716288" : 9704,
            "8847360" : 9099,
            "8978432" : 8604,
            "9109504" : 8271,
            "9240576" : 8891,
            "9371648" : 10075,
            "9502720" : 11250,
            "9633792" : 11733,
            "9764864" : 12435,
            "9895936" : 12021,
            "10027008" : 11440,
            "10158080" : 9052,
            "10289152" : 6585,
            "10420224" : 4317,
            "10551296" : 2929,
            "10682368" : 2235,
            "10813440" : 1867,
            "10944512" : 1626,
            "11075584" : 1485,
            "11206656" : 1649,
            "11337728" : 1466,
            "11468800" : 1177,
            "11599872" : 803,
            "11730944" : 668,
            "11862016" : 365,
            "11993088" : 312,
            "12124160" : 229,
            "12255232" : 103,
            "12386304" : 105,
            "12517376" : 82,
            "12648448" : 74,
            "12779520" : 41,
            "12910592" : 29,
            "13041664" : 31,
            "13172736" : 25,
            "13303808" : 19,
            "13434880" : 14,
            "13565952" : 21,
            "13697024" : 5,
            "13828096" : 3,
            "13959168" : 4,
            "14090240" : 9,
            "14221312" : 4,
            "14352384" : 2,
            "14614528" : 6,
            "14745600" : 13,
            "14876672" : 1,
            "15007744" : 6,
            "15138816" : 2,
            "15269888" : 1,
            "15400960" : 5,
            "15532032" : 5,
            "15663104" : 2,
            "15794176" : 4,
            "16056320" : 6,
            "16318464" : 4,
            "16449536" : 10,
            "16580608" : 12,
            "16711680" : 23,
            "16908288" : 19,
            "17170432" : 6,
            "17432576" : 3,
            "17694720" : 26,
            "17956864" : 1,
            "18219008" : 3,
            "19005440" : 4,
            "19267584" : 2,
            "19529728" : 8,
            "19791872" : 3,
            "20054016" : 7,
            "20316160" : 10,
            "20578304" : 35,
            "20840448" : 73,
            "21102592" : 47,
            "21364736" : 82,
            "21626880" : 95,
            "21889024" : 110,
            "22151168" : 79,
            "22413312" : 87,
            "22675456" : 98,
            "22937600" : 80,
            "23199744" : 98,
            "23461888" : 90,
            "23724032" : 95,
            "23986176" : 110,
            "24248320" : 102,
            "24510464" : 86,