{
  "fio version" : "fio-3.8",
  "timestamp" : 1536915824,
  "timestamp_ms" : 1536915824228,
  "time" : "Fri Sep 14 02:03:44 2018",
  "jobs" : [
    {
      "jobname" : "wdpc",
      "groupid" : 0,
      "error" : 0,
      "eta" : 0,
      "elapsed" : 61,
      "job options" : {
        "ioengine" : "libaio",
        "group_reporting" : "1",
        "direct" : "1",
        "rw" : "randrw",
        "bs" : "16KB",
        "numjobs" : "2",
        "iodepth" : "16",
        "size" : "75%",
        "name" : "wdpc",
        "random_distribution" : "random",
        "random_generator" : "tausworthe",
        "allrandrepeat" : "1",
        "randseed" : "101",
        "rwmixread" : "0",
        "time_based" : "1",
        "runtime" : "60s",
        "filename" : "/dev/sda"
      },
      "read" : {
        "io_bytes" : 0,
        "io_kbytes" : 0,
        "bw_bytes" : 0,
        "bw" : 0,
        "iops" : 0.000000,
        "runtime" : 0,
        "total_ios" : 0,
        "short_ios" : 0,
        "drop_ios" : 0,
        "slat_ns" : {
          "min" : 0,
          "max" : 0,
          "mean" : 0.000000,
          "stddev" : 0.000000
        },
        "clat_ns" : {
          "min" : 0,
          "max" : 0,
          "mean" : 0.000000,
          "stddev" : 0.000000,
          "percentile" : {
            "1.000000" : 0,
            "5.000000" : 0,
            "10.000000" : 0,
            "20.000000" : 0,
            "30.000000" : 0,
            "40.000000" : 0,
            "50.000000" : 0,
            "60.000000" : 0,
            "70.000000" : 0,
            "80.000000" : 0,
            "90.000000" : 0,
            "95.000000" : 0,
            "99.000000" : 0,
            "99.500000" : 0,
            "99.900000" : 0,
            "99.950000" : 0,
            "99.990000" : 0
          },
          "bins" : {

          }
        },
        "lat_ns" : {
          "min" : 0,
          "max" : 0,
          "mean" : 0.000000,
          "stddev" : 0.000000
        },
        "bw_min" : 0,
        "bw_max" : 0,
        "bw_agg" : 0.000000,
        "bw_mean" : 0.000000,
        "bw_dev" : 0.000000,
        "bw_samples" : 0,
        "iops_min" : 0,
        "iops_max" : 0,
        "iops_mean" : 0.000000,
        "iops_stddev" : 0.000000,
        "iops_samples" : 0
      },
      "write" : {
        "io_bytes" : 11957993472,
        "io_kbytes" : 11677728,
        "bw_bytes" : 199293248,
        "bw" : 194622,
        "iops" : 12163.894537,
        "runtime" : 60002,
        "total_ios" : 729858,
        "short_ios" : 0,
        "drop_ios" : 0,
        "slat_ns" : {
          "min" : 2432,
          "max" : 518331,
          "mean" : 3992.606882,
          "stddev" : 1245.989442
        },
        "clat_ns" : {
          "min" : 246718,
          "max" : 22194723,
          "mean" : 2625016.401832,
          "stddev" : 1037997.392973,
          "percentile" : {
            "1.000000" : 1728512,
            "5.000000" : 1728512,
            "10.000000" : 1761280,
            "20.000000" : 1761280,
            "30.000000" : 1761280,
            "40.000000" : 2408448,
            "50.000000" : 2670592,
            "60.000000" : 2834432,
            "70.000000" : 2932736,
            "80.000000" : 3063808,
            "90.000000" : 3686400,
            "95.000000" : 4112384,
            "99.000000" : 4816896,
            "99.500000" : 5799936,
            "99.900000" : 16711680,
            "99.950000" : 17432576,
            "99.990000" : 17956864
          },
          "bins" : {
            "246784" : 1,
            "407552" : 1,
            "415744" : 2,
            "419840" : 1,
            "544768" : 2,
            "552960" : 1,
            "684032" : 2,
            "724992" : 1,
            "757760" : 1,
            "798720" : 2,
            "806912" : 1,
            "815104" : 4,
            "823296" : 1,
            "831488" : 5,
            "839680" : 9,
            "847872" : 3,
            "864256" : 1,
            "872448" : 3,
            "880640" : 2,
            "897024" : 1,
            "905216" : 4,
            "913408" : 4,
            "921600" : 4,
            "929792" : 3,
            "937984" : 6,
            "946176" : 5,
            "954368" : 5,
            "962560" : 3,
            "970752" : 6,
            "978944" : 3,
            "987136" : 2,
            "995328" : 2,
            "1003520" : 5,
            "1011712" : 8,
            "1019904" : 5,
            "1028096" : 4,
            "1036288" : 4,
            "1044480" : 6,
            "1056768" : 11,
            "1073152" : 11,
            "1089536" : 14,
            "1105920" : 14,
            "1122304" : 16,
            "1138688" : 6,
            "1155072" : 21,
            "1171456" : 13,
            "1187840" : 22,
            "1204224" : 20,
            "1220608" : 16,
            "1236992" : 18,
            "1253376" : 15,
            "1269760" : 24,
            "1286144" : 24,
            "1302528" : 19,
            "1318912" : 30,
            "1335296" : 22,
            "1351680" : 29,
            "1368064" : 34,
            "1384448" : 29,
            "1400832" : 35,
            "1417216" : 34,
            "1433600" : 55,
            "1449984" : 51,
            "1466368" : 66,
            "1482752" : 77,
            "1499136" : 70,
            "1515520" : 78,
            "1531904" : 67,
            "1548288" : 82,
            "1564672" : 92,
            "1581056" : 73,
            "1597440" : 108,
            "1613824" : 73,
            "1630208" : 135,
            "1646592" : 111,
            "1662976" : 126,
            "1679360" : 244,
            "1695744" : 169,
            "1712128" : 1311,
            "1728512" : 61517,
            "1744896" : 2837,
            "1761280" : 163324,
            "1777664" : 4324,
            "1794048" : 7600,
            "1810432" : 2775,
            "1826816" : 832,
            "1843200" : 1285,
            "1859584" : 784,
            "1875968" : 717,
            "1892352" : 647,
            "1908736" : 568,
            "1925120" : 528,
            "1941504" : 551,
            "1957888" : 478,
            "1974272" : 559,
            "1990656" : 479,
            "2007040" : 440,
            "2023424" : 631,
            "2039808" : 448,
            "2056192" : 410,
            "2072576" : 514,
            "2088960" : 427,
            "2113536" : 1079,
            "2146304" : 1722,
            "2179072" : 2069,
            "2211840" : 2458,
            "2244608" : 2741,
            "2277376" : 3845,
            "2310144" : 4490,
            "2342912" : 5391,
            "2375680" : 6210,
            "2408448" : 6380,
            "2441216" : 7345,
            "2473984" : 8237,
            "2506752" : 9629,
            "2539520" : 9963,
            "2572288" : 10536,
            "2605056" : 10759,
            "2637824" : 10790,
            "2670592" : 10719,
            "2703360" : 11504,
            "2736128" : 13397,
            "2768896" : 16256,
            "2801664" : 19073,
            "2834432" : 22124,
            "2867200" : 24177,
            "2899968" : 23183,
            "2932736" : 21721,
            "2965504" : 21657,
            "2998272" : 19472,
            "3031040" : 17370,
            "3063808" : 14208,
            "3096576" : 11875,
            "3129344" : 8792,
            "3162112" : 6818,
            "3194880" : 5113,
            "3227648" : 3488,
            "3260416" : 3280,
            "3293184" : 2698,
            "3325952" : 2205,
            "3358720" : 2075,
            "3391488" : 1921,
            "3424256" : 1837,
            "3457024" : 1511,
            "3489792" : 1222,
            "3522560" : 1396,
            "3555328" : 1542,
            "3588096" : 1791,
            "3620864" : 1856,
            "3653632" : 2124,
            "3686400" : 2030,
            "3719168" : 2058,
            "3751936" : 2008,
            "3784704" : 2298,
            "3817472" : 2591,
            "3850240" : 2522,