{
  "fio version" : "fio-3.8",
  "timestamp" : 1536911370,
  "timestamp_ms" : 1536911370284,
  "time" : "Fri Sep 14 00:49:30 2018",
  "jobs" : [
    {
      "jobname" : "wdpc",
      "groupid" : 0,
      "error" : 0,
      "eta" : 0,
      "elapsed" : 61,
      "job options" : {
        "ioengine" : "libaio",
        "group_reporting" : "1",
        "direct" : "1",
        "rw" : "randrw",
        "bs" : "64KB",
        "numjobs" : "2",
        "iodepth" : "16",
        "size" : "75%",
        "name" : "wdpc",
        "random_distribution" : "random",
        "random_generator" : "tausworthe",
        "allrandrepeat" : "1",
        "randseed" : "101",
        "rwmixread" : "0",
        "time_based" : "1",
        "runtime" : "60s",
        "filename" : "/dev/sda"
      },
      "read" : {
        "io_bytes" : 0,
        "io_kbytes" : 0,
        "bw_bytes" : 0,
        "bw" : 0,
        "iops" : 0.000000,
        "runtime" : 0,
        "total_ios" : 0,
        "short_ios" : 0,
        "drop_ios" : 0,
        "slat_ns" : {
          "min" : 0,
          "max" : 0,
          "mean" : 0.000000,
          "stddev" : 0.000000
        },
        "clat_ns" : {
          "min" : 0,
          "max" : 0,
          "mean" : 0.000000,
          "stddev" : 0.000000,
          "percentile" : {
            "1.000000" : 0,
            "5.000000" : 0,
            "10.000000" : 0,
            "20.000000" : 0,
            "30.000000" : 0,
            "40.000000" : 0,
            "50.000000" : 0,
            "60.000000" : 0,
            "70.000000" : 0,
            "80.000000" : 0,
            "90.000000" : 0,
            "95.000000" : 0,
            "99.000000" : 0,
            "99.500000" : 0,
            "99.900000" : 0,
            "99.950000" : 0,
            "99.990000" : 0
          },
          "bins" : {

          }
        },
        "lat_ns" : {
          "min" : 0,
          "max" : 0,
          "mean" : 0.000000,
          "stddev" : 0.000000
        },
        "bw_min" : 0,
        "bw_max" : 0,
        "bw_agg" : 0.000000,
        "bw_mean" : 0.000000,
        "bw_dev" : 0.000000,
        "bw_samples" : 0,
        "iops_min" : 0,
        "iops_max" : 0,
        "iops_mean" : 0.000000,
        "iops_stddev" : 0.000000,
        "iops_samples" : 0
      },
      "write" : {
        "io_bytes" : 13586792448,
        "io_kbytes" : 13268352,
        "bw_bytes" : 226408805,
        "bw" : 221102,
        "iops" : 3454.724213,
        "runtime" : 60010,
        "total_ios" : 207318,
        "short_ios" : 0,
        "drop_ios" : 0,
        "slat_ns" : {
          "min" : 4264,
          "max" : 436117,
          "mean" : 7263.617882,
          "stddev" : 2847.819283
        },
        "clat_ns" : {
          "min" : 328598,
          "max" : 26556354,
          "mean" : 9252913.064244,
          "stddev" : 1553769.979124,
          "percentile" : {
            "1.000000" : 7372800,
            "5.000000" : 7831552,
            "10.000000" : 8028160,
            "20.000000" : 8290304,
            "30.000000" : 8585216,
            "40.000000" : 8847360,
            "50.000000" : 9109504,
            "60.000000" : 9371648,
            "70.000000" : 9633792,
            "80.000000" : 9895936,
            "90.000000" : 10289152,
            "95.000000" : 10813440,
            "99.000000" : 12517376,
            "99.500000" : 22151168,
            "99.900000" : 24510464,
            "99.950000" : 24772608,
            "99.990000" : 25296896
          },
          "bins" : {
            "329728" : 1,
            "626688" : 1,
            "798720" : 1,
            "1761280" : 1,
            "1794048" : 1,
            "2113536" : 1,
            "2310144" : 1,
            "2473984" : 1,
            "3260416" : 1,
            "3457024" : 1,
            "3653632" : 1,
            "3817472" : 1,
            "3981312" : 1,
            "4177920" : 1,
            "4358144" : 1,
            "4554752" : 1,
            "4685824" : 1,
            "4882432" : 1,
            "5079040" : 6,
            "5144576" : 1,
            "5210112" : 4,
            "5275648" : 7,
            "5341184" : 10,
            "5406720" : 8,
            "5472256" : 11,
            "5537792" : 15,
            "5603328" : 12,
            "5668864" : 19,
            "5734400" : 16,
            "5799936" : 35,
            "5865472" : 29,
            "5931008" : 37,
            "5996544" : 30,
            "6062080" : 59,
            "6127616" : 43,
            "6193152" : 37,
            "6258688" : 31,
            "6324224" : 45,
            "6389760" : 21,
            "6455296" : 41,
            "6520832" : 23,
            "6586368" : 44,
            "6651904" : 83,
            "6717440" : 88,
            "6782976" : 113,
            "6848512" : 105,
            "6914048" : 86,
            "6979584" : 73,
            "7045120" : 74,
            "7110656" : 126,
            "7176192" : 124,
            "7241728" : 142,
            "7307264" : 248,
            "7372800" : 354,
            "7438336" : 475,
            "7503872" : 714,
            "7569408" : 971,
            "7634944" : 1091,
            "7700480" : 1370,
            "7766016" : 1740,
            "7831552" : 2335,
            "7897088" : 2954,
            "7962624" : 4132,
            "8028160" : 4590,
            "8093696" : 4978,
            "8159232" : 5133,
            "8224768" : 5233,
            "8290304" : 5457,
            "8355840" : 5837,
            "8454144" : 10977,
            "8585216" : 10159,
            "8716288" : 9667,
            "8847360" : 9172,
            "8978432" : 8226,
            "9109504" : 8743,
            "9240576" : 9666,
            "9371648" : 10006,
            "9502720" : 11057,
            "9633792" : 11142,
            "9764864" : 11303,
            "9895936" : 10875,
            "10027008" : 8849,
            "10158080" : 6295,
            "10289152" : 4337,
            "10420224" : 2840,
            "10551296" : 2108,
            "10682368" : 1624,
            "10813440" : 1448,
            "10944512" : 1213,
            "11075584" : 1214,
            "11206656" : 1126,
            "11337728" : 1048,
            "11468800" : 963,
            "11599872" : 618,
            "11730944" : 503,
            "11862016" : 268,
            "11993088" : 161,
            "12124160" : 148,
            "12255232" : 124,
            "12386304" : 103,
            "12517376" : 58,
            "12648448" : 48,
            "12779520" : 37,
            "12910592" : 46,
            "13041664" : 35,
            "13172736" : 7,
            "13303808" : 4,
            "13434880" : 2,
            "13565952" : 12,
            "13697024" : 9,
            "13828096" : 1,
            "14090240" : 6,
            "14221312" : 3,
            "14352384" : 1,
            "14483456" : 4,
            "14614528" : 9,
            "14745600" : 1,
            "14876672" : 1,
            "15007744" : 2,
            "15138816" : 1,
            "15269888" : 1,
            "15400960" : 1,
            "15532032" : 1,
            "15663104" : 1,
            "15794176" : 1,
            "15925248" : 15,
            "16056320" : 7,
            "16187392" : 1,
            "16318464" : 9,
            "16449536" : 6,
            "16580608" : 15,
            "16908288" : 19,
            "17170432" : 9,
            "17432576" : 5,
            "17694720" : 5,
            "17956864" : 1,
            "18219008" : 2,
            "18743296" : 4,
            "19005440" : 16,
            "19267584" : 11,
            "19529728" : 7,
            "19791872" : 7,
            "20054016" : 6,
            "20316160" : 12,
            "20578304" : 46,
            "20840448" : 71,
            "21102592" : 92,
            "21364736" : 54,
            "21626880" : 90,
            "21889024" : 92,
            "22151168" : 181,
            "22413312" : 71,
            "22675456" : 122,
            "22937600" : 85,
            "23199744" : 97,