{
  "fio version" : "fio-3.8",
  "timestamp" : 1537081621,
  "timestamp_ms" : 1537081621191,
  "time" : "Sun Sep 16 00:07:01 2018",
  "global options" : {
    "offset" : "49992433664"
  },
  "jobs" : [
    {
      "jobname" : "wdpc",
      "groupid" : 0,
      "error" : 0,
      "eta" : 0,
      "elapsed" : 61,
      "job options" : {
        "ioengine" : "libaio",
        "group_reporting" : "1",
        "direct" : "1",
        "rw" : "readwrite",
        "bs" : "32KB",
        "numjobs" : "1",
        "iodepth" : "32",
        "size" : "75%",
        "name" : "wdpc",
        "rwmixread" : "0",
        "time_based" : "1",
        "runtime" : "60s",
        "filename" : "/dev/sda"
      },
      "read" : {
        "io_bytes" : 0,
        "io_kbytes" : 0,
        "bw_bytes" : 0,
        "bw" : 0,
        "iops" : 0.000000,
        "runtime" : 0,
        "total_ios" : 0,
        "short_ios" : 0,
        "drop_ios" : 0,
        "slat_ns" : {
          "min" : 0,
          "max" : 0,
          "mean" : 0.000000,
          "stddev" : 0.000000
        },
        "clat_ns" : {
          "min" : 0,
          "max" : 0,
          "mean" : 0.000000,
          "stddev" : 0.000000,
          "percentile" : {
            "1.000000" : 0,
            "5.000000" : 0,
            "10.000000" : 0,
            "20.000000" : 0,
            "30.000000" : 0,
            "40.000000" : 0,
            "50.000000" : 0,
            "60.000000" : 0,
            "70.000000" : 0,
            "80.000000" : 0,
            "90.000000" : 0,
            "95.000000" : 0,
            "99.000000" : 0,
            "99.500000" : 0,
            "99.900000" : 0,
            "99.950000" : 0,
            "99.990000" : 0
          },
          "bins" : {

          }
        },
        "lat_ns" : {
          "min" : 0,
          "max" : 0,
          "mean" : 0.000000,
          "stddev" : 0.000000
        },
        "bw_min" : 0,
        "bw_max" : 0,
        "bw_agg" : 0.000000,
        "bw_mean" : 0.000000,
        "bw_dev" : 0.000000,
        "bw_samples" : 0,
        "iops_min" : 0,
        "iops_max" : 0,
        "iops_mean" : 0.000000,
        "iops_stddev" : 0.000000,
        "iops_samples" : 0
      },
      "write" : {
        "io_bytes" : 17056694272,
        "io_kbytes" : 16656928,
        "bw_bytes" : 284259287,
        "bw" : 277596,
        "iops" : 8674.905006,
        "runtime" : 60004,
        "total_ios" : 520529,
        "short_ios" : 0,
        "drop_ios" : 0,
        "slat_ns" : {
          "min" : 3001,
          "max" : 63018,
          "mean" : 4511.972841,
          "stddev" : 1156.019159
        },
        "clat_ns" : {
          "min" : 350653,
          "max" : 19518370,
          "mean" : 3682782.682613,
          "stddev" : 1039388.748303,
          "percentile" : {
            "1.000000" : 3063808,
            "5.000000" : 3063808,
            "10.000000" : 3096576,
            "20.000000" : 3162112,
            "30.000000" : 3260416,
            "40.000000" : 3325952,
            "50.000000" : 3424256,
            "60.000000" : 3555328,
            "70.000000" : 3817472,
            "80.000000" : 4046848,
            "90.000000" : 4489216,
            "95.000000" : 4882432,
            "99.000000" : 5406720,
            "99.500000" : 5734400,
            "99.900000" : 17694720,
            "99.950000" : 18481152,
            "99.990000" : 19005440
          },
          "bins" : {
            "350208" : 1,
            "370688" : 1,
            "468992" : 1,
            "561152" : 1,
            "659456" : 1,
            "749568" : 1,
            "847872" : 1,
            "929792" : 1,
            "1171456" : 1,
            "1204224" : 1,
            "1351680" : 1,
            "1466368" : 1,
            "1548288" : 1,
            "1646592" : 1,
            "1744896" : 1,
            "1826816" : 1,
            "1925120" : 1,
            "2007040" : 1,
            "2088960" : 1,
            "2179072" : 1,
            "2244608" : 1,
            "2342912" : 1,
            "2441216" : 1,
            "2539520" : 1,
            "2605056" : 1,
            "2670592" : 1,
            "2768896" : 1,
            "2867200" : 2,
            "2899968" : 3,
            "2932736" : 15,
            "2965504" : 35,
            "2998272" : 85,
            "3031040" : 2715,
            "3063808" : 34297,
            "3096576" : 33084,
            "3129344" : 22639,
            "3162112" : 13066,
            "3194880" : 17310,
            "3227648" : 22390,
            "3260416" : 25135,
            "3293184" : 23406,
            "3325952" : 21458,
            "3358720" : 18191,
            "3391488" : 16101,
            "3424256" : 15777,
            "3457024" : 13990,
            "3489792" : 13427,
            "3522560" : 10973,
            "3555328" : 9831,
            "3588096" : 8663,
            "3620864" : 7937,
            "3653632" : 7594,
            "3686400" : 6717,
            "3719168" : 6366,
            "3751936" : 6558,
            "3784704" : 6379,
            "3817472" : 5494,
            "3850240" : 5918,
            "3883008" : 6907,
            "3915776" : 7806,
            "3948544" : 7546,
            "3981312" : 8179,
            "4014080" : 7421,
            "4046848" : 7643,
            "4079616" : 6962,
            "4112384" : 5854,
            "4145152" : 5233,
            "4177920" : 4833,
            "4227072" : 8090,
            "4292608" : 6374,
            "4358144" : 4424,
            "4423680" : 3381,
            "4489216" : 3093,
            "4554752" : 3895,
            "4620288" : 4417,
            "4685824" : 4775,
            "4751360" : 5292,
            "4816896" : 4781,
            "4882432" : 4158,
            "4947968" : 3324,
            "5013504" : 2930,
            "5079040" : 2245,
            "5144576" : 2602,
            "5210112" : 2539,
            "5275648" : 2079,
            "5341184" : 1502,
            "5406720" : 1527,
            "5472256" : 970,
            "5537792" : 676,
            "5603328" : 512,
            "5668864" : 332,
            "5734400" : 323,
            "5799936" : 87,
            "5865472" : 53,
            "5931008" : 13,
            "5996544" : 20,
            "6062080" : 1,
            "6127616" : 1,
            "6193152" : 4,
            "6258688" : 8,
            "6324224" : 1,
            "6389760" : 1,
            "6520832" : 1,
            "6586368" : 1,
            "6717440" : 1,
            "6782976" : 1,
            "6914048" : 1,
            "6979584" : 1,
            "7110656" : 1,
            "7176192" : 1,
            "7307264" : 1,
            "7372800" : 1,
            "7503872" : 1,
            "7569408" : 1,
            "7700480" : 1,
            "7766016" : 1,
            "7897088" : 1,
            "7962624" : 1,
            "8093696" : 1,
            "8159232" : 1,
            "8290304" : 1,
            "8355840" : 1,
            "16580608" : 24,
            "16711680" : 75,
            "16908288" : 725,
            "17170432" : 373,
            "17432576" : 305,
            "17694720" : 150,
            "17956864" : 56,
            "18219008" : 48,
            "18481152" : 162,
            "18743296" : 114,
            "19005440" : 78,
            "19267584" : 1,
            "19529728" : 1
          }
        },
        "lat_ns" : {
          "min" : 382466,
          "max" : 19522974,
          "mean" : 3687480.259175,
          "stddev" : 1039384.556844
        },
        "bw_min" : 262912,
        "bw_max" : 287424,
        "bw_agg" : 99.997466,
        "bw_mean" : 277588.966667,
        "bw_dev" : 4496.465024,
        "bw_samples" : 120,
        "iops_min" : 8216,
        "iops_max" : 8982,
        "iops_mean" : 8674.666667,
        "iops_stddev" : 140.520840,
        "iops_samples" : 120
      },
      "trim" : {
        "io_bytes" : 0,
        "io_kbytes" : 0,
        "bw_bytes" : 0,
        "bw" : 0,
        "iops" : 0.000000,
        "runtime" : 0,
        "total_ios" : 0,