{
  "fio version" : "fio-3.8",
  "timestamp" : 1537082970,
  "timestamp_ms" : 1537082970119,
  "time" : "Sun Sep 16 00:29:30 2018",
  "global options" : {
    "offset" : "70364692480"
  },
  "jobs" : [
    {
      "jobname" : "wdpc",
      "groupid" : 0,
      "error" : 0,
      "eta" : 0,
      "elapsed" : 61,
      "job options" : {
        "ioengine" : "libaio",
        "group_reporting" : "1",
        "direct" : "1",
        "rw" : "readwrite",
        "bs" : "1024KB",
        "numjobs" : "1",
        "iodepth" : "32",
        "size" : "75%",
        "name" : "wdpc",
        "rwmixread" : "0",
        "time_based" : "1",
        "runtime" : "60s",
        "filename" : "/dev/sda"
      },
      "read" : {
        "io_bytes" : 0,
        "io_kbytes" : 0,
        "bw_bytes" : 0,
        "bw" : 0,
        "iops" : 0.000000,
        "runtime" : 0,
        "total_ios" : 0,
        "short_ios" : 0,
        "drop_ios" : 0,
        "slat_ns" : {
          "min" : 0,
          "max" : 0,
          "mean" : 0.000000,
          "stddev" : 0.000000
        },
        "clat_ns" : {
          "min" : 0,
          "max" : 0,
          "mean" : 0.000000,
          "stddev" : 0.000000,
          "percentile" : {
            "1.000000" : 0,
            "5.000000" : 0,
            "10.000000" : 0,
            "20.000000" : 0,
            "30.000000" : 0,
            "40.000000" : 0,
            "50.000000" : 0,
            "60.000000" : 0,
            "70.000000" : 0,
            "80.000000" : 0,
            "90.000000" : 0,
            "95.000000" : 0,
            "99.000000" : 0,
            "99.500000" : 0,
            "99.900000" : 0,
            "99.950000" : 0,
            "99.990000" : 0
          },
          "bins" : {

          }
        },
        "lat_ns" : {
          "min" : 0,
          "max" : 0,
          "mean" : 0.000000,
          "stddev" : 0.000000
        },
        "bw_min" : 0,
        "bw_max" : 0,
        "bw_agg" : 0.000000,
        "bw_mean" : 0.000000,
        "bw_dev" : 0.000000,
        "bw_samples" : 0,
        "iops_min" : 0,
        "iops_max" : 0,
        "iops_mean" : 0.000000,
        "iops_stddev" : 0.000000,
        "iops_samples" : 0
      },
      "write" : {
        "io_bytes" : 17536385024,
        "io_kbytes" : 17125376,
        "bw_bytes" : 291670298,
        "bw" : 284834,
        "iops" : 278.158472,
        "runtime" : 60124,
        "total_ios" : 16724,
        "short_ios" : 0,
        "drop_ios" : 0,
        "slat_ns" : {
          "min" : 55851,
          "max" : 506115,
          "mean" : 83364.448457,
          "stddev" : 10972.922558
        },
        "clat_ns" : {
          "min" : 6659243,
          "max" : 229270664,
          "mean" : 114945531.002691,
          "stddev" : 6367135.376781,
          "percentile" : {
            "1.000000" : 106430464,
            "5.000000" : 108527616,
            "10.000000" : 109576192,
            "20.000000" : 110624768,
            "30.000000" : 111673344,
            "40.000000" : 112721920,
            "50.000000" : 113770496,
            "60.000000" : 114819072,
            "70.000000" : 115867648,
            "80.000000" : 117964800,
            "90.000000" : 123207680,
            "95.000000" : 126353408,
            "99.000000" : 128450560,
            "99.500000" : 129499136,
            "99.900000" : 173015040,
            "99.950000" : 202375168,
            "99.990000" : 225443840
          },
          "bins" : {
            "6651904" : 1,
            "9502720" : 1,
            "14352384" : 1,
            "17170432" : 1,
            "21889024" : 1,
            "24772608" : 1,
            "28966912" : 1,
            "31850496" : 1,
            "35913728" : 1,
            "39059456" : 1,
            "42729472" : 1,
            "45875200" : 1,
            "50069504" : 1,
            "52690944" : 1,
            "57409536" : 1,
            "60555264" : 1,
            "64225280" : 1,
            "67633152" : 1,
            "70778880" : 1,
            "73924608" : 1,
            "77070336" : 1,
            "80216064" : 1,
            "83361792" : 1,
            "86507520" : 1,
            "89653248" : 1,
            "92798976" : 1,
            "95944704" : 1,
            "99090432" : 1,
            "102236160" : 1,
            "104333312" : 5,
            "105381888" : 28,
            "106430464" : 116,
            "107479040" : 292,
            "108527616" : 670,
            "109576192" : 977,
            "110624768" : 1392,
            "111673344" : 1665,
            "112721920" : 1955,
            "113770496" : 2116,
            "114819072" : 1591,
            "115867648" : 1154,
            "116916224" : 881,
            "117964800" : 634,
            "119013376" : 552,
            "120061952" : 368,
            "121110528" : 325,
            "122159104" : 267,
            "123207680" : 260,
            "124256256" : 226,
            "125304832" : 343,
            "126353408" : 297,
            "127401984" : 253,
            "128450560" : 168,
            "129499136" : 88,
            "130547712" : 35,
            "131596288" : 8,
            "133693440" : 2,
            "137363456" : 1,
            "141557760" : 1,
            "143654912" : 1,
            "147849216" : 1,
            "152043520" : 1,
            "154140672" : 1,
            "158334976" : 1,
            "162529280" : 1,
            "164626432" : 1,
            "168820736" : 1,
            "173015040" : 1,
            "175112192" : 1,
            "179306496" : 1,
            "181403648" : 1,
            "187695104" : 1,
            "189792256" : 1,
            "193986560" : 1,
            "198180864" : 1,
            "202375168" : 1,
            "204472320" : 1,
            "208666624" : 1,
            "210763776" : 1,
            "214958080" : 1,
            "219152384" : 1,
            "221249536" : 1,
            "225443840" : 1,
            "229638144" : 1
          }
        },
        "lat_ns" : {
          "min" : 6791994,
          "max" : 229354326,
          "mean" : 115029310.137766,
          "stddev" : 6367084.010624
        },
        "bw_min" : 274432,
        "bw_max" : 294912,
        "bw_agg" : 100.000000,
        "bw_mean" : 284867.350000,
        "bw_dev" : 4658.117605,
        "bw_samples" : 120,
        "iops_min" : 268,
        "iops_max" : 288,
        "iops_mean" : 278.183333,
        "iops_stddev" : 4.552187,
        "iops_samples" : 120
      },
      "trim" : {
        "io_bytes" : 0,
        "io_kbytes" : 0,
        "bw_bytes" : 0,
        "bw" : 0,
        "iops" : 0.000000,
        "runtime" : 0,
        "total_ios" : 0,
        "short_ios" : 0,
        "drop_ios" : 0,
        "slat_ns" : {
          "min" : 0,
          "max" : 0,
          "mean" : 0.000000,
          "stddev" : 0.000000
        },
        "clat_ns" : {
          "min" : 0,
          "max" : 0,
          "mean" : 0.000000,
          "stddev" : 0.000000,
          "percentile" : {
            "1.000000" : 0,
            "5.000000" : 0,
            "10.000000" : 0,
            "20.000000" : 0,
            "30.000000" : 0,
            "40.000000" : 0,
            "50.000000" : 0,
            "60.000000" : 0,
            "70.000000" : 0,
            "80.000000" : 0,
            "90.000000" : 0,
            "95.000000" : 0,
            "99.000000" : 0,
            "99.500000" : 0,
            "99.900000" : 0,
            "99.950000" : 0,
            "99.990000" : 0
          },
          "bins" : {

          }
        },
        "lat_ns" : {
          "min" : 0,
          "max" : 0,
          "mean" : 0.000000,
          "stddev" : 0.000000
        },
        "bw_min" : 0,
        "bw_max" : 0,
        "bw_agg" : 0.000000,
        "bw_mean" : 0.000000,
        "bw_dev" : 0.000000,
        "bw_samples" : 0,
        "iops_min" : 0,
        "iops_max" : 0,
        "iops_mean" : 0.000000,
        "iops_stddev" : 0.000000,
        "iops_samples" : 0
      },