{
  "fio version" : "fio-3.8",
  "timestamp" : 1537080978,
  "timestamp_ms" : 1537080978928,
  "time" : "Sat Sep 15 23:56:18 2018",
  "global options" : {
    "offset" : "48345038848"
  },
  "jobs" : [
    {
      "jobname" : "wdpc",
      "groupid" : 0,
      "error" : 0,
      "eta" : 0,
      "elapsed" : 61,
      "job options" : {
        "ioengine" : "libaio",
        "group_reporting" : "1",
        "direct" : "1",
        "rw" : "readwrite",
        "bs" : "16KB",
        "numjobs" : "1",
        "iodepth" : "32",
        "size" : "75%",
        "name" : "wdpc",
        "rwmixread" : "0",
        "time_based" : "1",
        "runtime" : "60s",
        "filename" : "/dev/sda"
      },
      "read" : {
        "io_bytes" : 0,
        "io_kbytes" : 0,
        "bw_bytes" : 0,
        "bw" : 0,
        "iops" : 0.000000,
        "runtime" : 0,
        "total_ios" : 0,
        "short_ios" : 0,
        "drop_ios" : 0,
        "slat_ns" : {
          "min" : 0,
          "max" : 0,
          "mean" : 0.000000,
          "stddev" : 0.000000
        },
        "clat_ns" : {
          "min" : 0,
          "max" : 0,
          "mean" : 0.000000,
          "stddev" : 0.000000,
          "percentile" : {
            "1.000000" : 0,
            "5.000000" : 0,
            "10.000000" : 0,
            "20.000000" : 0,
            "30.000000" : 0,
            "40.000000" : 0,
            "50.000000" : 0,
            "60.000000" : 0,
            "70.000000" : 0,
            "80.000000" : 0,
            "90.000000" : 0,
            "95.000000" : 0,
            "99.000000" : 0,
            "99.500000" : 0,
            "99.900000" : 0,
            "99.950000" : 0,
            "99.990000" : 0
          },
          "bins" : {

          }
        },
        "lat_ns" : {
          "min" : 0,
          "max" : 0,
          "mean" : 0.000000,
          "stddev" : 0.000000
        },
        "bw_min" : 0,
        "bw_max" : 0,
        "bw_agg" : 0.000000,
        "bw_mean" : 0.000000,
        "bw_dev" : 0.000000,
        "bw_samples" : 0,
        "iops_min" : 0,
        "iops_max" : 0,
        "iops_mean" : 0.000000,
        "iops_stddev" : 0.000000,
        "iops_samples" : 0
      },
      "write" : {
        "io_bytes" : 16114728960,
        "io_kbytes" : 15737040,
        "bw_bytes" : 268569863,
        "bw" : 262275,
        "iops" : 16392.203593,
        "runtime" : 60002,
        "total_ios" : 983565,
        "short_ios" : 0,
        "drop_ios" : 0,
        "slat_ns" : {
          "min" : 2468,
          "max" : 104283,
          "mean" : 3839.085379,
          "stddev" : 980.628911
        },
        "clat_ns" : {
          "min" : 277266,
          "max" : 31425592,
          "mean" : 1946836.168259,
          "stddev" : 727472.479038,
          "percentile" : {
            "1.000000" : 1728512,
            "5.000000" : 1728512,
            "10.000000" : 1761280,
            "20.000000" : 1761280,
            "30.000000" : 1761280,
            "40.000000" : 1761280,
            "50.000000" : 1761280,
            "60.000000" : 1794048,
            "70.000000" : 1794048,
            "80.000000" : 1957888,
            "90.000000" : 2408448,
            "95.000000" : 2670592,
            "99.000000" : 3555328,
            "99.500000" : 3719168,
            "99.900000" : 15532032,
            "99.950000" : 16056320,
            "99.990000" : 16711680
          },
          "bins" : {
            "276480" : 1,
            "288768" : 1,
            "387072" : 1,
            "403456" : 2,
            "569344" : 1,
            "577536" : 2,
            "692224" : 2,
            "708608" : 1,
            "741376" : 1,
            "774144" : 1,
            "790528" : 1,
            "806912" : 5,
            "815104" : 5,
            "823296" : 3,
            "831488" : 23,
            "839680" : 17,
            "847872" : 9,
            "856064" : 2,
            "864256" : 9,
            "872448" : 23,
            "880640" : 20,
            "888832" : 12,
            "897024" : 1,
            "905216" : 12,
            "913408" : 5,
            "921600" : 12,
            "929792" : 8,
            "937984" : 9,
            "946176" : 26,
            "954368" : 30,
            "962560" : 14,
            "970752" : 13,
            "978944" : 14,
            "987136" : 13,
            "995328" : 13,
            "1003520" : 6,
            "1011712" : 4,
            "1019904" : 11,
            "1028096" : 4,
            "1036288" : 9,
            "1044480" : 23,
            "1056768" : 18,
            "1073152" : 24,
            "1089536" : 33,
            "1105920" : 13,
            "1122304" : 27,
            "1138688" : 13,
            "1155072" : 23,
            "1171456" : 19,
            "1187840" : 30,
            "1204224" : 33,
            "1220608" : 23,
            "1236992" : 17,
            "1253376" : 16,
            "1269760" : 23,
            "1286144" : 22,
            "1302528" : 19,
            "1318912" : 31,
            "1335296" : 23,
            "1351680" : 24,
            "1368064" : 20,
            "1384448" : 18,
            "1400832" : 25,
            "1417216" : 22,
            "1433600" : 20,
            "1449984" : 32,
            "1466368" : 14,
            "1482752" : 38,
            "1499136" : 13,
            "1515520" : 44,
            "1531904" : 21,
            "1548288" : 58,
            "1564672" : 46,
            "1581056" : 38,
            "1597440" : 67,
            "1613824" : 46,
            "1630208" : 55,
            "1646592" : 73,
            "1662976" : 52,
            "1679360" : 93,
            "1695744" : 50,
            "1712128" : 684,
            "1728512" : 61285,
            "1744896" : 16140,
            "1761280" : 446775,
            "1777664" : 62885,
            "1794048" : 100816,
            "1810432" : 37710,
            "1826816" : 4857,
            "1843200" : 10768,
            "1859584" : 7933,
            "1875968" : 7089,
            "1892352" : 7444,
            "1908736" : 6208,
            "1925120" : 6241,
            "1941504" : 5995,
            "1957888" : 5288,
            "1974272" : 5483,
            "1990656" : 5007,
            "2007040" : 5021,
            "2023424" : 4682,
            "2039808" : 4307,
            "2056192" : 4568,
            "2072576" : 4020,
            "2088960" : 4423,
            "2113536" : 7883,
            "2146304" : 7498,
            "2179072" : 7446,
            "2211840" : 7011,
            "2244608" : 6123,
            "2277376" : 5105,
            "2310144" : 4431,
            "2342912" : 4668,
            "2375680" : 5192,
            "2408448" : 5517,
            "2441216" : 6596,
            "2473984" : 6938,
            "2506752" : 7093,
            "2539520" : 6535,
            "2572288" : 6158,
            "2605056" : 5268,
            "2637824" : 3749,
            "2670592" : 4046,
            "2703360" : 3537,
            "2736128" : 3200,
            "2768896" : 2891,
            "2801664" : 2599,
            "2834432" : 2011,
            "2867200" : 1734,
            "2899968" : 1182,
            "2932736" : 757,
            "2965504" : 478,
            "2998272" : 488,
            "3031040" : 247,
            "3063808" : 305,
            "3096576" : 314,
            "3129344" : 536,
            "3162112" : 694,
            "3194880" : 1000,
            "3227648" : 1510,
            "3260416" : 1661,
            "3293184" : 1953,
            "3325952" : 2109,
            "3358720" : 1896,
            "3391488" : 1761,
            "3424256" : 1208,
            "3457024" : 1389,
            "3489792" : 1464,
            "3522560" : 1520,
            "3555328" : 1326,
            "3588096" : 1196,
            "3620864" : 1164,
            "3653632" : 868,
            "3686400" : 838,
            "3719168" : 819,
            "3751936" : 625,
            "3784704" : 437,
            "3817472" : 471,
            "3850240" : 375,
            "3883008" : 182,