{
  "fio version" : "fio-3.8",
  "timestamp" : 1536909204,
  "timestamp_ms" : 1536909204411,
  "time" : "Fri Sep 14 00:13:24 2018",
  "jobs" : [
    {
      "jobname" : "wdpc",
      "groupid" : 0,
      "error" : 0,
      "eta" : 0,
      "elapsed" : 61,
      "job options" : {
        "ioengine" : "libaio",
        "group_reporting" : "1",
        "direct" : "1",
        "rw" : "randrw",
        "bs" : "128KB",
        "numjobs" : "2",
        "iodepth" : "16",
        "size" : "75%",
        "name" : "wdpc",
        "random_distribution" : "random",
        "random_generator" : "tausworthe",
        "allrandrepeat" : "1",
        "randseed" : "101",
        "rwmixread" : "0",
        "time_based" : "1",
        "runtime" : "60s",
        "filename" : "/dev/sda"
      },
      "read" : {
        "io_bytes" : 0,
        "io_kbytes" : 0,
        "bw_bytes" : 0,
        "bw" : 0,
        "iops" : 0.000000,
        "runtime" : 0,
        "total_ios" : 0,
        "short_ios" : 0,
        "drop_ios" : 0,
        "slat_ns" : {
          "min" : 0,
          "max" : 0,
          "mean" : 0.000000,
          "stddev" : 0.000000
        },
        "clat_ns" : {
          "min" : 0,
          "max" : 0,
          "mean" : 0.000000,
          "stddev" : 0.000000,
          "percentile" : {
            "1.000000" : 0,
            "5.000000" : 0,
            "10.000000" : 0,
            "20.000000" : 0,
            "30.000000" : 0,
            "40.000000" : 0,
            "50.000000" : 0,
            "60.000000" : 0,
            "70.000000" : 0,
            "80.000000" : 0,
            "90.000000" : 0,
            "95.000000" : 0,
            "99.000000" : 0,
            "99.500000" : 0,
            "99.900000" : 0,
            "99.950000" : 0,
            "99.990000" : 0
          },
          "bins" : {

          }
        },
        "lat_ns" : {
          "min" : 0,
          "max" : 0,
          "mean" : 0.000000,
          "stddev" : 0.000000
        },
        "bw_min" : 0,
        "bw_max" : 0,
        "bw_agg" : 0.000000,
        "bw_mean" : 0.000000,
        "bw_dev" : 0.000000,
        "bw_samples" : 0,
        "iops_min" : 0,
        "iops_max" : 0,
        "iops_mean" : 0.000000,
        "iops_stddev" : 0.000000,
        "iops_samples" : 0
      },
      "write" : {
        "io_bytes" : 13686800384,
        "io_kbytes" : 13366016,
        "bw_bytes" : 228041126,
        "bw" : 222696,
        "iops" : 1739.815725,
        "runtime" : 60019,
        "total_ios" : 104422,
        "short_ios" : 0,
        "drop_ios" : 0,
        "slat_ns" : {
          "min" : 7031,
          "max" : 53485,
          "mean" : 13867.873006,
          "stddev" : 3742.340771
        },
        "clat_ns" : {
          "min" : 904983,
          "max" : 58196048,
          "mean" : 18374472.883128,
          "stddev" : 2161798.116584,
          "percentile" : {
            "1.000000" : 15532032,
            "5.000000" : 16187392,
            "10.000000" : 16580608,
            "20.000000" : 17170432,
            "30.000000" : 17432576,
            "40.000000" : 17694720,
            "50.000000" : 18219008,
            "60.000000" : 18481152,
            "70.000000" : 18743296,
            "80.000000" : 19267584,
            "90.000000" : 20054016,
            "95.000000" : 20578304,
            "99.000000" : 30277632,
            "99.500000" : 31326208,
            "99.900000" : 33816576,
            "99.950000" : 34865152,
            "99.990000" : 56885248
          },
          "bins" : {
            "905216" : 1,
            "3358720" : 1,
            "3391488" : 1,
            "4145152" : 1,
            "4489216" : 1,
            "4882432" : 1,
            "6520832" : 1,
            "6914048" : 1,
            "7307264" : 1,
            "8454144" : 1,
            "8847360" : 1,
            "9109504" : 1,
            "9502720" : 1,
            "9895936" : 1,
            "10289152" : 1,
            "10682368" : 1,
            "11206656" : 1,
            "11599872" : 1,
            "11993088" : 1,
            "12386304" : 1,
            "12779520" : 1,
            "13303808" : 1,
            "13434880" : 1,
            "13565952" : 3,
            "13697024" : 2,
            "13828096" : 5,
            "13959168" : 7,
            "14090240" : 4,
            "14221312" : 7,
            "14352384" : 10,
            "14483456" : 15,
            "14614528" : 28,
            "14745600" : 44,
            "14876672" : 62,
            "15007744" : 96,
            "15138816" : 165,
            "15269888" : 219,
            "15400960" : 295,
            "15532032" : 326,
            "15663104" : 531,
            "15794176" : 820,
            "15925248" : 998,
            "16056320" : 1164,
            "16187392" : 1436,
            "16318464" : 1618,
            "16449536" : 1977,
            "16580608" : 2437,
            "16711680" : 2590,
            "16908288" : 5511,
            "17170432" : 6374,
            "17432576" : 7358,
            "17694720" : 7942,
            "17956864" : 8632,
            "18219008" : 8508,
            "18481152" : 7838,
            "18743296" : 6968,
            "19005440" : 6278,
            "19267584" : 5262,
            "19529728" : 4361,
            "19791872" : 3697,
            "20054016" : 2759,
            "20316160" : 1961,
            "20578304" : 1420,
            "20840448" : 954,
            "21102592" : 657,
            "21364736" : 463,
            "21626880" : 299,
            "21889024" : 191,
            "22151168" : 107,
            "22413312" : 81,
            "22675456" : 49,
            "22937600" : 33,
            "23199744" : 27,
            "23461888" : 24,
            "23724032" : 13,
            "23986176" : 11,
            "24248320" : 12,
            "24510464" : 12,
            "24772608" : 12,
            "25559040" : 2,
            "25821184" : 3,
            "26083328" : 3,
            "26345472" : 4,
            "26607616" : 2,
            "27131904" : 3,
            "27394048" : 3,
            "27656192" : 3,
            "27918336" : 7,
            "28180480" : 28,
            "28442624" : 41,
            "28704768" : 56,
            "28966912" : 64,
            "29229056" : 72,
            "29491200" : 74,
            "29753344" : 116,
            "30015488" : 119,
            "30277632" : 167,
            "30539776" : 117,
            "30801920" : 117,
            "31064064" : 125,
            "31326208" : 95,
            "31588352" : 68,
            "31850496" : 56,
            "32112640" : 78,
            "32374784" : 34,
            "32636928" : 25,
            "32899072" : 54,
            "33161216" : 40,
            "33423360" : 26,
            "33816576" : 26,
            "34340864" : 27,
            "34865152" : 20,
            "35389440" : 9,
            "35913728" : 9,
            "36438016" : 1,
            "55312384" : 7,
            "55836672" : 7,
            "56360960" : 5,
            "56885248" : 3,
            "57409536" : 3,
            "57933824" : 6,
            "58458112" : 1
          }
        },
        "lat_ns" : {
          "min" : 952593,
          "max" : 58208996,
          "mean" : 18388704.601923,
          "stddev" : 2161800.492568
        },
        "bw_min" : 103680,
        "bw_max" : 117504,
        "bw_agg" : 49.999916,
        "bw_mean" : 111347.812500,
        "bw_dev" : 2338.906184,
        "bw_samples" : 240,
        "iops_min" : 810,
        "iops_max" : 918,
        "iops_mean" : 869.900000,
        "iops_stddev" : 18.276995,
        "iops_samples" : 240
      },
      "trim" : {
        "io_bytes" : 0,
        "io_kbytes" : 0,
        "bw_bytes" : 0,
        "bw" : 0,
        "iops" : 0.000000,
        "runtime" : 0,
        "total_ios" : 0,
        "short_ios" : 0,
        "drop_ios" : 0,
        "slat_ns" : {
          "min" : 0,
          "max" : 0,
          "mean" : 0.000000,
          "stddev" : 0.000000
        },
        "clat_ns" : {
          "min" : 0,