{
  "fio version" : "fio-3.8",
  "timestamp" : 1536923502,
  "timestamp_ms" : 1536923502234,
  "time" : "Fri Sep 14 04:11:42 2018",
  "jobs" : [
    {
      "jobname" : "wdpc",
      "groupid" : 0,
      "error" : 0,
      "eta" : 0,
      "elapsed" : 61,
      "job options" : {
        "ioengine" : "libaio",
        "group_reporting" : "1",
        "direct" : "1",
        "rw" : "randrw",
        "bs" : "512B",
        "numjobs" : "2",
        "iodepth" : "16",
        "size" : "75%",
        "name" : "wdpc",
        "random_distribution" : "random",
        "random_generator" : "tausworthe",
        "allrandrepeat" : "1",
        "randseed" : "101",
        "rwmixread" : "0",
        "time_based" : "1",
        "runtime" : "60s",
        "filename" : "/dev/sda"
      },
      "read" : {
        "io_bytes" : 0,
        "io_kbytes" : 0,
        "bw_bytes" : 0,
        "bw" : 0,
        "iops" : 0.000000,
        "runtime" : 0,
        "total_ios" : 0,
        "short_ios" : 0,
        "drop_ios" : 0,
        "slat_ns" : {
          "min" : 0,
          "max" : 0,
          "mean" : 0.000000,
          "stddev" : 0.000000
        },
        "clat_ns" : {
          "min" : 0,
          "max" : 0,
          "mean" : 0.000000,
          "stddev" : 0.000000,
          "percentile" : {
            "1.000000" : 0,
            "5.000000" : 0,
            "10.000000" : 0,
            "20.000000" : 0,
            "30.000000" : 0,
            "40.000000" : 0,
            "50.000000" : 0,
            "60.000000" : 0,
            "70.000000" : 0,
            "80.000000" : 0,
            "90.000000" : 0,
            "95.000000" : 0,
            "99.000000" : 0,
            "99.500000" : 0,
            "99.900000" : 0,
            "99.950000" : 0,
            "99.990000" : 0
          },
          "bins" : {

          }
        },
        "lat_ns" : {
          "min" : 0,
          "max" : 0,
          "mean" : 0.000000,
          "stddev" : 0.000000
        },
        "bw_min" : 0,
        "bw_max" : 0,
        "bw_agg" : 0.000000,
        "bw_mean" : 0.000000,
        "bw_dev" : 0.000000,
        "bw_samples" : 0,
        "iops_min" : 0,
        "iops_max" : 0,
        "iops_mean" : 0.000000,
        "iops_stddev" : 0.000000,
        "iops_samples" : 0
      },
      "write" : {
        "io_bytes" : 786435584,
        "io_kbytes" : 768003,
        "bw_bytes" : 13106604,
        "bw" : 12799,
        "iops" : 25598.836725,
        "runtime" : 60003,
        "total_ios" : 1536007,
        "short_ios" : 0,
        "drop_ios" : 0,
        "slat_ns" : {
          "min" : 2117,
          "max" : 602551,
          "mean" : 8623.067207,
          "stddev" : 6395.976055
        },
        "clat_ns" : {
          "min" : 137907,
          "max" : 18480439,
          "mean" : 1239580.450732,
          "stddev" : 887648.145851,
          "percentile" : {
            "1.000000" : 395264,
            "5.000000" : 477184,
            "10.000000" : 544768,
            "20.000000" : 659456,
            "30.000000" : 733184,
            "40.000000" : 798720,
            "50.000000" : 872448,
            "60.000000" : 962560,
            "70.000000" : 1204224,
            "80.000000" : 2146304,
            "90.000000" : 2375680,
            "95.000000" : 2572288,
            "99.000000" : 3850240,
            "99.500000" : 4292608,
            "99.900000" : 10158080,
            "99.950000" : 15400960,
            "99.990000" : 16908288
          },
          "bins" : {
            "138240" : 1,
            "230400" : 1,
            "232448" : 1,
            "246784" : 2,
            "250880" : 1,
            "252928" : 4,
            "254976" : 1,
            "257024" : 2,
            "259072" : 3,
            "264192" : 5,
            "268288" : 7,
            "272384" : 16,
            "276480" : 15,
            "280576" : 20,
            "284672" : 20,
            "288768" : 29,
            "292864" : 50,
            "296960" : 46,
            "301056" : 32,
            "305152" : 85,
            "309248" : 116,
            "313344" : 133,
            "317440" : 194,
            "321536" : 234,
            "325632" : 253,
            "329728" : 251,
            "333824" : 247,
            "337920" : 292,
            "342016" : 367,
            "346112" : 406,
            "350208" : 541,
            "354304" : 718,
            "358400" : 868,
            "362496" : 969,
            "366592" : 1064,
            "370688" : 1041,
            "374784" : 1042,
            "378880" : 1081,
            "382976" : 1226,
            "387072" : 1505,
            "391168" : 1770,
            "395264" : 2047,
            "399360" : 2292,
            "403456" : 2378,
            "407552" : 2388,
            "411648" : 2120,
            "415744" : 1998,
            "419840" : 2190,
            "423936" : 2275,
            "428032" : 2786,
            "432128" : 3208,
            "436224" : 3547,
            "440320" : 3677,
            "444416" : 3907,
            "448512" : 3449,
            "452608" : 3134,
            "456704" : 2801,
            "460800" : 2925,
            "464896" : 3123,
            "468992" : 3800,
            "473088" : 4446,
            "477184" : 4758,
            "481280" : 5122,
            "485376" : 4901,
            "489472" : 4115,
            "493568" : 3780,
            "497664" : 3499,
            "501760" : 3646,
            "505856" : 3968,
            "509952" : 4706,
            "514048" : 5288,
            "518144" : 5873,
            "522240" : 5856,
            "528384" : 10194,
            "536576" : 8433,
            "544768" : 8784,
            "552960" : 10696,
            "561152" : 12238,
            "569344" : 10561,
            "577536" : 8914,
            "585728" : 9181,
            "593920" : 10939,
            "602112" : 12134,
            "610304" : 10855,
            "618496" : 9420,
            "626688" : 9860,
            "634880" : 12110,
            "643072" : 13909,
            "651264" : 12608,
            "659456" : 11354,
            "667648" : 12734,
            "675840" : 16534,
            "684032" : 19112,
            "692224" : 17404,
            "700416" : 16082,
            "708608" : 18542,
            "716800" : 22772,
            "724992" : 23445,
            "733184" : 18510,
            "741376" : 16704,
            "749568" : 18930,
            "757760" : 22305,
            "765952" : 22245,
            "774144" : 17437,
            "782336" : 15966,
            "790528" : 18319,
            "798720" : 21089,
            "806912" : 19478,
            "815104" : 15653,
            "823296" : 15361,
            "831488" : 17870,
            "839680" : 19566,
            "847872" : 17504,
            "856064" : 14872,
            "864256" : 14661,
            "872448" : 16053,
            "880640" : 16878,
            "888832" : 14840,
            "897024" : 12784,
            "905216" : 12785,
            "913408" : 13843,
            "921600" : 14157,
            "929792" : 12119,
            "937984" : 10913,
            "946176" : 10899,
            "954368" : 11480,
            "962560" : 11272,
            "970752" : 9873,
            "978944" : 8896,
            "987136" : 8689,
            "995328" : 9061,
            "1003520" : 8331,
            "1011712" : 7549,
            "1019904" : 6921,
            "1028096" : 6934,
            "1036288" : 7091,
            "1044480" : 6618,
            "1056768" : 10937,
            "1073152" : 10722,
            "1089536" : 9543,
            "1105920" : 8658,
            "1122304" : 8040,
            "1138688" : 6654,
            "1155072" : 6453,
            "1171456" : 5717,
            "1187840" : 5028,
            "1204224" : 4954,
            "1220608" : 4095,
            "1236992" : 3627,
            "1253376" : 3091,
            "1269760" : 2730,
            "1286144" : 2412,
            "1302528" : 2153,
            "1318912" : 1898,