{
  "fio version" : "fio-3.8",
  "timestamp" : 1536918362,
  "timestamp_ms" : 1536918362453,
  "time" : "Fri Sep 14 02:46:02 2018",
  "jobs" : [
    {
      "jobname" : "wdpc",
      "groupid" : 0,
      "error" : 0,
      "eta" : 0,
      "elapsed" : 61,
      "job options" : {
        "ioengine" : "libaio",
        "group_reporting" : "1",
        "direct" : "1",
        "rw" : "randrw",
        "bs" : "8KB",
        "numjobs" : "2",
        "iodepth" : "16",
        "size" : "75%",
        "name" : "wdpc",
        "random_distribution" : "random",
        "random_generator" : "tausworthe",
        "allrandrepeat" : "1",
        "randseed" : "101",
        "rwmixread" : "0",
        "time_based" : "1",
        "runtime" : "60s",
        "filename" : "/dev/sda"
      },
      "read" : {
        "io_bytes" : 0,
        "io_kbytes" : 0,
        "bw_bytes" : 0,
        "bw" : 0,
        "iops" : 0.000000,
        "runtime" : 0,
        "total_ios" : 0,
        "short_ios" : 0,
        "drop_ios" : 0,
        "slat_ns" : {
          "min" : 0,
          "max" : 0,
          "mean" : 0.000000,
          "stddev" : 0.000000
        },
        "clat_ns" : {
          "min" : 0,
          "max" : 0,
          "mean" : 0.000000,
          "stddev" : 0.000000,
          "percentile" : {
            "1.000000" : 0,
            "5.000000" : 0,
            "10.000000" : 0,
            "20.000000" : 0,
            "30.000000" : 0,
            "40.000000" : 0,
            "50.000000" : 0,
            "60.000000" : 0,
            "70.000000" : 0,
            "80.000000" : 0,
            "90.000000" : 0,
            "95.000000" : 0,
            "99.000000" : 0,
            "99.500000" : 0,
            "99.900000" : 0,
            "99.950000" : 0,
            "99.990000" : 0
          },
          "bins" : {

          }
        },
        "lat_ns" : {
          "min" : 0,
          "max" : 0,
          "mean" : 0.000000,
          "stddev" : 0.000000
        },
        "bw_min" : 0,
        "bw_max" : 0,
        "bw_agg" : 0.000000,
        "bw_mean" : 0.000000,
        "bw_dev" : 0.000000,
        "bw_samples" : 0,
        "iops_min" : 0,
        "iops_max" : 0,
        "iops_mean" : 0.000000,
        "iops_stddev" : 0.000000,
        "iops_samples" : 0
      },
      "write" : {
        "io_bytes" : 9533882368,
        "io_kbytes" : 9310432,
        "bw_bytes" : 158895391,
        "bw" : 155171,
        "iops" : 19396.410060,
        "runtime" : 60001,
        "total_ios" : 1163804,
        "short_ios" : 0,
        "drop_ios" : 0,
        "slat_ns" : {
          "min" : 2224,
          "max" : 447830,
          "mean" : 5718.449846,
          "stddev" : 4267.423011
        },
        "clat_ns" : {
          "min" : 322585,
          "max" : 26869515,
          "mean" : 1642379.261574,
          "stddev" : 880884.230156,
          "percentile" : {
            "1.000000" : 716800,
            "5.000000" : 864256,
            "10.000000" : 946176,
            "20.000000" : 1056768,
            "30.000000" : 1089536,
            "40.000000" : 1122304,
            "50.000000" : 1171456,
            "60.000000" : 1974272,
            "70.000000" : 2113536,
            "80.000000" : 2244608,
            "90.000000" : 2408448,
            "95.000000" : 2703360,
            "99.000000" : 4014080,
            "99.500000" : 4620288,
            "99.900000" : 14221312,
            "99.950000" : 16056320,
            "99.990000" : 17432576
          },
          "bins" : {
            "321536" : 2,
            "325632" : 2,
            "329728" : 1,
            "333824" : 1,
            "362496" : 2,
            "370688" : 2,
            "374784" : 3,
            "382976" : 1,
            "387072" : 3,
            "391168" : 6,
            "395264" : 1,
            "399360" : 4,
            "403456" : 4,
            "407552" : 5,
            "411648" : 3,
            "415744" : 2,
            "419840" : 4,
            "423936" : 12,
            "428032" : 14,
            "432128" : 14,
            "436224" : 8,
            "440320" : 18,
            "444416" : 23,
            "448512" : 22,
            "452608" : 26,
            "456704" : 27,
            "460800" : 21,
            "464896" : 22,
            "468992" : 39,
            "473088" : 48,
            "477184" : 59,
            "481280" : 51,
            "485376" : 66,
            "489472" : 63,
            "493568" : 52,
            "497664" : 55,
            "501760" : 76,
            "505856" : 76,
            "509952" : 87,
            "514048" : 105,
            "518144" : 100,
            "522240" : 117,
            "528384" : 276,
            "536576" : 215,
            "544768" : 194,
            "552960" : 288,
            "561152" : 365,
            "569344" : 337,
            "577536" : 302,
            "585728" : 280,
            "593920" : 382,
            "602112" : 456,
            "610304" : 454,
            "618496" : 350,
            "626688" : 348,
            "634880" : 441,
            "643072" : 543,
            "651264" : 496,
            "659456" : 418,
            "667648" : 464,
            "675840" : 636,
            "684032" : 707,
            "692224" : 662,
            "700416" : 562,
            "708608" : 779,
            "716800" : 1003,
            "724992" : 1130,
            "733184" : 1066,
            "741376" : 1089,
            "749568" : 1506,
            "757760" : 1977,
            "765952" : 2096,
            "774144" : 1844,
            "782336" : 2063,
            "790528" : 2745,
            "798720" : 3354,
            "806912" : 3152,
            "815104" : 2709,
            "823296" : 3254,
            "831488" : 4687,
            "839680" : 5309,
            "847872" : 4175,
            "856064" : 3512,
            "864256" : 4622,
            "872448" : 6384,
            "880640" : 6742,
            "888832" : 4802,
            "897024" : 4064,
            "905216" : 5721,
            "913408" : 7463,
            "921600" : 7171,
            "929792" : 4841,
            "937984" : 4349,
            "946176" : 6756,
            "954368" : 8322,
            "962560" : 7285,
            "970752" : 5157,
            "978944" : 4794,
            "987136" : 7990,
            "995328" : 9700,
            "1003520" : 7696,
            "1011712" : 5532,
            "1019904" : 5586,
            "1028096" : 11277,
            "1036288" : 16702,
            "1044480" : 11070,
            "1056768" : 15564,
            "1073152" : 95259,
            "1089536" : 42619,
            "1105920" : 44151,
            "1122304" : 112655,
            "1138688" : 15503,
            "1155072" : 29639,
            "1171456" : 10705,
            "1187840" : 4545,
            "1204224" : 4957,
            "1220608" : 3192,
            "1236992" : 3251,
            "1253376" : 2672,
            "1269760" : 2433,
            "1286144" : 2467,
            "1302528" : 1991,
            "1318912" : 2163,
            "1335296" : 1817,
            "1351680" : 1740,
            "1368064" : 1779,
            "1384448" : 1541,
            "1400832" : 1762,
            "1417216" : 1513,
            "1433600" : 1483,
            "1449984" : 1523,
            "1466368" : 1329,
            "1482752" : 1396,
            "1499136" : 1331,
            "1515520" : 1318,
            "1531904" : 1329,
            "1548288" : 1273,
            "1564672" : 1324,
            "1581056" : 1298,
            "1597440" : 1315,
            "1613824" : 1205,
            "1630208" : 1258,
            "1646592" : 1203,
            "1662976" : 1218,
            "1679360" : 1274,
            "1695744" : 1321,
            "1712128" : 1360,
            "1728512" : 1506,
            "1744896" : 1411,
            "1761280" : 1659,
            "1777664" : 1729,
            "1794048" : 1767,
            "1810432" : 2053,
            "1826816" : 2105,
            "1843200" : 2496,
            "1859584" : 2703,