{
  "fio version" : "fio-3.8",
  "timestamp" : 1536425123,
  "timestamp_ms" : 1536425123004,
  "time" : "Sat Sep  8 09:45:23 2018",
  "jobs" : [
    {
      "jobname" : "wdpc",
      "groupid" : 0,
      "error" : 0,
      "eta" : 0,
      "elapsed" : 61,
      "job options" : {
        "ioengine" : "libaio",
        "group_reporting" : "1",
        "direct" : "1",
        "rw" : "readwrite",
        "bs" : "8KB",
        "numjobs" : "1",
        "iodepth" : "1",
        "size" : "75%",
        "name" : "wdpc",
        "random_distribution" : "random",
        "random_generator" : "tausworthe",
        "allrandrepeat" : "1",
        "randseed" : "101",
        "rwmixread" : "0",
        "time_based" : "1",
        "runtime" : "60s",
        "filename" : "/dev/sdb"
      },
      "read" : {
        "io_bytes" : 0,
        "io_kbytes" : 0,
        "bw_bytes" : 0,
        "bw" : 0,
        "iops" : 0.000000,
        "runtime" : 0,
        "total_ios" : 0,
        "short_ios" : 0,
        "drop_ios" : 0,
        "slat_ns" : {
          "min" : 0,
          "max" : 0,
          "mean" : 0.000000,
          "stddev" : 0.000000
        },
        "clat_ns" : {
          "min" : 0,
          "max" : 0,
          "mean" : 0.000000,
          "stddev" : 0.000000,
          "percentile" : {
            "1.000000" : 0,
            "5.000000" : 0,
            "10.000000" : 0,
            "20.000000" : 0,
            "30.000000" : 0,
            "40.000000" : 0,
            "50.000000" : 0,
            "60.000000" : 0,
            "70.000000" : 0,
            "80.000000" : 0,
            "90.000000" : 0,
            "95.000000" : 0,
            "99.000000" : 0,
            "99.500000" : 0,
            "99.900000" : 0,
            "99.950000" : 0,
            "99.990000" : 0
          },
          "bins" : {

          }
        },
        "lat_ns" : {
          "min" : 0,
          "max" : 0,
          "mean" : 0.000000,
          "stddev" : 0.000000
        },
        "bw_min" : 0,
        "bw_max" : 0,
        "bw_agg" : 0.000000,
        "bw_mean" : 0.000000,
        "bw_dev" : 0.000000,
        "bw_samples" : 0,
        "iops_min" : 0,
        "iops_max" : 0,
        "iops_mean" : 0.000000,
        "iops_stddev" : 0.000000,
        "iops_samples" : 0
      },
      "write" : {
        "io_bytes" : 3875889152,
        "io_kbytes" : 3785048,
        "bw_bytes" : 64597075,
        "bw" : 63083,
        "iops" : 7885.385244,
        "runtime" : 60001,
        "total_ios" : 473131,
        "short_ios" : 0,
        "drop_ios" : 0,
        "slat_ns" : {
          "min" : 10323,
          "max" : 1470184,
          "mean" : 18824.840611,
          "stddev" : 19173.143351
        },
        "clat_ns" : {
          "min" : 1459,
          "max" : 13091563,
          "mean" : 105099.555742,
          "stddev" : 74777.426522,
          "percentile" : {
            "1.000000" : 98816,
            "5.000000" : 100864,
            "10.000000" : 100864,
            "20.000000" : 101888,
            "30.000000" : 101888,
            "40.000000" : 102912,
            "50.000000" : 102912,
            "60.000000" : 103936,
            "70.000000" : 104960,
            "80.000000" : 105984,
            "90.000000" : 105984,
            "95.000000" : 107008,
            "99.000000" : 113152,
            "99.500000" : 115200,
            "99.900000" : 423936,
            "99.950000" : 452608,
            "99.990000" : 782336
          },
          "bins" : {
            "1464" : 1,
            "1512" : 1,
            "1592" : 1,
            "1608" : 1,
            "1624" : 1,
            "1640" : 1,
            "1672" : 2,
            "1688" : 4,
            "1704" : 2,
            "1720" : 3,
            "1736" : 3,
            "1752" : 5,
            "1768" : 3,
            "1784" : 5,
            "1800" : 3,
            "1816" : 4,
            "1832" : 8,
            "1848" : 4,
            "1864" : 7,
            "1880" : 5,
            "1896" : 6,
            "1912" : 4,
            "1944" : 3,
            "1960" : 3,
            "1992" : 1,
            "2008" : 1,
            "2040" : 2,
            "2064" : 1,
            "2096" : 1,
            "2128" : 2,
            "2160" : 3,
            "2256" : 1,
            "2352" : 1,
            "2416" : 1,
            "4320" : 1,
            "4384" : 1,
            "4512" : 1,
            "5024" : 1,
            "5344" : 1,
            "6368" : 1,
            "7392" : 1,
            "7584" : 2,
            "7712" : 4,
            "7776" : 4,
            "7840" : 4,
            "7904" : 7,
            "7968" : 6,
            "8032" : 4,
            "8096" : 6,
            "8160" : 6,
            "8256" : 18,
            "8384" : 19,
            "8512" : 19,
            "8640" : 8,
            "8768" : 6,
            "8896" : 10,
            "9024" : 3,
            "9152" : 5,
            "9280" : 2,
            "9408" : 2,
            "9536" : 2,
            "9664" : 3,
            "9792" : 2,
            "9920" : 3,
            "10048" : 2,
            "10176" : 1,
            "10432" : 2,
            "10560" : 1,
            "10688" : 1,
            "10944" : 1,
            "11072" : 2,
            "11200" : 3,
            "11328" : 5,
            "11456" : 16,
            "11584" : 7,
            "11712" : 10,
            "11840" : 14,
            "11968" : 8,
            "12096" : 7,
            "12224" : 4,
            "12352" : 6,
            "12480" : 8,
            "12608" : 3,
            "12736" : 1,
            "12864" : 1,
            "13248" : 1,
            "13504" : 1,
            "13632" : 1,
            "13760" : 4,
            "13888" : 2,
            "14016" : 2,
            "14144" : 3,
            "14272" : 6,
            "14400" : 8,
            "14528" : 4,
            "14656" : 8,
            "14784" : 6,
            "14912" : 9,
            "15040" : 8,
            "15168" : 2,
            "15296" : 1,
            "15424" : 2,
            "15552" : 1,
            "15680" : 2,
            "15808" : 2,
            "16064" : 4,
            "16192" : 1,
            "16320" : 2,
            "16512" : 6,
            "16768" : 13,
            "17024" : 7,
            "17280" : 9,
            "17536" : 3,
            "17792" : 1,
            "18048" : 2,
            "18560" : 2,
            "18816" : 1,
            "19072" : 1,
            "19328" : 3,
            "19584" : 4,
            "19840" : 2,
            "20096" : 3,
            "20352" : 2,
            "20608" : 3,
            "20864" : 3,
            "21120" : 1,
            "21376" : 4,
            "21632" : 3,
            "21888" : 4,
            "22144" : 1,
            "22400" : 1,
            "22656" : 6,
            "23168" : 3,
            "23424" : 1,
            "23936" : 1,
            "24704" : 1,
            "26496" : 2,
            "40704" : 1,
            "68096" : 1,
            "71168" : 1,
            "72192" : 3,
            "73216" : 3,
            "75264" : 3,
            "76288" : 1,
            "77312" : 3,
            "78336" : 2,
            "79360" : 6,
            "80384" : 4,
            "81408" : 6,
            "82432" : 7,
            "83456" : 14,
            "84480" : 36,
            "85504" : 48,
            "86528" : 37,
            "87552" : 46,
            "88576" : 37,
            "89600" : 28,
            "90624" : 28,
            "91648" : 17,
            "92672" : 28,
            "93696" : 56,
            "94720" : 143,
            "95744" : 271,
            "96768" : 241,
            "97792" : 388,
            "98816" : 3601,
            "99840" : 14877,
            "100864" : 29750,
            "101888" : 94380,
            "102912" : 116774,
            "103936" : 68214,
            "104960" : 39219,
            "105984" : 57814,
            "107008" : 23227,
            "108032" : 2176,
            "109056" : 1457,
            "110080" : 1607,
            "111104" : 5614,
            "112128" : 6647,