{
  "fio version" : "fio-3.8",
  "timestamp" : 1536454142,
  "timestamp_ms" : 1536454142851,
  "time" : "Sat Sep  8 17:49:02 2018",
  "jobs" : [
    {
      "jobname" : "wdpc",
      "groupid" : 0,
      "error" : 0,
      "eta" : 0,
      "elapsed" : 61,
      "job options" : {
        "ioengine" : "libaio",
        "group_reporting" : "1",
        "direct" : "1",
        "rw" : "readwrite",
        "bs" : "4KB",
        "numjobs" : "1",
        "iodepth" : "1",
        "size" : "75%",
        "name" : "wdpc",
        "random_distribution" : "random",
        "random_generator" : "tausworthe",
        "allrandrepeat" : "1",
        "randseed" : "101",
        "rwmixread" : "0",
        "time_based" : "1",
        "runtime" : "60s",
        "filename" : "/dev/sdb"
      },
      "read" : {
        "io_bytes" : 0,
        "io_kbytes" : 0,
        "bw_bytes" : 0,
        "bw" : 0,
        "iops" : 0.000000,
        "runtime" : 0,
        "total_ios" : 0,
        "short_ios" : 0,
        "drop_ios" : 0,
        "slat_ns" : {
          "min" : 0,
          "max" : 0,
          "mean" : 0.000000,
          "stddev" : 0.000000
        },
        "clat_ns" : {
          "min" : 0,
          "max" : 0,
          "mean" : 0.000000,
          "stddev" : 0.000000,
          "percentile" : {
            "1.000000" : 0,
            "5.000000" : 0,
            "10.000000" : 0,
            "20.000000" : 0,
            "30.000000" : 0,
            "40.000000" : 0,
            "50.000000" : 0,
            "60.000000" : 0,
            "70.000000" : 0,
            "80.000000" : 0,
            "90.000000" : 0,
            "95.000000" : 0,
            "99.000000" : 0,
            "99.500000" : 0,
            "99.900000" : 0,
            "99.950000" : 0,
            "99.990000" : 0
          },
          "bins" : {

          }
        },
        "lat_ns" : {
          "min" : 0,
          "max" : 0,
          "mean" : 0.000000,
          "stddev" : 0.000000
        },
        "bw_min" : 0,
        "bw_max" : 0,
        "bw_agg" : 0.000000,
        "bw_mean" : 0.000000,
        "bw_dev" : 0.000000,
        "bw_samples" : 0,
        "iops_min" : 0,
        "iops_max" : 0,
        "iops_mean" : 0.000000,
        "iops_stddev" : 0.000000,
        "iops_samples" : 0
      },
      "write" : {
        "io_bytes" : 2024263680,
        "io_kbytes" : 1976820,
        "bw_bytes" : 33737165,
        "bw" : 32946,
        "iops" : 8236.612723,
        "runtime" : 60001,
        "total_ios" : 494205,
        "short_ios" : 0,
        "drop_ios" : 0,
        "slat_ns" : {
          "min" : 9362,
          "max" : 1513920,
          "mean" : 18432.910899,
          "stddev" : 20551.623340
        },
        "clat_ns" : {
          "min" : 1519,
          "max" : 13149510,
          "mean" : 100088.776141,
          "stddev" : 56747.531584,
          "percentile" : {
            "1.000000" : 66048,
            "5.000000" : 67072,
            "10.000000" : 95744,
            "20.000000" : 99840,
            "30.000000" : 100864,
            "40.000000" : 101888,
            "50.000000" : 101888,
            "60.000000" : 101888,
            "70.000000" : 102912,
            "80.000000" : 103936,
            "90.000000" : 104960,
            "95.000000" : 105984,
            "99.000000" : 108032,
            "99.500000" : 115200,
            "99.900000" : 419840,
            "99.950000" : 452608,
            "99.990000" : 716800
          },
          "bins" : {
            "1512" : 1,
            "1544" : 1,
            "1560" : 1,
            "1576" : 2,
            "1592" : 1,
            "1624" : 3,
            "1640" : 4,
            "1672" : 6,
            "1688" : 4,
            "1704" : 4,
            "1720" : 8,
            "1736" : 2,
            "1752" : 3,
            "1768" : 5,
            "1784" : 5,
            "1800" : 4,
            "1816" : 4,
            "1832" : 3,
            "1848" : 1,
            "1864" : 3,
            "1880" : 1,
            "1896" : 2,
            "1912" : 1,
            "1928" : 2,
            "1960" : 1,
            "1992" : 1,
            "2008" : 1,
            "2024" : 2,
            "2064" : 2,
            "2096" : 1,
            "2128" : 1,
            "2160" : 1,
            "2352" : 1,
            "2448" : 1,
            "2512" : 1,
            "2576" : 1,
            "6752" : 1,
            "6944" : 1,
            "7200" : 1,
            "7264" : 1,
            "7392" : 2,
            "7456" : 4,
            "7520" : 3,
            "7584" : 5,
            "7648" : 5,
            "7712" : 6,
            "7776" : 5,
            "7840" : 9,
            "7904" : 8,
            "7968" : 5,
            "8032" : 5,
            "8096" : 12,
            "8160" : 12,
            "8256" : 24,
            "8384" : 11,
            "8512" : 20,
            "8640" : 11,
            "8768" : 23,
            "8896" : 6,
            "9024" : 9,
            "9152" : 3,
            "9280" : 8,
            "9408" : 6,
            "9536" : 5,
            "9664" : 3,
            "9792" : 3,
            "9920" : 2,
            "10048" : 1,
            "10304" : 1,
            "10432" : 1,
            "10560" : 2,
            "10688" : 2,
            "10816" : 2,
            "10944" : 4,
            "11072" : 9,
            "11200" : 10,
            "11328" : 16,
            "11456" : 27,
            "11584" : 18,
            "11712" : 14,
            "11840" : 16,
            "11968" : 13,
            "12096" : 11,
            "12224" : 9,
            "12352" : 7,
            "12480" : 6,
            "12608" : 6,
            "12736" : 2,
            "12864" : 6,
            "12992" : 1,
            "13120" : 1,
            "13248" : 3,
            "13376" : 4,
            "13504" : 6,
            "13632" : 9,
            "13760" : 6,
            "13888" : 5,
            "14016" : 9,
            "14144" : 14,
            "14272" : 17,
            "14400" : 10,
            "14528" : 11,
            "14656" : 15,
            "14784" : 8,
            "14912" : 4,
            "15040" : 4,
            "15168" : 8,
            "15296" : 3,
            "15424" : 2,
            "15552" : 1,
            "15680" : 2,
            "15808" : 3,
            "15936" : 2,
            "16064" : 2,
            "16192" : 2,
            "16320" : 2,
            "16512" : 8,
            "16768" : 8,
            "17024" : 13,
            "17280" : 10,
            "17536" : 4,
            "17792" : 5,
            "18048" : 2,
            "18304" : 4,
            "18816" : 9,
            "19072" : 3,
            "19328" : 2,
            "19584" : 1,
            "19840" : 2,
            "20096" : 3,
            "20352" : 1,
            "20608" : 1,
            "20864" : 1,
            "21632" : 2,
            "21888" : 5,
            "22144" : 1,
            "22400" : 4,
            "22656" : 2,
            "22912" : 4,
            "23168" : 2,
            "23424" : 4,
            "24192" : 1,
            "24704" : 1,
            "24960" : 1,
            "25472" : 1,
            "26496" : 1,
            "36096" : 1,
            "46848" : 1,
            "47360" : 1,
            "47872" : 2,
            "48384" : 1,
            "49920" : 1,
            "50432" : 3,
            "50944" : 5,
            "51456" : 1,
            "51968" : 3,
            "52480" : 1,
            "52992" : 2,
            "53504" : 3,
            "54016" : 2,
            "54528" : 4,
            "55040" : 5,
            "55552" : 2,
            "56064" : 4,
            "56576" : 5,
            "57088" : 6,
            "57600" : 3,
            "58112" : 7,
            "58624" : 6,
            "59136" : 3,
            "59648" : 2,
            "60160" : 2,
            "60672" : 2,
            "61184" : 2,
            "61696" : 2,
            "62208" : 2,
            "62720" : 2,
            "63232" : 7,
            "63744" : 31,
            "64256" : 163,
            "64768" : 595,
            "65280" : 2360,