{
  "fio version" : "fio-3.8",
  "timestamp" : 1536426109,
  "timestamp_ms" : 1536426109458,
  "time" : "Sat Sep  8 10:01:49 2018",
  "jobs" : [
    {
      "jobname" : "wdpc",
      "groupid" : 0,
      "error" : 0,
      "eta" : 0,
      "elapsed" : 61,
      "job options" : {
        "ioengine" : "libaio",
        "group_reporting" : "1",
        "direct" : "1",
        "rw" : "readwrite",
        "bs" : "4KB",
        "numjobs" : "1",
        "iodepth" : "1",
        "size" : "75%",
        "name" : "wdpc",
        "random_distribution" : "random",
        "random_generator" : "tausworthe",
        "allrandrepeat" : "1",
        "randseed" : "101",
        "rwmixread" : "0",
        "time_based" : "1",
        "runtime" : "60s",
        "filename" : "/dev/sdb"
      },
      "read" : {
        "io_bytes" : 0,
        "io_kbytes" : 0,
        "bw_bytes" : 0,
        "bw" : 0,
        "iops" : 0.000000,
        "runtime" : 0,
        "total_ios" : 0,
        "short_ios" : 0,
        "drop_ios" : 0,
        "slat_ns" : {
          "min" : 0,
          "max" : 0,
          "mean" : 0.000000,
          "stddev" : 0.000000
        },
        "clat_ns" : {
          "min" : 0,
          "max" : 0,
          "mean" : 0.000000,
          "stddev" : 0.000000,
          "percentile" : {
            "1.000000" : 0,
            "5.000000" : 0,
            "10.000000" : 0,
            "20.000000" : 0,
            "30.000000" : 0,
            "40.000000" : 0,
            "50.000000" : 0,
            "60.000000" : 0,
            "70.000000" : 0,
            "80.000000" : 0,
            "90.000000" : 0,
            "95.000000" : 0,
            "99.000000" : 0,
            "99.500000" : 0,
            "99.900000" : 0,
            "99.950000" : 0,
            "99.990000" : 0
          },
          "bins" : {

          }
        },
        "lat_ns" : {
          "min" : 0,
          "max" : 0,
          "mean" : 0.000000,
          "stddev" : 0.000000
        },
        "bw_min" : 0,
        "bw_max" : 0,
        "bw_agg" : 0.000000,
        "bw_mean" : 0.000000,
        "bw_dev" : 0.000000,
        "bw_samples" : 0,
        "iops_min" : 0,
        "iops_max" : 0,
        "iops_mean" : 0.000000,
        "iops_stddev" : 0.000000,
        "iops_samples" : 0
      },
      "write" : {
        "io_bytes" : 2963296256,
        "io_kbytes" : 2893844,
        "bw_bytes" : 49387447,
        "bw" : 48229,
        "iops" : 12057.482375,
        "runtime" : 60001,
        "total_ios" : 723461,
        "short_ios" : 0,
        "drop_ios" : 0,
        "slat_ns" : {
          "min" : 7299,
          "max" : 1696954,
          "mean" : 11494.992946,
          "stddev" : 16190.773152
        },
        "clat_ns" : {
          "min" : 1445,
          "max" : 13188199,
          "mean" : 68972.883550,
          "stddev" : 55243.014022,
          "percentile" : {
            "1.000000" : 66048,
            "5.000000" : 67072,
            "10.000000" : 67072,
            "20.000000" : 67072,
            "30.000000" : 67072,
            "40.000000" : 67072,
            "50.000000" : 67072,
            "60.000000" : 67072,
            "70.000000" : 67072,
            "80.000000" : 67072,
            "90.000000" : 68096,
            "95.000000" : 68096,
            "99.000000" : 105984,
            "99.500000" : 107008,
            "99.900000" : 382976,
            "99.950000" : 403456,
            "99.990000" : 651264
          },
          "bins" : {
            "1448" : 1,
            "1512" : 4,
            "1528" : 1,
            "1544" : 9,
            "1560" : 14,
            "1576" : 24,
            "1592" : 48,
            "1608" : 68,
            "1624" : 71,
            "1640" : 80,
            "1656" : 58,
            "1672" : 55,
            "1688" : 38,
            "1704" : 34,
            "1720" : 15,
            "1736" : 14,
            "1752" : 3,
            "1768" : 4,
            "1784" : 2,
            "1800" : 1,
            "1832" : 1,
            "1864" : 2,
            "1880" : 3,
            "1912" : 1,
            "1928" : 2,
            "1960" : 2,
            "1976" : 1,
            "1992" : 3,
            "2008" : 1,
            "2024" : 1,
            "2040" : 2,
            "2064" : 3,
            "2096" : 2,
            "2128" : 1,
            "2160" : 2,
            "2192" : 1,
            "2224" : 2,
            "2256" : 1,
            "2288" : 1,
            "2768" : 1,
            "3184" : 1,
            "3280" : 1,
            "3312" : 1,
            "6816" : 1,
            "6880" : 1,
            "7008" : 1,
            "7072" : 1,
            "7136" : 1,
            "7264" : 1,
            "7328" : 2,
            "7392" : 2,
            "7456" : 1,
            "7584" : 1,
            "7648" : 2,
            "7712" : 3,
            "7840" : 2,
            "7904" : 1,
            "8032" : 1,
            "8096" : 1,
            "8256" : 1,
            "8384" : 1,
            "8512" : 1,
            "8768" : 1,
            "8896" : 1,
            "9024" : 3,
            "9152" : 4,
            "9280" : 2,
            "9408" : 3,
            "9536" : 1,
            "9664" : 1,
            "9792" : 5,
            "9920" : 1,
            "10048" : 2,
            "10176" : 1,
            "10560" : 2,
            "10816" : 1,
            "11200" : 1,
            "11584" : 1,
            "14272" : 1,
            "21376" : 2,
            "39680" : 1,
            "40192" : 1,
            "40704" : 1,
            "41216" : 1,
            "41728" : 1,
            "43264" : 1,
            "43776" : 1,
            "44800" : 1,
            "45312" : 6,
            "45824" : 10,
            "46336" : 11,
            "46848" : 12,
            "47360" : 37,
            "47872" : 42,
            "48384" : 14,
            "48896" : 3,
            "49408" : 3,
            "51968" : 2,
            "52480" : 1,
            "52992" : 5,
            "53504" : 12,
            "54016" : 29,
            "54528" : 21,
            "55040" : 19,
            "55552" : 12,
            "56064" : 13,
            "56576" : 8,
            "57088" : 10,
            "57600" : 20,
            "58112" : 23,
            "58624" : 18,
            "59136" : 26,
            "59648" : 14,
            "60160" : 13,
            "60672" : 10,
            "61184" : 5,
            "61696" : 2,
            "62208" : 5,
            "62720" : 71,
            "63232" : 211,
            "63744" : 177,
            "64256" : 383,
            "64768" : 662,
            "65280" : 1878,
            "66048" : 20660,
            "67072" : 586099,
            "68096" : 87179,
            "69120" : 3386,
            "70144" : 1226,
            "71168" : 1897,
            "72192" : 122,
            "73216" : 35,
            "74240" : 76,
            "75264" : 54,
            "76288" : 80,
            "77312" : 36,
            "78336" : 20,
            "79360" : 44,
            "80384" : 67,
            "81408" : 51,
            "82432" : 33,
            "83456" : 22,
            "84480" : 8,
            "85504" : 8,
            "86528" : 41,
            "87552" : 24,
            "88576" : 2,
            "89600" : 2,
            "90624" : 1,
            "91648" : 6,
            "92672" : 67,
            "93696" : 54,
            "94720" : 46,
            "95744" : 681,
            "96768" : 2557,
            "97792" : 1022,
            "98816" : 370,
            "99840" : 244,
            "100864" : 198,
            "101888" : 1261,
            "102912" : 1517,
            "103936" : 1118,
            "104960" : 1150,
            "105984" : 2972,
            "107008" : 2753,
            "108032" : 103,
            "109056" : 23,
            "110080" : 17,
            "111104" : 4,
            "112128" : 4,
            "113152" : 3,
            "114176" : 3,
            "115200" : 3,
            "116224" : 2,
            "117248" : 2,
            "120320" : 1,
            "122368" : 2,
            "123392" : 1,