{
  "fio version" : "fio-3.8",
  "timestamp" : 1536454331,
  "timestamp_ms" : 1536454331301,
  "time" : "Sat Sep  8 17:52:11 2018",
  "jobs" : [
    {
      "jobname" : "wdpc",
      "groupid" : 0,
      "error" : 0,
      "eta" : 0,
      "elapsed" : 61,
      "job options" : {
        "ioengine" : "libaio",
        "group_reporting" : "1",
        "direct" : "1",
        "rw" : "readwrite",
        "bs" : "4KB",
        "numjobs" : "1",
        "iodepth" : "1",
        "size" : "75%",
        "name" : "wdpc",
        "random_distribution" : "random",
        "random_generator" : "tausworthe",
        "allrandrepeat" : "1",
        "randseed" : "101",
        "rwmixread" : "0",
        "time_based" : "1",
        "runtime" : "60s",
        "filename" : "/dev/sdb"
      },
      "read" : {
        "io_bytes" : 0,
        "io_kbytes" : 0,
        "bw_bytes" : 0,
        "bw" : 0,
        "iops" : 0.000000,
        "runtime" : 0,
        "total_ios" : 0,
        "short_ios" : 0,
        "drop_ios" : 0,
        "slat_ns" : {
          "min" : 0,
          "max" : 0,
          "mean" : 0.000000,
          "stddev" : 0.000000
        },
        "clat_ns" : {
          "min" : 0,
          "max" : 0,
          "mean" : 0.000000,
          "stddev" : 0.000000,
          "percentile" : {
            "1.000000" : 0,
            "5.000000" : 0,
            "10.000000" : 0,
            "20.000000" : 0,
            "30.000000" : 0,
            "40.000000" : 0,
            "50.000000" : 0,
            "60.000000" : 0,
            "70.000000" : 0,
            "80.000000" : 0,
            "90.000000" : 0,
            "95.000000" : 0,
            "99.000000" : 0,
            "99.500000" : 0,
            "99.900000" : 0,
            "99.950000" : 0,
            "99.990000" : 0
          },
          "bins" : {

          }
        },
        "lat_ns" : {
          "min" : 0,
          "max" : 0,
          "mean" : 0.000000,
          "stddev" : 0.000000
        },
        "bw_min" : 0,
        "bw_max" : 0,
        "bw_agg" : 0.000000,
        "bw_mean" : 0.000000,
        "bw_dev" : 0.000000,
        "bw_samples" : 0,
        "iops_min" : 0,
        "iops_max" : 0,
        "iops_mean" : 0.000000,
        "iops_stddev" : 0.000000,
        "iops_samples" : 0
      },
      "write" : {
        "io_bytes" : 2094600192,
        "io_kbytes" : 2045508,
        "bw_bytes" : 34909421,
        "bw" : 34091,
        "iops" : 8522.807953,
        "runtime" : 60001,
        "total_ios" : 511377,
        "short_ios" : 0,
        "drop_ios" : 0,
        "slat_ns" : {
          "min" : 9592,
          "max" : 3602174,
          "mean" : 18232.212104,
          "stddev" : 21378.667058
        },
        "clat_ns" : {
          "min" : 1480,
          "max" : 12963940,
          "mean" : 96239.856575,
          "stddev" : 56596.413568,
          "percentile" : {
            "1.000000" : 66048,
            "5.000000" : 67072,
            "10.000000" : 67072,
            "20.000000" : 68096,
            "30.000000" : 99840,
            "40.000000" : 100864,
            "50.000000" : 101888,
            "60.000000" : 101888,
            "70.000000" : 102912,
            "80.000000" : 102912,
            "90.000000" : 104960,
            "95.000000" : 105984,
            "99.000000" : 108032,
            "99.500000" : 114176,
            "99.900000" : 419840,
            "99.950000" : 456704,
            "99.990000" : 716800
          },
          "bins" : {
            "1480" : 1,
            "1560" : 1,
            "1576" : 2,
            "1592" : 1,
            "1608" : 4,
            "1624" : 4,
            "1640" : 4,
            "1656" : 9,
            "1672" : 6,
            "1688" : 11,
            "1704" : 6,
            "1720" : 6,
            "1736" : 7,
            "1752" : 3,
            "1768" : 10,
            "1784" : 7,
            "1800" : 9,
            "1816" : 4,
            "1832" : 2,
            "1848" : 1,
            "1864" : 3,
            "1880" : 2,
            "1912" : 2,
            "1928" : 1,
            "2024" : 1,
            "2096" : 1,
            "2160" : 1,
            "2416" : 1,
            "2480" : 1,
            "4448" : 1,
            "4576" : 1,
            "4768" : 1,
            "5984" : 1,
            "6624" : 1,
            "6944" : 1,
            "7072" : 1,
            "7264" : 1,
            "7456" : 1,
            "7520" : 3,
            "7584" : 5,
            "7648" : 3,
            "7712" : 3,
            "7776" : 8,
            "7840" : 7,
            "7904" : 9,
            "7968" : 6,
            "8032" : 10,
            "8096" : 4,
            "8160" : 7,
            "8256" : 27,
            "8384" : 15,
            "8512" : 17,
            "8640" : 14,
            "8768" : 10,
            "8896" : 6,
            "9024" : 9,
            "9152" : 6,
            "9280" : 7,
            "9408" : 4,
            "9536" : 2,
            "9664" : 1,
            "9792" : 4,
            "9920" : 1,
            "10048" : 1,
            "10176" : 1,
            "10304" : 2,
            "10432" : 1,
            "10560" : 4,
            "10688" : 1,
            "10816" : 7,
            "10944" : 4,
            "11072" : 9,
            "11200" : 13,
            "11328" : 10,
            "11456" : 23,
            "11584" : 22,
            "11712" : 14,
            "11840" : 12,
            "11968" : 14,
            "12096" : 16,
            "12224" : 13,
            "12352" : 5,
            "12480" : 4,
            "12608" : 4,
            "12736" : 4,
            "12864" : 2,
            "12992" : 2,
            "13120" : 2,
            "13376" : 2,
            "13632" : 4,
            "13760" : 5,
            "13888" : 7,
            "14016" : 17,
            "14144" : 14,
            "14272" : 18,
            "14400" : 9,
            "14528" : 13,
            "14656" : 9,
            "14784" : 8,
            "14912" : 6,
            "15040" : 7,
            "15168" : 2,
            "15296" : 5,
            "15424" : 1,
            "15552" : 7,
            "15680" : 1,
            "15808" : 4,
            "15936" : 5,
            "16064" : 1,
            "16192" : 1,
            "16320" : 4,
            "16512" : 7,
            "16768" : 18,
            "17024" : 14,
            "17280" : 6,
            "17536" : 3,
            "17792" : 4,
            "18048" : 2,
            "18304" : 4,
            "18560" : 6,
            "18816" : 6,
            "19072" : 5,
            "19328" : 1,
            "19840" : 6,
            "20096" : 4,
            "20352" : 1,
            "20608" : 2,
            "20864" : 2,
            "21120" : 2,
            "21376" : 1,
            "21632" : 3,
            "21888" : 4,
            "22144" : 2,
            "22656" : 2,
            "23168" : 1,
            "23424" : 1,
            "24448" : 1,
            "25984" : 1,
            "29824" : 1,
            "42240" : 1,
            "44800" : 1,
            "47360" : 4,
            "47872" : 3,
            "48384" : 1,
            "48896" : 1,
            "49408" : 1,
            "49920" : 3,
            "50432" : 2,
            "50944" : 4,
            "51456" : 2,
            "53504" : 1,
            "54016" : 8,
            "54528" : 5,
            "55040" : 7,
            "55552" : 1,
            "56064" : 7,
            "56576" : 5,
            "57088" : 5,
            "57600" : 8,
            "58112" : 7,
            "58624" : 2,
            "59136" : 4,
            "59648" : 5,
            "60160" : 6,
            "60672" : 2,
            "61184" : 1,
            "61696" : 1,
            "62208" : 3,
            "62720" : 4,
            "63232" : 5,
            "63744" : 47,
            "64256" : 214,
            "64768" : 710,
            "65280" : 2604,
            "66048" : 15069,
            "67072" : 74550,
            "68096" : 9590,
            "69120" : 1391,
            "70144" : 592,
            "71168" : 563,
            "72192" : 504,