{
  "fio version" : "fio-3.8",
  "timestamp" : 1536425059,
  "timestamp_ms" : 1536425059947,
  "time" : "Sat Sep  8 09:44:19 2018",
  "jobs" : [
    {
      "jobname" : "wdpc",
      "groupid" : 0,
      "error" : 0,
      "eta" : 0,
      "elapsed" : 61,
      "job options" : {
        "ioengine" : "libaio",
        "group_reporting" : "1",
        "direct" : "1",
        "rw" : "readwrite",
        "bs" : "8KB",
        "numjobs" : "1",
        "iodepth" : "1",
        "size" : "75%",
        "name" : "wdpc",
        "random_distribution" : "random",
        "random_generator" : "tausworthe",
        "allrandrepeat" : "1",
        "randseed" : "101",
        "rwmixread" : "0",
        "time_based" : "1",
        "runtime" : "60s",
        "filename" : "/dev/sdb"
      },
      "read" : {
        "io_bytes" : 0,
        "io_kbytes" : 0,
        "bw_bytes" : 0,
        "bw" : 0,
        "iops" : 0.000000,
        "runtime" : 0,
        "total_ios" : 0,
        "short_ios" : 0,
        "drop_ios" : 0,
        "slat_ns" : {
          "min" : 0,
          "max" : 0,
          "mean" : 0.000000,
          "stddev" : 0.000000
        },
        "clat_ns" : {
          "min" : 0,
          "max" : 0,
          "mean" : 0.000000,
          "stddev" : 0.000000,
          "percentile" : {
            "1.000000" : 0,
            "5.000000" : 0,
            "10.000000" : 0,
            "20.000000" : 0,
            "30.000000" : 0,
            "40.000000" : 0,
            "50.000000" : 0,
            "60.000000" : 0,
            "70.000000" : 0,
            "80.000000" : 0,
            "90.000000" : 0,
            "95.000000" : 0,
            "99.000000" : 0,
            "99.500000" : 0,
            "99.900000" : 0,
            "99.950000" : 0,
            "99.990000" : 0
          },
          "bins" : {

          }
        },
        "lat_ns" : {
          "min" : 0,
          "max" : 0,
          "mean" : 0.000000,
          "stddev" : 0.000000
        },
        "bw_min" : 0,
        "bw_max" : 0,
        "bw_agg" : 0.000000,
        "bw_mean" : 0.000000,
        "bw_dev" : 0.000000,
        "bw_samples" : 0,
        "iops_min" : 0,
        "iops_max" : 0,
        "iops_mean" : 0.000000,
        "iops_stddev" : 0.000000,
        "iops_samples" : 0
      },
      "write" : {
        "io_bytes" : 4004085760,
        "io_kbytes" : 3910240,
        "bw_bytes" : 66733650,
        "bw" : 65169,
        "iops" : 8146.197563,
        "runtime" : 60001,
        "total_ios" : 488780,
        "short_ios" : 0,
        "drop_ios" : 0,
        "slat_ns" : {
          "min" : 9019,
          "max" : 1434432,
          "mean" : 12807.493909,
          "stddev" : 14127.288562
        },
        "clat_ns" : {
          "min" : 1296,
          "max" : 13138412,
          "mean" : 107306.245745,
          "stddev" : 73802.522027,
          "percentile" : {
            "1.000000" : 99840,
            "5.000000" : 102912,
            "10.000000" : 104960,
            "20.000000" : 105984,
            "30.000000" : 105984,
            "40.000000" : 105984,
            "50.000000" : 105984,
            "60.000000" : 105984,
            "70.000000" : 105984,
            "80.000000" : 105984,
            "90.000000" : 107008,
            "95.000000" : 107008,
            "99.000000" : 109056,
            "99.500000" : 113152,
            "99.900000" : 432128,
            "99.950000" : 464896,
            "99.990000" : 823296
          },
          "bins" : {
            "1304" : 1,
            "1544" : 2,
            "1576" : 1,
            "1592" : 1,
            "1608" : 6,
            "1624" : 4,
            "1640" : 7,
            "1656" : 4,
            "1672" : 4,
            "1688" : 10,
            "1704" : 14,
            "1720" : 17,
            "1736" : 16,
            "1752" : 26,
            "1768" : 18,
            "1784" : 18,
            "1800" : 21,
            "1816" : 11,
            "1832" : 11,
            "1848" : 10,
            "1864" : 10,
            "1880" : 10,
            "1896" : 9,
            "1912" : 7,
            "1928" : 5,
            "1944" : 2,
            "1960" : 6,
            "1976" : 1,
            "1992" : 1,
            "2008" : 5,
            "2024" : 3,
            "2040" : 1,
            "2064" : 1,
            "2096" : 3,
            "2128" : 1,
            "2160" : 3,
            "2192" : 1,
            "2224" : 1,
            "2288" : 1,
            "2320" : 1,
            "2384" : 1,
            "2480" : 3,
            "2512" : 2,
            "2832" : 1,
            "4704" : 1,
            "5216" : 1,
            "7328" : 1,
            "7776" : 1,
            "7904" : 1,
            "8160" : 2,
            "8256" : 3,
            "8384" : 3,
            "8512" : 2,
            "8640" : 1,
            "9664" : 1,
            "10048" : 1,
            "10176" : 1,
            "10304" : 1,
            "10432" : 2,
            "10688" : 2,
            "11584" : 4,
            "11712" : 1,
            "11840" : 1,
            "12096" : 2,
            "12224" : 1,
            "12352" : 1,
            "12736" : 1,
            "14016" : 1,
            "14400" : 1,
            "17024" : 1,
            "17280" : 3,
            "17536" : 2,
            "19328" : 1,
            "19584" : 1,
            "22144" : 2,
            "22400" : 1,
            "26496" : 1,
            "29056" : 1,
            "43776" : 1,
            "46848" : 1,
            "59648" : 1,
            "60160" : 1,
            "76288" : 1,
            "77312" : 2,
            "78336" : 2,
            "79360" : 3,
            "80384" : 1,
            "81408" : 3,
            "82432" : 7,
            "83456" : 17,
            "84480" : 31,
            "85504" : 43,
            "86528" : 42,
            "87552" : 89,
            "88576" : 46,
            "89600" : 9,
            "90624" : 4,
            "91648" : 6,
            "92672" : 9,
            "93696" : 53,
            "94720" : 48,
            "95744" : 53,
            "96768" : 231,
            "97792" : 1112,
            "98816" : 1639,
            "99840" : 1808,
            "100864" : 3046,
            "101888" : 9586,
            "102912" : 11249,
            "103936" : 10256,
            "104960" : 38862,
            "105984" : 324780,
            "107008" : 75485,
            "108032" : 4075,
            "109056" : 1169,
            "110080" : 892,
            "111104" : 543,
            "112128" : 635,
            "113152" : 247,
            "114176" : 98,
            "115200" : 42,
            "116224" : 26,
            "117248" : 27,
            "118272" : 31,
            "119296" : 85,
            "120320" : 79,
            "121344" : 95,
            "122368" : 59,
            "123392" : 41,
            "124416" : 15,
            "125440" : 12,
            "126464" : 1,
            "127488" : 5,
            "128512" : 2,
            "129536" : 1,
            "132096" : 2,
            "134144" : 2,
            "136192" : 4,
            "138240" : 7,
            "140288" : 25,
            "142336" : 53,
            "144384" : 23,
            "146432" : 8,
            "148480" : 2,
            "150528" : 2,
            "154624" : 2,
            "162816" : 2,
            "168960" : 1,
            "175104" : 1,
            "179200" : 2,
            "199680" : 1,
            "284672" : 1,
            "288768" : 1,
            "292864" : 4,
            "296960" : 1,
            "301056" : 3,
            "305152" : 4,
            "309248" : 4,
            "313344" : 1,
            "317440" : 5,
            "321536" : 4,
            "325632" : 6,
            "329728" : 7,
            "333824" : 7,
            "337920" : 23,
            "342016" : 22,
            "346112" : 31,
            "350208" : 47,
            "354304" : 49,
            "358400" : 38,
            "362496" : 55,
            "366592" : 61,
            "370688" : 45,
            "374784" : 42,
            "378880" : 48,