{
  "fio version" : "fio-3.8",
  "timestamp" : 1536372843,
  "timestamp_ms" : 1536372843999,
  "time" : "Fri Sep  7 19:14:03 2018",
  "jobs" : [
    {
      "jobname" : "wdpc",
      "groupid" : 0,
      "error" : 0,
      "eta" : 0,
      "elapsed" : 61,
      "job options" : {
        "ioengine" : "libaio",
        "group_reporting" : "1",
        "direct" : "1",
        "rw" : "randrw",
        "bs" : "64KB",
        "numjobs" : "2",
        "iodepth" : "16",
        "size" : "75%",
        "name" : "wdpc",
        "random_distribution" : "random",
        "random_generator" : "tausworthe",
        "allrandrepeat" : "1",
        "randseed" : "101",
        "rwmixread" : "0",
        "time_based" : "1",
        "runtime" : "60s",
        "filename" : "/dev/sda"
      },
      "read" : {
        "io_bytes" : 0,
        "io_kbytes" : 0,
        "bw_bytes" : 0,
        "bw" : 0,
        "iops" : 0.000000,
        "runtime" : 0,
        "total_ios" : 0,
        "short_ios" : 0,
        "drop_ios" : 0,
        "slat_ns" : {
          "min" : 0,
          "max" : 0,
          "mean" : 0.000000,
          "stddev" : 0.000000
        },
        "clat_ns" : {
          "min" : 0,
          "max" : 0,
          "mean" : 0.000000,
          "stddev" : 0.000000,
          "percentile" : {
            "1.000000" : 0,
            "5.000000" : 0,
            "10.000000" : 0,
            "20.000000" : 0,
            "30.000000" : 0,
            "40.000000" : 0,
            "50.000000" : 0,
            "60.000000" : 0,
            "70.000000" : 0,
            "80.000000" : 0,
            "90.000000" : 0,
            "95.000000" : 0,
            "99.000000" : 0,
            "99.500000" : 0,
            "99.900000" : 0,
            "99.950000" : 0,
            "99.990000" : 0
          },
          "bins" : {

          }
        },
        "lat_ns" : {
          "min" : 0,
          "max" : 0,
          "mean" : 0.000000,
          "stddev" : 0.000000
        },
        "bw_min" : 0,
        "bw_max" : 0,
        "bw_agg" : 0.000000,
        "bw_mean" : 0.000000,
        "bw_dev" : 0.000000,
        "bw_samples" : 0,
        "iops_min" : 0,
        "iops_max" : 0,
        "iops_mean" : 0.000000,
        "iops_stddev" : 0.000000,
        "iops_samples" : 0
      },
      "write" : {
        "io_bytes" : 13554286592,
        "io_kbytes" : 13236608,
        "bw_bytes" : 225870895,
        "bw" : 220577,
        "iops" : 3446.516356,
        "runtime" : 60009,
        "total_ios" : 206822,
        "short_ios" : 0,
        "drop_ios" : 0,
        "slat_ns" : {
          "min" : 4989,
          "max" : 3086031,
          "mean" : 15724.756017,
          "stddev" : 23413.459780
        },
        "clat_ns" : {
          "min" : 491350,
          "max" : 27181549,
          "mean" : 9263658.974819,
          "stddev" : 1559862.090283,
          "percentile" : {
            "1.000000" : 7372800,
            "5.000000" : 7831552,
            "10.000000" : 8028160,
            "20.000000" : 8355840,
            "30.000000" : 8585216,
            "40.000000" : 8847360,
            "50.000000" : 9109504,
            "60.000000" : 9371648,
            "70.000000" : 9633792,
            "80.000000" : 9895936,
            "90.000000" : 10289152,
            "95.000000" : 10813440,
            "99.000000" : 12386304,
            "99.500000" : 22413312,
            "99.900000" : 24772608,
            "99.950000" : 25296896,
            "99.990000" : 26345472
          },
          "bins" : {
            "489472" : 1,
            "708608" : 1,
            "847872" : 1,
            "1810432" : 1,
            "1843200" : 1,
            "2211840" : 1,
            "2408448" : 1,
            "2572288" : 1,
            "2801664" : 1,
            "2998272" : 1,
            "3194880" : 1,
            "3358720" : 1,
            "3522560" : 1,
            "3686400" : 1,
            "3915776" : 1,
            "4079616" : 1,
            "4292608" : 1,
            "4489216" : 1,
            "4554752" : 1,
            "4685824" : 3,
            "4816896" : 2,
            "4882432" : 2,
            "5013504" : 7,
            "5079040" : 3,
            "5144576" : 7,
            "5210112" : 7,
            "5275648" : 9,
            "5341184" : 14,
            "5406720" : 12,
            "5472256" : 20,
            "5537792" : 16,
            "5603328" : 15,
            "5668864" : 17,
            "5734400" : 18,
            "5799936" : 34,
            "5865472" : 20,
            "5931008" : 37,
            "5996544" : 51,
            "6062080" : 44,
            "6127616" : 51,
            "6193152" : 38,
            "6258688" : 43,
            "6324224" : 16,
            "6389760" : 32,
            "6455296" : 31,
            "6520832" : 31,
            "6586368" : 45,
            "6651904" : 71,
            "6717440" : 88,
            "6782976" : 95,
            "6848512" : 105,
            "6914048" : 78,
            "6979584" : 73,
            "7045120" : 103,
            "7110656" : 143,
            "7176192" : 151,
            "7241728" : 196,
            "7307264" : 291,
            "7372800" : 338,
            "7438336" : 501,
            "7503872" : 679,
            "7569408" : 894,
            "7634944" : 1067,
            "7700480" : 1505,
            "7766016" : 1681,
            "7831552" : 2015,
            "7897088" : 2661,
            "7962624" : 3569,
            "8028160" : 4347,
            "8093696" : 4437,
            "8159232" : 4919,
            "8224768" : 5263,
            "8290304" : 5431,
            "8355840" : 5685,
            "8454144" : 10421,
            "8585216" : 10235,
            "8716288" : 9693,
            "8847360" : 9051,
            "8978432" : 8920,
            "9109504" : 9581,
            "9240576" : 10213,
            "9371648" : 10337,
            "9502720" : 11886,
            "9633792" : 11912,
            "9764864" : 11047,
            "9895936" : 9275,
            "10027008" : 8433,
            "10158080" : 6183,
            "10289152" : 4284,
            "10420224" : 3261,
            "10551296" : 2187,
            "10682368" : 1990,
            "10813440" : 1582,
            "10944512" : 1340,
            "11075584" : 1306,
            "11206656" : 1075,
            "11337728" : 1056,
            "11468800" : 775,
            "11599872" : 517,
            "11730944" : 420,
            "11862016" : 302,
            "11993088" : 187,
            "12124160" : 126,
            "12255232" : 112,
            "12386304" : 51,
            "12517376" : 98,
            "12648448" : 17,
            "12779520" : 20,
            "12910592" : 31,
            "13041664" : 17,
            "13172736" : 5,
            "13303808" : 7,
            "13434880" : 6,
            "13565952" : 3,
            "13697024" : 5,
            "13828096" : 5,
            "13959168" : 3,
            "14090240" : 3,
            "14221312" : 4,
            "14352384" : 5,
            "14614528" : 6,
            "14876672" : 3,
            "15007744" : 1,
            "15138816" : 8,
            "15269888" : 2,
            "15400960" : 2,
            "15532032" : 2,
            "15663104" : 5,
            "15794176" : 2,
            "16056320" : 4,
            "16318464" : 1,
            "16580608" : 6,
            "16908288" : 1,
            "17170432" : 17,
            "17432576" : 2,
            "17694720" : 16,
            "17956864" : 1,
            "18219008" : 3,
            "18481152" : 3,
            "18743296" : 18,
            "19005440" : 7,
            "19267584" : 5,
            "19529728" : 6,
            "19791872" : 5,
            "20054016" : 16,
            "20316160" : 51,
            "20578304" : 40,
            "20840448" : 40,
            "21102592" : 67,
            "21364736" : 75,
            "21626880" : 88,
            "21889024" : 99,
            "22151168" : 91,
            "22413312" : 103,
            "22675456" : 108,
            "22937600" : 90,