{
  "fio version" : "fio-3.8",
  "timestamp" : 1536377875,
  "timestamp_ms" : 1536377875835,
  "time" : "Fri Sep  7 20:37:55 2018",
  "jobs" : [
    {
      "jobname" : "wdpc",
      "groupid" : 0,
      "error" : 0,
      "eta" : 0,
      "elapsed" : 61,
      "job options" : {
        "ioengine" : "libaio",
        "group_reporting" : "1",
        "direct" : "1",
        "rw" : "randrw",
        "bs" : "16KB",
        "numjobs" : "2",
        "iodepth" : "16",
        "size" : "75%",
        "name" : "wdpc",
        "random_distribution" : "random",
        "random_generator" : "tausworthe",
        "allrandrepeat" : "1",
        "randseed" : "101",
        "rwmixread" : "0",
        "time_based" : "1",
        "runtime" : "60s",
        "filename" : "/dev/sda"
      },
      "read" : {
        "io_bytes" : 0,
        "io_kbytes" : 0,
        "bw_bytes" : 0,
        "bw" : 0,
        "iops" : 0.000000,
        "runtime" : 0,
        "total_ios" : 0,
        "short_ios" : 0,
        "drop_ios" : 0,
        "slat_ns" : {
          "min" : 0,
          "max" : 0,
          "mean" : 0.000000,
          "stddev" : 0.000000
        },
        "clat_ns" : {
          "min" : 0,
          "max" : 0,
          "mean" : 0.000000,
          "stddev" : 0.000000,
          "percentile" : {
            "1.000000" : 0,
            "5.000000" : 0,
            "10.000000" : 0,
            "20.000000" : 0,
            "30.000000" : 0,
            "40.000000" : 0,
            "50.000000" : 0,
            "60.000000" : 0,
            "70.000000" : 0,
            "80.000000" : 0,
            "90.000000" : 0,
            "95.000000" : 0,
            "99.000000" : 0,
            "99.500000" : 0,
            "99.900000" : 0,
            "99.950000" : 0,
            "99.990000" : 0
          },
          "bins" : {

          }
        },
        "lat_ns" : {
          "min" : 0,
          "max" : 0,
          "mean" : 0.000000,
          "stddev" : 0.000000
        },
        "bw_min" : 0,
        "bw_max" : 0,
        "bw_agg" : 0.000000,
        "bw_mean" : 0.000000,
        "bw_dev" : 0.000000,
        "bw_samples" : 0,
        "iops_min" : 0,
        "iops_max" : 0,
        "iops_mean" : 0.000000,
        "iops_stddev" : 0.000000,
        "iops_samples" : 0
      },
      "write" : {
        "io_bytes" : 11925733376,
        "io_kbytes" : 11646224,
        "bw_bytes" : 198748973,
        "bw" : 194090,
        "iops" : 12130.674622,
        "runtime" : 60004,
        "total_ios" : 727889,
        "short_ios" : 0,
        "drop_ios" : 0,
        "slat_ns" : {
          "min" : 3249,
          "max" : 2152990,
          "mean" : 7413.472249,
          "stddev" : 13856.156076
        },
        "clat_ns" : {
          "min" : 246387,
          "max" : 23016005,
          "mean" : 2627752.951372,
          "stddev" : 1052561.352382,
          "percentile" : {
            "1.000000" : 1613824,
            "5.000000" : 1728512,
            "10.000000" : 1761280,
            "20.000000" : 1761280,
            "30.000000" : 1761280,
            "40.000000" : 2408448,
            "50.000000" : 2637824,
            "60.000000" : 2834432,
            "70.000000" : 2932736,
            "80.000000" : 3063808,
            "90.000000" : 3653632,
            "95.000000" : 4145152,
            "99.000000" : 4947968,
            "99.500000" : 5996544,
            "99.900000" : 16908288,
            "99.950000" : 17432576,
            "99.990000" : 18481152
          },
          "bins" : {
            "246784" : 1,
            "280576" : 1,
            "296960" : 1,
            "317440" : 2,
            "321536" : 1,
            "325632" : 1,
            "333824" : 1,
            "350208" : 2,
            "354304" : 1,
            "358400" : 2,
            "374784" : 1,
            "378880" : 1,
            "382976" : 1,
            "399360" : 2,
            "407552" : 1,
            "440320" : 1,
            "444416" : 3,
            "452608" : 1,
            "456704" : 1,
            "460800" : 2,
            "464896" : 1,
            "468992" : 3,
            "473088" : 2,
            "481280" : 1,
            "497664" : 1,
            "552960" : 2,
            "561152" : 2,
            "602112" : 2,
            "610304" : 4,
            "618496" : 3,
            "626688" : 1,
            "643072" : 1,
            "659456" : 1,
            "667648" : 1,
            "675840" : 1,
            "708608" : 2,
            "716800" : 3,
            "724992" : 1,
            "733184" : 1,
            "749568" : 5,
            "757760" : 3,
            "765952" : 1,
            "774144" : 3,
            "782336" : 3,
            "790528" : 6,
            "798720" : 6,
            "806912" : 3,
            "815104" : 5,
            "823296" : 7,
            "831488" : 6,
            "839680" : 4,
            "847872" : 6,
            "856064" : 3,
            "864256" : 6,
            "872448" : 5,
            "880640" : 6,
            "888832" : 5,
            "897024" : 4,
            "905216" : 4,
            "913408" : 5,
            "921600" : 6,
            "929792" : 2,
            "937984" : 7,
            "946176" : 10,
            "954368" : 7,
            "962560" : 9,
            "970752" : 9,
            "978944" : 6,
            "987136" : 8,
            "995328" : 11,
            "1003520" : 11,
            "1011712" : 10,
            "1019904" : 8,
            "1028096" : 11,
            "1036288" : 15,
            "1044480" : 6,
            "1056768" : 25,
            "1073152" : 27,
            "1089536" : 38,
            "1105920" : 43,
            "1122304" : 55,
            "1138688" : 57,
            "1155072" : 69,
            "1171456" : 83,
            "1187840" : 64,
            "1204224" : 47,
            "1220608" : 53,
            "1236992" : 58,
            "1253376" : 64,
            "1269760" : 56,
            "1286144" : 74,
            "1302528" : 55,
            "1318912" : 78,
            "1335296" : 97,
            "1351680" : 122,
            "1368064" : 203,
            "1384448" : 239,
            "1400832" : 372,
            "1417216" : 408,
            "1433600" : 339,
            "1449984" : 400,
            "1466368" : 381,
            "1482752" : 438,
            "1499136" : 438,
            "1515520" : 405,
            "1531904" : 411,
            "1548288" : 347,
            "1564672" : 405,
            "1581056" : 383,
            "1597440" : 452,
            "1613824" : 405,
            "1630208" : 518,
            "1646592" : 456,
            "1662976" : 499,
            "1679360" : 824,
            "1695744" : 1040,
            "1712128" : 6934,
            "1728512" : 20856,
            "1744896" : 11230,
            "1761280" : 170101,
            "1777664" : 5742,
            "1794048" : 7097,
            "1810432" : 2730,
            "1826816" : 1700,
            "1843200" : 1641,
            "1859584" : 1472,
            "1875968" : 1239,
            "1892352" : 1193,
            "1908736" : 1051,
            "1925120" : 1002,
            "1941504" : 893,
            "1957888" : 862,
            "1974272" : 867,
            "1990656" : 852,
            "2007040" : 892,
            "2023424" : 950,
            "2039808" : 875,
            "2056192" : 924,
            "2072576" : 1061,
            "2088960" : 1050,
            "2113536" : 2098,
            "2146304" : 2529,
            "2179072" : 2772,
            "2211840" : 2937,
            "2244608" : 3454,
            "2277376" : 4616,
            "2310144" : 5146,
            "2342912" : 5547,
            "2375680" : 6292,
            "2408448" : 7018,
            "2441216" : 7800,
            "2473984" : 8877,
            "2506752" : 9788,
            "2539520" : 10470,
            "2572288" : 10565,
            "2605056" : 10513,
            "2637824" : 11123,
            "2670592" : 10858,
            "2703360" : 12348,
            "2736128" : 13067,