{
  "fio version" : "fio-3.8",
  "timestamp" : 1536385423,
  "timestamp_ms" : 1536385423804,
  "time" : "Fri Sep  7 22:43:43 2018",
  "jobs" : [
    {
      "jobname" : "wdpc",
      "groupid" : 0,
      "error" : 0,
      "eta" : 0,
      "elapsed" : 61,
      "job options" : {
        "ioengine" : "libaio",
        "group_reporting" : "1",
        "direct" : "1",
        "rw" : "randrw",
        "bs" : "512B",
        "numjobs" : "2",
        "iodepth" : "16",
        "size" : "75%",
        "name" : "wdpc",
        "random_distribution" : "random",
        "random_generator" : "tausworthe",
        "allrandrepeat" : "1",
        "randseed" : "101",
        "rwmixread" : "0",
        "time_based" : "1",
        "runtime" : "60s",
        "filename" : "/dev/sda"
      },
      "read" : {
        "io_bytes" : 0,
        "io_kbytes" : 0,
        "bw_bytes" : 0,
        "bw" : 0,
        "iops" : 0.000000,
        "runtime" : 0,
        "total_ios" : 0,
        "short_ios" : 0,
        "drop_ios" : 0,
        "slat_ns" : {
          "min" : 0,
          "max" : 0,
          "mean" : 0.000000,
          "stddev" : 0.000000
        },
        "clat_ns" : {
          "min" : 0,
          "max" : 0,
          "mean" : 0.000000,
          "stddev" : 0.000000,
          "percentile" : {
            "1.000000" : 0,
            "5.000000" : 0,
            "10.000000" : 0,
            "20.000000" : 0,
            "30.000000" : 0,
            "40.000000" : 0,
            "50.000000" : 0,
            "60.000000" : 0,
            "70.000000" : 0,
            "80.000000" : 0,
            "90.000000" : 0,
            "95.000000" : 0,
            "99.000000" : 0,
            "99.500000" : 0,
            "99.900000" : 0,
            "99.950000" : 0,
            "99.990000" : 0
          },
          "bins" : {

          }
        },
        "lat_ns" : {
          "min" : 0,
          "max" : 0,
          "mean" : 0.000000,
          "stddev" : 0.000000
        },
        "bw_min" : 0,
        "bw_max" : 0,
        "bw_agg" : 0.000000,
        "bw_mean" : 0.000000,
        "bw_dev" : 0.000000,
        "bw_samples" : 0,
        "iops_min" : 0,
        "iops_max" : 0,
        "iops_mean" : 0.000000,
        "iops_stddev" : 0.000000,
        "iops_samples" : 0
      },
      "write" : {
        "io_bytes" : 784312832,
        "io_kbytes" : 765930,
        "bw_bytes" : 13071662,
        "bw" : 12765,
        "iops" : 25530.591157,
        "runtime" : 60001,
        "total_ios" : 1531861,
        "short_ios" : 0,
        "drop_ios" : 0,
        "slat_ns" : {
          "min" : 2599,
          "max" : 2379900,
          "mean" : 10062.360762,
          "stddev" : 21867.463854
        },
        "clat_ns" : {
          "min" : 145258,
          "max" : 18350819,
          "mean" : 1240486.209330,
          "stddev" : 881092.094767,
          "percentile" : {
            "1.000000" : 407552,
            "5.000000" : 485376,
            "10.000000" : 544768,
            "20.000000" : 659456,
            "30.000000" : 733184,
            "40.000000" : 798720,
            "50.000000" : 872448,
            "60.000000" : 978944,
            "70.000000" : 1236992,
            "80.000000" : 2146304,
            "90.000000" : 2375680,
            "95.000000" : 2572288,
            "99.000000" : 3817472,
            "99.500000" : 4227072,
            "99.900000" : 9764864,
            "99.950000" : 15925248,
            "99.990000" : 16711680
          },
          "bins" : {
            "144384" : 1,
            "148480" : 1,
            "152576" : 1,
            "162816" : 1,
            "164864" : 1,
            "173056" : 1,
            "181248" : 4,
            "183296" : 3,
            "185344" : 6,
            "187392" : 11,
            "189440" : 9,
            "191488" : 9,
            "193536" : 8,
            "195584" : 8,
            "197632" : 4,
            "199680" : 7,
            "201728" : 7,
            "203776" : 8,
            "205824" : 3,
            "207872" : 3,
            "209920" : 12,
            "211968" : 9,
            "214016" : 12,
            "216064" : 14,
            "218112" : 6,
            "220160" : 7,
            "222208" : 16,
            "224256" : 16,
            "226304" : 13,
            "228352" : 7,
            "230400" : 4,
            "232448" : 13,
            "234496" : 13,
            "236544" : 8,
            "238592" : 7,
            "240640" : 9,
            "242688" : 17,
            "244736" : 11,
            "246784" : 12,
            "248832" : 16,
            "250880" : 12,
            "252928" : 15,
            "254976" : 10,
            "257024" : 11,
            "259072" : 15,
            "261120" : 16,
            "264192" : 39,
            "268288" : 29,
            "272384" : 36,
            "276480" : 53,
            "280576" : 34,
            "284672" : 51,
            "288768" : 45,
            "292864" : 50,
            "296960" : 49,
            "301056" : 58,
            "305152" : 59,
            "309248" : 95,
            "313344" : 101,
            "317440" : 119,
            "321536" : 164,
            "325632" : 199,
            "329728" : 206,
            "333824" : 182,
            "337920" : 197,
            "342016" : 230,
            "346112" : 316,
            "350208" : 378,
            "354304" : 377,
            "358400" : 450,
            "362496" : 586,
            "366592" : 706,
            "370688" : 672,
            "374784" : 732,
            "378880" : 762,
            "382976" : 867,
            "387072" : 991,
            "391168" : 1128,
            "395264" : 1194,
            "399360" : 1312,
            "403456" : 1696,
            "407552" : 1663,
            "411648" : 1791,
            "415744" : 1698,
            "419840" : 1874,
            "423936" : 2138,
            "428032" : 2220,
            "432128" : 2543,
            "436224" : 2803,
            "440320" : 3229,
            "444416" : 3252,
            "448512" : 3344,
            "452608" : 3507,
            "456704" : 3498,
            "460800" : 3741,
            "464896" : 4157,
            "468992" : 4701,
            "473088" : 5000,
            "477184" : 5245,
            "481280" : 5362,
            "485376" : 5342,
            "489472" : 5309,
            "493568" : 5295,
            "497664" : 5265,
            "501760" : 5120,
            "505856" : 5408,
            "509952" : 5493,
            "514048" : 5699,
            "518144" : 5554,
            "522240" : 5772,
            "528384" : 10705,
            "536576" : 9905,
            "544768" : 9940,
            "552960" : 10676,
            "561152" : 10442,
            "569344" : 10491,
            "577536" : 9134,
            "585728" : 9186,
            "593920" : 9927,
            "602112" : 10364,
            "610304" : 10022,
            "618496" : 9830,
            "626688" : 10341,
            "634880" : 11472,
            "643072" : 11791,
            "651264" : 11752,
            "659456" : 11312,
            "667648" : 12699,
            "675840" : 14701,
            "684032" : 16916,
            "692224" : 16929,
            "700416" : 17360,
            "708608" : 20544,
            "716800" : 22800,
            "724992" : 23732,
            "733184" : 20410,
            "741376" : 18251,
            "749568" : 18169,
            "757760" : 19277,
            "765952" : 19339,
            "774144" : 17753,
            "782336" : 16866,
            "790528" : 17924,
            "798720" : 18688,
            "806912" : 17760,
            "815104" : 16418,
            "823296" : 17124,
            "831488" : 17870,
            "839680" : 17216,
            "847872" : 16263,
            "856064" : 15764,
            "864256" : 15994,
            "872448" : 15945,
            "880640" : 15182,
            "888832" : 13937,
            "897024" : 13584,
            "905216" : 13783,
            "913408" : 13676,
            "921600" : 12403,