{
  "fio version" : "fio-3.8",
  "timestamp" : 1536286082,
  "timestamp_ms" : 1536286082747,
  "time" : "Thu Sep  6 19:08:02 2018",
  "global options" : {
    "offset" : "0"
  },
  "jobs" : [
    {
      "jobname" : "wdpc",
      "groupid" : 0,
      "error" : 0,
      "eta" : 0,
      "elapsed" : 61,
      "job options" : {
        "ioengine" : "libaio",
        "group_reporting" : "1",
        "direct" : "1",
        "rw" : "readwrite",
        "bs" : "128KB",
        "numjobs" : "1",
        "iodepth" : "32",
        "size" : "75%",
        "name" : "wdpc",
        "rwmixread" : "0",
        "time_based" : "1",
        "runtime" : "60s",
        "filename" : "/dev/sda"
      },
      "read" : {
        "io_bytes" : 0,
        "io_kbytes" : 0,
        "bw_bytes" : 0,
        "bw" : 0,
        "iops" : 0.000000,
        "runtime" : 0,
        "total_ios" : 0,
        "short_ios" : 0,
        "drop_ios" : 0,
        "slat_ns" : {
          "min" : 0,
          "max" : 0,
          "mean" : 0.000000,
          "stddev" : 0.000000
        },
        "clat_ns" : {
          "min" : 0,
          "max" : 0,
          "mean" : 0.000000,
          "stddev" : 0.000000,
          "percentile" : {
            "1.000000" : 0,
            "5.000000" : 0,
            "10.000000" : 0,
            "20.000000" : 0,
            "30.000000" : 0,
            "40.000000" : 0,
            "50.000000" : 0,
            "60.000000" : 0,
            "70.000000" : 0,
            "80.000000" : 0,
            "90.000000" : 0,
            "95.000000" : 0,
            "99.000000" : 0,
            "99.500000" : 0,
            "99.900000" : 0,
            "99.950000" : 0,
            "99.990000" : 0
          },
          "bins" : {

          }
        },
        "lat_ns" : {
          "min" : 0,
          "max" : 0,
          "mean" : 0.000000,
          "stddev" : 0.000000
        },
        "bw_min" : 0,
        "bw_max" : 0,
        "bw_agg" : 0.000000,
        "bw_mean" : 0.000000,
        "bw_dev" : 0.000000,
        "bw_samples" : 0,
        "iops_min" : 0,
        "iops_max" : 0,
        "iops_mean" : 0.000000,
        "iops_stddev" : 0.000000,
        "iops_samples" : 0
      },
      "write" : {
        "io_bytes" : 17317888000,
        "io_kbytes" : 16912000,
        "bw_bytes" : 288564135,
        "bw" : 281800,
        "iops" : 2201.569634,
        "runtime" : 60014,
        "total_ios" : 132125,
        "short_ios" : 0,
        "drop_ios" : 0,
        "slat_ns" : {
          "min" : 7571,
          "max" : 2009184,
          "mean" : 21020.520469,
          "stddev" : 25225.052705
        },
        "clat_ns" : {
          "min" : 762901,
          "max" : 34443747,
          "mean" : 14508428.336916,
          "stddev" : 2000383.609578,
          "percentile" : {
            "1.000000" : 12648448,
            "5.000000" : 12910592,
            "10.000000" : 13172736,
            "20.000000" : 13434880,
            "30.000000" : 13565952,
            "40.000000" : 13828096,
            "50.000000" : 14090240,
            "60.000000" : 14352384,
            "70.000000" : 14745600,
            "80.000000" : 15269888,
            "90.000000" : 15794176,
            "95.000000" : 16580608,
            "99.000000" : 27394048,
            "99.500000" : 28180480,
            "99.900000" : 30277632,
            "99.950000" : 30539776,
            "99.990000" : 32112640
          },
          "bins" : {
            "765952" : 1,
            "1400832" : 1,
            "1417216" : 1,
            "2088960" : 1,
            "2441216" : 1,
            "2834432" : 1,
            "3293184" : 1,
            "3686400" : 1,
            "3948544" : 1,
            "4423680" : 1,
            "4816896" : 1,
            "5472256" : 1,
            "5537792" : 1,
            "5996544" : 1,
            "6389760" : 1,
            "6717440" : 1,
            "7110656" : 1,
            "7438336" : 1,
            "7831552" : 1,
            "8159232" : 1,
            "8454144" : 1,
            "8847360" : 1,
            "9240576" : 1,
            "9633792" : 1,
            "9895936" : 1,
            "10027008" : 1,
            "10289152" : 1,
            "10682368" : 2,
            "10944512" : 1,
            "11206656" : 3,
            "11337728" : 2,
            "11468800" : 3,
            "11599872" : 10,
            "11730944" : 9,
            "11862016" : 16,
            "11993088" : 24,
            "12124160" : 33,
            "12255232" : 70,
            "12386304" : 143,
            "12517376" : 321,
            "12648448" : 884,
            "12779520" : 1872,
            "12910592" : 3298,
            "13041664" : 5185,
            "13172736" : 6902,
            "13303808" : 6919,
            "13434880" : 7019,
            "13565952" : 7125,
            "13697024" : 7223,
            "13828096" : 7689,
            "13959168" : 7023,
            "14090240" : 6272,
            "14221312" : 5929,
            "14352384" : 5741,
            "14483456" : 4998,
            "14614528" : 4686,
            "14745600" : 4393,
            "14876672" : 3778,
            "15007744" : 3056,
            "15138816" : 3288,
            "15269888" : 3509,
            "15400960" : 3608,
            "15532032" : 3292,
            "15663104" : 2929,
            "15794176" : 2250,
            "15925248" : 1829,
            "16056320" : 1387,
            "16187392" : 1054,
            "16318464" : 900,
            "16449536" : 686,
            "16580608" : 785,
            "16711680" : 870,
            "16908288" : 1504,
            "17170432" : 823,
            "17432576" : 322,
            "17694720" : 126,
            "17956864" : 39,
            "18219008" : 14,
            "18481152" : 8,
            "18743296" : 17,
            "19005440" : 27,
            "19267584" : 23,
            "19529728" : 12,
            "19791872" : 5,
            "20054016" : 2,
            "20316160" : 1,
            "20578304" : 1,
            "20840448" : 1,
            "21364736" : 1,
            "21626880" : 1,
            "21889024" : 1,
            "22675456" : 1,
            "22937600" : 1,
            "23199744" : 1,
            "23724032" : 1,
            "23986176" : 1,
            "24510464" : 1,
            "24772608" : 2,
            "25034752" : 1,
            "25559040" : 1,
            "25821184" : 27,
            "26083328" : 52,
            "26345472" : 68,
            "26607616" : 215,
            "26869760" : 244,
            "27131904" : 188,
            "27394048" : 131,
            "27656192" : 199,
            "27918336" : 279,
            "28180480" : 239,
            "28442624" : 132,
            "28704768" : 92,
            "28966912" : 50,
            "29229056" : 18,
            "29491200" : 21,
            "29753344" : 7,
            "30015488" : 31,
            "30277632" : 58,
            "30539776" : 49,
            "30801920" : 17,
            "31064064" : 4,
            "31850496" : 8,
            "32112640" : 7,
            "33816576" : 5,
            "34340864" : 3
          }
        },
        "lat_ns" : {
          "min" : 853223,
          "max" : 34468036,
          "mean" : 14529940.140443,
          "stddev" : 2000164.135525
        },
        "bw_min" : 269056,
        "bw_max" : 292352,
        "bw_agg" : 99.999432,
        "bw_mean" : 281798.400000,
        "bw_dev" : 4907.954604,
        "bw_samples" : 120,
        "iops_min" : 2102,
        "iops_max" : 2284,
        "iops_mean" : 2201.566667,
        "iops_stddev" : 38.329999,
        "iops_samples" : 120
      },
      "trim" : {
        "io_bytes" : 0,
        "io_kbytes" : 0,
        "bw_bytes" : 0,
        "bw" : 0,
        "iops" : 0.000000,
        "runtime" : 0,
        "total_ios" : 0,
        "short_ios" : 0,
        "drop_ios" : 0,
        "slat_ns" : {
          "min" : 0,
          "max" : 0,
          "mean" : 0.000000,
          "stddev" : 0.000000
        },
        "clat_ns" : {
          "min" : 0,