{
  "fio version" : "fio-3.8",
  "timestamp" : 1536280976,
  "timestamp_ms" : 1536280976963,
  "time" : "Thu Sep  6 17:42:56 2018",
  "jobs" : [
    {
      "jobname" : "wipc",
      "groupid" : 0,
      "error" : 0,
      "eta" : 0,
      "elapsed" : 1127,
      "job options" : {
        "ioengine" : "libaio",
        "group_reporting" : "1",
        "direct" : "1",
        "rw" : "write",
        "bs" : "8KB",
        "numjobs" : "1",
        "iodepth" : "32",
        "size" : "75%",
        "name" : "wipc",
        "io_size" : "256071352320B",
        "filename" : "/dev/sda"
      },
      "read" : {
        "io_bytes" : 0,
        "io_kbytes" : 0,
        "bw_bytes" : 0,
        "bw" : 0,
        "iops" : 0.000000,
        "runtime" : 0,
        "total_ios" : 0,
        "short_ios" : 0,
        "drop_ios" : 0,
        "slat_ns" : {
          "min" : 0,
          "max" : 0,
          "mean" : 0.000000,
          "stddev" : 0.000000
        },
        "clat_ns" : {
          "min" : 0,
          "max" : 0,
          "mean" : 0.000000,
          "stddev" : 0.000000,
          "percentile" : {
            "1.000000" : 0,
            "5.000000" : 0,
            "10.000000" : 0,
            "20.000000" : 0,
            "30.000000" : 0,
            "40.000000" : 0,
            "50.000000" : 0,
            "60.000000" : 0,
            "70.000000" : 0,
            "80.000000" : 0,
            "90.000000" : 0,
            "95.000000" : 0,
            "99.000000" : 0,
            "99.500000" : 0,
            "99.900000" : 0,
            "99.950000" : 0,
            "99.990000" : 0
          },
          "bins" : {

          }
        },
        "lat_ns" : {
          "min" : 0,
          "max" : 0,
          "mean" : 0.000000,
          "stddev" : 0.000000
        },
        "bw_min" : 0,
        "bw_max" : 0,
        "bw_agg" : 0.000000,
        "bw_mean" : 0.000000,
        "bw_dev" : 0.000000,
        "bw_samples" : 0,
        "iops_min" : 0,
        "iops_max" : 0,
        "iops_mean" : 0.000000,
        "iops_stddev" : 0.000000,
        "iops_samples" : 0
      },
      "write" : {
        "io_bytes" : 256071352320,
        "io_kbytes" : 250069680,
        "bw_bytes" : 227399867,
        "bw" : 222070,
        "iops" : 27758.772880,
        "runtime" : 1126084,
        "total_ios" : 31258710,
        "short_ios" : 0,
        "drop_ios" : 0,
        "slat_ns" : {
          "min" : 2684,
          "max" : 4603303,
          "mean" : 6941.048062,
          "stddev" : 13968.745037
        },
        "clat_ns" : {
          "min" : 297189,
          "max" : 29120295,
          "mean" : 1144133.420136,
          "stddev" : 466849.125579,
          "percentile" : {
            "1.000000" : 782336,
            "5.000000" : 1003520,
            "10.000000" : 1036288,
            "20.000000" : 1056768,
            "30.000000" : 1073152,
            "40.000000" : 1073152,
            "50.000000" : 1089536,
            "60.000000" : 1089536,
            "70.000000" : 1105920,
            "80.000000" : 1122304,
            "90.000000" : 1187840,
            "95.000000" : 1531904,
            "99.000000" : 2211840,
            "99.500000" : 2572288,
            "99.900000" : 13434880,
            "99.950000" : 13959168,
            "99.990000" : 14483456
          },
          "bins" : {
            "296960" : 1,
            "301056" : 4,
            "305152" : 3,
            "309248" : 2,
            "313344" : 3,
            "317440" : 4,
            "321536" : 5,
            "325632" : 6,
            "329728" : 5,
            "333824" : 18,
            "337920" : 29,
            "342016" : 14,
            "346112" : 12,
            "350208" : 17,
            "354304" : 15,
            "358400" : 9,
            "362496" : 11,
            "366592" : 9,
            "370688" : 9,
            "374784" : 12,
            "378880" : 15,
            "382976" : 27,
            "387072" : 35,
            "391168" : 50,
            "395264" : 109,
            "399360" : 115,
            "403456" : 130,
            "407552" : 106,
            "411648" : 110,
            "415744" : 120,
            "419840" : 119,
            "423936" : 128,
            "428032" : 144,
            "432128" : 165,
            "436224" : 228,
            "440320" : 301,
            "444416" : 424,
            "448512" : 453,
            "452608" : 389,
            "456704" : 470,
            "460800" : 473,
            "464896" : 442,
            "468992" : 597,
            "473088" : 671,
            "477184" : 796,
            "481280" : 889,
            "485376" : 857,
            "489472" : 755,
            "493568" : 659,
            "497664" : 618,
            "501760" : 641,
            "505856" : 642,
            "509952" : 601,
            "514048" : 702,
            "518144" : 783,
            "522240" : 868,
            "528384" : 1844,
            "536576" : 2111,
            "544768" : 1580,
            "552960" : 916,
            "561152" : 1032,
            "569344" : 1427,
            "577536" : 1166,
            "585728" : 745,
            "593920" : 683,
            "602112" : 1000,
            "610304" : 1053,
            "618496" : 1186,
            "626688" : 1956,
            "634880" : 2810,
            "643072" : 4193,
            "651264" : 6084,
            "659456" : 7013,
            "667648" : 7892,
            "675840" : 9565,
            "684032" : 10064,
            "692224" : 9308,
            "700416" : 10227,
            "708608" : 12035,
            "716800" : 16444,
            "724992" : 22736,
            "733184" : 20311,
            "741376" : 18845,
            "749568" : 24262,
            "757760" : 30699,
            "765952" : 32164,
            "774144" : 24283,
            "782336" : 23094,
            "790528" : 28501,
            "798720" : 34739,
            "806912" : 37566,
            "815104" : 29864,
            "823296" : 29180,
            "831488" : 33105,
            "839680" : 37815,
            "847872" : 36904,
            "856064" : 25815,
            "864256" : 28606,
            "872448" : 33154,
            "880640" : 38458,
            "888832" : 38229,
            "897024" : 26016,
            "905216" : 36078,
            "913408" : 41056,
            "921600" : 47246,
            "929792" : 50317,
            "937984" : 37924,
            "946176" : 62992,
            "954368" : 66001,
            "962560" : 81936,
            "970752" : 60943,
            "978944" : 58151,
            "987136" : 103580,
            "995328" : 103490,
            "1003520" : 120425,
            "1011712" : 92238,
            "1019904" : 141171,
            "1028096" : 859603,
            "1036288" : 927317,
            "1044480" : 1333105,
            "1056768" : 1262097,
            "1073152" : 9114298,
            "1089536" : 4023846,
            "1105920" : 3203386,
            "1122304" : 4123180,
            "1138688" : 469558,
            "1155072" : 584547,
            "1171456" : 195958,
            "1187840" : 163690,
            "1204224" : 146785,
            "1220608" : 131162,
            "1236992" : 116064,
            "1253376" : 102756,
            "1269760" : 93298,
            "1286144" : 84827,
            "1302528" : 80927,
            "1318912" : 76949,
            "1335296" : 75557,
            "1351680" : 75169,
            "1368064" : 72362,
            "1384448" : 72616,
            "1400832" : 69739,
            "1417216" : 67815,
            "1433600" : 62705,
            "1449984" : 53970,
            "1466368" : 47234,
            "1482752" : 39280,
            "1499136" : 32980,
            "1515520" : 28973,
            "1531904" : 27179,
            "1548288" : 26810,
            "1564672" : 26150,
            "1581056" : 25822,
            "1597440" : 26973,
            "1613824" : 26910,
            "1630208" : 27879,
            "1646592" : 28789,
            "1662976" : 29582,