{
  "fio version" : "fio-3.8",
  "timestamp" : 1536301907,
  "timestamp_ms" : 1536301907103,
  "time" : "Thu Sep  6 23:31:47 2018",
  "jobs" : [
    {
      "jobname" : "wdpc",
      "groupid" : 0,
      "error" : 0,
      "eta" : 0,
      "elapsed" : 61,
      "job options" : {
        "ioengine" : "libaio",
        "group_reporting" : "1",
        "direct" : "1",
        "rw" : "randrw",
        "bs" : "16KB",
        "numjobs" : "2",
        "iodepth" : "16",
        "size" : "75%",
        "name" : "wdpc",
        "random_distribution" : "random",
        "random_generator" : "tausworthe",
        "allrandrepeat" : "1",
        "randseed" : "101",
        "rwmixread" : "0",
        "time_based" : "1",
        "runtime" : "60s",
        "filename" : "/dev/sda"
      },
      "read" : {
        "io_bytes" : 0,
        "io_kbytes" : 0,
        "bw_bytes" : 0,
        "bw" : 0,
        "iops" : 0.000000,
        "runtime" : 0,
        "total_ios" : 0,
        "short_ios" : 0,
        "drop_ios" : 0,
        "slat_ns" : {
          "min" : 0,
          "max" : 0,
          "mean" : 0.000000,
          "stddev" : 0.000000
        },
        "clat_ns" : {
          "min" : 0,
          "max" : 0,
          "mean" : 0.000000,
          "stddev" : 0.000000,
          "percentile" : {
            "1.000000" : 0,
            "5.000000" : 0,
            "10.000000" : 0,
            "20.000000" : 0,
            "30.000000" : 0,
            "40.000000" : 0,
            "50.000000" : 0,
            "60.000000" : 0,
            "70.000000" : 0,
            "80.000000" : 0,
            "90.000000" : 0,
            "95.000000" : 0,
            "99.000000" : 0,
            "99.500000" : 0,
            "99.900000" : 0,
            "99.950000" : 0,
            "99.990000" : 0
          },
          "bins" : {

          }
        },
        "lat_ns" : {
          "min" : 0,
          "max" : 0,
          "mean" : 0.000000,
          "stddev" : 0.000000
        },
        "bw_min" : 0,
        "bw_max" : 0,
        "bw_agg" : 0.000000,
        "bw_mean" : 0.000000,
        "bw_dev" : 0.000000,
        "bw_samples" : 0,
        "iops_min" : 0,
        "iops_max" : 0,
        "iops_mean" : 0.000000,
        "iops_stddev" : 0.000000,
        "iops_samples" : 0
      },
      "write" : {
        "io_bytes" : 12036456448,
        "io_kbytes" : 11754352,
        "bw_bytes" : 200597577,
        "bw" : 195896,
        "iops" : 12243.504491,
        "runtime" : 60003,
        "total_ios" : 734647,
        "short_ios" : 0,
        "drop_ios" : 0,
        "slat_ns" : {
          "min" : 3229,
          "max" : 1314578,
          "mean" : 7620.895885,
          "stddev" : 14618.927505
        },
        "clat_ns" : {
          "min" : 276876,
          "max" : 25926419,
          "mean" : 2603282.935946,
          "stddev" : 1041061.155091,
          "percentile" : {
            "1.000000" : 1581056,
            "5.000000" : 1728512,
            "10.000000" : 1761280,
            "20.000000" : 1761280,
            "30.000000" : 1777664,
            "40.000000" : 2408448,
            "50.000000" : 2637824,
            "60.000000" : 2801664,
            "70.000000" : 2899968,
            "80.000000" : 2998272,
            "90.000000" : 3653632,
            "95.000000" : 4046848,
            "99.000000" : 4685824,
            "99.500000" : 5668864,
            "99.900000" : 17432576,
            "99.950000" : 17956864,
            "99.990000" : 19005440
          },
          "bins" : {
            "276480" : 1,
            "280576" : 1,
            "301056" : 1,
            "329728" : 2,
            "342016" : 1,
            "350208" : 2,
            "362496" : 1,
            "370688" : 1,
            "378880" : 1,
            "382976" : 1,
            "395264" : 1,
            "399360" : 2,
            "403456" : 2,
            "407552" : 1,
            "411648" : 3,
            "415744" : 1,
            "423936" : 2,
            "428032" : 1,
            "436224" : 1,
            "440320" : 1,
            "444416" : 2,
            "452608" : 2,
            "460800" : 1,
            "464896" : 2,
            "473088" : 1,
            "497664" : 1,
            "505856" : 1,
            "514048" : 1,
            "528384" : 2,
            "536576" : 3,
            "544768" : 1,
            "552960" : 2,
            "561152" : 2,
            "569344" : 2,
            "577536" : 6,
            "585728" : 6,
            "593920" : 3,
            "602112" : 3,
            "610304" : 2,
            "618496" : 3,
            "634880" : 2,
            "643072" : 4,
            "651264" : 3,
            "659456" : 3,
            "667648" : 1,
            "675840" : 5,
            "684032" : 7,
            "692224" : 2,
            "700416" : 9,
            "708608" : 4,
            "716800" : 6,
            "724992" : 6,
            "733184" : 11,
            "741376" : 8,
            "749568" : 20,
            "757760" : 12,
            "765952" : 13,
            "774144" : 14,
            "782336" : 12,
            "790528" : 13,
            "798720" : 14,
            "806912" : 11,
            "815104" : 18,
            "823296" : 20,
            "831488" : 17,
            "839680" : 15,
            "847872" : 18,
            "856064" : 25,
            "864256" : 17,
            "872448" : 16,
            "880640" : 14,
            "888832" : 14,
            "897024" : 11,
            "905216" : 21,
            "913408" : 18,
            "921600" : 21,
            "929792" : 12,
            "937984" : 18,
            "946176" : 21,
            "954368" : 20,
            "962560" : 24,
            "970752" : 14,
            "978944" : 14,
            "987136" : 20,
            "995328" : 18,
            "1003520" : 19,
            "1011712" : 13,
            "1019904" : 24,
            "1028096" : 9,
            "1036288" : 30,
            "1044480" : 24,
            "1056768" : 57,
            "1073152" : 67,
            "1089536" : 74,
            "1105920" : 72,
            "1122304" : 74,
            "1138688" : 88,
            "1155072" : 84,
            "1171456" : 81,
            "1187840" : 83,
            "1204224" : 96,
            "1220608" : 78,
            "1236992" : 64,
            "1253376" : 72,
            "1269760" : 71,
            "1286144" : 85,
            "1302528" : 87,
            "1318912" : 129,
            "1335296" : 112,
            "1351680" : 145,
            "1368064" : 191,
            "1384448" : 273,
            "1400832" : 366,
            "1417216" : 457,
            "1433600" : 327,
            "1449984" : 453,
            "1466368" : 353,
            "1482752" : 422,
            "1499136" : 383,
            "1515520" : 400,
            "1531904" : 380,
            "1548288" : 354,
            "1564672" : 370,
            "1581056" : 397,
            "1597440" : 417,
            "1613824" : 453,
            "1630208" : 510,
            "1646592" : 448,
            "1662976" : 559,
            "1679360" : 830,
            "1695744" : 1082,
            "1712128" : 5894,
            "1728512" : 19909,
            "1744896" : 10290,
            "1761280" : 169357,
            "1777664" : 8519,
            "1794048" : 8262,
            "1810432" : 4097,
            "1826816" : 2602,
            "1843200" : 2188,
            "1859584" : 1705,
            "1875968" : 1303,
            "1892352" : 1188,
            "1908736" : 1062,
            "1925120" : 892,
            "1941504" : 877,
            "1957888" : 705,
            "1974272" : 676,
            "1990656" : 671,
            "2007040" : 927,
            "2023424" : 834,
            "2039808" : 782,
            "2056192" : 841,
            "2072576" : 855,
            "2088960" : 893,
            "2113536" : 1705,
            "2146304" : 2043,
            "2179072" : 2509,
            "2211840" : 2545,
            "2244608" : 3345,
            "2277376" : 3650,
            "2310144" : 5001,