{
  "fio version" : "fio-3.8",
  "timestamp" : 1536309325,
  "timestamp_ms" : 1536309325487,
  "time" : "Fri Sep  7 01:35:25 2018",
  "jobs" : [
    {
      "jobname" : "wdpc",
      "groupid" : 0,
      "error" : 0,
      "eta" : 0,
      "elapsed" : 61,
      "job options" : {
        "ioengine" : "libaio",
        "group_reporting" : "1",
        "direct" : "1",
        "rw" : "randrw",
        "bs" : "512B",
        "numjobs" : "2",
        "iodepth" : "16",
        "size" : "75%",
        "name" : "wdpc",
        "random_distribution" : "random",
        "random_generator" : "tausworthe",
        "allrandrepeat" : "1",
        "randseed" : "101",
        "rwmixread" : "0",
        "time_based" : "1",
        "runtime" : "60s",
        "filename" : "/dev/sda"
      },
      "read" : {
        "io_bytes" : 0,
        "io_kbytes" : 0,
        "bw_bytes" : 0,
        "bw" : 0,
        "iops" : 0.000000,
        "runtime" : 0,
        "total_ios" : 0,
        "short_ios" : 0,
        "drop_ios" : 0,
        "slat_ns" : {
          "min" : 0,
          "max" : 0,
          "mean" : 0.000000,
          "stddev" : 0.000000
        },
        "clat_ns" : {
          "min" : 0,
          "max" : 0,
          "mean" : 0.000000,
          "stddev" : 0.000000,
          "percentile" : {
            "1.000000" : 0,
            "5.000000" : 0,
            "10.000000" : 0,
            "20.000000" : 0,
            "30.000000" : 0,
            "40.000000" : 0,
            "50.000000" : 0,
            "60.000000" : 0,
            "70.000000" : 0,
            "80.000000" : 0,
            "90.000000" : 0,
            "95.000000" : 0,
            "99.000000" : 0,
            "99.500000" : 0,
            "99.900000" : 0,
            "99.950000" : 0,
            "99.990000" : 0
          },
          "bins" : {

          }
        },
        "lat_ns" : {
          "min" : 0,
          "max" : 0,
          "mean" : 0.000000,
          "stddev" : 0.000000
        },
        "bw_min" : 0,
        "bw_max" : 0,
        "bw_agg" : 0.000000,
        "bw_mean" : 0.000000,
        "bw_dev" : 0.000000,
        "bw_samples" : 0,
        "iops_min" : 0,
        "iops_max" : 0,
        "iops_mean" : 0.000000,
        "iops_stddev" : 0.000000,
        "iops_samples" : 0
      },
      "write" : {
        "io_bytes" : 798752256,
        "io_kbytes" : 780031,
        "bw_bytes" : 13312093,
        "bw" : 13000,
        "iops" : 26000.183327,
        "runtime" : 60002,
        "total_ios" : 1560063,
        "short_ios" : 0,
        "drop_ios" : 0,
        "slat_ns" : {
          "min" : 2641,
          "max" : 3025175,
          "mean" : 15732.783436,
          "stddev" : 28640.175008
        },
        "clat_ns" : {
          "min" : 170392,
          "max" : 18292086,
          "mean" : 1212062.321365,
          "stddev" : 836921.360275,
          "percentile" : {
            "1.000000" : 403456,
            "5.000000" : 489472,
            "10.000000" : 552960,
            "20.000000" : 659456,
            "30.000000" : 733184,
            "40.000000" : 798720,
            "50.000000" : 872448,
            "60.000000" : 978944,
            "70.000000" : 1253376,
            "80.000000" : 2056192,
            "90.000000" : 2277376,
            "95.000000" : 2473984,
            "99.000000" : 3522560,
            "99.500000" : 3981312,
            "99.900000" : 9895936,
            "99.950000" : 15400960,
            "99.990000" : 16449536
          },
          "bins" : {
            "171008" : 1,
            "185344" : 2,
            "191488" : 2,
            "193536" : 1,
            "195584" : 3,
            "197632" : 1,
            "199680" : 5,
            "201728" : 1,
            "203776" : 2,
            "205824" : 2,
            "207872" : 4,
            "209920" : 1,
            "211968" : 1,
            "214016" : 5,
            "216064" : 3,
            "218112" : 4,
            "220160" : 6,
            "222208" : 4,
            "224256" : 6,
            "226304" : 6,
            "228352" : 6,
            "230400" : 11,
            "232448" : 12,
            "234496" : 16,
            "236544" : 14,
            "238592" : 15,
            "240640" : 18,
            "242688" : 16,
            "244736" : 23,
            "246784" : 26,
            "248832" : 24,
            "250880" : 35,
            "252928" : 41,
            "254976" : 36,
            "257024" : 39,
            "259072" : 37,
            "261120" : 47,
            "264192" : 103,
            "268288" : 90,
            "272384" : 81,
            "276480" : 115,
            "280576" : 94,
            "284672" : 91,
            "288768" : 106,
            "292864" : 131,
            "296960" : 125,
            "301056" : 149,
            "305152" : 150,
            "309248" : 144,
            "313344" : 207,
            "317440" : 209,
            "321536" : 260,
            "325632" : 266,
            "329728" : 276,
            "333824" : 295,
            "337920" : 298,
            "342016" : 354,
            "346112" : 375,
            "350208" : 429,
            "354304" : 491,
            "358400" : 595,
            "362496" : 650,
            "366592" : 716,
            "370688" : 751,
            "374784" : 701,
            "378880" : 784,
            "382976" : 833,
            "387072" : 938,
            "391168" : 1044,
            "395264" : 1235,
            "399360" : 1367,
            "403456" : 1442,
            "407552" : 1468,
            "411648" : 1599,
            "415744" : 1616,
            "419840" : 1788,
            "423936" : 1767,
            "428032" : 1978,
            "432128" : 2141,
            "436224" : 2328,
            "440320" : 2610,
            "444416" : 2925,
            "448512" : 3071,
            "452608" : 3053,
            "456704" : 3212,
            "460800" : 3324,
            "464896" : 3590,
            "468992" : 3838,
            "473088" : 3967,
            "477184" : 4233,
            "481280" : 4670,
            "485376" : 4799,
            "489472" : 4792,
            "493568" : 4452,
            "497664" : 4496,
            "501760" : 4644,
            "505856" : 4782,
            "509952" : 4973,
            "514048" : 5369,
            "518144" : 5721,
            "522240" : 6029,
            "528384" : 11427,
            "536576" : 10823,
            "544768" : 10752,
            "552960" : 11408,
            "561152" : 11885,
            "569344" : 11059,
            "577536" : 10296,
            "585728" : 9805,
            "593920" : 10845,
            "602112" : 11527,
            "610304" : 11134,
            "618496" : 11036,
            "626688" : 11445,
            "634880" : 12582,
            "643072" : 13620,
            "651264" : 13821,
            "659456" : 13421,
            "667648" : 14494,
            "675840" : 15723,
            "684032" : 17874,
            "692224" : 17746,
            "700416" : 18303,
            "708608" : 19365,
            "716800" : 20904,
            "724992" : 21273,
            "733184" : 20133,
            "741376" : 18999,
            "749568" : 19276,
            "757760" : 19766,
            "765952" : 20660,
            "774144" : 18763,
            "782336" : 18044,
            "790528" : 18546,
            "798720" : 19477,
            "806912" : 18973,
            "815104" : 17421,
            "823296" : 16780,
            "831488" : 16644,
            "839680" : 17291,
            "847872" : 17057,
            "856064" : 15710,
            "864256" : 15353,
            "872448" : 15064,
            "880640" : 15506,
            "888832" : 14889,
            "897024" : 13913,
            "905216" : 13189,
            "913408" : 12923,
            "921600" : 12688,
            "929792" : 12022,
            "937984" : 11202,
            "946176" : 10713,
            "954368" : 10435,
            "962560" : 10295,
            "970752" : 9575,
            "978944" : 8853,