{
  "fio version" : "fio-3.8",
  "timestamp" : 1536306622,
  "timestamp_ms" : 1536306622056,
  "time" : "Fri Sep  7 00:50:22 2018",
  "jobs" : [
    {
      "jobname" : "wdpc",
      "groupid" : 0,
      "error" : 0,
      "eta" : 0,
      "elapsed" : 61,
      "job options" : {
        "ioengine" : "libaio",
        "group_reporting" : "1",
        "direct" : "1",
        "rw" : "randrw",
        "bs" : "4KB",
        "numjobs" : "2",
        "iodepth" : "16",
        "size" : "75%",
        "name" : "wdpc",
        "random_distribution" : "random",
        "random_generator" : "tausworthe",
        "allrandrepeat" : "1",
        "randseed" : "101",
        "rwmixread" : "0",
        "time_based" : "1",
        "runtime" : "60s",
        "filename" : "/dev/sda"
      },
      "read" : {
        "io_bytes" : 0,
        "io_kbytes" : 0,
        "bw_bytes" : 0,
        "bw" : 0,
        "iops" : 0.000000,
        "runtime" : 0,
        "total_ios" : 0,
        "short_ios" : 0,
        "drop_ios" : 0,
        "slat_ns" : {
          "min" : 0,
          "max" : 0,
          "mean" : 0.000000,
          "stddev" : 0.000000
        },
        "clat_ns" : {
          "min" : 0,
          "max" : 0,
          "mean" : 0.000000,
          "stddev" : 0.000000,
          "percentile" : {
            "1.000000" : 0,
            "5.000000" : 0,
            "10.000000" : 0,
            "20.000000" : 0,
            "30.000000" : 0,
            "40.000000" : 0,
            "50.000000" : 0,
            "60.000000" : 0,
            "70.000000" : 0,
            "80.000000" : 0,
            "90.000000" : 0,
            "95.000000" : 0,
            "99.000000" : 0,
            "99.500000" : 0,
            "99.900000" : 0,
            "99.950000" : 0,
            "99.990000" : 0
          },
          "bins" : {

          }
        },
        "lat_ns" : {
          "min" : 0,
          "max" : 0,
          "mean" : 0.000000,
          "stddev" : 0.000000
        },
        "bw_min" : 0,
        "bw_max" : 0,
        "bw_agg" : 0.000000,
        "bw_mean" : 0.000000,
        "bw_dev" : 0.000000,
        "bw_samples" : 0,
        "iops_min" : 0,
        "iops_max" : 0,
        "iops_mean" : 0.000000,
        "iops_stddev" : 0.000000,
        "iops_samples" : 0
      },
      "write" : {
        "io_bytes" : 6847770624,
        "io_kbytes" : 6687276,
        "bw_bytes" : 114127608,
        "bw" : 111452,
        "iops" : 27863.185614,
        "runtime" : 60001,
        "total_ios" : 1671819,
        "short_ios" : 0,
        "drop_ios" : 0,
        "slat_ns" : {
          "min" : 2713,
          "max" : 1770313,
          "mean" : 9286.144053,
          "stddev" : 20523.150174
        },
        "clat_ns" : {
          "min" : 144101,
          "max" : 21382038,
          "mean" : 1136933.634395,
          "stddev" : 752436.760966,
          "percentile" : {
            "1.000000" : 395264,
            "5.000000" : 481280,
            "10.000000" : 528384,
            "20.000000" : 610304,
            "30.000000" : 708608,
            "40.000000" : 782336,
            "50.000000" : 864256,
            "60.000000" : 954368,
            "70.000000" : 1155072,
            "80.000000" : 1892352,
            "90.000000" : 2088960,
            "95.000000" : 2244608,
            "99.000000" : 2998272,
            "99.500000" : 3555328,
            "99.900000" : 9240576,
            "99.950000" : 14221312,
            "99.990000" : 15794176
          },
          "bins" : {
            "144384" : 1,
            "148480" : 1,
            "156672" : 1,
            "158720" : 1,
            "162816" : 3,
            "164864" : 8,
            "166912" : 4,
            "168960" : 1,
            "173056" : 2,
            "175104" : 1,
            "177152" : 2,
            "179200" : 1,
            "181248" : 4,
            "183296" : 6,
            "185344" : 9,
            "187392" : 5,
            "189440" : 5,
            "191488" : 13,
            "193536" : 11,
            "195584" : 9,
            "197632" : 12,
            "199680" : 7,
            "201728" : 11,
            "203776" : 1,
            "205824" : 12,
            "207872" : 5,
            "209920" : 3,
            "211968" : 10,
            "214016" : 10,
            "216064" : 6,
            "218112" : 12,
            "220160" : 7,
            "222208" : 7,
            "224256" : 17,
            "226304" : 12,
            "228352" : 13,
            "230400" : 15,
            "232448" : 14,
            "234496" : 17,
            "236544" : 12,
            "238592" : 23,
            "240640" : 16,
            "242688" : 28,
            "244736" : 22,
            "246784" : 28,
            "248832" : 26,
            "250880" : 26,
            "252928" : 24,
            "254976" : 30,
            "257024" : 22,
            "259072" : 22,
            "261120" : 22,
            "264192" : 52,
            "268288" : 72,
            "272384" : 66,
            "276480" : 85,
            "280576" : 93,
            "284672" : 128,
            "288768" : 150,
            "292864" : 143,
            "296960" : 119,
            "301056" : 178,
            "305152" : 190,
            "309248" : 222,
            "313344" : 241,
            "317440" : 292,
            "321536" : 386,
            "325632" : 396,
            "329728" : 388,
            "333824" : 401,
            "337920" : 447,
            "342016" : 486,
            "346112" : 558,
            "350208" : 637,
            "354304" : 770,
            "358400" : 841,
            "362496" : 972,
            "366592" : 934,
            "370688" : 951,
            "374784" : 926,
            "378880" : 1012,
            "382976" : 1039,
            "387072" : 1206,
            "391168" : 1378,
            "395264" : 1538,
            "399360" : 1694,
            "403456" : 1918,
            "407552" : 1927,
            "411648" : 1809,
            "415744" : 1750,
            "419840" : 1825,
            "423936" : 1956,
            "428032" : 2152,
            "432128" : 2602,
            "436224" : 2714,
            "440320" : 3153,
            "444416" : 3709,
            "448512" : 3771,
            "452608" : 3488,
            "456704" : 3339,
            "460800" : 3409,
            "464896" : 3983,
            "468992" : 4602,
            "473088" : 5205,
            "477184" : 5660,
            "481280" : 6512,
            "485376" : 6848,
            "489472" : 6636,
            "493568" : 6494,
            "497664" : 6093,
            "501760" : 6440,
            "505856" : 6982,
            "509952" : 7602,
            "514048" : 8230,
            "518144" : 8256,
            "522240" : 8852,
            "528384" : 17306,
            "536576" : 15171,
            "544768" : 16906,
            "552960" : 19646,
            "561152" : 20576,
            "569344" : 18416,
            "577536" : 16088,
            "585728" : 16099,
            "593920" : 15207,
            "602112" : 14550,
            "610304" : 12793,
            "618496" : 11570,
            "626688" : 12288,
            "634880" : 13093,
            "643072" : 13461,
            "651264" : 12621,
            "659456" : 12078,
            "667648" : 13765,
            "675840" : 15000,
            "684032" : 16945,
            "692224" : 16856,
            "700416" : 16468,
            "708608" : 16626,
            "716800" : 15350,
            "724992" : 15371,
            "733184" : 15023,
            "741376" : 15299,
            "749568" : 18070,
            "757760" : 20765,
            "765952" : 21226,
            "774144" : 18971,
            "782336" : 18364,
            "790528" : 20376,
            "798720" : 20518,
            "806912" : 18263,
            "815104" : 16781,
            "823296" : 17614,
            "831488" : 19463,
            "839680" : 19040,
            "847872" : 16898,
            "856064" : 16388,
            "864256" : 17155,
            "872448" : 18081,