{
  "fio version" : "fio-3.8",
  "timestamp" : 1536296878,
  "timestamp_ms" : 1536296878064,
  "time" : "Thu Sep  6 22:07:58 2018",
  "jobs" : [
    {
      "jobname" : "wdpc",
      "groupid" : 0,
      "error" : 0,
      "eta" : 0,
      "elapsed" : 61,
      "job options" : {
        "ioengine" : "libaio",
        "group_reporting" : "1",
        "direct" : "1",
        "rw" : "randrw",
        "bs" : "64KB",
        "numjobs" : "2",
        "iodepth" : "16",
        "size" : "75%",
        "name" : "wdpc",
        "random_distribution" : "random",
        "random_generator" : "tausworthe",
        "allrandrepeat" : "1",
        "randseed" : "101",
        "rwmixread" : "0",
        "time_based" : "1",
        "runtime" : "60s",
        "filename" : "/dev/sda"
      },
      "read" : {
        "io_bytes" : 0,
        "io_kbytes" : 0,
        "bw_bytes" : 0,
        "bw" : 0,
        "iops" : 0.000000,
        "runtime" : 0,
        "total_ios" : 0,
        "short_ios" : 0,
        "drop_ios" : 0,
        "slat_ns" : {
          "min" : 0,
          "max" : 0,
          "mean" : 0.000000,
          "stddev" : 0.000000
        },
        "clat_ns" : {
          "min" : 0,
          "max" : 0,
          "mean" : 0.000000,
          "stddev" : 0.000000,
          "percentile" : {
            "1.000000" : 0,
            "5.000000" : 0,
            "10.000000" : 0,
            "20.000000" : 0,
            "30.000000" : 0,
            "40.000000" : 0,
            "50.000000" : 0,
            "60.000000" : 0,
            "70.000000" : 0,
            "80.000000" : 0,
            "90.000000" : 0,
            "95.000000" : 0,
            "99.000000" : 0,
            "99.500000" : 0,
            "99.900000" : 0,
            "99.950000" : 0,
            "99.990000" : 0
          },
          "bins" : {

          }
        },
        "lat_ns" : {
          "min" : 0,
          "max" : 0,
          "mean" : 0.000000,
          "stddev" : 0.000000
        },
        "bw_min" : 0,
        "bw_max" : 0,
        "bw_agg" : 0.000000,
        "bw_mean" : 0.000000,
        "bw_dev" : 0.000000,
        "bw_samples" : 0,
        "iops_min" : 0,
        "iops_max" : 0,
        "iops_mean" : 0.000000,
        "iops_stddev" : 0.000000,
        "iops_samples" : 0
      },
      "write" : {
        "io_bytes" : 13212057600,
        "io_kbytes" : 12902400,
        "bw_bytes" : 220164265,
        "bw" : 215004,
        "iops" : 3359.440093,
        "runtime" : 60010,
        "total_ios" : 201600,
        "short_ios" : 0,
        "drop_ios" : 0,
        "slat_ns" : {
          "min" : 6138,
          "max" : 1687314,
          "mean" : 18426.904241,
          "stddev" : 23612.001053
        },
        "clat_ns" : {
          "min" : 461489,
          "max" : 45202077,
          "mean" : 9500797.834320,
          "stddev" : 2283437.351364,
          "percentile" : {
            "1.000000" : 7372800,
            "5.000000" : 7897088,
            "10.000000" : 8093696,
            "20.000000" : 8355840,
            "30.000000" : 8585216,
            "40.000000" : 8978432,
            "50.000000" : 9240576,
            "60.000000" : 9502720,
            "70.000000" : 9764864,
            "80.000000" : 9895936,
            "90.000000" : 10289152,
            "95.000000" : 11075584,
            "99.000000" : 22413312,
            "99.500000" : 23986176,
            "99.900000" : 30801920,
            "99.950000" : 32374784,
            "99.990000" : 42729472
          },
          "bins" : {
            "460800" : 1,
            "667648" : 1,
            "872448" : 1,
            "1384448" : 2,
            "1417216" : 1,
            "1826816" : 1,
            "1990656" : 1,
            "2146304" : 1,
            "3784704" : 1,
            "3817472" : 7,
            "4046848" : 1,
            "4227072" : 1,
            "4423680" : 1,
            "4620288" : 1,
            "4751360" : 1,
            "4882432" : 1,
            "4947968" : 1,
            "5013504" : 1,
            "5079040" : 5,
            "5144576" : 5,
            "5210112" : 3,
            "5275648" : 7,
            "5341184" : 8,
            "5406720" : 10,
            "5472256" : 8,
            "5537792" : 10,
            "5603328" : 10,
            "5668864" : 11,
            "5734400" : 13,
            "5799936" : 23,
            "5865472" : 32,
            "5931008" : 30,
            "5996544" : 43,
            "6062080" : 26,
            "6127616" : 40,
            "6193152" : 28,
            "6258688" : 34,
            "6324224" : 31,
            "6389760" : 32,
            "6455296" : 38,
            "6520832" : 39,
            "6586368" : 40,
            "6651904" : 48,
            "6717440" : 94,
            "6782976" : 83,
            "6848512" : 130,
            "6914048" : 105,
            "6979584" : 101,
            "7045120" : 107,
            "7110656" : 123,
            "7176192" : 103,
            "7241728" : 157,
            "7307264" : 206,
            "7372800" : 269,
            "7438336" : 381,
            "7503872" : 420,
            "7569408" : 610,
            "7634944" : 906,
            "7700480" : 1304,
            "7766016" : 1696,
            "7831552" : 2132,
            "7897088" : 2509,
            "7962624" : 2848,
            "8028160" : 3317,
            "8093696" : 4178,
            "8159232" : 4988,
            "8224768" : 5152,
            "8290304" : 5281,
            "8355840" : 5541,
            "8454144" : 10600,
            "8585216" : 8764,
            "8716288" : 8671,
            "8847360" : 7795,
            "8978432" : 7874,
            "9109504" : 8817,
            "9240576" : 9607,
            "9371648" : 11157,
            "9502720" : 11340,
            "9633792" : 12563,
            "9764864" : 11825,
            "9895936" : 10553,
            "10027008" : 8843,
            "10158080" : 6336,
            "10289152" : 3997,
            "10420224" : 2506,
            "10551296" : 1953,
            "10682368" : 1395,
            "10813440" : 1389,
            "10944512" : 1332,
            "11075584" : 1288,
            "11206656" : 1198,
            "11337728" : 1004,
            "11468800" : 751,
            "11599872" : 432,
            "11730944" : 249,
            "11862016" : 180,
            "11993088" : 82,
            "12124160" : 82,
            "12255232" : 58,
            "12386304" : 59,
            "12517376" : 35,
            "12648448" : 24,
            "12779520" : 33,
            "12910592" : 57,
            "13041664" : 20,
            "13172736" : 9,
            "13303808" : 14,
            "13434880" : 15,
            "13565952" : 9,
            "13697024" : 14,
            "13828096" : 10,
            "13959168" : 7,
            "14090240" : 5,
            "14221312" : 4,
            "14352384" : 5,
            "14483456" : 9,
            "14614528" : 13,
            "14745600" : 14,
            "14876672" : 2,
            "15007744" : 3,
            "15138816" : 8,
            "15269888" : 2,
            "15400960" : 4,
            "15532032" : 12,
            "15663104" : 6,
            "15794176" : 3,
            "15925248" : 5,
            "16056320" : 1,
            "16187392" : 5,
            "16318464" : 5,
            "16449536" : 10,
            "16580608" : 19,
            "16711680" : 12,
            "16908288" : 64,
            "17170432" : 52,
            "17432576" : 59,
            "17694720" : 110,
            "17956864" : 100,
            "18219008" : 124,
            "18481152" : 128,
            "18743296" : 146,
            "19005440" : 133,
            "19267584" : 170,
            "19529728" : 192,
            "19791872" : 204,
            "20054016" : 220,
            "20316160" : 197,
            "20578304" : 171,
            "20840448" : 184,
            "21102592" : 181,
            "21364736" : 209,
            "21626880" : 182,
            "21889024" : 184,
            "22151168" : 132,