{
  "fio version" : "fio-3.8",
  "timestamp" : 1536301718,
  "timestamp_ms" : 1536301718280,
  "time" : "Thu Sep  6 23:28:38 2018",
  "jobs" : [
    {
      "jobname" : "wdpc",
      "groupid" : 0,
      "error" : 0,
      "eta" : 0,
      "elapsed" : 61,
      "job options" : {
        "ioengine" : "libaio",
        "group_reporting" : "1",
        "direct" : "1",
        "rw" : "randrw",
        "bs" : "16KB",
        "numjobs" : "2",
        "iodepth" : "16",
        "size" : "75%",
        "name" : "wdpc",
        "random_distribution" : "random",
        "random_generator" : "tausworthe",
        "allrandrepeat" : "1",
        "randseed" : "101",
        "rwmixread" : "0",
        "time_based" : "1",
        "runtime" : "60s",
        "filename" : "/dev/sda"
      },
      "read" : {
        "io_bytes" : 0,
        "io_kbytes" : 0,
        "bw_bytes" : 0,
        "bw" : 0,
        "iops" : 0.000000,
        "runtime" : 0,
        "total_ios" : 0,
        "short_ios" : 0,
        "drop_ios" : 0,
        "slat_ns" : {
          "min" : 0,
          "max" : 0,
          "mean" : 0.000000,
          "stddev" : 0.000000
        },
        "clat_ns" : {
          "min" : 0,
          "max" : 0,
          "mean" : 0.000000,
          "stddev" : 0.000000,
          "percentile" : {
            "1.000000" : 0,
            "5.000000" : 0,
            "10.000000" : 0,
            "20.000000" : 0,
            "30.000000" : 0,
            "40.000000" : 0,
            "50.000000" : 0,
            "60.000000" : 0,
            "70.000000" : 0,
            "80.000000" : 0,
            "90.000000" : 0,
            "95.000000" : 0,
            "99.000000" : 0,
            "99.500000" : 0,
            "99.900000" : 0,
            "99.950000" : 0,
            "99.990000" : 0
          },
          "bins" : {

          }
        },
        "lat_ns" : {
          "min" : 0,
          "max" : 0,
          "mean" : 0.000000,
          "stddev" : 0.000000
        },
        "bw_min" : 0,
        "bw_max" : 0,
        "bw_agg" : 0.000000,
        "bw_mean" : 0.000000,
        "bw_dev" : 0.000000,
        "bw_samples" : 0,
        "iops_min" : 0,
        "iops_max" : 0,
        "iops_mean" : 0.000000,
        "iops_stddev" : 0.000000,
        "iops_samples" : 0
      },
      "write" : {
        "io_bytes" : 11444633600,
        "io_kbytes" : 11176400,
        "bw_bytes" : 190734356,
        "bw" : 186264,
        "iops" : 11641.501258,
        "runtime" : 60003,
        "total_ios" : 698525,
        "short_ios" : 0,
        "drop_ios" : 0,
        "slat_ns" : {
          "min" : 3073,
          "max" : 1066206,
          "mean" : 7454.420429,
          "stddev" : 13814.294728
        },
        "clat_ns" : {
          "min" : 261071,
          "max" : 34501244,
          "mean" : 2738647.578060,
          "stddev" : 1368189.014510,
          "percentile" : {
            "1.000000" : 1662976,
            "5.000000" : 1744896,
            "10.000000" : 1761280,
            "20.000000" : 1761280,
            "30.000000" : 1777664,
            "40.000000" : 2441216,
            "50.000000" : 2703360,
            "60.000000" : 2834432,
            "70.000000" : 2932736,
            "80.000000" : 3063808,
            "90.000000" : 3915776,
            "95.000000" : 4292608,
            "99.000000" : 7831552,
            "99.500000" : 9764864,
            "99.900000" : 17432576,
            "99.950000" : 22675456,
            "99.990000" : 28442624
          },
          "bins" : {
            "261120" : 1,
            "280576" : 3,
            "317440" : 1,
            "337920" : 1,
            "354304" : 1,
            "391168" : 1,
            "395264" : 1,
            "399360" : 1,
            "460800" : 1,
            "464896" : 1,
            "485376" : 1,
            "489472" : 1,
            "518144" : 2,
            "528384" : 1,
            "536576" : 4,
            "577536" : 3,
            "585728" : 4,
            "593920" : 2,
            "602112" : 1,
            "610304" : 1,
            "618496" : 3,
            "634880" : 1,
            "651264" : 1,
            "659456" : 1,
            "667648" : 2,
            "675840" : 1,
            "692224" : 2,
            "700416" : 2,
            "708608" : 4,
            "716800" : 2,
            "733184" : 5,
            "741376" : 1,
            "749568" : 3,
            "757760" : 1,
            "765952" : 4,
            "774144" : 1,
            "782336" : 4,
            "790528" : 2,
            "798720" : 3,
            "806912" : 4,
            "815104" : 2,
            "823296" : 4,
            "831488" : 5,
            "839680" : 6,
            "847872" : 9,
            "856064" : 7,
            "864256" : 4,
            "872448" : 7,
            "880640" : 6,
            "888832" : 2,
            "897024" : 7,
            "905216" : 5,
            "913408" : 6,
            "921600" : 7,
            "929792" : 4,
            "937984" : 6,
            "946176" : 5,
            "954368" : 9,
            "962560" : 6,
            "970752" : 7,
            "978944" : 9,
            "987136" : 7,
            "995328" : 4,
            "1003520" : 7,
            "1011712" : 9,
            "1019904" : 6,
            "1028096" : 7,
            "1036288" : 8,
            "1044480" : 11,
            "1056768" : 18,
            "1073152" : 23,
            "1089536" : 38,
            "1105920" : 33,
            "1122304" : 37,
            "1138688" : 51,
            "1155072" : 44,
            "1171456" : 55,
            "1187840" : 37,
            "1204224" : 46,
            "1220608" : 48,
            "1236992" : 46,
            "1253376" : 56,
            "1269760" : 43,
            "1286144" : 55,
            "1302528" : 57,
            "1318912" : 62,
            "1335296" : 76,
            "1351680" : 93,
            "1368064" : 172,
            "1384448" : 207,
            "1400832" : 313,
            "1417216" : 399,
            "1433600" : 257,
            "1449984" : 353,
            "1466368" : 287,
            "1482752" : 354,
            "1499136" : 355,
            "1515520" : 331,
            "1531904" : 327,
            "1548288" : 319,
            "1564672" : 323,
            "1581056" : 300,
            "1597440" : 379,
            "1613824" : 340,
            "1630208" : 389,
            "1646592" : 353,
            "1662976" : 394,
            "1679360" : 647,
            "1695744" : 753,
            "1712128" : 5795,
            "1728512" : 19957,
            "1744896" : 9944,
            "1761280" : 160677,
            "1777664" : 4874,
            "1794048" : 6544,
            "1810432" : 2900,
            "1826816" : 1963,
            "1843200" : 1768,
            "1859584" : 1227,
            "1875968" : 1231,
            "1892352" : 874,
            "1908736" : 853,
            "1925120" : 807,
            "1941504" : 750,
            "1957888" : 716,
            "1974272" : 913,
            "1990656" : 812,
            "2007040" : 759,
            "2023424" : 798,
            "2039808" : 752,
            "2056192" : 700,
            "2072576" : 854,
            "2088960" : 849,
            "2113536" : 1821,
            "2146304" : 1871,
            "2179072" : 2122,
            "2211840" : 2459,
            "2244608" : 3102,
            "2277376" : 3512,
            "2310144" : 4576,
            "2342912" : 5236,
            "2375680" : 5750,
            "2408448" : 7004,
            "2441216" : 7764,
            "2473984" : 8351,
            "2506752" : 9214,
            "2539520" : 9980,
            "2572288" : 9648,
            "2605056" : 9689,
            "2637824" : 9817,
            "2670592" : 9323,
            "2703360" : 10355,
            "2736128" : 12464,
            "2768896" : 15286,
            "2801664" : 18980,
            "2834432" : 21679,
            "2867200" : 25418,
            "2899968" : 26926,
            "2932736" : 24492,
            "2965504" : 22048,