{
  "fio version" : "fio-3.8",
  "timestamp" : 1536294489,
  "timestamp_ms" : 1536294489420,
  "time" : "Thu Sep  6 21:28:09 2018",
  "jobs" : [
    {
      "jobname" : "wdpc",
      "groupid" : 0,
      "error" : 0,
      "eta" : 0,
      "elapsed" : 61,
      "job options" : {
        "ioengine" : "libaio",
        "group_reporting" : "1",
        "direct" : "1",
        "rw" : "randrw",
        "bs" : "128KB",
        "numjobs" : "2",
        "iodepth" : "16",
        "size" : "75%",
        "name" : "wdpc",
        "random_distribution" : "random",
        "random_generator" : "tausworthe",
        "allrandrepeat" : "1",
        "randseed" : "101",
        "rwmixread" : "0",
        "time_based" : "1",
        "runtime" : "60s",
        "filename" : "/dev/sda"
      },
      "read" : {
        "io_bytes" : 0,
        "io_kbytes" : 0,
        "bw_bytes" : 0,
        "bw" : 0,
        "iops" : 0.000000,
        "runtime" : 0,
        "total_ios" : 0,
        "short_ios" : 0,
        "drop_ios" : 0,
        "slat_ns" : {
          "min" : 0,
          "max" : 0,
          "mean" : 0.000000,
          "stddev" : 0.000000
        },
        "clat_ns" : {
          "min" : 0,
          "max" : 0,
          "mean" : 0.000000,
          "stddev" : 0.000000,
          "percentile" : {
            "1.000000" : 0,
            "5.000000" : 0,
            "10.000000" : 0,
            "20.000000" : 0,
            "30.000000" : 0,
            "40.000000" : 0,
            "50.000000" : 0,
            "60.000000" : 0,
            "70.000000" : 0,
            "80.000000" : 0,
            "90.000000" : 0,
            "95.000000" : 0,
            "99.000000" : 0,
            "99.500000" : 0,
            "99.900000" : 0,
            "99.950000" : 0,
            "99.990000" : 0
          },
          "bins" : {

          }
        },
        "lat_ns" : {
          "min" : 0,
          "max" : 0,
          "mean" : 0.000000,
          "stddev" : 0.000000
        },
        "bw_min" : 0,
        "bw_max" : 0,
        "bw_agg" : 0.000000,
        "bw_mean" : 0.000000,
        "bw_dev" : 0.000000,
        "bw_samples" : 0,
        "iops_min" : 0,
        "iops_max" : 0,
        "iops_mean" : 0.000000,
        "iops_stddev" : 0.000000,
        "iops_samples" : 0
      },
      "write" : {
        "io_bytes" : 13978959872,
        "io_kbytes" : 13651328,
        "bw_bytes" : 232912790,
        "bw" : 227453,
        "iops" : 1776.983572,
        "runtime" : 60018,
        "total_ios" : 106651,
        "short_ios" : 0,
        "drop_ios" : 0,
        "slat_ns" : {
          "min" : 10567,
          "max" : 1383626,
          "mean" : 25031.275309,
          "stddev" : 26574.631566
        },
        "clat_ns" : {
          "min" : 841832,
          "max" : 35432951,
          "mean" : 17974838.729810,
          "stddev" : 2012318.875724,
          "percentile" : {
            "1.000000" : 15138816,
            "5.000000" : 15794176,
            "10.000000" : 16187392,
            "20.000000" : 16711680,
            "30.000000" : 17170432,
            "40.000000" : 17432576,
            "50.000000" : 17694720,
            "60.000000" : 17956864,
            "70.000000" : 18481152,
            "80.000000" : 18743296,
            "90.000000" : 19529728,
            "95.000000" : 20054016,
            "99.000000" : 29753344,
            "99.500000" : 30801920,
            "99.900000" : 32636928,
            "99.950000" : 33161216,
            "99.990000" : 33816576
          },
          "bins" : {
            "839680" : 1,
            "1368064" : 1,
            "1400832" : 1,
            "2072576" : 1,
            "2473984" : 1,
            "2801664" : 1,
            "3096576" : 1,
            "3522560" : 1,
            "3915776" : 1,
            "4227072" : 1,
            "4554752" : 1,
            "5013504" : 1,
            "5341184" : 1,
            "7176192" : 1,
            "7503872" : 1,
            "9371648" : 1,
            "9633792" : 1,
            "10027008" : 1,
            "10289152" : 1,
            "10682368" : 1,
            "11075584" : 1,
            "11468800" : 1,
            "12517376" : 2,
            "12779520" : 2,
            "12910592" : 2,
            "13041664" : 2,
            "13172736" : 2,
            "13303808" : 9,
            "13434880" : 5,
            "13565952" : 11,
            "13697024" : 19,
            "13828096" : 8,
            "13959168" : 17,
            "14090240" : 16,
            "14221312" : 30,
            "14352384" : 51,
            "14483456" : 46,
            "14614528" : 68,
            "14745600" : 93,
            "14876672" : 140,
            "15007744" : 235,
            "15138816" : 309,
            "15269888" : 456,
            "15400960" : 674,
            "15532032" : 823,
            "15663104" : 1073,
            "15794176" : 1408,
            "15925248" : 1693,
            "16056320" : 1970,
            "16187392" : 2163,
            "16318464" : 2397,
            "16449536" : 2647,
            "16580608" : 3039,
            "16711680" : 3230,
            "16908288" : 7310,
            "17170432" : 7780,
            "17432576" : 8712,
            "17694720" : 9156,
            "17956864" : 8789,
            "18219008" : 7951,
            "18481152" : 6968,
            "18743296" : 6084,
            "19005440" : 5117,
            "19267584" : 4302,
            "19529728" : 3223,
            "19791872" : 2224,
            "20054016" : 1498,
            "20316160" : 1159,
            "20578304" : 720,
            "20840448" : 480,
            "21102592" : 313,
            "21364736" : 192,
            "21626880" : 113,
            "21889024" : 70,
            "22151168" : 22,
            "22413312" : 22,
            "22675456" : 6,
            "23199744" : 3,
            "24248320" : 1,
            "24510464" : 1,
            "24772608" : 8,
            "25034752" : 1,
            "25559040" : 1,
            "25821184" : 7,
            "26083328" : 1,
            "26345472" : 7,
            "26607616" : 10,
            "26869760" : 1,
            "27131904" : 2,
            "27394048" : 11,
            "27656192" : 23,
            "27918336" : 42,
            "28180480" : 58,
            "28442624" : 72,
            "28704768" : 117,
            "28966912" : 106,
            "29229056" : 89,
            "29491200" : 112,
            "29753344" : 161,
            "30015488" : 112,
            "30277632" : 110,
            "30539776" : 119,
            "30801920" : 93,
            "31064064" : 88,
            "31326208" : 71,
            "31588352" : 53,
            "31850496" : 76,
            "32112640" : 48,
            "32374784" : 47,
            "32636928" : 33,
            "32899072" : 34,
            "33161216" : 18,
            "33423360" : 13,
            "33816576" : 19,
            "34340864" : 3,
            "34865152" : 6,
            "35389440" : 1
          }
        },
        "lat_ns" : {
          "min" : 906724,
          "max" : 35461073,
          "mean" : 18000522.968233,
          "stddev" : 2012274.490998
        },
        "bw_min" : 108544,
        "bw_max" : 120064,
        "bw_agg" : 49.998190,
        "bw_mean" : 113722.383333,
        "bw_dev" : 2258.126704,
        "bw_samples" : 240,
        "iops_min" : 848,
        "iops_max" : 938,
        "iops_mean" : 888.450000,
        "iops_stddev" : 17.646387,
        "iops_samples" : 240
      },
      "trim" : {
        "io_bytes" : 0,
        "io_kbytes" : 0,
        "bw_bytes" : 0,
        "bw" : 0,
        "iops" : 0.000000,
        "runtime" : 0,
        "total_ios" : 0,
        "short_ios" : 0,
        "drop_ios" : 0,
        "slat_ns" : {
          "min" : 0,
          "max" : 0,
          "mean" : 0.000000,
          "stddev" : 0.000000
        },
        "clat_ns" : {
          "min" : 0,
          "max" : 0,
          "mean" : 0.000000,
          "stddev" : 0.000000,
          "percentile" : {
            "1.000000" : 0,