{
  "fio version" : "fio-3.8",
  "timestamp" : 1535073233,
  "timestamp_ms" : 1535073233632,
  "time" : "Fri Aug 24 01:13:53 2018",
  "global options" : {
    "offset" : "21597536256"
  },
  "jobs" : [
    {
      "jobname" : "wdpc",
      "groupid" : 0,
      "error" : 0,
      "eta" : 0,
      "elapsed" : 61,
      "job options" : {
        "ioengine" : "libaio",
        "group_reporting" : "1",
        "direct" : "1",
        "rw" : "readwrite",
        "bs" : "4KB",
        "numjobs" : "1",
        "iodepth" : "32",
        "size" : "75%",
        "cpus_allowed" : "4,5",
        "name" : "wdpc",
        "rwmixread" : "0",
        "time_based" : "1",
        "runtime" : "60s",
        "filename" : "/dev/sda"
      },
      "read" : {
        "io_bytes" : 0,
        "io_kbytes" : 0,
        "bw_bytes" : 0,
        "bw" : 0,
        "iops" : 0.000000,
        "runtime" : 0,
        "total_ios" : 0,
        "short_ios" : 0,
        "drop_ios" : 0,
        "slat_ns" : {
          "min" : 0,
          "max" : 0,
          "mean" : 0.000000,
          "stddev" : 0.000000
        },
        "clat_ns" : {
          "min" : 0,
          "max" : 0,
          "mean" : 0.000000,
          "stddev" : 0.000000,
          "percentile" : {
            "1.000000" : 0,
            "5.000000" : 0,
            "10.000000" : 0,
            "20.000000" : 0,
            "30.000000" : 0,
            "40.000000" : 0,
            "50.000000" : 0,
            "60.000000" : 0,
            "70.000000" : 0,
            "80.000000" : 0,
            "90.000000" : 0,
            "95.000000" : 0,
            "99.000000" : 0,
            "99.500000" : 0,
            "99.900000" : 0,
            "99.950000" : 0,
            "99.990000" : 0
          },
          "bins" : {

          }
        },
        "lat_ns" : {
          "min" : 0,
          "max" : 0,
          "mean" : 0.000000,
          "stddev" : 0.000000
        },
        "bw_min" : 0,
        "bw_max" : 0,
        "bw_agg" : 0.000000,
        "bw_mean" : 0.000000,
        "bw_dev" : 0.000000,
        "bw_samples" : 0,
        "iops_min" : 0,
        "iops_max" : 0,
        "iops_mean" : 0.000000,
        "iops_stddev" : 0.000000,
        "iops_samples" : 0
      },
      "write" : {
        "io_bytes" : 7295270912,
        "io_kbytes" : 7124288,
        "bw_bytes" : 121585822,
        "bw" : 118736,
        "iops" : 29684.038599,
        "runtime" : 60001,
        "total_ios" : 1781072,
        "short_ios" : 0,
        "drop_ios" : 0,
        "slat_ns" : {
          "min" : 5541,
          "max" : 507209,
          "mean" : 26402.528601,
          "stddev" : 5154.318495
        },
        "clat_ns" : {
          "min" : 446000,
          "max" : 13761542,
          "mean" : 1048107.820632,
          "stddev" : 289228.033434,
          "percentile" : {
            "1.000000" : 978944,
            "5.000000" : 995328,
            "10.000000" : 1003520,
            "20.000000" : 1019904,
            "30.000000" : 1028096,
            "40.000000" : 1028096,
            "50.000000" : 1036288,
            "60.000000" : 1044480,
            "70.000000" : 1056768,
            "80.000000" : 1056768,
            "90.000000" : 1073152,
            "95.000000" : 1089536,
            "99.000000" : 1122304,
            "99.500000" : 1400832,
            "99.900000" : 2072576,
            "99.950000" : 13172736,
            "99.990000" : 13565952
          },
          "bins" : {
            "444416" : 1,
            "468992" : 1,
            "493568" : 1,
            "536576" : 1,
            "569344" : 1,
            "593920" : 1,
            "626688" : 1,
            "667648" : 1,
            "700416" : 1,
            "741376" : 1,
            "774144" : 1,
            "806912" : 1,
            "847872" : 1,
            "856064" : 4,
            "864256" : 5,
            "872448" : 25,
            "880640" : 52,
            "888832" : 99,
            "897024" : 109,
            "905216" : 189,
            "913408" : 240,
            "921600" : 282,
            "929792" : 372,
            "937984" : 442,
            "946176" : 541,
            "954368" : 573,
            "962560" : 1099,
            "970752" : 5577,
            "978944" : 19678,
            "987136" : 41915,
            "995328" : 68132,
            "1003520" : 88529,
            "1011712" : 120721,
            "1019904" : 170213,
            "1028096" : 221021,
            "1036288" : 242025,
            "1044480" : 204094,
            "1056768" : 298040,
            "1073152" : 179672,
            "1089536" : 76033,
            "1105920" : 21870,
            "1122304" : 5328,
            "1138688" : 1707,
            "1155072" : 711,
            "1171456" : 412,
            "1187840" : 281,
            "1204224" : 163,
            "1220608" : 211,
            "1236992" : 335,
            "1253376" : 244,
            "1269760" : 117,
            "1286144" : 135,
            "1302528" : 100,
            "1318912" : 125,
            "1335296" : 140,
            "1351680" : 128,
            "1368064" : 165,
            "1384448" : 229,
            "1400832" : 291,
            "1417216" : 415,
            "1433600" : 377,
            "1449984" : 259,
            "1466368" : 204,
            "1482752" : 147,
            "1499136" : 135,
            "1515520" : 201,
            "1531904" : 205,
            "1548288" : 239,
            "1564672" : 252,
            "1581056" : 240,
            "1597440" : 266,
            "1613824" : 253,
            "1630208" : 214,
            "1646592" : 219,
            "1662976" : 232,
            "1679360" : 220,
            "1695744" : 189,
            "1712128" : 117,
            "1728512" : 92,
            "1744896" : 113,
            "1761280" : 112,
            "1777664" : 83,
            "1794048" : 63,
            "1810432" : 40,
            "1826816" : 66,
            "1843200" : 68,
            "1859584" : 76,
            "1875968" : 75,
            "1892352" : 84,
            "1908736" : 92,
            "1925120" : 112,
            "1941504" : 124,
            "1957888" : 126,
            "1974272" : 162,
            "1990656" : 345,
            "2007040" : 247,
            "2023424" : 145,
            "2039808" : 126,
            "2056192" : 103,
            "2072576" : 100,
            "2088960" : 76,
            "2113536" : 169,
            "2146304" : 136,
            "2179072" : 80,
            "2211840" : 48,
            "2244608" : 75,
            "2277376" : 45,
            "2310144" : 17,
            "2375680" : 1,
            "2408448" : 1,
            "2539520" : 2,
            "2605056" : 1,
            "2637824" : 1,
            "2736128" : 1,
            "2768896" : 1,
            "2801664" : 1,
            "3162112" : 2,
            "3227648" : 1,
            "3260416" : 1,
            "3325952" : 1,
            "3358720" : 2,
            "3391488" : 1,
            "3424256" : 7,
            "3457024" : 6,
            "3489792" : 4,
            "3522560" : 2,
            "3555328" : 15,
            "3588096" : 18,
            "3620864" : 27,
            "3653632" : 13,
            "3686400" : 8,
            "3719168" : 3,
            "3751936" : 4,
            "3817472" : 3,
            "3850240" : 6,
            "3883008" : 3,
            "3915776" : 5,
            "3948544" : 1,
            "4046848" : 1,
            "4079616" : 5,
            "4112384" : 9,
            "4145152" : 12,
            "4177920" : 3,
            "4227072" : 1,
            "13041664" : 1,
            "13172736" : 62,
            "13303808" : 247,
            "13434880" : 373,
            "13565952" : 201,
            "13697024" : 44
          }
        },
        "lat_ns" : {
          "min" : 465833,
          "max" : 13767959,
          "mean" : 1075193.105495,
          "stddev" : 289266.909332
        },
        "bw_min" : 102536,
        "bw_max" : 120144,
        "bw_agg" : 100.000000,
        "bw_mean" : 118740.907563,