{
  "fio version" : "fio-3.8",
  "timestamp" : 1535062375,
  "timestamp_ms" : 1535062375621,
  "time" : "Thu Aug 23 22:12:55 2018",
  "jobs" : [
    {
      "jobname" : "wipc",
      "groupid" : 0,
      "error" : 0,
      "eta" : 0,
      "elapsed" : 2306,
      "job options" : {
        "ioengine" : "libaio",
        "group_reporting" : "1",
        "direct" : "1",
        "rw" : "write",
        "bs" : "4KB",
        "numjobs" : "1",
        "iodepth" : "32",
        "size" : "75%",
        "cpus_allowed" : "4,5",
        "name" : "wipc",
        "io_size" : "256071352320B",
        "filename" : "/dev/sda"
      },
      "read" : {
        "io_bytes" : 0,
        "io_kbytes" : 0,
        "bw_bytes" : 0,
        "bw" : 0,
        "iops" : 0.000000,
        "runtime" : 0,
        "total_ios" : 0,
        "short_ios" : 0,
        "drop_ios" : 0,
        "slat_ns" : {
          "min" : 0,
          "max" : 0,
          "mean" : 0.000000,
          "stddev" : 0.000000
        },
        "clat_ns" : {
          "min" : 0,
          "max" : 0,
          "mean" : 0.000000,
          "stddev" : 0.000000,
          "percentile" : {
            "1.000000" : 0,
            "5.000000" : 0,
            "10.000000" : 0,
            "20.000000" : 0,
            "30.000000" : 0,
            "40.000000" : 0,
            "50.000000" : 0,
            "60.000000" : 0,
            "70.000000" : 0,
            "80.000000" : 0,
            "90.000000" : 0,
            "95.000000" : 0,
            "99.000000" : 0,
            "99.500000" : 0,
            "99.900000" : 0,
            "99.950000" : 0,
            "99.990000" : 0
          },
          "bins" : {

          }
        },
        "lat_ns" : {
          "min" : 0,
          "max" : 0,
          "mean" : 0.000000,
          "stddev" : 0.000000
        },
        "bw_min" : 0,
        "bw_max" : 0,
        "bw_agg" : 0.000000,
        "bw_mean" : 0.000000,
        "bw_dev" : 0.000000,
        "bw_samples" : 0,
        "iops_min" : 0,
        "iops_max" : 0,
        "iops_mean" : 0.000000,
        "iops_stddev" : 0.000000,
        "iops_samples" : 0
      },
      "write" : {
        "io_bytes" : 256071352320,
        "io_kbytes" : 250069680,
        "bw_bytes" : 111083259,
        "bw" : 108479,
        "iops" : 27119.936492,
        "runtime" : 2305220,
        "total_ios" : 62517420,
        "short_ios" : 0,
        "drop_ios" : 0,
        "slat_ns" : {
          "min" : 4667,
          "max" : 1299083,
          "mean" : 26964.758323,
          "stddev" : 7545.320089
        },
        "clat_ns" : {
          "min" : 108792,
          "max" : 29445792,
          "mean" : 1149433.001323,
          "stddev" : 318261.285584,
          "percentile" : {
            "1.000000" : 987136,
            "5.000000" : 1011712,
            "10.000000" : 1028096,
            "20.000000" : 1044480,
            "30.000000" : 1073152,
            "40.000000" : 1089536,
            "50.000000" : 1105920,
            "60.000000" : 1122304,
            "70.000000" : 1122304,
            "80.000000" : 1138688,
            "90.000000" : 1449984,
            "95.000000" : 1499136,
            "99.000000" : 1581056,
            "99.500000" : 1613824,
            "99.900000" : 2007040,
            "99.950000" : 13172736,
            "99.990000" : 13565952
          },
          "bins" : {
            "109056" : 1,
            "152576" : 1,
            "189440" : 1,
            "226304" : 1,
            "264192" : 1,
            "296960" : 1,
            "333824" : 1,
            "370688" : 1,
            "378880" : 1,
            "411648" : 2,
            "448512" : 1,
            "452608" : 1,
            "485376" : 1,
            "489472" : 1,
            "528384" : 2,
            "561152" : 2,
            "602112" : 1,
            "610304" : 1,
            "634880" : 2,
            "675840" : 2,
            "708608" : 2,
            "716800" : 1,
            "741376" : 1,
            "749568" : 1,
            "757760" : 1,
            "774144" : 1,
            "790528" : 4,
            "798720" : 3,
            "806912" : 4,
            "815104" : 3,
            "823296" : 2,
            "831488" : 4,
            "839680" : 5,
            "847872" : 37,
            "856064" : 90,
            "864256" : 283,
            "872448" : 488,
            "880640" : 596,
            "888832" : 792,
            "897024" : 1136,
            "905216" : 1516,
            "913408" : 1960,
            "921600" : 2412,
            "929792" : 3007,
            "937984" : 3826,
            "946176" : 5043,
            "954368" : 6225,
            "962560" : 11911,
            "970752" : 56091,
            "978944" : 199743,
            "987136" : 403569,
            "995328" : 623941,
            "1003520" : 879059,
            "1011712" : 1278207,
            "1019904" : 1789005,
            "1028096" : 2235526,
            "1036288" : 2593254,
            "1044480" : 2524492,
            "1056768" : 4607146,
            "1073152" : 4196286,
            "1089536" : 5167819,
            "1105920" : 8516062,
            "1122304" : 9861846,
            "1138688" : 5907826,
            "1155072" : 2070458,
            "1171456" : 709151,
            "1187840" : 172583,
            "1204224" : 34685,
            "1220608" : 21412,
            "1236992" : 18801,
            "1253376" : 17525,
            "1269760" : 16915,
            "1286144" : 17032,
            "1302528" : 19247,
            "1318912" : 27189,
            "1335296" : 44307,
            "1351680" : 79111,
            "1368064" : 140086,
            "1384448" : 234807,
            "1400832" : 363232,
            "1417216" : 524916,
            "1433600" : 672789,
            "1449984" : 808023,
            "1466368" : 896239,
            "1482752" : 924138,
            "1499136" : 880596,
            "1515520" : 791828,
            "1531904" : 638992,
            "1548288" : 485035,
            "1564672" : 338608,
            "1581056" : 219112,
            "1597440" : 130950,
            "1613824" : 69519,
            "1630208" : 35891,
            "1646592" : 18459,
            "1662976" : 10189,
            "1679360" : 6605,
            "1695744" : 5497,
            "1712128" : 5009,
            "1728512" : 5000,
            "1744896" : 5140,
            "1761280" : 5519,
            "1777664" : 6154,
            "1794048" : 6794,
            "1810432" : 7295,
            "1826816" : 7899,
            "1843200" : 8236,
            "1859584" : 8583,
            "1875968" : 8653,
            "1892352" : 8893,
            "1908736" : 8639,
            "1925120" : 8166,
            "1941504" : 7871,
            "1957888" : 7288,
            "1974272" : 6584,
            "1990656" : 5731,
            "2007040" : 4773,
            "2023424" : 3966,
            "2039808" : 3261,
            "2056192" : 2766,
            "2072576" : 2307,
            "2088960" : 1782,
            "2113536" : 2965,
            "2146304" : 2121,
            "2179072" : 1521,
            "2211840" : 1006,
            "2244608" : 648,
            "2277376" : 505,
            "2310144" : 367,
            "2342912" : 313,
            "2375680" : 249,
            "2408448" : 198,
            "2441216" : 186,
            "2473984" : 158,
            "2506752" : 206,
            "2539520" : 294,
            "2572288" : 398,
            "2605056" : 613,
            "2637824" : 696,
            "2670592" : 692,
            "2703360" : 677,
            "2736128" : 534,
            "2768896" : 410,
            "2801664" : 338,
            "2834432" : 296,
            "2867200" : 195,
            "2899968" : 127,
            "2932736" : 76,
            "2965504" : 27,
            "2998272" : 15,
            "3031040" : 7,
            "3063808" : 1,
            "3096576" : 1,
            "3194880" : 1,
            "3227648" : 6,
            "3260416" : 9,
            "3293184" : 10,
            "3325952" : 20,