{
  "fio version" : "fio-3.8",
  "timestamp" : 1536340113,
  "timestamp_ms" : 1536340113479,
  "time" : "Fri Sep  7 10:08:33 2018",
  "jobs" : [
    {
      "jobname" : "wdpc",
      "groupid" : 0,
      "error" : 0,
      "eta" : 0,
      "elapsed" : 61,
      "job options" : {
        "ioengine" : "libaio",
        "group_reporting" : "1",
        "direct" : "1",
        "rw" : "readwrite",
        "bs" : "4KB",
        "numjobs" : "1",
        "iodepth" : "1",
        "size" : "75%",
        "name" : "wdpc",
        "random_distribution" : "random",
        "random_generator" : "tausworthe",
        "allrandrepeat" : "1",
        "randseed" : "101",
        "rwmixread" : "0",
        "time_based" : "1",
        "runtime" : "60s",
        "filename" : "/dev/sda"
      },
      "read" : {
        "io_bytes" : 0,
        "io_kbytes" : 0,
        "bw_bytes" : 0,
        "bw" : 0,
        "iops" : 0.000000,
        "runtime" : 0,
        "total_ios" : 0,
        "short_ios" : 0,
        "drop_ios" : 0,
        "slat_ns" : {
          "min" : 0,
          "max" : 0,
          "mean" : 0.000000,
          "stddev" : 0.000000
        },
        "clat_ns" : {
          "min" : 0,
          "max" : 0,
          "mean" : 0.000000,
          "stddev" : 0.000000,
          "percentile" : {
            "1.000000" : 0,
            "5.000000" : 0,
            "10.000000" : 0,
            "20.000000" : 0,
            "30.000000" : 0,
            "40.000000" : 0,
            "50.000000" : 0,
            "60.000000" : 0,
            "70.000000" : 0,
            "80.000000" : 0,
            "90.000000" : 0,
            "95.000000" : 0,
            "99.000000" : 0,
            "99.500000" : 0,
            "99.900000" : 0,
            "99.950000" : 0,
            "99.990000" : 0
          },
          "bins" : {

          }
        },
        "lat_ns" : {
          "min" : 0,
          "max" : 0,
          "mean" : 0.000000,
          "stddev" : 0.000000
        },
        "bw_min" : 0,
        "bw_max" : 0,
        "bw_agg" : 0.000000,
        "bw_mean" : 0.000000,
        "bw_dev" : 0.000000,
        "bw_samples" : 0,
        "iops_min" : 0,
        "iops_max" : 0,
        "iops_mean" : 0.000000,
        "iops_stddev" : 0.000000,
        "iops_samples" : 0
      },
      "write" : {
        "io_bytes" : 2038484992,
        "io_kbytes" : 1990708,
        "bw_bytes" : 33974183,
        "bw" : 33177,
        "iops" : 8294.478425,
        "runtime" : 60001,
        "total_ios" : 497677,
        "short_ios" : 0,
        "drop_ios" : 0,
        "slat_ns" : {
          "min" : 9463,
          "max" : 1394884,
          "mean" : 17704.930202,
          "stddev" : 20094.618624
        },
        "clat_ns" : {
          "min" : 1423,
          "max" : 13114513,
          "mean" : 100171.799265,
          "stddev" : 56481.944632,
          "percentile" : {
            "1.000000" : 65280,
            "5.000000" : 67072,
            "10.000000" : 69120,
            "20.000000" : 99840,
            "30.000000" : 100864,
            "40.000000" : 101888,
            "50.000000" : 101888,
            "60.000000" : 102912,
            "70.000000" : 102912,
            "80.000000" : 103936,
            "90.000000" : 104960,
            "95.000000" : 105984,
            "99.000000" : 111104,
            "99.500000" : 119296,
            "99.900000" : 415744,
            "99.950000" : 440320,
            "99.990000" : 708608
          },
          "bins" : {
            "1416" : 1,
            "1464" : 1,
            "1528" : 1,
            "1544" : 1,
            "1576" : 1,
            "1624" : 1,
            "1640" : 1,
            "1656" : 2,
            "1672" : 5,
            "1704" : 1,
            "1720" : 3,
            "1736" : 1,
            "1752" : 4,
            "1768" : 3,
            "1784" : 7,
            "1816" : 5,
            "1832" : 8,
            "1848" : 13,
            "1864" : 8,
            "1880" : 13,
            "1896" : 13,
            "1912" : 8,
            "1928" : 8,
            "1944" : 4,
            "1960" : 2,
            "1976" : 2,
            "1992" : 3,
            "2008" : 1,
            "2024" : 5,
            "2064" : 1,
            "2096" : 2,
            "2128" : 1,
            "2160" : 1,
            "2512" : 1,
            "2544" : 1,
            "5344" : 1,
            "6496" : 1,
            "6560" : 1,
            "6688" : 1,
            "6816" : 1,
            "6880" : 1,
            "6944" : 1,
            "7072" : 2,
            "7264" : 1,
            "7392" : 2,
            "7456" : 2,
            "7520" : 2,
            "7584" : 5,
            "7648" : 6,
            "7712" : 8,
            "7776" : 11,
            "7840" : 6,
            "7904" : 9,
            "7968" : 12,
            "8032" : 12,
            "8096" : 11,
            "8160" : 13,
            "8256" : 23,
            "8384" : 32,
            "8512" : 28,
            "8640" : 48,
            "8768" : 23,
            "8896" : 22,
            "9024" : 13,
            "9152" : 6,
            "9280" : 5,
            "9408" : 6,
            "9536" : 5,
            "9664" : 3,
            "9920" : 4,
            "10048" : 2,
            "10176" : 6,
            "10304" : 1,
            "10688" : 1,
            "10816" : 1,
            "11072" : 1,
            "11200" : 3,
            "11328" : 3,
            "11456" : 2,
            "11584" : 4,
            "11712" : 5,
            "11840" : 12,
            "11968" : 9,
            "12096" : 9,
            "12224" : 16,
            "12352" : 19,
            "12480" : 16,
            "12608" : 8,
            "12736" : 13,
            "12864" : 6,
            "12992" : 2,
            "13120" : 3,
            "13248" : 8,
            "13376" : 2,
            "13504" : 4,
            "13632" : 3,
            "13760" : 1,
            "13888" : 4,
            "14016" : 2,
            "14144" : 2,
            "14272" : 3,
            "14400" : 3,
            "14528" : 2,
            "14656" : 1,
            "14784" : 6,
            "14912" : 5,
            "15040" : 3,
            "15168" : 6,
            "15296" : 5,
            "15424" : 6,
            "15552" : 3,
            "15680" : 1,
            "15936" : 1,
            "16192" : 1,
            "17024" : 1,
            "17792" : 2,
            "18560" : 1,
            "18816" : 2,
            "19072" : 2,
            "19584" : 3,
            "19840" : 2,
            "20352" : 1,
            "20608" : 1,
            "20864" : 2,
            "21120" : 2,
            "21376" : 1,
            "21888" : 7,
            "22144" : 3,
            "22400" : 2,
            "22656" : 2,
            "23680" : 1,
            "23936" : 1,
            "26240" : 1,
            "29056" : 1,
            "39168" : 1,
            "47872" : 1,
            "48384" : 1,
            "49920" : 1,
            "50944" : 2,
            "51456" : 3,
            "51968" : 4,
            "52480" : 1,
            "52992" : 3,
            "53504" : 2,
            "54016" : 2,
            "54528" : 1,
            "55040" : 2,
            "55552" : 1,
            "56064" : 3,
            "56576" : 3,
            "57088" : 4,
            "57600" : 4,
            "58112" : 6,
            "58624" : 8,
            "59136" : 5,
            "59648" : 2,
            "60160" : 2,
            "60672" : 4,
            "61184" : 1,
            "62208" : 5,
            "62720" : 2,
            "63232" : 4,
            "63744" : 33,
            "64256" : 350,
            "64768" : 1208,
            "65280" : 3147,
            "66048" : 16544,
            "67072" : 16474,
            "68096" : 9216,
            "69120" : 2391,
            "70144" : 595,
            "71168" : 615,
            "72192" : 557,
            "73216" : 448,
            "74240" : 222,
            "75264" : 98,
            "76288" : 51,
            "77312" : 22,
            "78336" : 22,
            "79360" : 29,
            "80384" : 23,