{
  "fio version" : "fio-3.8",
  "timestamp" : 1536340050,
  "timestamp_ms" : 1536340050534,
  "time" : "Fri Sep  7 10:07:30 2018",
  "jobs" : [
    {
      "jobname" : "wdpc",
      "groupid" : 0,
      "error" : 0,
      "eta" : 0,
      "elapsed" : 61,
      "job options" : {
        "ioengine" : "libaio",
        "group_reporting" : "1",
        "direct" : "1",
        "rw" : "readwrite",
        "bs" : "4KB",
        "numjobs" : "1",
        "iodepth" : "1",
        "size" : "75%",
        "name" : "wdpc",
        "random_distribution" : "random",
        "random_generator" : "tausworthe",
        "allrandrepeat" : "1",
        "randseed" : "101",
        "rwmixread" : "0",
        "time_based" : "1",
        "runtime" : "60s",
        "filename" : "/dev/sda"
      },
      "read" : {
        "io_bytes" : 0,
        "io_kbytes" : 0,
        "bw_bytes" : 0,
        "bw" : 0,
        "iops" : 0.000000,
        "runtime" : 0,
        "total_ios" : 0,
        "short_ios" : 0,
        "drop_ios" : 0,
        "slat_ns" : {
          "min" : 0,
          "max" : 0,
          "mean" : 0.000000,
          "stddev" : 0.000000
        },
        "clat_ns" : {
          "min" : 0,
          "max" : 0,
          "mean" : 0.000000,
          "stddev" : 0.000000,
          "percentile" : {
            "1.000000" : 0,
            "5.000000" : 0,
            "10.000000" : 0,
            "20.000000" : 0,
            "30.000000" : 0,
            "40.000000" : 0,
            "50.000000" : 0,
            "60.000000" : 0,
            "70.000000" : 0,
            "80.000000" : 0,
            "90.000000" : 0,
            "95.000000" : 0,
            "99.000000" : 0,
            "99.500000" : 0,
            "99.900000" : 0,
            "99.950000" : 0,
            "99.990000" : 0
          },
          "bins" : {

          }
        },
        "lat_ns" : {
          "min" : 0,
          "max" : 0,
          "mean" : 0.000000,
          "stddev" : 0.000000
        },
        "bw_min" : 0,
        "bw_max" : 0,
        "bw_agg" : 0.000000,
        "bw_mean" : 0.000000,
        "bw_dev" : 0.000000,
        "bw_samples" : 0,
        "iops_min" : 0,
        "iops_max" : 0,
        "iops_mean" : 0.000000,
        "iops_stddev" : 0.000000,
        "iops_samples" : 0
      },
      "write" : {
        "io_bytes" : 2063708160,
        "io_kbytes" : 2015340,
        "bw_bytes" : 34394562,
        "bw" : 33588,
        "iops" : 8397.110048,
        "runtime" : 60001,
        "total_ios" : 503835,
        "short_ios" : 0,
        "drop_ios" : 0,
        "slat_ns" : {
          "min" : 8377,
          "max" : 1439138,
          "mean" : 17647.319599,
          "stddev" : 19593.674173
        },
        "clat_ns" : {
          "min" : 1468,
          "max" : 13055078,
          "mean" : 98739.901557,
          "stddev" : 56511.764378,
          "percentile" : {
            "1.000000" : 66048,
            "5.000000" : 67072,
            "10.000000" : 68096,
            "20.000000" : 99840,
            "30.000000" : 100864,
            "40.000000" : 101888,
            "50.000000" : 101888,
            "60.000000" : 101888,
            "70.000000" : 102912,
            "80.000000" : 103936,
            "90.000000" : 104960,
            "95.000000" : 105984,
            "99.000000" : 109056,
            "99.500000" : 114176,
            "99.900000" : 415744,
            "99.950000" : 444416,
            "99.990000" : 700416
          },
          "bins" : {
            "1464" : 1,
            "1576" : 1,
            "1592" : 1,
            "1640" : 3,
            "1656" : 2,
            "1672" : 5,
            "1688" : 6,
            "1704" : 7,
            "1720" : 5,
            "1736" : 3,
            "1752" : 11,
            "1768" : 8,
            "1784" : 6,
            "1800" : 6,
            "1816" : 9,
            "1832" : 9,
            "1848" : 4,
            "1864" : 5,
            "1880" : 4,
            "1896" : 3,
            "1912" : 4,
            "1928" : 8,
            "1944" : 2,
            "1960" : 2,
            "1976" : 1,
            "1992" : 1,
            "2008" : 2,
            "2024" : 1,
            "2096" : 1,
            "2256" : 1,
            "2288" : 1,
            "2512" : 1,
            "2544" : 1,
            "4448" : 1,
            "4576" : 1,
            "7328" : 3,
            "7392" : 2,
            "7456" : 1,
            "7520" : 1,
            "7584" : 5,
            "7648" : 5,
            "7712" : 7,
            "7776" : 6,
            "7840" : 15,
            "7904" : 8,
            "7968" : 12,
            "8032" : 13,
            "8096" : 18,
            "8160" : 14,
            "8256" : 36,
            "8384" : 28,
            "8512" : 30,
            "8640" : 26,
            "8768" : 22,
            "8896" : 16,
            "9024" : 9,
            "9152" : 15,
            "9280" : 8,
            "9408" : 6,
            "9536" : 2,
            "9664" : 3,
            "9792" : 3,
            "9920" : 3,
            "10048" : 3,
            "10304" : 2,
            "10432" : 1,
            "10560" : 1,
            "10688" : 1,
            "10944" : 4,
            "11072" : 5,
            "11200" : 4,
            "11328" : 10,
            "11456" : 10,
            "11584" : 6,
            "11712" : 16,
            "11840" : 12,
            "11968" : 12,
            "12096" : 12,
            "12224" : 18,
            "12352" : 11,
            "12480" : 12,
            "12608" : 6,
            "12736" : 5,
            "12864" : 4,
            "13120" : 4,
            "13248" : 1,
            "13376" : 1,
            "13504" : 2,
            "13632" : 3,
            "13888" : 3,
            "14016" : 1,
            "14144" : 4,
            "14272" : 2,
            "14400" : 7,
            "14528" : 2,
            "14656" : 6,
            "14784" : 5,
            "14912" : 3,
            "15040" : 2,
            "15168" : 5,
            "15296" : 6,
            "15424" : 3,
            "15552" : 3,
            "15680" : 3,
            "15808" : 3,
            "15936" : 1,
            "16064" : 2,
            "16320" : 1,
            "16512" : 1,
            "16768" : 4,
            "17024" : 3,
            "17280" : 2,
            "17536" : 1,
            "17792" : 5,
            "18048" : 3,
            "18304" : 4,
            "18560" : 2,
            "19072" : 2,
            "19328" : 1,
            "19584" : 4,
            "19840" : 2,
            "20096" : 2,
            "20352" : 2,
            "20608" : 2,
            "20864" : 1,
            "21120" : 1,
            "21632" : 1,
            "22656" : 1,
            "22912" : 5,
            "23168" : 2,
            "23424" : 3,
            "23936" : 1,
            "24192" : 1,
            "24704" : 1,
            "25728" : 1,
            "25984" : 1,
            "27008" : 1,
            "27776" : 1,
            "40704" : 1,
            "41728" : 1,
            "46336" : 1,
            "46848" : 1,
            "47360" : 1,
            "47872" : 3,
            "48384" : 1,
            "49920" : 8,
            "50432" : 6,
            "50944" : 3,
            "51456" : 2,
            "51968" : 2,
            "52480" : 2,
            "53504" : 3,
            "54016" : 2,
            "54528" : 3,
            "55040" : 4,
            "55552" : 4,
            "56064" : 5,
            "56576" : 3,
            "57088" : 3,
            "57600" : 2,
            "58112" : 3,
            "58624" : 4,
            "59136" : 2,
            "59648" : 4,
            "60160" : 4,
            "61184" : 3,
            "61696" : 2,
            "62208" : 3,
            "62720" : 5,
            "63232" : 18,
            "63744" : 39,
            "64256" : 247,
            "64768" : 969,
            "65280" : 2496,
            "66048" : 14168,
            "67072" : 23070,
            "68096" : 24054,
            "69120" : 2774,
            "70144" : 1003,
            "71168" : 902,
            "72192" : 843,