{
  "fio version" : "fio-3.8",
  "timestamp" : 1536340742,
  "timestamp_ms" : 1536340742953,
  "time" : "Fri Sep  7 10:19:02 2018",
  "jobs" : [
    {
      "jobname" : "wdpc",
      "groupid" : 0,
      "error" : 0,
      "eta" : 0,
      "elapsed" : 61,
      "job options" : {
        "ioengine" : "libaio",
        "group_reporting" : "1",
        "direct" : "1",
        "rw" : "readwrite",
        "bs" : "4KB",
        "numjobs" : "1",
        "iodepth" : "1",
        "size" : "75%",
        "name" : "wdpc",
        "random_distribution" : "random",
        "random_generator" : "tausworthe",
        "allrandrepeat" : "1",
        "randseed" : "101",
        "rwmixread" : "0",
        "time_based" : "1",
        "runtime" : "60s",
        "filename" : "/dev/sda"
      },
      "read" : {
        "io_bytes" : 0,
        "io_kbytes" : 0,
        "bw_bytes" : 0,
        "bw" : 0,
        "iops" : 0.000000,
        "runtime" : 0,
        "total_ios" : 0,
        "short_ios" : 0,
        "drop_ios" : 0,
        "slat_ns" : {
          "min" : 0,
          "max" : 0,
          "mean" : 0.000000,
          "stddev" : 0.000000
        },
        "clat_ns" : {
          "min" : 0,
          "max" : 0,
          "mean" : 0.000000,
          "stddev" : 0.000000,
          "percentile" : {
            "1.000000" : 0,
            "5.000000" : 0,
            "10.000000" : 0,
            "20.000000" : 0,
            "30.000000" : 0,
            "40.000000" : 0,
            "50.000000" : 0,
            "60.000000" : 0,
            "70.000000" : 0,
            "80.000000" : 0,
            "90.000000" : 0,
            "95.000000" : 0,
            "99.000000" : 0,
            "99.500000" : 0,
            "99.900000" : 0,
            "99.950000" : 0,
            "99.990000" : 0
          },
          "bins" : {

          }
        },
        "lat_ns" : {
          "min" : 0,
          "max" : 0,
          "mean" : 0.000000,
          "stddev" : 0.000000
        },
        "bw_min" : 0,
        "bw_max" : 0,
        "bw_agg" : 0.000000,
        "bw_mean" : 0.000000,
        "bw_dev" : 0.000000,
        "bw_samples" : 0,
        "iops_min" : 0,
        "iops_max" : 0,
        "iops_mean" : 0.000000,
        "iops_stddev" : 0.000000,
        "iops_samples" : 0
      },
      "write" : {
        "io_bytes" : 2034221056,
        "io_kbytes" : 1986544,
        "bw_bytes" : 33903119,
        "bw" : 33108,
        "iops" : 8277.128715,
        "runtime" : 60001,
        "total_ios" : 496636,
        "short_ios" : 0,
        "drop_ios" : 0,
        "slat_ns" : {
          "min" : 9431,
          "max" : 1176315,
          "mean" : 18017.585902,
          "stddev" : 19261.512417
        },
        "clat_ns" : {
          "min" : 1449,
          "max" : 12943291,
          "mean" : 100049.628285,
          "stddev" : 55993.301495,
          "percentile" : {
            "1.000000" : 65280,
            "5.000000" : 67072,
            "10.000000" : 72192,
            "20.000000" : 100864,
            "30.000000" : 100864,
            "40.000000" : 101888,
            "50.000000" : 101888,
            "60.000000" : 102912,
            "70.000000" : 102912,
            "80.000000" : 103936,
            "90.000000" : 104960,
            "95.000000" : 105984,
            "99.000000" : 109056,
            "99.500000" : 111104,
            "99.900000" : 411648,
            "99.950000" : 440320,
            "99.990000" : 700416
          },
          "bins" : {
            "1448" : 1,
            "1592" : 1,
            "1656" : 1,
            "1672" : 2,
            "1688" : 2,
            "1704" : 2,
            "1720" : 3,
            "1736" : 3,
            "1752" : 2,
            "1768" : 4,
            "1784" : 1,
            "1800" : 5,
            "1816" : 6,
            "1832" : 8,
            "1848" : 10,
            "1864" : 4,
            "1880" : 8,
            "1896" : 6,
            "1912" : 7,
            "1928" : 3,
            "1944" : 2,
            "1960" : 4,
            "1976" : 3,
            "1992" : 2,
            "2008" : 2,
            "2024" : 5,
            "2040" : 3,
            "2064" : 6,
            "2096" : 4,
            "2256" : 1,
            "2288" : 1,
            "2320" : 1,
            "2384" : 1,
            "2512" : 2,
            "4448" : 1,
            "4704" : 1,
            "4832" : 1,
            "7264" : 1,
            "7456" : 2,
            "7520" : 4,
            "7584" : 2,
            "7648" : 6,
            "7712" : 3,
            "7776" : 8,
            "7840" : 10,
            "7904" : 12,
            "7968" : 11,
            "8032" : 21,
            "8096" : 13,
            "8160" : 15,
            "8256" : 39,
            "8384" : 37,
            "8512" : 36,
            "8640" : 30,
            "8768" : 27,
            "8896" : 22,
            "9024" : 11,
            "9152" : 4,
            "9280" : 3,
            "9408" : 3,
            "9536" : 3,
            "9664" : 2,
            "9792" : 1,
            "10048" : 2,
            "10176" : 2,
            "10304" : 1,
            "10432" : 3,
            "10560" : 1,
            "10944" : 2,
            "11072" : 3,
            "11200" : 2,
            "11328" : 6,
            "11456" : 10,
            "11584" : 11,
            "11712" : 14,
            "11840" : 6,
            "11968" : 15,
            "12096" : 8,
            "12224" : 17,
            "12352" : 14,
            "12480" : 8,
            "12608" : 9,
            "12736" : 2,
            "12864" : 4,
            "12992" : 4,
            "13120" : 3,
            "13248" : 3,
            "13376" : 2,
            "13760" : 2,
            "14016" : 2,
            "14144" : 3,
            "14272" : 2,
            "14400" : 4,
            "14528" : 2,
            "14656" : 6,
            "14784" : 4,
            "14912" : 6,
            "15040" : 7,
            "15168" : 4,
            "15296" : 7,
            "15424" : 4,
            "15552" : 4,
            "15680" : 2,
            "15808" : 4,
            "15936" : 2,
            "17024" : 1,
            "17280" : 4,
            "17792" : 3,
            "18048" : 2,
            "18304" : 2,
            "18560" : 2,
            "18816" : 2,
            "19072" : 2,
            "19328" : 4,
            "19584" : 3,
            "20096" : 2,
            "20352" : 5,
            "20864" : 1,
            "21120" : 1,
            "21376" : 2,
            "21632" : 1,
            "22656" : 3,
            "23168" : 1,
            "23680" : 1,
            "23936" : 2,
            "24192" : 1,
            "24960" : 1,
            "36096" : 1,
            "41728" : 1,
            "45312" : 1,
            "48384" : 4,
            "49408" : 2,
            "49920" : 1,
            "50432" : 4,
            "50944" : 2,
            "51456" : 2,
            "51968" : 1,
            "52992" : 2,
            "53504" : 1,
            "54016" : 2,
            "54528" : 1,
            "55040" : 4,
            "55552" : 3,
            "56064" : 1,
            "56576" : 4,
            "57088" : 3,
            "57600" : 12,
            "58112" : 8,
            "58624" : 6,
            "59136" : 7,
            "59648" : 6,
            "60160" : 3,
            "60672" : 1,
            "61184" : 2,
            "61696" : 1,
            "62208" : 3,
            "62720" : 3,
            "63232" : 8,
            "63744" : 55,
            "64256" : 374,
            "64768" : 1401,
            "65280" : 3515,
            "66048" : 16562,
            "67072" : 16802,
            "68096" : 7266,
            "69120" : 1794,
            "70144" : 518,
            "71168" : 403,
            "72192" : 280,
            "73216" : 209,
            "74240" : 164,
            "75264" : 108,
            "76288" : 64,
            "77312" : 19,
            "78336" : 28,
            "79360" : 18,
            "80384" : 10,
            "81408" : 13,
            "82432" : 14,
            "83456" : 23,