{
  "fio version" : "fio-3.8",
  "timestamp" : 1536340931,
  "timestamp_ms" : 1536340931814,
  "time" : "Fri Sep  7 10:22:11 2018",
  "jobs" : [
    {
      "jobname" : "wdpc",
      "groupid" : 0,
      "error" : 0,
      "eta" : 0,
      "elapsed" : 61,
      "job options" : {
        "ioengine" : "libaio",
        "group_reporting" : "1",
        "direct" : "1",
        "rw" : "readwrite",
        "bs" : "4KB",
        "numjobs" : "1",
        "iodepth" : "1",
        "size" : "75%",
        "name" : "wdpc",
        "random_distribution" : "random",
        "random_generator" : "tausworthe",
        "allrandrepeat" : "1",
        "randseed" : "101",
        "rwmixread" : "0",
        "time_based" : "1",
        "runtime" : "60s",
        "filename" : "/dev/sda"
      },
      "read" : {
        "io_bytes" : 0,
        "io_kbytes" : 0,
        "bw_bytes" : 0,
        "bw" : 0,
        "iops" : 0.000000,
        "runtime" : 0,
        "total_ios" : 0,
        "short_ios" : 0,
        "drop_ios" : 0,
        "slat_ns" : {
          "min" : 0,
          "max" : 0,
          "mean" : 0.000000,
          "stddev" : 0.000000
        },
        "clat_ns" : {
          "min" : 0,
          "max" : 0,
          "mean" : 0.000000,
          "stddev" : 0.000000,
          "percentile" : {
            "1.000000" : 0,
            "5.000000" : 0,
            "10.000000" : 0,
            "20.000000" : 0,
            "30.000000" : 0,
            "40.000000" : 0,
            "50.000000" : 0,
            "60.000000" : 0,
            "70.000000" : 0,
            "80.000000" : 0,
            "90.000000" : 0,
            "95.000000" : 0,
            "99.000000" : 0,
            "99.500000" : 0,
            "99.900000" : 0,
            "99.950000" : 0,
            "99.990000" : 0
          },
          "bins" : {

          }
        },
        "lat_ns" : {
          "min" : 0,
          "max" : 0,
          "mean" : 0.000000,
          "stddev" : 0.000000
        },
        "bw_min" : 0,
        "bw_max" : 0,
        "bw_agg" : 0.000000,
        "bw_mean" : 0.000000,
        "bw_dev" : 0.000000,
        "bw_samples" : 0,
        "iops_min" : 0,
        "iops_max" : 0,
        "iops_mean" : 0.000000,
        "iops_stddev" : 0.000000,
        "iops_samples" : 0
      },
      "write" : {
        "io_bytes" : 2955784192,
        "io_kbytes" : 2886508,
        "bw_bytes" : 49262248,
        "bw" : 48107,
        "iops" : 12026.916218,
        "runtime" : 60001,
        "total_ios" : 721627,
        "short_ios" : 0,
        "drop_ios" : 0,
        "slat_ns" : {
          "min" : 6487,
          "max" : 1697622,
          "mean" : 11088.297684,
          "stddev" : 17191.631213
        },
        "clat_ns" : {
          "min" : 1243,
          "max" : 12944206,
          "mean" : 69720.149999,
          "stddev" : 56512.225745,
          "percentile" : {
            "1.000000" : 66048,
            "5.000000" : 67072,
            "10.000000" : 67072,
            "20.000000" : 68096,
            "30.000000" : 68096,
            "40.000000" : 68096,
            "50.000000" : 68096,
            "60.000000" : 68096,
            "70.000000" : 68096,
            "80.000000" : 68096,
            "90.000000" : 68096,
            "95.000000" : 69120,
            "99.000000" : 104960,
            "99.500000" : 107008,
            "99.900000" : 387072,
            "99.950000" : 407552,
            "99.990000" : 667648
          },
          "bins" : {
            "1240" : 1,
            "1544" : 1,
            "1576" : 2,
            "1592" : 3,
            "1608" : 3,
            "1624" : 8,
            "1640" : 8,
            "1656" : 16,
            "1672" : 30,
            "1688" : 28,
            "1704" : 48,
            "1720" : 58,
            "1736" : 67,
            "1752" : 52,
            "1768" : 37,
            "1784" : 35,
            "1800" : 36,
            "1816" : 35,
            "1832" : 18,
            "1848" : 21,
            "1864" : 10,
            "1880" : 5,
            "1896" : 6,
            "1912" : 4,
            "1928" : 5,
            "1944" : 2,
            "1960" : 4,
            "1976" : 1,
            "1992" : 4,
            "2008" : 4,
            "2024" : 3,
            "2040" : 2,
            "2064" : 5,
            "2096" : 5,
            "2128" : 4,
            "2160" : 2,
            "2192" : 1,
            "2224" : 2,
            "2256" : 4,
            "2288" : 3,
            "2320" : 3,
            "2384" : 3,
            "2448" : 1,
            "2512" : 1,
            "2896" : 1,
            "2960" : 1,
            "3088" : 1,
            "4320" : 2,
            "4384" : 1,
            "6880" : 1,
            "6944" : 2,
            "7008" : 1,
            "7072" : 1,
            "7200" : 1,
            "7264" : 2,
            "7392" : 1,
            "7456" : 2,
            "7520" : 3,
            "7776" : 1,
            "7840" : 4,
            "7904" : 3,
            "7968" : 1,
            "8256" : 2,
            "8384" : 1,
            "8512" : 1,
            "8896" : 1,
            "9024" : 2,
            "9152" : 1,
            "9408" : 1,
            "9536" : 2,
            "9664" : 1,
            "9920" : 4,
            "10048" : 8,
            "10176" : 3,
            "10432" : 2,
            "10560" : 2,
            "10688" : 1,
            "10816" : 2,
            "11200" : 1,
            "11968" : 1,
            "12096" : 1,
            "13632" : 1,
            "17792" : 1,
            "21376" : 1,
            "40192" : 1,
            "42240" : 2,
            "42752" : 1,
            "43264" : 2,
            "43776" : 1,
            "44288" : 1,
            "45312" : 3,
            "45824" : 6,
            "46336" : 8,
            "46848" : 6,
            "47360" : 19,
            "47872" : 25,
            "48384" : 7,
            "48896" : 1,
            "49408" : 1,
            "50432" : 3,
            "51456" : 2,
            "51968" : 1,
            "53504" : 25,
            "54016" : 26,
            "54528" : 37,
            "55040" : 21,
            "55552" : 24,
            "56064" : 13,
            "56576" : 7,
            "57088" : 8,
            "57600" : 6,
            "58112" : 15,
            "58624" : 19,
            "59136" : 22,
            "59648" : 13,
            "60160" : 18,
            "60672" : 20,
            "61184" : 6,
            "61696" : 2,
            "62208" : 9,
            "62720" : 33,
            "63232" : 196,
            "63744" : 541,
            "64256" : 473,
            "64768" : 587,
            "65280" : 1013,
            "66048" : 6627,
            "67072" : 106910,
            "68096" : 553134,
            "69120" : 25605,
            "70144" : 1488,
            "71168" : 2575,
            "72192" : 2639,
            "73216" : 311,
            "74240" : 172,
            "75264" : 198,
            "76288" : 150,
            "77312" : 99,
            "78336" : 47,
            "79360" : 37,
            "80384" : 39,
            "81408" : 51,
            "82432" : 41,
            "83456" : 32,
            "84480" : 17,
            "85504" : 9,
            "86528" : 71,
            "87552" : 14,
            "88576" : 3,
            "89600" : 1,
            "90624" : 4,
            "91648" : 10,
            "92672" : 54,
            "93696" : 59,
            "94720" : 87,
            "95744" : 856,
            "96768" : 2568,
            "97792" : 1282,
            "98816" : 648,
            "99840" : 504,
            "100864" : 455,
            "101888" : 555,
            "102912" : 2044,
            "103936" : 1077,
            "104960" : 957,
            "105984" : 1026,
            "107008" : 2663,
            "108032" : 476,
            "109056" : 43,
            "110080" : 30,
            "111104" : 18,
            "112128" : 6,
            "113152" : 6,
            "114176" : 4,
            "115200" : 2,
            "116224" : 1,
            "117248" : 5,
            "119296" : 2,