{
  "fio version" : "fio-3.8",
  "timestamp" : 1536340176,
  "timestamp_ms" : 1536340176439,
  "time" : "Fri Sep  7 10:09:36 2018",
  "jobs" : [
    {
      "jobname" : "wdpc",
      "groupid" : 0,
      "error" : 0,
      "eta" : 0,
      "elapsed" : 61,
      "job options" : {
        "ioengine" : "libaio",
        "group_reporting" : "1",
        "direct" : "1",
        "rw" : "readwrite",
        "bs" : "4KB",
        "numjobs" : "1",
        "iodepth" : "1",
        "size" : "75%",
        "name" : "wdpc",
        "random_distribution" : "random",
        "random_generator" : "tausworthe",
        "allrandrepeat" : "1",
        "randseed" : "101",
        "rwmixread" : "0",
        "time_based" : "1",
        "runtime" : "60s",
        "filename" : "/dev/sda"
      },
      "read" : {
        "io_bytes" : 0,
        "io_kbytes" : 0,
        "bw_bytes" : 0,
        "bw" : 0,
        "iops" : 0.000000,
        "runtime" : 0,
        "total_ios" : 0,
        "short_ios" : 0,
        "drop_ios" : 0,
        "slat_ns" : {
          "min" : 0,
          "max" : 0,
          "mean" : 0.000000,
          "stddev" : 0.000000
        },
        "clat_ns" : {
          "min" : 0,
          "max" : 0,
          "mean" : 0.000000,
          "stddev" : 0.000000,
          "percentile" : {
            "1.000000" : 0,
            "5.000000" : 0,
            "10.000000" : 0,
            "20.000000" : 0,
            "30.000000" : 0,
            "40.000000" : 0,
            "50.000000" : 0,
            "60.000000" : 0,
            "70.000000" : 0,
            "80.000000" : 0,
            "90.000000" : 0,
            "95.000000" : 0,
            "99.000000" : 0,
            "99.500000" : 0,
            "99.900000" : 0,
            "99.950000" : 0,
            "99.990000" : 0
          },
          "bins" : {

          }
        },
        "lat_ns" : {
          "min" : 0,
          "max" : 0,
          "mean" : 0.000000,
          "stddev" : 0.000000
        },
        "bw_min" : 0,
        "bw_max" : 0,
        "bw_agg" : 0.000000,
        "bw_mean" : 0.000000,
        "bw_dev" : 0.000000,
        "bw_samples" : 0,
        "iops_min" : 0,
        "iops_max" : 0,
        "iops_mean" : 0.000000,
        "iops_stddev" : 0.000000,
        "iops_samples" : 0
      },
      "write" : {
        "io_bytes" : 2012835840,
        "io_kbytes" : 1965660,
        "bw_bytes" : 33546704,
        "bw" : 32760,
        "iops" : 8190.113498,
        "runtime" : 60001,
        "total_ios" : 491415,
        "short_ios" : 0,
        "drop_ios" : 0,
        "slat_ns" : {
          "min" : 10703,
          "max" : 1750766,
          "mean" : 18129.740376,
          "stddev" : 20612.191042
        },
        "clat_ns" : {
          "min" : 1703,
          "max" : 13017220,
          "mean" : 101243.620903,
          "stddev" : 56534.705411,
          "percentile" : {
            "1.000000" : 66048,
            "5.000000" : 67072,
            "10.000000" : 98816,
            "20.000000" : 100864,
            "30.000000" : 100864,
            "40.000000" : 101888,
            "50.000000" : 101888,
            "60.000000" : 102912,
            "70.000000" : 102912,
            "80.000000" : 103936,
            "90.000000" : 104960,
            "95.000000" : 105984,
            "99.000000" : 112128,
            "99.500000" : 119296,
            "99.900000" : 419840,
            "99.950000" : 448512,
            "99.990000" : 716800
          },
          "bins" : {
            "1704" : 2,
            "1720" : 4,
            "1752" : 5,
            "1768" : 5,
            "1784" : 7,
            "1800" : 10,
            "1816" : 11,
            "1832" : 4,
            "1848" : 5,
            "1864" : 7,
            "1880" : 5,
            "1896" : 9,
            "1912" : 4,
            "1928" : 6,
            "1944" : 2,
            "1960" : 4,
            "1976" : 1,
            "1992" : 1,
            "2024" : 1,
            "2040" : 3,
            "2064" : 1,
            "2096" : 1,
            "2128" : 1,
            "2224" : 1,
            "2288" : 1,
            "2352" : 1,
            "6880" : 1,
            "7008" : 1,
            "7264" : 1,
            "7392" : 1,
            "7456" : 1,
            "7584" : 1,
            "7648" : 2,
            "7712" : 5,
            "7776" : 5,
            "7840" : 2,
            "7904" : 6,
            "7968" : 7,
            "8032" : 11,
            "8096" : 14,
            "8160" : 17,
            "8256" : 39,
            "8384" : 35,
            "8512" : 45,
            "8640" : 25,
            "8768" : 36,
            "8896" : 31,
            "9024" : 14,
            "9152" : 9,
            "9280" : 5,
            "9408" : 4,
            "9536" : 9,
            "9664" : 2,
            "9792" : 4,
            "9920" : 2,
            "10048" : 4,
            "10176" : 3,
            "10304" : 2,
            "10432" : 2,
            "10560" : 1,
            "10816" : 2,
            "10944" : 1,
            "11200" : 3,
            "11328" : 5,
            "11456" : 7,
            "11584" : 17,
            "11712" : 13,
            "11840" : 10,
            "11968" : 22,
            "12096" : 20,
            "12224" : 15,
            "12352" : 12,
            "12480" : 16,
            "12608" : 9,
            "12736" : 3,
            "12864" : 5,
            "12992" : 6,
            "13120" : 7,
            "13504" : 1,
            "13632" : 3,
            "13760" : 2,
            "13888" : 1,
            "14016" : 1,
            "14144" : 4,
            "14272" : 5,
            "14400" : 6,
            "14528" : 4,
            "14656" : 2,
            "14784" : 7,
            "14912" : 6,
            "15040" : 5,
            "15168" : 3,
            "15296" : 5,
            "15424" : 4,
            "15552" : 4,
            "15680" : 3,
            "15808" : 2,
            "16192" : 1,
            "16768" : 4,
            "18304" : 1,
            "18560" : 1,
            "18816" : 1,
            "19328" : 3,
            "19584" : 3,
            "19840" : 2,
            "20352" : 3,
            "20608" : 3,
            "20864" : 1,
            "21120" : 1,
            "21888" : 3,
            "22144" : 1,
            "22400" : 1,
            "22656" : 1,
            "22912" : 2,
            "23680" : 1,
            "23936" : 2,
            "24192" : 1,
            "26496" : 1,
            "29056" : 1,
            "31104" : 1,
            "36608" : 1,
            "46336" : 1,
            "48384" : 1,
            "49920" : 1,
            "50944" : 3,
            "51456" : 1,
            "51968" : 2,
            "52480" : 2,
            "52992" : 2,
            "53504" : 1,
            "55040" : 1,
            "55552" : 2,
            "56064" : 3,
            "56576" : 2,
            "57088" : 4,
            "57600" : 4,
            "58112" : 2,
            "58624" : 3,
            "59136" : 2,
            "59648" : 3,
            "60160" : 2,
            "60672" : 1,
            "61184" : 1,
            "62208" : 1,
            "62720" : 3,
            "63744" : 16,
            "64256" : 124,
            "64768" : 513,
            "65280" : 1712,
            "66048" : 11851,
            "67072" : 11598,
            "68096" : 4803,
            "69120" : 1746,
            "70144" : 633,
            "71168" : 723,
            "72192" : 670,
            "73216" : 539,
            "74240" : 290,
            "75264" : 154,
            "76288" : 65,
            "77312" : 24,
            "78336" : 26,
            "79360" : 36,
            "80384" : 24,
            "81408" : 22,
            "82432" : 23,
            "83456" : 38,
            "84480" : 47,
            "85504" : 52,
            "86528" : 64,
            "87552" : 31,
            "88576" : 23,
            "89600" : 40,
            "90624" : 31,
            "91648" : 28,
            "92672" : 73,
            "93696" : 248,
            "94720" : 290,
            "95744" : 242,