{
  "fio version" : "fio-3.8",
  "timestamp" : 1536339588,
  "timestamp_ms" : 1536339588858,
  "time" : "Fri Sep  7 09:59:48 2018",
  "jobs" : [
    {
      "jobname" : "wdpc",
      "groupid" : 0,
      "error" : 0,
      "eta" : 0,
      "elapsed" : 61,
      "job options" : {
        "ioengine" : "libaio",
        "group_reporting" : "1",
        "direct" : "1",
        "rw" : "readwrite",
        "bs" : "512B",
        "numjobs" : "1",
        "iodepth" : "1",
        "size" : "75%",
        "name" : "wdpc",
        "random_distribution" : "random",
        "random_generator" : "tausworthe",
        "allrandrepeat" : "1",
        "randseed" : "101",
        "rwmixread" : "0",
        "time_based" : "1",
        "runtime" : "60s",
        "filename" : "/dev/sda"
      },
      "read" : {
        "io_bytes" : 0,
        "io_kbytes" : 0,
        "bw_bytes" : 0,
        "bw" : 0,
        "iops" : 0.000000,
        "runtime" : 0,
        "total_ios" : 0,
        "short_ios" : 0,
        "drop_ios" : 0,
        "slat_ns" : {
          "min" : 0,
          "max" : 0,
          "mean" : 0.000000,
          "stddev" : 0.000000
        },
        "clat_ns" : {
          "min" : 0,
          "max" : 0,
          "mean" : 0.000000,
          "stddev" : 0.000000,
          "percentile" : {
            "1.000000" : 0,
            "5.000000" : 0,
            "10.000000" : 0,
            "20.000000" : 0,
            "30.000000" : 0,
            "40.000000" : 0,
            "50.000000" : 0,
            "60.000000" : 0,
            "70.000000" : 0,
            "80.000000" : 0,
            "90.000000" : 0,
            "95.000000" : 0,
            "99.000000" : 0,
            "99.500000" : 0,
            "99.900000" : 0,
            "99.950000" : 0,
            "99.990000" : 0
          },
          "bins" : {

          }
        },
        "lat_ns" : {
          "min" : 0,
          "max" : 0,
          "mean" : 0.000000,
          "stddev" : 0.000000
        },
        "bw_min" : 0,
        "bw_max" : 0,
        "bw_agg" : 0.000000,
        "bw_mean" : 0.000000,
        "bw_dev" : 0.000000,
        "bw_samples" : 0,
        "iops_min" : 0,
        "iops_max" : 0,
        "iops_mean" : 0.000000,
        "iops_stddev" : 0.000000,
        "iops_samples" : 0
      },
      "write" : {
        "io_bytes" : 373821952,
        "io_kbytes" : 365060,
        "bw_bytes" : 6230262,
        "bw" : 6084,
        "iops" : 12168.480525,
        "runtime" : 60001,
        "total_ios" : 730121,
        "short_ios" : 0,
        "drop_ios" : 0,
        "slat_ns" : {
          "min" : 11206,
          "max" : 1423844,
          "mean" : 14179.439370,
          "stddev" : 17406.751507
        },
        "clat_ns" : {
          "min" : 1538,
          "max" : 13100495,
          "mean" : 65768.670845,
          "stddev" : 50226.568677,
          "percentile" : {
            "1.000000" : 61696,
            "5.000000" : 63744,
            "10.000000" : 64256,
            "20.000000" : 64256,
            "30.000000" : 64768,
            "40.000000" : 64768,
            "50.000000" : 64768,
            "60.000000" : 65280,
            "70.000000" : 65280,
            "80.000000" : 65280,
            "90.000000" : 66048,
            "95.000000" : 66048,
            "99.000000" : 68096,
            "99.500000" : 74240,
            "99.900000" : 362496,
            "99.950000" : 374784,
            "99.990000" : 651264
          },
          "bins" : {
            "1544" : 1,
            "1560" : 1,
            "1576" : 1,
            "1640" : 1,
            "1656" : 2,
            "1672" : 4,
            "1688" : 3,
            "1704" : 2,
            "1720" : 1,
            "1736" : 3,
            "1752" : 4,
            "1768" : 5,
            "1784" : 6,
            "1800" : 6,
            "1816" : 4,
            "1832" : 6,
            "1848" : 3,
            "1864" : 2,
            "1880" : 2,
            "1896" : 2,
            "1912" : 4,
            "1944" : 5,
            "1960" : 1,
            "2008" : 2,
            "2024" : 1,
            "2064" : 1,
            "2160" : 1,
            "2224" : 1,
            "2288" : 2,
            "2320" : 1,
            "2448" : 1,
            "4640" : 1,
            "4704" : 1,
            "4768" : 1,
            "6880" : 1,
            "7072" : 1,
            "7200" : 1,
            "7264" : 3,
            "7328" : 3,
            "7392" : 2,
            "7456" : 7,
            "7520" : 5,
            "7584" : 15,
            "7648" : 17,
            "7712" : 15,
            "7776" : 26,
            "7840" : 22,
            "7904" : 18,
            "7968" : 18,
            "8032" : 16,
            "8096" : 14,
            "8160" : 11,
            "8256" : 37,
            "8384" : 21,
            "8512" : 9,
            "8640" : 5,
            "8768" : 11,
            "8896" : 10,
            "9024" : 2,
            "9152" : 1,
            "9280" : 4,
            "9408" : 3,
            "9536" : 2,
            "9664" : 2,
            "9792" : 2,
            "9920" : 1,
            "10048" : 1,
            "10176" : 3,
            "10304" : 3,
            "10432" : 2,
            "10560" : 1,
            "10688" : 3,
            "10816" : 6,
            "10944" : 5,
            "11072" : 7,
            "11200" : 29,
            "11328" : 64,
            "11456" : 77,
            "11584" : 48,
            "11712" : 20,
            "11840" : 14,
            "11968" : 19,
            "12096" : 12,
            "12224" : 12,
            "12352" : 11,
            "12480" : 1,
            "12608" : 5,
            "12864" : 3,
            "12992" : 4,
            "13120" : 3,
            "13248" : 2,
            "13376" : 2,
            "13504" : 4,
            "13632" : 2,
            "13760" : 5,
            "13888" : 11,
            "14016" : 31,
            "14144" : 35,
            "14272" : 44,
            "14400" : 20,
            "14528" : 25,
            "14656" : 20,
            "14784" : 6,
            "14912" : 4,
            "15040" : 6,
            "15168" : 4,
            "15296" : 8,
            "15424" : 2,
            "15680" : 2,
            "15808" : 1,
            "15936" : 3,
            "16064" : 1,
            "16192" : 2,
            "16512" : 7,
            "16768" : 21,
            "17024" : 14,
            "17280" : 6,
            "17536" : 1,
            "17792" : 6,
            "18048" : 7,
            "18304" : 6,
            "18560" : 7,
            "19072" : 4,
            "19328" : 4,
            "19584" : 3,
            "19840" : 2,
            "20352" : 2,
            "20608" : 2,
            "20864" : 4,
            "21120" : 3,
            "21376" : 2,
            "21632" : 3,
            "22656" : 2,
            "22912" : 1,
            "23168" : 1,
            "24448" : 1,
            "24704" : 1,
            "36096" : 1,
            "37120" : 1,
            "38656" : 1,
            "40704" : 2,
            "41216" : 1,
            "41728" : 1,
            "42752" : 1,
            "44288" : 1,
            "45312" : 1,
            "46848" : 2,
            "47360" : 6,
            "47872" : 8,
            "48384" : 14,
            "48896" : 31,
            "49408" : 38,
            "49920" : 75,
            "50432" : 91,
            "50944" : 84,
            "51456" : 73,
            "51968" : 57,
            "52480" : 33,
            "52992" : 14,
            "53504" : 10,
            "54016" : 5,
            "54528" : 4,
            "55040" : 10,
            "55552" : 14,
            "56064" : 61,
            "56576" : 81,
            "57088" : 59,
            "57600" : 40,
            "58112" : 21,
            "58624" : 23,
            "59136" : 42,
            "59648" : 139,
            "60160" : 437,
            "60672" : 1353,
            "61184" : 2291,
            "61696" : 3442,
            "62208" : 4739,
            "62720" : 5810,
            "63232" : 9916,
            "63744" : 32851,