{
  "fio version" : "fio-3.8",
  "timestamp" : 1536341120,
  "timestamp_ms" : 1536341120768,
  "time" : "Fri Sep  7 10:25:20 2018",
  "jobs" : [
    {
      "jobname" : "wdpc",
      "groupid" : 0,
      "error" : 0,
      "eta" : 0,
      "elapsed" : 61,
      "job options" : {
        "ioengine" : "libaio",
        "group_reporting" : "1",
        "direct" : "1",
        "rw" : "readwrite",
        "bs" : "4KB",
        "numjobs" : "1",
        "iodepth" : "1",
        "size" : "75%",
        "name" : "wdpc",
        "random_distribution" : "random",
        "random_generator" : "tausworthe",
        "allrandrepeat" : "1",
        "randseed" : "101",
        "rwmixread" : "0",
        "time_based" : "1",
        "runtime" : "60s",
        "filename" : "/dev/sda"
      },
      "read" : {
        "io_bytes" : 0,
        "io_kbytes" : 0,
        "bw_bytes" : 0,
        "bw" : 0,
        "iops" : 0.000000,
        "runtime" : 0,
        "total_ios" : 0,
        "short_ios" : 0,
        "drop_ios" : 0,
        "slat_ns" : {
          "min" : 0,
          "max" : 0,
          "mean" : 0.000000,
          "stddev" : 0.000000
        },
        "clat_ns" : {
          "min" : 0,
          "max" : 0,
          "mean" : 0.000000,
          "stddev" : 0.000000,
          "percentile" : {
            "1.000000" : 0,
            "5.000000" : 0,
            "10.000000" : 0,
            "20.000000" : 0,
            "30.000000" : 0,
            "40.000000" : 0,
            "50.000000" : 0,
            "60.000000" : 0,
            "70.000000" : 0,
            "80.000000" : 0,
            "90.000000" : 0,
            "95.000000" : 0,
            "99.000000" : 0,
            "99.500000" : 0,
            "99.900000" : 0,
            "99.950000" : 0,
            "99.990000" : 0
          },
          "bins" : {

          }
        },
        "lat_ns" : {
          "min" : 0,
          "max" : 0,
          "mean" : 0.000000,
          "stddev" : 0.000000
        },
        "bw_min" : 0,
        "bw_max" : 0,
        "bw_agg" : 0.000000,
        "bw_mean" : 0.000000,
        "bw_dev" : 0.000000,
        "bw_samples" : 0,
        "iops_min" : 0,
        "iops_max" : 0,
        "iops_mean" : 0.000000,
        "iops_stddev" : 0.000000,
        "iops_samples" : 0
      },
      "write" : {
        "io_bytes" : 2964340736,
        "io_kbytes" : 2894864,
        "bw_bytes" : 49404855,
        "bw" : 48246,
        "iops" : 12061.732304,
        "runtime" : 60001,
        "total_ios" : 723716,
        "short_ios" : 0,
        "drop_ios" : 0,
        "slat_ns" : {
          "min" : 6717,
          "max" : 1988543,
          "mean" : 10995.149842,
          "stddev" : 16451.853696
        },
        "clat_ns" : {
          "min" : 1374,
          "max" : 16593535,
          "mean" : 69500.451778,
          "stddev" : 56609.519145,
          "percentile" : {
            "1.000000" : 66048,
            "5.000000" : 67072,
            "10.000000" : 67072,
            "20.000000" : 68096,
            "30.000000" : 68096,
            "40.000000" : 68096,
            "50.000000" : 68096,
            "60.000000" : 68096,
            "70.000000" : 68096,
            "80.000000" : 68096,
            "90.000000" : 68096,
            "95.000000" : 69120,
            "99.000000" : 103936,
            "99.500000" : 107008,
            "99.900000" : 382976,
            "99.950000" : 399360,
            "99.990000" : 651264
          },
          "bins" : {
            "1368" : 1,
            "1480" : 1,
            "1544" : 1,
            "1560" : 2,
            "1576" : 1,
            "1592" : 3,
            "1608" : 2,
            "1624" : 10,
            "1640" : 15,
            "1656" : 25,
            "1672" : 35,
            "1688" : 34,
            "1704" : 50,
            "1720" : 70,
            "1736" : 61,
            "1752" : 53,
            "1768" : 47,
            "1784" : 37,
            "1800" : 26,
            "1816" : 16,
            "1832" : 18,
            "1848" : 12,
            "1864" : 9,
            "1880" : 3,
            "1896" : 4,
            "1912" : 2,
            "1928" : 3,
            "1944" : 3,
            "1976" : 1,
            "1992" : 3,
            "2008" : 1,
            "2040" : 2,
            "2064" : 1,
            "2096" : 2,
            "2128" : 2,
            "2160" : 2,
            "2192" : 2,
            "2224" : 1,
            "2256" : 3,
            "2288" : 2,
            "2320" : 1,
            "2352" : 6,
            "2384" : 5,
            "2416" : 3,
            "2448" : 3,
            "2544" : 1,
            "2736" : 1,
            "2864" : 1,
            "3120" : 1,
            "7008" : 1,
            "7392" : 1,
            "7584" : 2,
            "7648" : 1,
            "7712" : 1,
            "7776" : 1,
            "7840" : 1,
            "7904" : 1,
            "8096" : 2,
            "8160" : 1,
            "8512" : 1,
            "9024" : 1,
            "9152" : 4,
            "9280" : 2,
            "9536" : 2,
            "9664" : 2,
            "9792" : 2,
            "9920" : 2,
            "10048" : 2,
            "10176" : 5,
            "10304" : 1,
            "10432" : 2,
            "10560" : 3,
            "10688" : 1,
            "10944" : 1,
            "11200" : 1,
            "13504" : 1,
            "14912" : 1,
            "15040" : 1,
            "16768" : 1,
            "28544" : 1,
            "36096" : 1,
            "44288" : 1,
            "44800" : 3,
            "45312" : 5,
            "45824" : 5,
            "46336" : 4,
            "46848" : 13,
            "47360" : 23,
            "47872" : 15,
            "48384" : 2,
            "48896" : 2,
            "49408" : 1,
            "50432" : 2,
            "52480" : 1,
            "52992" : 3,
            "53504" : 5,
            "54016" : 34,
            "54528" : 30,
            "55040" : 34,
            "55552" : 22,
            "56064" : 24,
            "56576" : 18,
            "57088" : 7,
            "57600" : 5,
            "58112" : 8,
            "58624" : 15,
            "59136" : 29,
            "59648" : 30,
            "60160" : 32,
            "60672" : 15,
            "61184" : 12,
            "61696" : 15,
            "62208" : 7,
            "62720" : 23,
            "63232" : 90,
            "63744" : 168,
            "64256" : 243,
            "64768" : 753,
            "65280" : 1254,
            "66048" : 7057,
            "67072" : 117976,
            "68096" : 555267,
            "69120" : 20573,
            "70144" : 1812,
            "71168" : 866,
            "72192" : 649,
            "73216" : 66,
            "74240" : 91,
            "75264" : 80,
            "76288" : 70,
            "77312" : 31,
            "78336" : 22,
            "79360" : 35,
            "80384" : 29,
            "81408" : 31,
            "82432" : 33,
            "83456" : 21,
            "84480" : 9,
            "85504" : 3,
            "86528" : 29,
            "87552" : 7,
            "88576" : 8,
            "89600" : 2,
            "90624" : 6,
            "91648" : 5,
            "92672" : 42,
            "93696" : 52,
            "94720" : 82,
            "95744" : 954,
            "96768" : 2426,
            "97792" : 1024,
            "98816" : 501,
            "99840" : 387,
            "100864" : 330,
            "101888" : 364,
            "102912" : 971,
            "103936" : 1037,
            "104960" : 1202,
            "105984" : 918,
            "107008" : 2720,
            "108032" : 370,
            "109056" : 19,
            "110080" : 7,
            "111104" : 8,
            "112128" : 1,
            "113152" : 4,
            "114176" : 2,
            "115200" : 3,
            "116224" : 4,
            "117248" : 1,
            "118272" : 1,
            "120320" : 1,
            "122368" : 2,
            "126464" : 1,
            "127488" : 1,
            "129536" : 2,
            "130560" : 1,
            "132096" : 1,