{
  "fio version" : "fio-3.8",
  "timestamp" : 1536944468,
  "timestamp_ms" : 1536944468304,
  "time" : "Fri Sep 14 10:01:08 2018",
  "global options" : {
    "offset" : "16013082624"
  },
  "jobs" : [
    {
      "jobname" : "wdpc",
      "groupid" : 0,
      "error" : 0,
      "eta" : 0,
      "elapsed" : 61,
      "job options" : {
        "ioengine" : "libaio",
        "group_reporting" : "1",
        "direct" : "1",
        "rw" : "readwrite",
        "bs" : "16KB",
        "numjobs" : "1",
        "iodepth" : "32",
        "size" : "75%",
        "name" : "wdpc",
        "rwmixread" : "0",
        "time_based" : "1",
        "runtime" : "60s",
        "filename" : "/dev/sda"
      },
      "read" : {
        "io_bytes" : 0,
        "io_kbytes" : 0,
        "bw_bytes" : 0,
        "bw" : 0,
        "iops" : 0.000000,
        "runtime" : 0,
        "total_ios" : 0,
        "short_ios" : 0,
        "drop_ios" : 0,
        "slat_ns" : {
          "min" : 0,
          "max" : 0,
          "mean" : 0.000000,
          "stddev" : 0.000000
        },
        "clat_ns" : {
          "min" : 0,
          "max" : 0,
          "mean" : 0.000000,
          "stddev" : 0.000000,
          "percentile" : {
            "1.000000" : 0,
            "5.000000" : 0,
            "10.000000" : 0,
            "20.000000" : 0,
            "30.000000" : 0,
            "40.000000" : 0,
            "50.000000" : 0,
            "60.000000" : 0,
            "70.000000" : 0,
            "80.000000" : 0,
            "90.000000" : 0,
            "95.000000" : 0,
            "99.000000" : 0,
            "99.500000" : 0,
            "99.900000" : 0,
            "99.950000" : 0,
            "99.990000" : 0
          },
          "bins" : {

          }
        },
        "lat_ns" : {
          "min" : 0,
          "max" : 0,
          "mean" : 0.000000,
          "stddev" : 0.000000
        },
        "bw_min" : 0,
        "bw_max" : 0,
        "bw_agg" : 0.000000,
        "bw_mean" : 0.000000,
        "bw_dev" : 0.000000,
        "bw_samples" : 0,
        "iops_min" : 0,
        "iops_max" : 0,
        "iops_mean" : 0.000000,
        "iops_stddev" : 0.000000,
        "iops_samples" : 0
      },
      "write" : {
        "io_bytes" : 16010149888,
        "io_kbytes" : 15634912,
        "bw_bytes" : 266826937,
        "bw" : 260573,
        "iops" : 16285.823806,
        "runtime" : 60002,
        "total_ios" : 977182,
        "short_ios" : 0,
        "drop_ios" : 0,
        "slat_ns" : {
          "min" : 2435,
          "max" : 101607,
          "mean" : 3925.863659,
          "stddev" : 917.685532
        },
        "clat_ns" : {
          "min" : 266684,
          "max" : 20377290,
          "mean" : 1959467.630142,
          "stddev" : 728789.500710,
          "percentile" : {
            "1.000000" : 1728512,
            "5.000000" : 1728512,
            "10.000000" : 1744896,
            "20.000000" : 1761280,
            "30.000000" : 1761280,
            "40.000000" : 1761280,
            "50.000000" : 1761280,
            "60.000000" : 1794048,
            "70.000000" : 1810432,
            "80.000000" : 2007040,
            "90.000000" : 2408448,
            "95.000000" : 2736128,
            "99.000000" : 3588096,
            "99.500000" : 3784704,
            "99.900000" : 15794176,
            "99.950000" : 16187392,
            "99.990000" : 17170432
          },
          "bins" : {
            "268288" : 1,
            "276480" : 1,
            "346112" : 1,
            "456704" : 1,
            "460800" : 1,
            "468992" : 1,
            "593920" : 2,
            "659456" : 2,
            "716800" : 1,
            "765952" : 1,
            "774144" : 2,
            "798720" : 3,
            "806912" : 7,
            "815104" : 2,
            "823296" : 5,
            "831488" : 20,
            "839680" : 24,
            "847872" : 8,
            "856064" : 6,
            "864256" : 6,
            "872448" : 26,
            "880640" : 10,
            "888832" : 9,
            "897024" : 4,
            "905216" : 16,
            "913408" : 20,
            "921600" : 12,
            "929792" : 7,
            "937984" : 10,
            "946176" : 22,
            "954368" : 24,
            "962560" : 16,
            "970752" : 14,
            "978944" : 20,
            "987136" : 10,
            "995328" : 9,
            "1003520" : 7,
            "1011712" : 14,
            "1019904" : 11,
            "1028096" : 4,
            "1036288" : 12,
            "1044480" : 21,
            "1056768" : 9,
            "1073152" : 28,
            "1089536" : 25,
            "1105920" : 25,
            "1122304" : 28,
            "1138688" : 15,
            "1155072" : 30,
            "1171456" : 24,
            "1187840" : 14,
            "1204224" : 38,
            "1220608" : 18,
            "1236992" : 31,
            "1253376" : 16,
            "1269760" : 22,
            "1286144" : 19,
            "1302528" : 25,
            "1318912" : 20,
            "1335296" : 35,
            "1351680" : 16,
            "1368064" : 24,
            "1384448" : 17,
            "1400832" : 30,
            "1417216" : 16,
            "1433600" : 22,
            "1449984" : 24,
            "1466368" : 22,
            "1482752" : 27,
            "1499136" : 26,
            "1515520" : 28,
            "1531904" : 24,
            "1548288" : 50,
            "1564672" : 36,
            "1581056" : 45,
            "1597440" : 68,
            "1613824" : 56,
            "1630208" : 82,
            "1646592" : 71,
            "1662976" : 45,
            "1679360" : 100,
            "1695744" : 68,
            "1712128" : 1920,
            "1728512" : 83383,
            "1744896" : 12277,
            "1761280" : 420862,
            "1777664" : 49118,
            "1794048" : 79421,
            "1810432" : 35667,
            "1826816" : 6888,
            "1843200" : 12884,
            "1859584" : 9394,
            "1875968" : 9346,
            "1892352" : 9588,
            "1908736" : 8871,
            "1925120" : 8241,
            "1941504" : 7662,
            "1957888" : 6645,
            "1974272" : 6821,
            "1990656" : 6259,
            "2007040" : 5852,
            "2023424" : 5257,
            "2039808" : 5588,
            "2056192" : 4489,
            "2072576" : 5519,
            "2088960" : 4665,
            "2113536" : 8486,
            "2146304" : 8667,
            "2179072" : 8693,
            "2211840" : 8041,
            "2244608" : 6814,
            "2277376" : 6171,
            "2310144" : 5838,
            "2342912" : 5842,
            "2375680" : 6255,
            "2408448" : 6345,
            "2441216" : 6062,
            "2473984" : 6218,
            "2506752" : 6428,
            "2539520" : 5247,
            "2572288" : 4756,
            "2605056" : 4917,
            "2637824" : 4424,
            "2670592" : 4088,
            "2703360" : 3655,
            "2736128" : 3665,
            "2768896" : 3394,
            "2801664" : 3437,
            "2834432" : 2807,
            "2867200" : 1941,
            "2899968" : 1633,
            "2932736" : 1069,
            "2965504" : 1176,
            "2998272" : 1066,
            "3031040" : 790,
            "3063808" : 901,
            "3096576" : 1141,
            "3129344" : 1084,
            "3162112" : 1195,
            "3194880" : 1391,
            "3227648" : 1449,
            "3260416" : 1895,
            "3293184" : 2130,
            "3325952" : 1720,
            "3358720" : 1612,
            "3391488" : 1268,
            "3424256" : 1328,
            "3457024" : 935,
            "3489792" : 978,
            "3522560" : 892,
            "3555328" : 1045,
            "3588096" : 1132,
            "3620864" : 1032,
            "3653632" : 839,
            "3686400" : 820,
            "3719168" : 536,
            "3751936" : 592,
            "3784704" : 437,
            "3817472" : 265,