{
  "fio version" : "fio-3.8",
  "timestamp" : 1536260139,
  "timestamp_ms" : 1536260139025,
  "time" : "Thu Sep  6 18:55:39 2018",
  "jobs" : [
    {
      "jobname" : "wdpc",
      "groupid" : 0,
      "error" : 0,
      "eta" : 0,
      "elapsed" : 61,
      "job options" : {
        "ioengine" : "libaio",
        "group_reporting" : "1",
        "direct" : "1",
        "rw" : "readwrite",
        "bs" : "8KB",
        "numjobs" : "1",
        "iodepth" : "1",
        "size" : "75%",
        "name" : "wdpc",
        "random_distribution" : "random",
        "random_generator" : "tausworthe",
        "allrandrepeat" : "1",
        "randseed" : "101",
        "rwmixread" : "0",
        "time_based" : "1",
        "runtime" : "60s",
        "filename" : "/dev/sda"
      },
      "read" : {
        "io_bytes" : 0,
        "io_kbytes" : 0,
        "bw_bytes" : 0,
        "bw" : 0,
        "iops" : 0.000000,
        "runtime" : 0,
        "total_ios" : 0,
        "short_ios" : 0,
        "drop_ios" : 0,
        "slat_ns" : {
          "min" : 0,
          "max" : 0,
          "mean" : 0.000000,
          "stddev" : 0.000000
        },
        "clat_ns" : {
          "min" : 0,
          "max" : 0,
          "mean" : 0.000000,
          "stddev" : 0.000000,
          "percentile" : {
            "1.000000" : 0,
            "5.000000" : 0,
            "10.000000" : 0,
            "20.000000" : 0,
            "30.000000" : 0,
            "40.000000" : 0,
            "50.000000" : 0,
            "60.000000" : 0,
            "70.000000" : 0,
            "80.000000" : 0,
            "90.000000" : 0,
            "95.000000" : 0,
            "99.000000" : 0,
            "99.500000" : 0,
            "99.900000" : 0,
            "99.950000" : 0,
            "99.990000" : 0
          },
          "bins" : {

          }
        },
        "lat_ns" : {
          "min" : 0,
          "max" : 0,
          "mean" : 0.000000,
          "stddev" : 0.000000
        },
        "bw_min" : 0,
        "bw_max" : 0,
        "bw_agg" : 0.000000,
        "bw_mean" : 0.000000,
        "bw_dev" : 0.000000,
        "bw_samples" : 0,
        "iops_min" : 0,
        "iops_max" : 0,
        "iops_mean" : 0.000000,
        "iops_stddev" : 0.000000,
        "iops_samples" : 0
      },
      "write" : {
        "io_bytes" : 2654650368,
        "io_kbytes" : 2592432,
        "bw_bytes" : 44243435,
        "bw" : 43206,
        "iops" : 5400.809987,
        "runtime" : 60001,
        "total_ios" : 324054,
        "short_ios" : 0,
        "drop_ios" : 0,
        "slat_ns" : {
          "min" : 30333,
          "max" : 9365125,
          "mean" : 52083.445562,
          "stddev" : 39161.120885
        },
        "clat_ns" : {
          "min" : 2333,
          "max" : 13178375,
          "mean" : 124676.472896,
          "stddev" : 100710.210823,
          "percentile" : {
            "1.000000" : 92672,
            "5.000000" : 111104,
            "10.000000" : 112128,
            "20.000000" : 112128,
            "30.000000" : 112128,
            "40.000000" : 112128,
            "50.000000" : 115200,
            "60.000000" : 118272,
            "70.000000" : 122368,
            "80.000000" : 125440,
            "90.000000" : 142336,
            "95.000000" : 166912,
            "99.000000" : 252928,
            "99.500000" : 358400,
            "99.900000" : 468992,
            "99.950000" : 577536,
            "99.990000" : 3850240
          },
          "bins" : {
            "2320" : 4,
            "2640" : 5,
            "2928" : 37,
            "3216" : 115,
            "3504" : 84,
            "3792" : 92,
            "4080" : 86,
            "4384" : 30,
            "4640" : 6,
            "4960" : 21,
            "5280" : 48,
            "5536" : 66,
            "5856" : 40,
            "6112" : 6,
            "6432" : 9,
            "6688" : 14,
            "7008" : 54,
            "7264" : 31,
            "7584" : 59,
            "7904" : 99,
            "8160" : 66,
            "8512" : 29,
            "8768" : 12,
            "9024" : 4,
            "9280" : 3,
            "9664" : 1,
            "9920" : 5,
            "10176" : 5,
            "10560" : 4,
            "10816" : 1,
            "11072" : 3,
            "11328" : 1,
            "11712" : 1,
            "11968" : 2,
            "12224" : 1,
            "12864" : 2,
            "16064" : 1,
            "16320" : 1,
            "18048" : 1,
            "18304" : 1,
            "23936" : 1,
            "24192" : 1,
            "25728" : 1,
            "25984" : 1,
            "26240" : 1,
            "26752" : 1,
            "27776" : 2,
            "28288" : 1,
            "32640" : 1,
            "34560" : 1,
            "35072" : 1,
            "35584" : 2,
            "36096" : 8,
            "36608" : 7,
            "37120" : 8,
            "37632" : 3,
            "38144" : 3,
            "38656" : 2,
            "39168" : 4,
            "40192" : 1,
            "41216" : 3,
            "42240" : 2,
            "42752" : 3,
            "43264" : 3,
            "43776" : 3,
            "46848" : 1,
            "47360" : 1,
            "48896" : 1,
            "49408" : 1,
            "50944" : 5,
            "51456" : 6,
            "51968" : 3,
            "53504" : 5,
            "54016" : 2,
            "55040" : 2,
            "55552" : 3,
            "56064" : 2,
            "57600" : 3,
            "58112" : 12,
            "58624" : 9,
            "59136" : 18,
            "59648" : 21,
            "60160" : 13,
            "60672" : 9,
            "61184" : 12,
            "61696" : 22,
            "62208" : 15,
            "62720" : 8,
            "63232" : 10,
            "63744" : 6,
            "64256" : 7,
            "64768" : 5,
            "65280" : 27,
            "66048" : 136,
            "67072" : 59,
            "68096" : 18,
            "69120" : 57,
            "70144" : 248,
            "71168" : 255,
            "72192" : 141,
            "73216" : 29,
            "74240" : 29,
            "75264" : 14,
            "76288" : 14,
            "77312" : 13,
            "78336" : 18,
            "79360" : 17,
            "80384" : 15,
            "81408" : 14,
            "82432" : 42,
            "83456" : 53,
            "84480" : 73,
            "85504" : 48,
            "86528" : 91,
            "87552" : 59,
            "88576" : 82,
            "89600" : 59,
            "90624" : 71,
            "91648" : 107,
            "92672" : 187,
            "93696" : 83,
            "94720" : 125,
            "95744" : 169,
            "96768" : 61,
            "97792" : 120,
            "98816" : 155,
            "99840" : 131,
            "100864" : 79,
            "101888" : 140,
            "102912" : 198,
            "103936" : 241,
            "104960" : 160,
            "105984" : 400,
            "107008" : 1130,
            "108032" : 1149,
            "109056" : 807,
            "110080" : 1146,
            "111104" : 17683,
            "112128" : 107416,
            "113152" : 18713,
            "114176" : 8273,
            "115200" : 6226,
            "116224" : 11269,
            "117248" : 9123,
            "118272" : 12717,
            "119296" : 7143,
            "120320" : 8056,
            "121344" : 6441,
            "122368" : 18942,
            "123392" : 11299,
            "124416" : 5765,
            "125440" : 2203,
            "126464" : 2765,
            "127488" : 2370,
            "128512" : 2601,
            "129536" : 1246,
            "130560" : 1727,
            "132096" : 4747,
            "134144" : 3549,
            "136192" : 3823,
            "138240" : 3785,
            "140288" : 2201,
            "142336" : 2128,
            "144384" : 1177,
            "146432" : 1495,
            "148480" : 1962,
            "150528" : 830,
            "152576" : 1109,
            "154624" : 658,
            "156672" : 461,
            "158720" : 238,