{
  "fio version" : "fio-3.8",
  "timestamp" : 1539866929,
  "timestamp_ms" : 1539866929297,
  "time" : "Thu Oct 18 05:48:49 2018",
  "jobs" : [
    {
      "jobname" : "wdpc",
      "groupid" : 0,
      "error" : 0,
      "eta" : 0,
      "elapsed" : 61,
      "job options" : {
        "ioengine" : "libaio",
        "group_reporting" : "1",
        "direct" : "1",
        "rw" : "randrw",
        "bssplit" : "8KB",
        "numjobs" : "2",
        "iodepth" : "16",
        "size" : "75%",
        "name" : "wdpc",
        "random_distribution" : "random",
        "random_generator" : "tausworthe",
        "allrandrepeat" : "1",
        "randseed" : "101",
        "rwmixread" : "0",
        "time_based" : "1",
        "runtime" : "60s",
        "filename" : "/dev/sdb"
      },
      "read" : {
        "io_bytes" : 0,
        "io_kbytes" : 0,
        "bw_bytes" : 0,
        "bw" : 0,
        "iops" : 0.000000,
        "runtime" : 0,
        "total_ios" : 0,
        "short_ios" : 0,
        "drop_ios" : 0,
        "slat_ns" : {
          "min" : 0,
          "max" : 0,
          "mean" : 0.000000,
          "stddev" : 0.000000
        },
        "clat_ns" : {
          "min" : 0,
          "max" : 0,
          "mean" : 0.000000,
          "stddev" : 0.000000,
          "percentile" : {
            "1.000000" : 0,
            "5.000000" : 0,
            "10.000000" : 0,
            "20.000000" : 0,
            "30.000000" : 0,
            "40.000000" : 0,
            "50.000000" : 0,
            "60.000000" : 0,
            "70.000000" : 0,
            "80.000000" : 0,
            "90.000000" : 0,
            "95.000000" : 0,
            "99.000000" : 0,
            "99.500000" : 0,
            "99.900000" : 0,
            "99.950000" : 0,
            "99.990000" : 0
          },
          "bins" : {

          }
        },
        "lat_ns" : {
          "min" : 0,
          "max" : 0,
          "mean" : 0.000000,
          "stddev" : 0.000000
        },
        "bw_min" : 0,
        "bw_max" : 0,
        "bw_agg" : 0.000000,
        "bw_mean" : 0.000000,
        "bw_dev" : 0.000000,
        "bw_samples" : 0,
        "iops_min" : 0,
        "iops_max" : 0,
        "iops_mean" : 0.000000,
        "iops_stddev" : 0.000000,
        "iops_samples" : 0
      },
      "write" : {
        "io_bytes" : 9494118400,
        "io_kbytes" : 9271600,
        "bw_bytes" : 158232669,
        "bw" : 154524,
        "iops" : 19315.511408,
        "runtime" : 60001,
        "total_ios" : 1158950,
        "short_ios" : 0,
        "drop_ios" : 0,
        "slat_ns" : {
          "min" : 2256,
          "max" : 356793,
          "mean" : 4961.749194,
          "stddev" : 2948.304575
        },
        "clat_ns" : {
          "min" : 184779,
          "max" : 26177461,
          "mean" : 1649977.488319,
          "stddev" : 941594.470849,
          "percentile" : {
            "1.000000" : 724992,
            "5.000000" : 864256,
            "10.000000" : 954368,
            "20.000000" : 1056768,
            "30.000000" : 1073152,
            "40.000000" : 1122304,
            "50.000000" : 1155072,
            "60.000000" : 1974272,
            "70.000000" : 2088960,
            "80.000000" : 2179072,
            "90.000000" : 2342912,
            "95.000000" : 2768896,
            "99.000000" : 4882432,
            "99.500000" : 5668864,
            "99.900000" : 13959168,
            "99.950000" : 15794176,
            "99.990000" : 18219008
          },
          "bins" : {
            "185344" : 1,
            "350208" : 1,
            "354304" : 1,
            "358400" : 1,
            "366592" : 2,
            "370688" : 1,
            "387072" : 1,
            "391168" : 1,
            "395264" : 2,
            "399360" : 3,
            "403456" : 8,
            "407552" : 3,
            "411648" : 6,
            "415744" : 3,
            "419840" : 1,
            "423936" : 6,
            "428032" : 13,
            "432128" : 14,
            "436224" : 16,
            "440320" : 12,
            "444416" : 20,
            "448512" : 19,
            "452608" : 17,
            "456704" : 10,
            "460800" : 22,
            "464896" : 28,
            "468992" : 26,
            "473088" : 50,
            "477184" : 53,
            "481280" : 48,
            "485376" : 58,
            "489472" : 50,
            "493568" : 56,
            "497664" : 38,
            "501760" : 54,
            "505856" : 65,
            "509952" : 76,
            "514048" : 91,
            "518144" : 102,
            "522240" : 112,
            "528384" : 216,
            "536576" : 194,
            "544768" : 191,
            "552960" : 287,
            "561152" : 301,
            "569344" : 334,
            "577536" : 223,
            "585728" : 234,
            "593920" : 320,
            "602112" : 391,
            "610304" : 329,
            "618496" : 264,
            "626688" : 266,
            "634880" : 395,
            "643072" : 474,
            "651264" : 423,
            "659456" : 326,
            "667648" : 394,
            "675840" : 560,
            "684032" : 663,
            "692224" : 611,
            "700416" : 491,
            "708608" : 673,
            "716800" : 1019,
            "724992" : 1183,
            "733184" : 1006,
            "741376" : 990,
            "749568" : 1477,
            "757760" : 2083,
            "765952" : 2080,
            "774144" : 1682,
            "782336" : 1797,
            "790528" : 2801,
            "798720" : 3713,
            "806912" : 3013,
            "815104" : 2355,
            "823296" : 2893,
            "831488" : 4690,
            "839680" : 5307,
            "847872" : 3854,
            "856064" : 3017,
            "864256" : 4370,
            "872448" : 6720,
            "880640" : 6659,
            "888832" : 4137,
            "897024" : 3389,
            "905216" : 5644,
            "913408" : 7969,
            "921600" : 7135,
            "929792" : 4072,
            "937984" : 3690,
            "946176" : 6880,
            "954368" : 9161,
            "962560" : 7138,
            "970752" : 4039,
            "978944" : 4278,
            "987136" : 8392,
            "995328" : 11095,
            "1003520" : 7884,
            "1011712" : 4609,
            "1019904" : 5027,
            "1028096" : 11958,
            "1036288" : 24539,
            "1044480" : 14791,
            "1056768" : 14777,
            "1073152" : 121870,
            "1089536" : 44561,
            "1105920" : 44479,
            "1122304" : 100026,
            "1138688" : 10573,
            "1155072" : 23226,
            "1171456" : 6938,
            "1187840" : 3359,
            "1204224" : 3807,
            "1220608" : 2189,
            "1236992" : 2610,
            "1253376" : 1978,
            "1269760" : 1820,
            "1286144" : 1971,
            "1302528" : 1623,
            "1318912" : 1716,
            "1335296" : 1518,
            "1351680" : 1540,
            "1368064" : 1509,
            "1384448" : 1311,
            "1400832" : 1369,
            "1417216" : 1229,
            "1433600" : 1200,
            "1449984" : 1125,
            "1466368" : 1117,
            "1482752" : 1218,
            "1499136" : 1031,
            "1515520" : 1112,
            "1531904" : 1030,
            "1548288" : 1010,
            "1564672" : 1079,
            "1581056" : 1001,
            "1597440" : 1057,
            "1613824" : 1003,
            "1630208" : 1058,
            "1646592" : 1056,
            "1662976" : 1010,
            "1679360" : 1041,
            "1695744" : 1039,
            "1712128" : 1171,
            "1728512" : 1216,
            "1744896" : 1249,
            "1761280" : 1399,
            "1777664" : 1395,
            "1794048" : 1592,
            "1810432" : 1631,
            "1826816" : 1885,
            "1843200" : 2363,
            "1859584" : 2585,
            "1875968" : 3025,
            "1892352" : 3724,