{
  "fio version" : "fio-3.8",
  "timestamp" : 1539852954,
  "timestamp_ms" : 1539852954082,
  "time" : "Thu Oct 18 01:55:54 2018",
  "jobs" : [
    {
      "jobname" : "wdpc",
      "groupid" : 0,
      "error" : 0,
      "eta" : 0,
      "elapsed" : 61,
      "job options" : {
        "ioengine" : "libaio",
        "group_reporting" : "1",
        "direct" : "1",
        "rw" : "randrw",
        "bssplit" : "128KB",
        "numjobs" : "2",
        "iodepth" : "16",
        "size" : "75%",
        "name" : "wdpc",
        "random_distribution" : "random",
        "random_generator" : "tausworthe",
        "allrandrepeat" : "1",
        "randseed" : "101",
        "rwmixread" : "0",
        "time_based" : "1",
        "runtime" : "60s",
        "filename" : "/dev/sdb"
      },
      "read" : {
        "io_bytes" : 0,
        "io_kbytes" : 0,
        "bw_bytes" : 0,
        "bw" : 0,
        "iops" : 0.000000,
        "runtime" : 0,
        "total_ios" : 0,
        "short_ios" : 0,
        "drop_ios" : 0,
        "slat_ns" : {
          "min" : 0,
          "max" : 0,
          "mean" : 0.000000,
          "stddev" : 0.000000
        },
        "clat_ns" : {
          "min" : 0,
          "max" : 0,
          "mean" : 0.000000,
          "stddev" : 0.000000,
          "percentile" : {
            "1.000000" : 0,
            "5.000000" : 0,
            "10.000000" : 0,
            "20.000000" : 0,
            "30.000000" : 0,
            "40.000000" : 0,
            "50.000000" : 0,
            "60.000000" : 0,
            "70.000000" : 0,
            "80.000000" : 0,
            "90.000000" : 0,
            "95.000000" : 0,
            "99.000000" : 0,
            "99.500000" : 0,
            "99.900000" : 0,
            "99.950000" : 0,
            "99.990000" : 0
          },
          "bins" : {

          }
        },
        "lat_ns" : {
          "min" : 0,
          "max" : 0,
          "mean" : 0.000000,
          "stddev" : 0.000000
        },
        "bw_min" : 0,
        "bw_max" : 0,
        "bw_agg" : 0.000000,
        "bw_mean" : 0.000000,
        "bw_dev" : 0.000000,
        "bw_samples" : 0,
        "iops_min" : 0,
        "iops_max" : 0,
        "iops_mean" : 0.000000,
        "iops_stddev" : 0.000000,
        "iops_samples" : 0
      },
      "write" : {
        "io_bytes" : 11983650816,
        "io_kbytes" : 11702784,
        "bw_bytes" : 199657633,
        "bw" : 194978,
        "iops" : 1523.266857,
        "runtime" : 60021,
        "total_ios" : 91428,
        "short_ios" : 0,
        "drop_ios" : 0,
        "slat_ns" : {
          "min" : 5784,
          "max" : 336227,
          "mean" : 13767.996927,
          "stddev" : 4004.919036
        },
        "clat_ns" : {
          "min" : 846090,
          "max" : 143922046,
          "mean" : 20989186.747944,
          "stddev" : 12584281.945274,
          "percentile" : {
            "1.000000" : 15532032,
            "5.000000" : 16187392,
            "10.000000" : 16580608,
            "20.000000" : 17170432,
            "30.000000" : 17432576,
            "40.000000" : 17956864,
            "50.000000" : 18219008,
            "60.000000" : 18743296,
            "70.000000" : 19005440,
            "80.000000" : 19529728,
            "90.000000" : 21102592,
            "95.000000" : 36438016,
            "99.000000" : 99090432,
            "99.500000" : 101187584,
            "99.900000" : 109576192,
            "99.950000" : 112721920,
            "99.990000" : 128450560
          },
          "bins" : {
            "847872" : 1,
            "3424256" : 2,
            "4177920" : 1,
            "4554752" : 1,
            "4882432" : 1,
            "6455296" : 1,
            "6782976" : 1,
            "7176192" : 1,
            "8585216" : 1,
            "9109504" : 1,
            "9764864" : 1,
            "10551296" : 1,
            "10813440" : 1,
            "11206656" : 1,
            "11599872" : 1,
            "11993088" : 1,
            "12255232" : 1,
            "12648448" : 1,
            "13041664" : 2,
            "13172736" : 2,
            "13303808" : 1,
            "13434880" : 5,
            "13565952" : 3,
            "13697024" : 1,
            "13828096" : 2,
            "13959168" : 5,
            "14090240" : 11,
            "14221312" : 8,
            "14352384" : 12,
            "14483456" : 25,
            "14614528" : 24,
            "14745600" : 49,
            "14876672" : 91,
            "15007744" : 68,
            "15138816" : 113,
            "15269888" : 198,
            "15400960" : 247,
            "15532032" : 389,
            "15663104" : 494,
            "15794176" : 731,
            "15925248" : 927,
            "16056320" : 1013,
            "16187392" : 1203,
            "16318464" : 1429,
            "16449536" : 1653,
            "16580608" : 1733,
            "16711680" : 1966,
            "16908288" : 4499,
            "17170432" : 5406,
            "17432576" : 6002,
            "17694720" : 6280,
            "17956864" : 6811,
            "18219008" : 6757,
            "18481152" : 6324,
            "18743296" : 5719,
            "19005440" : 5260,
            "19267584" : 4547,
            "19529728" : 3660,
            "19791872" : 2768,
            "20054016" : 1995,
            "20316160" : 1438,
            "20578304" : 1101,
            "20840448" : 898,
            "21102592" : 657,
            "21364736" : 446,
            "21626880" : 312,
            "21889024" : 161,
            "22151168" : 166,
            "22413312" : 123,
            "22675456" : 56,
            "22937600" : 42,
            "23199744" : 31,
            "23461888" : 44,
            "23724032" : 20,
            "23986176" : 26,
            "24248320" : 9,
            "24510464" : 13,
            "24772608" : 10,
            "25034752" : 5,
            "25296896" : 12,
            "25559040" : 6,
            "25821184" : 2,
            "26083328" : 6,
            "26345472" : 14,
            "26607616" : 6,
            "26869760" : 5,
            "27131904" : 5,
            "27394048" : 7,
            "27656192" : 21,
            "27918336" : 16,
            "28180480" : 57,
            "28442624" : 56,
            "28704768" : 76,
            "28966912" : 87,
            "29229056" : 74,
            "29491200" : 76,
            "29753344" : 96,
            "30015488" : 140,
            "30277632" : 130,
            "30539776" : 75,
            "30801920" : 84,
            "31064064" : 93,
            "31326208" : 73,
            "31588352" : 81,
            "31850496" : 65,
            "32112640" : 44,
            "32374784" : 40,
            "32636928" : 33,
            "32899072" : 43,
            "33161216" : 46,
            "33423360" : 43,
            "33816576" : 127,
            "34340864" : 172,
            "34865152" : 211,
            "35389440" : 254,
            "35913728" : 356,
            "36438016" : 399,
            "36962304" : 351,
            "37486592" : 361,
            "38010880" : 273,
            "38535168" : 237,
            "39059456" : 207,
            "39583744" : 128,
            "40108032" : 118,
            "40632320" : 107,
            "41156608" : 79,
            "41680896" : 65,
            "42205184" : 57,
            "42729472" : 53,
            "43253760" : 38,
            "43778048" : 17,
            "44302336" : 14,
            "44826624" : 4,
            "45350912" : 1,
            "45875200" : 4,
            "46399488" : 2,
            "46923776" : 3,
            "47448064" : 3,
            "47972352" : 4,
            "48496640" : 6,
            "49020928" : 4,
            "49545216" : 2,
            "50069504" : 5,
            "51118080" : 4,
            "51642368" : 4,
            "52166656" : 2,
            "52690944" : 2,
            "53215232" : 3,
            "53739520" : 5,
            "54263808" : 4,
            "54788096" : 1,
            "55312384" : 3,
            "55836672" : 9,