{
  "fio version" : "fio-3.8",
  "timestamp" : 1539852703,
  "timestamp_ms" : 1539852703726,
  "time" : "Thu Oct 18 01:51:43 2018",
  "jobs" : [
    {
      "jobname" : "wdpc",
      "groupid" : 0,
      "error" : 0,
      "eta" : 0,
      "elapsed" : 61,
      "job options" : {
        "ioengine" : "libaio",
        "group_reporting" : "1",
        "direct" : "1",
        "rw" : "randrw",
        "bssplit" : "128KB",
        "numjobs" : "2",
        "iodepth" : "16",
        "size" : "75%",
        "name" : "wdpc",
        "random_distribution" : "random",
        "random_generator" : "tausworthe",
        "allrandrepeat" : "1",
        "randseed" : "101",
        "rwmixread" : "0",
        "time_based" : "1",
        "runtime" : "60s",
        "filename" : "/dev/sdb"
      },
      "read" : {
        "io_bytes" : 0,
        "io_kbytes" : 0,
        "bw_bytes" : 0,
        "bw" : 0,
        "iops" : 0.000000,
        "runtime" : 0,
        "total_ios" : 0,
        "short_ios" : 0,
        "drop_ios" : 0,
        "slat_ns" : {
          "min" : 0,
          "max" : 0,
          "mean" : 0.000000,
          "stddev" : 0.000000
        },
        "clat_ns" : {
          "min" : 0,
          "max" : 0,
          "mean" : 0.000000,
          "stddev" : 0.000000,
          "percentile" : {
            "1.000000" : 0,
            "5.000000" : 0,
            "10.000000" : 0,
            "20.000000" : 0,
            "30.000000" : 0,
            "40.000000" : 0,
            "50.000000" : 0,
            "60.000000" : 0,
            "70.000000" : 0,
            "80.000000" : 0,
            "90.000000" : 0,
            "95.000000" : 0,
            "99.000000" : 0,
            "99.500000" : 0,
            "99.900000" : 0,
            "99.950000" : 0,
            "99.990000" : 0
          },
          "bins" : {

          }
        },
        "lat_ns" : {
          "min" : 0,
          "max" : 0,
          "mean" : 0.000000,
          "stddev" : 0.000000
        },
        "bw_min" : 0,
        "bw_max" : 0,
        "bw_agg" : 0.000000,
        "bw_mean" : 0.000000,
        "bw_dev" : 0.000000,
        "bw_samples" : 0,
        "iops_min" : 0,
        "iops_max" : 0,
        "iops_mean" : 0.000000,
        "iops_stddev" : 0.000000,
        "iops_samples" : 0
      },
      "write" : {
        "io_bytes" : 9403760640,
        "io_kbytes" : 9183360,
        "bw_bytes" : 156682339,
        "bw" : 153010,
        "iops" : 1195.391383,
        "runtime" : 60018,
        "total_ios" : 71745,
        "short_ios" : 0,
        "drop_ios" : 0,
        "slat_ns" : {
          "min" : 5577,
          "max" : 100662,
          "mean" : 13186.731828,
          "stddev" : 3029.891780
        },
        "clat_ns" : {
          "min" : 883843,
          "max" : 218325033,
          "mean" : 26751840.032853,
          "stddev" : 27705857.231809,
          "percentile" : {
            "1.000000" : 15532032,
            "5.000000" : 16187392,
            "10.000000" : 16580608,
            "20.000000" : 17170432,
            "30.000000" : 17694720,
            "40.000000" : 17956864,
            "50.000000" : 18219008,
            "60.000000" : 18743296,
            "70.000000" : 19267584,
            "80.000000" : 20316160,
            "90.000000" : 37486592,
            "95.000000" : 99090432,
            "99.000000" : 173015040,
            "99.500000" : 181403648,
            "99.900000" : 191889408,
            "99.950000" : 196083712,
            "99.990000" : 217055232
          },
          "bins" : {
            "880640" : 1,
            "1368064" : 1,
            "1433600" : 1,
            "2113536" : 1,
            "4177920" : 1,
            "4489216" : 1,
            "4882432" : 1,
            "5275648" : 1,
            "6520832" : 1,
            "6914048" : 1,
            "7241728" : 1,
            "7634944" : 1,
            "8028160" : 1,
            "9502720" : 1,
            "9895936" : 1,
            "10289152" : 1,
            "10551296" : 1,
            "10944512" : 1,
            "11337728" : 1,
            "11730944" : 1,
            "12124160" : 2,
            "12517376" : 1,
            "12910592" : 2,
            "13041664" : 2,
            "13172736" : 1,
            "13303808" : 1,
            "13565952" : 9,
            "13697024" : 5,
            "13828096" : 6,
            "13959168" : 7,
            "14090240" : 5,
            "14221312" : 9,
            "14352384" : 15,
            "14483456" : 20,
            "14614528" : 16,
            "14745600" : 34,
            "14876672" : 26,
            "15007744" : 68,
            "15138816" : 91,
            "15269888" : 142,
            "15400960" : 216,
            "15532032" : 249,
            "15663104" : 374,
            "15794176" : 480,
            "15925248" : 656,
            "16056320" : 772,
            "16187392" : 943,
            "16318464" : 1097,
            "16449536" : 1188,
            "16580608" : 1423,
            "16711680" : 1471,
            "16908288" : 3273,
            "17170432" : 4155,
            "17432576" : 4470,
            "17694720" : 4964,
            "17956864" : 4983,
            "18219008" : 4692,
            "18481152" : 4511,
            "18743296" : 4007,
            "19005440" : 3655,
            "19267584" : 3015,
            "19529728" : 2478,
            "19791872" : 1828,
            "20054016" : 1436,
            "20316160" : 1078,
            "20578304" : 748,
            "20840448" : 620,
            "21102592" : 422,
            "21364736" : 294,
            "21626880" : 246,
            "21889024" : 233,
            "22151168" : 153,
            "22413312" : 149,
            "22675456" : 163,
            "22937600" : 127,
            "23199744" : 105,
            "23461888" : 106,
            "23724032" : 89,
            "23986176" : 82,
            "24248320" : 50,
            "24510464" : 32,
            "24772608" : 42,
            "25034752" : 20,
            "25296896" : 22,
            "25559040" : 19,
            "25821184" : 12,
            "26083328" : 5,
            "26345472" : 7,
            "26607616" : 17,
            "26869760" : 6,
            "27131904" : 4,
            "27394048" : 6,
            "27656192" : 8,
            "27918336" : 18,
            "28180480" : 29,
            "28442624" : 43,
            "28704768" : 33,
            "28966912" : 53,
            "29229056" : 64,
            "29491200" : 55,
            "29753344" : 55,
            "30015488" : 87,
            "30277632" : 71,
            "30539776" : 41,
            "30801920" : 52,
            "31064064" : 52,
            "31326208" : 38,
            "31588352" : 50,
            "31850496" : 60,
            "32112640" : 45,
            "32374784" : 44,
            "32636928" : 29,
            "32899072" : 53,
            "33161216" : 56,
            "33423360" : 46,
            "33816576" : 114,
            "34340864" : 187,
            "34865152" : 218,
            "35389440" : 222,
            "35913728" : 350,
            "36438016" : 368,
            "36962304" : 304,
            "37486592" : 272,
            "38010880" : 287,
            "38535168" : 194,
            "39059456" : 226,
            "39583744" : 176,
            "40108032" : 146,
            "40632320" : 113,
            "41156608" : 101,
            "41680896" : 79,
            "42205184" : 83,
            "42729472" : 49,
            "43253760" : 42,
            "43778048" : 28,
            "44302336" : 13,
            "44826624" : 19,
            "45350912" : 10,
            "45875200" : 15,
            "46399488" : 9,
            "46923776" : 3,
            "47448064" : 4,
            "47972352" : 1,
            "48496640" : 6,
            "49020928" : 3,
            "49545216" : 4,
            "50069504" : 3,
            "50593792" : 5,
            "51118080" : 5,
            "51642368" : 1,
            "52166656" : 7,
            "52690944" : 2,
            "53215232" : 10,