{
  "fio version" : "fio-3.8",
  "timestamp" : 1539859786,
  "timestamp_ms" : 1539859786519,
  "time" : "Thu Oct 18 03:49:46 2018",
  "jobs" : [
    {
      "jobname" : "wdpc",
      "groupid" : 0,
      "error" : 0,
      "eta" : 0,
      "elapsed" : 61,
      "job options" : {
        "ioengine" : "libaio",
        "group_reporting" : "1",
        "direct" : "1",
        "rw" : "randrw",
        "bssplit" : "32KB",
        "numjobs" : "2",
        "iodepth" : "16",
        "size" : "75%",
        "name" : "wdpc",
        "random_distribution" : "random",
        "random_generator" : "tausworthe",
        "allrandrepeat" : "1",
        "randseed" : "101",
        "rwmixread" : "0",
        "time_based" : "1",
        "runtime" : "60s",
        "filename" : "/dev/sdb"
      },
      "read" : {
        "io_bytes" : 0,
        "io_kbytes" : 0,
        "bw_bytes" : 0,
        "bw" : 0,
        "iops" : 0.000000,
        "runtime" : 0,
        "total_ios" : 0,
        "short_ios" : 0,
        "drop_ios" : 0,
        "slat_ns" : {
          "min" : 0,
          "max" : 0,
          "mean" : 0.000000,
          "stddev" : 0.000000
        },
        "clat_ns" : {
          "min" : 0,
          "max" : 0,
          "mean" : 0.000000,
          "stddev" : 0.000000,
          "percentile" : {
            "1.000000" : 0,
            "5.000000" : 0,
            "10.000000" : 0,
            "20.000000" : 0,
            "30.000000" : 0,
            "40.000000" : 0,
            "50.000000" : 0,
            "60.000000" : 0,
            "70.000000" : 0,
            "80.000000" : 0,
            "90.000000" : 0,
            "95.000000" : 0,
            "99.000000" : 0,
            "99.500000" : 0,
            "99.900000" : 0,
            "99.950000" : 0,
            "99.990000" : 0
          },
          "bins" : {

          }
        },
        "lat_ns" : {
          "min" : 0,
          "max" : 0,
          "mean" : 0.000000,
          "stddev" : 0.000000
        },
        "bw_min" : 0,
        "bw_max" : 0,
        "bw_agg" : 0.000000,
        "bw_mean" : 0.000000,
        "bw_dev" : 0.000000,
        "bw_samples" : 0,
        "iops_min" : 0,
        "iops_max" : 0,
        "iops_mean" : 0.000000,
        "iops_stddev" : 0.000000,
        "iops_samples" : 0
      },
      "write" : {
        "io_bytes" : 11840520192,
        "io_kbytes" : 11563008,
        "bw_bytes" : 197282818,
        "bw" : 192659,
        "iops" : 6020.593822,
        "runtime" : 60018,
        "total_ios" : 361344,
        "short_ios" : 0,
        "drop_ios" : 0,
        "slat_ns" : {
          "min" : 3192,
          "max" : 122663,
          "mean" : 5314.376627,
          "stddev" : 1486.241750
        },
        "clat_ns" : {
          "min" : 273475,
          "max" : 60086480,
          "mean" : 5307450.264969,
          "stddev" : 2681827.337223,
          "percentile" : {
            "1.000000" : 3031040,
            "5.000000" : 3063808,
            "10.000000" : 3194880,
            "20.000000" : 3981312,
            "30.000000" : 4227072,
            "40.000000" : 4358144,
            "50.000000" : 4685824,
            "60.000000" : 5210112,
            "70.000000" : 5472256,
            "80.000000" : 5734400,
            "90.000000" : 6782976,
            "95.000000" : 8978432,
            "99.000000" : 18481152,
            "99.500000" : 20316160,
            "99.900000" : 25559040,
            "99.950000" : 31588352,
            "99.990000" : 41680896
          },
          "bins" : {
            "272384" : 1,
            "374784" : 1,
            "444416" : 1,
            "552960" : 1,
            "651264" : 1,
            "749568" : 1,
            "847872" : 1,
            "937984" : 1,
            "1171456" : 1,
            "1204224" : 1,
            "1351680" : 1,
            "1433600" : 1,
            "1531904" : 1,
            "1630208" : 1,
            "1712128" : 1,
            "1794048" : 1,
            "1892352" : 1,
            "2211840" : 5,
            "2244608" : 1,
            "2277376" : 3,
            "2310144" : 6,
            "2342912" : 6,
            "2375680" : 12,
            "2408448" : 11,
            "2441216" : 8,
            "2473984" : 14,
            "2506752" : 12,
            "2539520" : 9,
            "2572288" : 5,
            "2605056" : 7,
            "2637824" : 10,
            "2670592" : 8,
            "2703360" : 10,
            "2736128" : 11,
            "2768896" : 12,
            "2801664" : 15,
            "2834432" : 14,
            "2867200" : 12,
            "2899968" : 16,
            "2932736" : 15,
            "2965504" : 13,
            "2998272" : 181,
            "3031040" : 15277,
            "3063808" : 7897,
            "3096576" : 8269,
            "3129344" : 2584,
            "3162112" : 1316,
            "3194880" : 742,
            "3227648" : 493,
            "3260416" : 315,
            "3293184" : 228,
            "3325952" : 158,
            "3358720" : 102,
            "3391488" : 123,
            "3424256" : 123,
            "3457024" : 166,
            "3489792" : 230,
            "3522560" : 192,
            "3555328" : 293,
            "3588096" : 443,
            "3620864" : 490,
            "3653632" : 522,
            "3686400" : 802,
            "3719168" : 998,
            "3751936" : 1395,
            "3784704" : 1634,
            "3817472" : 2394,
            "3850240" : 3309,
            "3883008" : 4552,
            "3915776" : 5404,
            "3948544" : 6217,
            "3981312" : 6556,
            "4014080" : 5658,
            "4046848" : 5567,
            "4079616" : 4709,
            "4112384" : 4041,
            "4145152" : 4100,
            "4177920" : 4798,
            "4227072" : 12574,
            "4292608" : 17105,
            "4358144" : 17831,
            "4423680" : 14237,
            "4489216" : 8386,
            "4554752" : 4395,
            "4620288" : 2389,
            "4685824" : 1540,
            "4751360" : 1669,
            "4816896" : 2025,
            "4882432" : 2558,
            "4947968" : 3115,
            "5013504" : 4229,
            "5079040" : 5676,
            "5144576" : 8174,
            "5210112" : 9605,
            "5275648" : 10215,
            "5341184" : 10328,
            "5406720" : 9733,
            "5472256" : 10303,
            "5537792" : 10671,
            "5603328" : 10428,
            "5668864" : 9312,
            "5734400" : 7547,
            "5799936" : 5368,
            "5865472" : 3189,
            "5931008" : 2032,
            "5996544" : 1413,
            "6062080" : 1169,
            "6127616" : 1228,
            "6193152" : 1217,
            "6258688" : 1106,
            "6324224" : 1132,
            "6389760" : 1156,
            "6455296" : 1527,
            "6520832" : 1483,
            "6586368" : 1508,
            "6651904" : 1730,
            "6717440" : 2133,
            "6782976" : 2239,
            "6848512" : 2336,
            "6914048" : 2326,
            "6979584" : 2191,
            "7045120" : 1662,
            "7110656" : 1240,
            "7176192" : 971,
            "7241728" : 677,
            "7307264" : 381,
            "7372800" : 384,
            "7438336" : 276,
            "7503872" : 247,
            "7569408" : 228,
            "7634944" : 245,
            "7700480" : 250,
            "7766016" : 243,
            "7831552" : 240,
            "7897088" : 278,
            "7962624" : 287,
            "8028160" : 242,
            "8093696" : 236,
            "8159232" : 227,
            "8224768" : 199,
            "8290304" : 151,
            "8355840" : 225,
            "8454144" : 374,
            "8585216" : 308,
            "8716288" : 308,
            "8847360" : 221,
            "8978432" : 261,
            "9109504" : 259,
            "9240576" : 263,
            "9371648" : 196,
            "9502720" : 241,
            "9633792" : 277,
            "9764864" : 203,
            "9895936" : 222,