{
  "fio version" : "fio-3.8",
  "timestamp" : 1534357133,
  "timestamp_ms" : 1534357133833,
  "time" : "Wed Aug 15 11:18:53 2018",
  "jobs" : [
    {
      "jobname" : "wdpc",
      "groupid" : 0,
      "error" : 0,
      "eta" : 0,
      "elapsed" : 61,
      "job options" : {
        "ioengine" : "libaio",
        "group_reporting" : "1",
        "direct" : "1",
        "rw" : "randrw",
        "bs" : "128KB",
        "numjobs" : "2",
        "iodepth" : "16",
        "size" : "75%",
        "name" : "wdpc",
        "random_distribution" : "random",
        "random_generator" : "tausworthe",
        "allrandrepeat" : "1",
        "randseed" : "101",
        "rwmixread" : "0",
        "time_based" : "1",
        "runtime" : "60s",
        "filename" : "/dev/sda"
      },
      "read" : {
        "io_bytes" : 0,
        "io_kbytes" : 0,
        "bw_bytes" : 0,
        "bw" : 0,
        "iops" : 0.000000,
        "runtime" : 0,
        "total_ios" : 0,
        "short_ios" : 0,
        "drop_ios" : 0,
        "slat_ns" : {
          "min" : 0,
          "max" : 0,
          "mean" : 0.000000,
          "stddev" : 0.000000
        },
        "clat_ns" : {
          "min" : 0,
          "max" : 0,
          "mean" : 0.000000,
          "stddev" : 0.000000,
          "percentile" : {
            "1.000000" : 0,
            "5.000000" : 0,
            "10.000000" : 0,
            "20.000000" : 0,
            "30.000000" : 0,
            "40.000000" : 0,
            "50.000000" : 0,
            "60.000000" : 0,
            "70.000000" : 0,
            "80.000000" : 0,
            "90.000000" : 0,
            "95.000000" : 0,
            "99.000000" : 0,
            "99.500000" : 0,
            "99.900000" : 0,
            "99.950000" : 0,
            "99.990000" : 0
          },
          "bins" : {

          }
        },
        "lat_ns" : {
          "min" : 0,
          "max" : 0,
          "mean" : 0.000000,
          "stddev" : 0.000000
        },
        "bw_min" : 0,
        "bw_max" : 0,
        "bw_agg" : 0.000000,
        "bw_mean" : 0.000000,
        "bw_dev" : 0.000000,
        "bw_samples" : 0,
        "iops_min" : 0,
        "iops_max" : 0,
        "iops_mean" : 0.000000,
        "iops_stddev" : 0.000000,
        "iops_samples" : 0
      },
      "write" : {
        "io_bytes" : 13420593152,
        "io_kbytes" : 13106048,
        "bw_bytes" : 223397305,
        "bw" : 218161,
        "iops" : 1704.386184,
        "runtime" : 60075,
        "total_ios" : 102391,
        "short_ios" : 0,
        "drop_ios" : 0,
        "slat_ns" : {
          "min" : 9636,
          "max" : 1757998,
          "mean" : 28741.168316,
          "stddev" : 29348.981257
        },
        "clat_ns" : {
          "min" : 817213,
          "max" : 148739073,
          "mean" : 18734448.949536,
          "stddev" : 6013443.924073,
          "percentile" : {
            "1.000000" : 15400960,
            "5.000000" : 16056320,
            "10.000000" : 16449536,
            "20.000000" : 16908288,
            "30.000000" : 17432576,
            "40.000000" : 17694720,
            "50.000000" : 17956864,
            "60.000000" : 18219008,
            "70.000000" : 18743296,
            "80.000000" : 19267584,
            "90.000000" : 19791872,
            "95.000000" : 20840448,
            "99.000000" : 32374784,
            "99.500000" : 77070336,
            "99.900000" : 88604672,
            "99.950000" : 96993280,
            "99.990000" : 133693440
          },
          "bins" : {
            "815104" : 1,
            "1957888" : 1,
            "1990656" : 1,
            "2703360" : 1,
            "3588096" : 1,
            "3915776" : 1,
            "4620288" : 1,
            "4882432" : 1,
            "5275648" : 1,
            "5603328" : 1,
            "7831552" : 2,
            "8159232" : 1,
            "8454144" : 1,
            "10027008" : 1,
            "10289152" : 1,
            "10682368" : 1,
            "10944512" : 1,
            "12386304" : 1,
            "12648448" : 1,
            "12910592" : 1,
            "13303808" : 2,
            "13434880" : 3,
            "13565952" : 1,
            "13697024" : 14,
            "13828096" : 7,
            "13959168" : 5,
            "14090240" : 19,
            "14221312" : 24,
            "14352384" : 19,
            "14483456" : 26,
            "14614528" : 63,
            "14745600" : 58,
            "14876672" : 66,
            "15007744" : 118,
            "15138816" : 129,
            "15269888" : 204,
            "15400960" : 326,
            "15532032" : 486,
            "15663104" : 615,
            "15794176" : 904,
            "15925248" : 1228,
            "16056320" : 1496,
            "16187392" : 1683,
            "16318464" : 2065,
            "16449536" : 2351,
            "16580608" : 2590,
            "16711680" : 2733,
            "16908288" : 5925,
            "17170432" : 6862,
            "17432576" : 7607,
            "17694720" : 8377,
            "17956864" : 8625,
            "18219008" : 7819,
            "18481152" : 7164,
            "18743296" : 6558,
            "19005440" : 5312,
            "19267584" : 4446,
            "19529728" : 3612,
            "19791872" : 2797,
            "20054016" : 2044,
            "20316160" : 1255,
            "20578304" : 1065,
            "20840448" : 719,
            "21102592" : 541,
            "21364736" : 417,
            "21626880" : 235,
            "21889024" : 214,
            "22151168" : 149,
            "22413312" : 76,
            "22675456" : 110,
            "22937600" : 101,
            "23199744" : 95,
            "23461888" : 73,
            "23724032" : 60,
            "23986176" : 46,
            "24248320" : 46,
            "24510464" : 24,
            "24772608" : 22,
            "25034752" : 21,
            "25296896" : 23,
            "25559040" : 17,
            "25821184" : 25,
            "26083328" : 21,
            "26345472" : 19,
            "26607616" : 15,
            "26869760" : 11,
            "27131904" : 8,
            "27394048" : 14,
            "27656192" : 34,
            "27918336" : 32,
            "28180480" : 37,
            "28442624" : 72,
            "28704768" : 105,
            "28966912" : 70,
            "29229056" : 129,
            "29491200" : 112,
            "29753344" : 113,
            "30015488" : 107,
            "30277632" : 137,
            "30539776" : 123,
            "30801920" : 91,
            "31064064" : 82,
            "31326208" : 79,
            "31588352" : 84,
            "31850496" : 40,
            "32112640" : 60,
            "32374784" : 69,
            "32636928" : 45,
            "32899072" : 32,
            "33161216" : 8,
            "33423360" : 29,
            "33816576" : 25,
            "34340864" : 37,
            "34865152" : 17,
            "35389440" : 10,
            "35913728" : 5,
            "36438016" : 5,
            "36962304" : 6,
            "37486592" : 6,
            "38010880" : 1,
            "55312384" : 1,
            "55836672" : 1,
            "65273856" : 2,
            "65798144" : 1,
            "72876032" : 4,
            "73924608" : 10,
            "74973184" : 38,
            "76021760" : 173,
            "77070336" : 96,
            "78118912" : 19,
            "79167488" : 24,
            "80216064" : 42,
            "81264640" : 40,
            "82313216" : 66,
            "83361792" : 67,
            "84410368" : 46,
            "85458944" : 12,
            "86507520" : 4,
            "87556096" : 14,
            "88604672" : 6,
            "89653248" : 8,
            "90701824" : 5,
            "91750400" : 7,
            "92798976" : 3,
            "93847552" : 4,
            "94896128" : 10,
            "95944704" : 5,
            "96993280" : 6,
            "98041856" : 5,
            "99090432" : 3,
            "102236160" : 1,
            "104333312" : 2,
            "105381888" : 2,