{
  "fio version" : "fio-3.8",
  "timestamp" : 1534369646,
  "timestamp_ms" : 1534369646853,
  "time" : "Wed Aug 15 14:47:26 2018",
  "jobs" : [
    {
      "jobname" : "wdpc",
      "groupid" : 0,
      "error" : 0,
      "eta" : 0,
      "elapsed" : 61,
      "job options" : {
        "ioengine" : "libaio",
        "group_reporting" : "1",
        "direct" : "1",
        "rw" : "randrw",
        "bs" : "64KB",
        "numjobs" : "2",
        "iodepth" : "16",
        "size" : "75%",
        "name" : "wdpc",
        "random_distribution" : "random",
        "random_generator" : "tausworthe",
        "allrandrepeat" : "1",
        "randseed" : "101",
        "rwmixread" : "0",
        "time_based" : "1",
        "runtime" : "60s",
        "filename" : "/dev/sda"
      },
      "read" : {
        "io_bytes" : 0,
        "io_kbytes" : 0,
        "bw_bytes" : 0,
        "bw" : 0,
        "iops" : 0.000000,
        "runtime" : 0,
        "total_ios" : 0,
        "short_ios" : 0,
        "drop_ios" : 0,
        "slat_ns" : {
          "min" : 0,
          "max" : 0,
          "mean" : 0.000000,
          "stddev" : 0.000000
        },
        "clat_ns" : {
          "min" : 0,
          "max" : 0,
          "mean" : 0.000000,
          "stddev" : 0.000000,
          "percentile" : {
            "1.000000" : 0,
            "5.000000" : 0,
            "10.000000" : 0,
            "20.000000" : 0,
            "30.000000" : 0,
            "40.000000" : 0,
            "50.000000" : 0,
            "60.000000" : 0,
            "70.000000" : 0,
            "80.000000" : 0,
            "90.000000" : 0,
            "95.000000" : 0,
            "99.000000" : 0,
            "99.500000" : 0,
            "99.900000" : 0,
            "99.950000" : 0,
            "99.990000" : 0
          },
          "bins" : {

          }
        },
        "lat_ns" : {
          "min" : 0,
          "max" : 0,
          "mean" : 0.000000,
          "stddev" : 0.000000
        },
        "bw_min" : 0,
        "bw_max" : 0,
        "bw_agg" : 0.000000,
        "bw_mean" : 0.000000,
        "bw_dev" : 0.000000,
        "bw_samples" : 0,
        "iops_min" : 0,
        "iops_max" : 0,
        "iops_mean" : 0.000000,
        "iops_stddev" : 0.000000,
        "iops_samples" : 0
      },
      "write" : {
        "io_bytes" : 12246581248,
        "io_kbytes" : 11959552,
        "bw_bytes" : 204079075,
        "bw" : 199295,
        "iops" : 3113.999567,
        "runtime" : 60009,
        "total_ios" : 186868,
        "short_ios" : 0,
        "drop_ios" : 0,
        "slat_ns" : {
          "min" : 5049,
          "max" : 2292792,
          "mean" : 15780.410744,
          "stddev" : 21659.490085
        },
        "clat_ns" : {
          "min" : 343584,
          "max" : 124194375,
          "mean" : 10255044.955439,
          "stddev" : 5946316.931433,
          "percentile" : {
            "1.000000" : 7372800,
            "5.000000" : 7831552,
            "10.000000" : 8093696,
            "20.000000" : 8355840,
            "30.000000" : 8585216,
            "40.000000" : 8978432,
            "50.000000" : 9240576,
            "60.000000" : 9502720,
            "70.000000" : 9764864,
            "80.000000" : 10027008,
            "90.000000" : 10813440,
            "95.000000" : 12517376,
            "99.000000" : 46399488,
            "99.500000" : 49545216,
            "99.900000" : 59506688,
            "99.950000" : 67633152,
            "99.990000" : 88604672
          },
          "bins" : {
            "342016" : 1,
            "659456" : 1,
            "823296" : 1,
            "3096576" : 1,
            "3129344" : 1,
            "3457024" : 1,
            "3620864" : 1,
            "3817472" : 1,
            "5013504" : 6,
            "5079040" : 5,
            "5144576" : 3,
            "5210112" : 10,
            "5275648" : 9,
            "5341184" : 12,
            "5406720" : 15,
            "5472256" : 8,
            "5537792" : 13,
            "5603328" : 15,
            "5668864" : 18,
            "5734400" : 17,
            "5799936" : 34,
            "5865472" : 26,
            "5931008" : 41,
            "5996544" : 33,
            "6062080" : 19,
            "6127616" : 41,
            "6193152" : 24,
            "6258688" : 40,
            "6324224" : 38,
            "6389760" : 27,
            "6455296" : 13,
            "6520832" : 42,
            "6586368" : 64,
            "6651904" : 51,
            "6717440" : 86,
            "6782976" : 88,
            "6848512" : 86,
            "6914048" : 94,
            "6979584" : 73,
            "7045120" : 96,
            "7110656" : 111,
            "7176192" : 83,
            "7241728" : 139,
            "7307264" : 233,
            "7372800" : 288,
            "7438336" : 401,
            "7503872" : 562,
            "7569408" : 722,
            "7634944" : 1023,
            "7700480" : 1464,
            "7766016" : 1699,
            "7831552" : 1850,
            "7897088" : 2227,
            "7962624" : 2992,
            "8028160" : 3588,
            "8093696" : 3716,
            "8159232" : 4503,
            "8224768" : 4827,
            "8290304" : 4950,
            "8355840" : 4608,
            "8454144" : 8767,
            "8585216" : 8524,
            "8716288" : 7148,
            "8847360" : 7087,
            "8978432" : 7154,
            "9109504" : 7982,
            "9240576" : 8382,
            "9371648" : 9343,
            "9502720" : 10258,
            "9633792" : 11234,
            "9764864" : 10888,
            "9895936" : 8861,
            "10027008" : 7769,
            "10158080" : 5199,
            "10289152" : 3156,
            "10420224" : 2089,
            "10551296" : 1507,
            "10682368" : 1507,
            "10813440" : 1321,
            "10944512" : 1256,
            "11075584" : 1320,
            "11206656" : 1257,
            "11337728" : 920,
            "11468800" : 854,
            "11599872" : 685,
            "11730944" : 525,
            "11862016" : 406,
            "11993088" : 295,
            "12124160" : 214,
            "12255232" : 241,
            "12386304" : 199,
            "12517376" : 177,
            "12648448" : 144,
            "12779520" : 162,
            "12910592" : 170,
            "13041664" : 223,
            "13172736" : 244,
            "13303808" : 226,
            "13434880" : 200,
            "13565952" : 178,
            "13697024" : 176,
            "13828096" : 161,
            "13959168" : 131,
            "14090240" : 54,
            "14221312" : 90,
            "14352384" : 86,
            "14483456" : 62,
            "14614528" : 73,
            "14745600" : 68,
            "14876672" : 43,
            "15007744" : 47,
            "15138816" : 39,
            "15269888" : 42,
            "15400960" : 24,
            "15532032" : 35,
            "15663104" : 25,
            "15794176" : 22,
            "15925248" : 21,
            "16056320" : 21,
            "16187392" : 6,
            "16318464" : 24,
            "16449536" : 14,
            "16580608" : 3,
            "16711680" : 11,
            "16908288" : 38,
            "17170432" : 8,
            "17432576" : 8,
            "17694720" : 23,
            "17956864" : 19,
            "18219008" : 32,
            "18481152" : 18,
            "18743296" : 29,
            "19005440" : 30,
            "19267584" : 17,
            "19529728" : 43,
            "19791872" : 10,
            "20054016" : 43,
            "20316160" : 36,
            "20578304" : 75,
            "20840448" : 37,
            "21102592" : 67,
            "21364736" : 58,
            "21626880" : 78,
            "21889024" : 89,
            "22151168" : 61,
            "22413312" : 81,
            "22675456" : 68,
            "22937600" : 89,
            "23199744" : 73,
            "23461888" : 92,
            "23724032" : 64,
            "23986176" : 41,
            "24248320" : 109,
            "24510464" : 99,