{
  "fio version" : "fio-3.8",
  "timestamp" : 1534382037,
  "timestamp_ms" : 1534382037956,
  "time" : "Wed Aug 15 18:13:57 2018",
  "jobs" : [
    {
      "jobname" : "wdpc",
      "groupid" : 0,
      "error" : 0,
      "eta" : 0,
      "elapsed" : 61,
      "job options" : {
        "ioengine" : "libaio",
        "group_reporting" : "1",
        "direct" : "1",
        "rw" : "randrw",
        "bs" : "32KB",
        "numjobs" : "2",
        "iodepth" : "16",
        "size" : "75%",
        "name" : "wdpc",
        "random_distribution" : "random",
        "random_generator" : "tausworthe",
        "allrandrepeat" : "1",
        "randseed" : "101",
        "rwmixread" : "0",
        "time_based" : "1",
        "runtime" : "60s",
        "filename" : "/dev/sda"
      },
      "read" : {
        "io_bytes" : 0,
        "io_kbytes" : 0,
        "bw_bytes" : 0,
        "bw" : 0,
        "iops" : 0.000000,
        "runtime" : 0,
        "total_ios" : 0,
        "short_ios" : 0,
        "drop_ios" : 0,
        "slat_ns" : {
          "min" : 0,
          "max" : 0,
          "mean" : 0.000000,
          "stddev" : 0.000000
        },
        "clat_ns" : {
          "min" : 0,
          "max" : 0,
          "mean" : 0.000000,
          "stddev" : 0.000000,
          "percentile" : {
            "1.000000" : 0,
            "5.000000" : 0,
            "10.000000" : 0,
            "20.000000" : 0,
            "30.000000" : 0,
            "40.000000" : 0,
            "50.000000" : 0,
            "60.000000" : 0,
            "70.000000" : 0,
            "80.000000" : 0,
            "90.000000" : 0,
            "95.000000" : 0,
            "99.000000" : 0,
            "99.500000" : 0,
            "99.900000" : 0,
            "99.950000" : 0,
            "99.990000" : 0
          },
          "bins" : {

          }
        },
        "lat_ns" : {
          "min" : 0,
          "max" : 0,
          "mean" : 0.000000,
          "stddev" : 0.000000
        },
        "bw_min" : 0,
        "bw_max" : 0,
        "bw_agg" : 0.000000,
        "bw_mean" : 0.000000,
        "bw_dev" : 0.000000,
        "bw_samples" : 0,
        "iops_min" : 0,
        "iops_max" : 0,
        "iops_mean" : 0.000000,
        "iops_stddev" : 0.000000,
        "iops_samples" : 0
      },
      "write" : {
        "io_bytes" : 12146606080,
        "io_kbytes" : 11861920,
        "bw_bytes" : 202429939,
        "bw" : 197685,
        "iops" : 6177.671489,
        "runtime" : 60004,
        "total_ios" : 370685,
        "short_ios" : 0,
        "drop_ios" : 0,
        "slat_ns" : {
          "min" : 4289,
          "max" : 1417666,
          "mean" : 11620.180288,
          "stddev" : 18650.497433
        },
        "clat_ns" : {
          "min" : 321624,
          "max" : 74550652,
          "mean" : 5164061.718027,
          "stddev" : 2775850.932726,
          "percentile" : {
            "1.000000" : 3031040,
            "5.000000" : 3063808,
            "10.000000" : 3162112,
            "20.000000" : 3948544,
            "30.000000" : 4177920,
            "40.000000" : 4358144,
            "50.000000" : 4554752,
            "60.000000" : 5144576,
            "70.000000" : 5406720,
            "80.000000" : 5668864,
            "90.000000" : 6258688,
            "95.000000" : 7110656,
            "99.000000" : 20578304,
            "99.500000" : 22151168,
            "99.900000" : 26345472,
            "99.950000" : 28704768,
            "99.990000" : 39583744
          },
          "bins" : {
            "321536" : 1,
            "362496" : 1,
            "387072" : 1,
            "395264" : 1,
            "436224" : 1,
            "468992" : 1,
            "561152" : 2,
            "651264" : 2,
            "724992" : 1,
            "741376" : 1,
            "757760" : 1,
            "806912" : 1,
            "831488" : 1,
            "897024" : 1,
            "913408" : 1,
            "978944" : 1,
            "987136" : 1,
            "1011712" : 1,
            "1056768" : 1,
            "1073152" : 1,
            "1138688" : 1,
            "1171456" : 1,
            "1187840" : 3,
            "1204224" : 1,
            "1269760" : 2,
            "1302528" : 1,
            "1318912" : 1,
            "1335296" : 1,
            "1351680" : 1,
            "1400832" : 1,
            "1417216" : 1,
            "1433600" : 1,
            "1482752" : 1,
            "1499136" : 1,
            "1515520" : 1,
            "1564672" : 1,
            "1581056" : 1,
            "1613824" : 1,
            "1646592" : 1,
            "1662976" : 1,
            "1712128" : 1,
            "1744896" : 3,
            "1794048" : 1,
            "1843200" : 3,
            "1859584" : 1,
            "1875968" : 1,
            "1892352" : 1,
            "1908736" : 2,
            "1925120" : 2,
            "1957888" : 2,
            "1990656" : 1,
            "2023424" : 4,
            "2056192" : 1,
            "2088960" : 4,
            "2113536" : 6,
            "2146304" : 5,
            "2179072" : 8,
            "2211840" : 11,
            "2244608" : 10,
            "2277376" : 14,
            "2310144" : 14,
            "2342912" : 17,
            "2375680" : 14,
            "2408448" : 20,
            "2441216" : 23,
            "2473984" : 27,
            "2506752" : 18,
            "2539520" : 23,
            "2572288" : 19,
            "2605056" : 22,
            "2637824" : 35,
            "2670592" : 52,
            "2703360" : 70,
            "2736128" : 79,
            "2768896" : 105,
            "2801664" : 90,
            "2834432" : 111,
            "2867200" : 96,
            "2899968" : 94,
            "2932736" : 176,
            "2965504" : 616,
            "2998272" : 722,
            "3031040" : 4360,
            "3063808" : 15540,
            "3096576" : 8792,
            "3129344" : 4148,
            "3162112" : 2699,
            "3194880" : 1998,
            "3227648" : 1089,
            "3260416" : 1059,
            "3293184" : 650,
            "3325952" : 475,
            "3358720" : 410,
            "3391488" : 358,
            "3424256" : 375,
            "3457024" : 309,
            "3489792" : 374,
            "3522560" : 501,
            "3555328" : 486,
            "3588096" : 603,
            "3620864" : 527,
            "3653632" : 802,
            "3686400" : 925,
            "3719168" : 1327,
            "3751936" : 1590,
            "3784704" : 2099,
            "3817472" : 3026,
            "3850240" : 3595,
            "3883008" : 4745,
            "3915776" : 5082,
            "3948544" : 5974,
            "3981312" : 5804,
            "4014080" : 6146,
            "4046848" : 5603,
            "4079616" : 5410,
            "4112384" : 4702,
            "4145152" : 5185,
            "4177920" : 5177,
            "4227072" : 10963,
            "4292608" : 14641,
            "4358144" : 16304,
            "4423680" : 14325,
            "4489216" : 11220,
            "4554752" : 7408,
            "4620288" : 4715,
            "4685824" : 3174,
            "4751360" : 2634,
            "4816896" : 2565,
            "4882432" : 3319,
            "4947968" : 3334,
            "5013504" : 4292,
            "5079040" : 6114,
            "5144576" : 7303,
            "5210112" : 9342,
            "5275648" : 10343,
            "5341184" : 10873,
            "5406720" : 9816,
            "5472256" : 9513,
            "5537792" : 8963,
            "5603328" : 9218,
            "5668864" : 8391,
            "5734400" : 7286,
            "5799936" : 6161,
            "5865472" : 4720,
            "5931008" : 3510,
            "5996544" : 2937,
            "6062080" : 2109,
            "6127616" : 1742,
            "6193152" : 1518,
            "6258688" : 1503,
            "6324224" : 1312,
            "6389760" : 1298,
            "6455296" : 1336,
            "6520832" : 1351,
            "6586368" : 1341,
            "6651904" : 1198,
            "6717440" : 1325,