{
  "fio version" : "fio-3.8",
  "timestamp" : 1534342191,
  "timestamp_ms" : 1534342191153,
  "time" : "Wed Aug 15 07:09:51 2018",
  "jobs" : [
    {
      "jobname" : "wdpc",
      "groupid" : 0,
      "error" : 0,
      "eta" : 0,
      "elapsed" : 62,
      "job options" : {
        "ioengine" : "libaio",
        "group_reporting" : "1",
        "direct" : "1",
        "rw" : "randrw",
        "bs" : "1024KB",
        "numjobs" : "2",
        "iodepth" : "16",
        "size" : "75%",
        "name" : "wdpc",
        "random_distribution" : "random",
        "random_generator" : "tausworthe",
        "allrandrepeat" : "1",
        "randseed" : "101",
        "rwmixread" : "0",
        "time_based" : "1",
        "runtime" : "60s",
        "filename" : "/dev/sda"
      },
      "read" : {
        "io_bytes" : 0,
        "io_kbytes" : 0,
        "bw_bytes" : 0,
        "bw" : 0,
        "iops" : 0.000000,
        "runtime" : 0,
        "total_ios" : 0,
        "short_ios" : 0,
        "drop_ios" : 0,
        "slat_ns" : {
          "min" : 0,
          "max" : 0,
          "mean" : 0.000000,
          "stddev" : 0.000000
        },
        "clat_ns" : {
          "min" : 0,
          "max" : 0,
          "mean" : 0.000000,
          "stddev" : 0.000000,
          "percentile" : {
            "1.000000" : 0,
            "5.000000" : 0,
            "10.000000" : 0,
            "20.000000" : 0,
            "30.000000" : 0,
            "40.000000" : 0,
            "50.000000" : 0,
            "60.000000" : 0,
            "70.000000" : 0,
            "80.000000" : 0,
            "90.000000" : 0,
            "95.000000" : 0,
            "99.000000" : 0,
            "99.500000" : 0,
            "99.900000" : 0,
            "99.950000" : 0,
            "99.990000" : 0
          },
          "bins" : {

          }
        },
        "lat_ns" : {
          "min" : 0,
          "max" : 0,
          "mean" : 0.000000,
          "stddev" : 0.000000
        },
        "bw_min" : 0,
        "bw_max" : 0,
        "bw_agg" : 0.000000,
        "bw_mean" : 0.000000,
        "bw_dev" : 0.000000,
        "bw_samples" : 0,
        "iops_min" : 0,
        "iops_max" : 0,
        "iops_mean" : 0.000000,
        "iops_stddev" : 0.000000,
        "iops_samples" : 0
      },
      "write" : {
        "io_bytes" : 15039725568,
        "io_kbytes" : 14687232,
        "bw_bytes" : 245510464,
        "bw" : 239756,
        "iops" : 234.137025,
        "runtime" : 61259,
        "total_ios" : 14343,
        "short_ios" : 0,
        "drop_ios" : 0,
        "slat_ns" : {
          "min" : 66871,
          "max" : 1905389,
          "mean" : 148401.142090,
          "stddev" : 61555.957219
        },
        "clat_ns" : {
          "min" : 11380333,
          "max" : 3273322027,
          "mean" : 136177581.494876,
          "stddev" : 126657815.690940,
          "percentile" : {
            "1.000000" : 62652416,
            "5.000000" : 67633152,
            "10.000000" : 72876032,
            "20.000000" : 84410368,
            "30.000000" : 95944704,
            "40.000000" : 107479040,
            "50.000000" : 117964800,
            "60.000000" : 129499136,
            "70.000000" : 141557760,
            "80.000000" : 154140672,
            "90.000000" : 175112192,
            "95.000000" : 217055232,
            "99.000000" : 692060160,
            "99.500000" : 843055104,
            "99.900000" : 1920991232,
            "99.950000" : 2122317824,
            "99.990000" : 3103784960
          },
          "bins" : {
            "11337728" : 1,
            "18481152" : 1,
            "25034752" : 1,
            "29229056" : 1,
            "35389440" : 1,
            "42205184" : 1,
            "48496640" : 1,
            "52166656" : 1,
            "57409536" : 1,
            "57933824" : 1,
            "58458112" : 2,
            "58982400" : 3,
            "59506688" : 4,
            "60030976" : 7,
            "60555264" : 20,
            "61079552" : 17,
            "61603840" : 21,
            "62128128" : 43,
            "62652416" : 44,
            "63176704" : 56,
            "63700992" : 66,
            "64225280" : 59,
            "64749568" : 64,
            "65273856" : 59,
            "65798144" : 65,
            "66322432" : 56,
            "66846720" : 66,
            "67633152" : 130,
            "68681728" : 135,
            "69730304" : 144,
            "70778880" : 132,
            "71827456" : 129,
            "72876032" : 116,
            "73924608" : 126,
            "74973184" : 129,
            "76021760" : 145,
            "77070336" : 141,
            "78118912" : 130,
            "79167488" : 137,
            "80216064" : 128,
            "81264640" : 134,
            "82313216" : 137,
            "83361792" : 139,
            "84410368" : 131,
            "85458944" : 127,
            "86507520" : 136,
            "87556096" : 135,
            "88604672" : 146,
            "89653248" : 126,
            "90701824" : 109,
            "91750400" : 149,
            "92798976" : 124,
            "93847552" : 152,
            "94896128" : 130,
            "95944704" : 130,
            "96993280" : 121,
            "98041856" : 140,
            "99090432" : 155,
            "100139008" : 123,
            "101187584" : 110,
            "102236160" : 133,
            "103284736" : 151,
            "104333312" : 136,
            "105381888" : 131,
            "106430464" : 127,
            "107479040" : 134,
            "108527616" : 157,
            "109576192" : 129,
            "110624768" : 129,
            "111673344" : 148,
            "112721920" : 152,
            "113770496" : 130,
            "114819072" : 109,
            "115867648" : 141,
            "116916224" : 131,
            "117964800" : 148,
            "119013376" : 125,
            "120061952" : 142,
            "121110528" : 140,
            "122159104" : 119,
            "123207680" : 141,
            "124256256" : 143,
            "125304832" : 147,
            "126353408" : 125,
            "127401984" : 123,
            "128450560" : 128,
            "129499136" : 129,
            "130547712" : 127,
            "131596288" : 134,
            "132644864" : 117,
            "133693440" : 130,
            "135266304" : 269,
            "137363456" : 243,
            "139460608" : 249,
            "141557760" : 253,
            "143654912" : 253,
            "145752064" : 241,
            "147849216" : 228,
            "149946368" : 217,
            "152043520" : 186,
            "154140672" : 230,
            "156237824" : 185,
            "158334976" : 197,
            "160432128" : 174,
            "162529280" : 165,
            "164626432" : 146,
            "166723584" : 129,
            "168820736" : 135,
            "170917888" : 113,
            "173015040" : 90,
            "175112192" : 99,
            "177209344" : 90,
            "179306496" : 65,
            "181403648" : 55,
            "183500800" : 52,
            "185597952" : 50,
            "187695104" : 35,
            "189792256" : 37,
            "191889408" : 28,
            "193986560" : 24,
            "196083712" : 34,
            "198180864" : 22,
            "200278016" : 18,
            "202375168" : 27,
            "204472320" : 16,
            "206569472" : 14,
            "208666624" : 17,
            "210763776" : 19,
            "212860928" : 14,
            "214958080" : 8,
            "217055232" : 16,
            "219152384" : 14,
            "221249536" : 8,
            "223346688" : 11,
            "225443840" : 11,
            "227540992" : 14,
            "229638144" : 10,
            "231735296" : 11,
            "233832448" : 10,
            "235929600" : 8,
            "238026752" : 13,
            "240123904" : 11,
            "242221056" : 7,
            "244318208" : 7,
            "246415360" : 8,
            "248512512" : 3,
            "250609664" : 9,
            "252706816" : 5,