{
  "fio version" : "fio-3.8",
  "timestamp" : 1534342063,
  "timestamp_ms" : 1534342063222,
  "time" : "Wed Aug 15 07:07:43 2018",
  "jobs" : [
    {
      "jobname" : "wdpc",
      "groupid" : 0,
      "error" : 0,
      "eta" : 0,
      "elapsed" : 61,
      "job options" : {
        "ioengine" : "libaio",
        "group_reporting" : "1",
        "direct" : "1",
        "rw" : "randrw",
        "bs" : "1024KB",
        "numjobs" : "2",
        "iodepth" : "16",
        "size" : "75%",
        "name" : "wdpc",
        "random_distribution" : "random",
        "random_generator" : "tausworthe",
        "allrandrepeat" : "1",
        "randseed" : "101",
        "rwmixread" : "0",
        "time_based" : "1",
        "runtime" : "60s",
        "filename" : "/dev/sda"
      },
      "read" : {
        "io_bytes" : 0,
        "io_kbytes" : 0,
        "bw_bytes" : 0,
        "bw" : 0,
        "iops" : 0.000000,
        "runtime" : 0,
        "total_ios" : 0,
        "short_ios" : 0,
        "drop_ios" : 0,
        "slat_ns" : {
          "min" : 0,
          "max" : 0,
          "mean" : 0.000000,
          "stddev" : 0.000000
        },
        "clat_ns" : {
          "min" : 0,
          "max" : 0,
          "mean" : 0.000000,
          "stddev" : 0.000000,
          "percentile" : {
            "1.000000" : 0,
            "5.000000" : 0,
            "10.000000" : 0,
            "20.000000" : 0,
            "30.000000" : 0,
            "40.000000" : 0,
            "50.000000" : 0,
            "60.000000" : 0,
            "70.000000" : 0,
            "80.000000" : 0,
            "90.000000" : 0,
            "95.000000" : 0,
            "99.000000" : 0,
            "99.500000" : 0,
            "99.900000" : 0,
            "99.950000" : 0,
            "99.990000" : 0
          },
          "bins" : {

          }
        },
        "lat_ns" : {
          "min" : 0,
          "max" : 0,
          "mean" : 0.000000,
          "stddev" : 0.000000
        },
        "bw_min" : 0,
        "bw_max" : 0,
        "bw_agg" : 0.000000,
        "bw_mean" : 0.000000,
        "bw_dev" : 0.000000,
        "bw_samples" : 0,
        "iops_min" : 0,
        "iops_max" : 0,
        "iops_mean" : 0.000000,
        "iops_stddev" : 0.000000,
        "iops_samples" : 0
      },
      "write" : {
        "io_bytes" : 14163116032,
        "io_kbytes" : 13831168,
        "bw_bytes" : 234263720,
        "bw" : 228773,
        "iops" : 223.411294,
        "runtime" : 60458,
        "total_ios" : 13507,
        "short_ios" : 0,
        "drop_ios" : 0,
        "slat_ns" : {
          "min" : 66275,
          "max" : 1148586,
          "mean" : 158730.448878,
          "stddev" : 58783.708025
        },
        "clat_ns" : {
          "min" : 4546234,
          "max" : 1248706832,
          "mean" : 142941213.067372,
          "stddev" : 87560030.364899,
          "percentile" : {
            "1.000000" : 62652416,
            "5.000000" : 68681728,
            "10.000000" : 74973184,
            "20.000000" : 86507520,
            "30.000000" : 99090432,
            "40.000000" : 110624768,
            "50.000000" : 123207680,
            "60.000000" : 135266304,
            "70.000000" : 149946368,
            "80.000000" : 164626432,
            "90.000000" : 223346688,
            "95.000000" : 316669952,
            "99.000000" : 526385152,
            "99.500000" : 591396864,
            "99.900000" : 767557632,
            "99.950000" : 876609536,
            "99.990000" : 1249902592
          },
          "bins" : {
            "4554752" : 1,
            "8978432" : 1,
            "11862016" : 1,
            "16187392" : 1,
            "19005440" : 1,
            "23199744" : 1,
            "25821184" : 1,
            "29753344" : 1,
            "33816576" : 1,
            "38010880" : 1,
            "42205184" : 1,
            "46399488" : 1,
            "50069504" : 1,
            "54788096" : 1,
            "57933824" : 1,
            "58458112" : 1,
            "58982400" : 1,
            "59506688" : 2,
            "60030976" : 5,
            "60555264" : 9,
            "61079552" : 10,
            "61603840" : 19,
            "62128128" : 34,
            "62652416" : 43,
            "63176704" : 37,
            "63700992" : 51,
            "64225280" : 50,
            "64749568" : 45,
            "65273856" : 62,
            "65798144" : 54,
            "66322432" : 53,
            "66846720" : 55,
            "67633152" : 113,
            "68681728" : 120,
            "69730304" : 113,
            "70778880" : 106,
            "71827456" : 120,
            "72876032" : 108,
            "73924608" : 112,
            "74973184" : 121,
            "76021760" : 97,
            "77070336" : 108,
            "78118912" : 118,
            "79167488" : 120,
            "80216064" : 129,
            "81264640" : 117,
            "82313216" : 117,
            "83361792" : 95,
            "84410368" : 110,
            "85458944" : 127,
            "86507520" : 116,
            "87556096" : 118,
            "88604672" : 112,
            "89653248" : 115,
            "90701824" : 121,
            "91750400" : 114,
            "92798976" : 120,
            "93847552" : 109,
            "94896128" : 111,
            "95944704" : 116,
            "96993280" : 133,
            "98041856" : 122,
            "99090432" : 112,
            "100139008" : 134,
            "101187584" : 108,
            "102236160" : 128,
            "103284736" : 103,
            "104333312" : 123,
            "105381888" : 117,
            "106430464" : 120,
            "107479040" : 110,
            "108527616" : 100,
            "109576192" : 133,
            "110624768" : 115,
            "111673344" : 113,
            "112721920" : 120,
            "113770496" : 117,
            "114819072" : 105,
            "115867648" : 132,
            "116916224" : 110,
            "117964800" : 127,
            "119013376" : 129,
            "120061952" : 121,
            "121110528" : 114,
            "122159104" : 110,
            "123207680" : 114,
            "124256256" : 120,
            "125304832" : 99,
            "126353408" : 115,
            "127401984" : 120,
            "128450560" : 113,
            "129499136" : 117,
            "130547712" : 121,
            "131596288" : 112,
            "132644864" : 133,
            "133693440" : 86,
            "135266304" : 214,
            "137363456" : 227,
            "139460608" : 217,
            "141557760" : 222,
            "143654912" : 214,
            "145752064" : 200,
            "147849216" : 189,
            "149946368" : 210,
            "152043520" : 199,
            "154140672" : 180,
            "156237824" : 196,
            "158334976" : 158,
            "160432128" : 154,
            "162529280" : 148,
            "164626432" : 150,
            "166723584" : 112,
            "168820736" : 105,
            "170917888" : 108,
            "173015040" : 109,
            "175112192" : 89,
            "177209344" : 84,
            "179306496" : 71,
            "181403648" : 66,
            "183500800" : 67,
            "185597952" : 52,
            "187695104" : 47,
            "189792256" : 27,
            "191889408" : 41,
            "193986560" : 27,
            "196083712" : 37,
            "198180864" : 39,
            "200278016" : 25,
            "202375168" : 20,
            "204472320" : 22,
            "206569472" : 28,
            "208666624" : 20,
            "210763776" : 22,
            "212860928" : 17,
            "214958080" : 25,
            "217055232" : 7,
            "219152384" : 26,
            "221249536" : 23,
            "223346688" : 21,
            "225443840" : 18,
            "227540992" : 13,
            "229638144" : 17,
            "231735296" : 19,
            "233832448" : 19,
            "235929600" : 10,
            "238026752" : 14,
            "240123904" : 12,
            "242221056" : 17,