{
  "fio version" : "fio-3.8",
  "timestamp" : 1534378802,
  "timestamp_ms" : 1534378802588,
  "time" : "Wed Aug 15 17:20:02 2018",
  "jobs" : [
    {
      "jobname" : "wipc",
      "groupid" : 0,
      "error" : 0,
      "eta" : 0,
      "elapsed" : 8951,
      "job options" : {
        "ioengine" : "libaio",
        "group_reporting" : "1",
        "direct" : "1",
        "rw" : "write",
        "bs" : "128KB",
        "numjobs" : "2",
        "iodepth" : "16",
        "size" : "75%",
        "name" : "wipc",
        "io_size" : "512121028608B",
        "filename" : "/dev/sda"
      },
      "read" : {
        "io_bytes" : 0,
        "io_kbytes" : 0,
        "bw_bytes" : 0,
        "bw" : 0,
        "iops" : 0.000000,
        "runtime" : 0,
        "total_ios" : 0,
        "short_ios" : 0,
        "drop_ios" : 0,
        "slat_ns" : {
          "min" : 0,
          "max" : 0,
          "mean" : 0.000000,
          "stddev" : 0.000000
        },
        "clat_ns" : {
          "min" : 0,
          "max" : 0,
          "mean" : 0.000000,
          "stddev" : 0.000000,
          "percentile" : {
            "1.000000" : 0,
            "5.000000" : 0,
            "10.000000" : 0,
            "20.000000" : 0,
            "30.000000" : 0,
            "40.000000" : 0,
            "50.000000" : 0,
            "60.000000" : 0,
            "70.000000" : 0,
            "80.000000" : 0,
            "90.000000" : 0,
            "95.000000" : 0,
            "99.000000" : 0,
            "99.500000" : 0,
            "99.900000" : 0,
            "99.950000" : 0,
            "99.990000" : 0
          },
          "bins" : {

          }
        },
        "lat_ns" : {
          "min" : 0,
          "max" : 0,
          "mean" : 0.000000,
          "stddev" : 0.000000
        },
        "bw_min" : 0,
        "bw_max" : 0,
        "bw_agg" : 0.000000,
        "bw_mean" : 0.000000,
        "bw_dev" : 0.000000,
        "bw_samples" : 0,
        "iops_min" : 0,
        "iops_max" : 0,
        "iops_mean" : 0.000000,
        "iops_stddev" : 0.000000,
        "iops_samples" : 0
      },
      "write" : {
        "io_bytes" : 1024242221056,
        "io_kbytes" : 1000236544,
        "bw_bytes" : 114440778,
        "bw" : 111758,
        "iops" : 873.113850,
        "runtime" : 8949976,
        "total_ios" : 7814348,
        "short_ios" : 0,
        "drop_ios" : 0,
        "slat_ns" : {
          "min" : 6629,
          "max" : 4870345,
          "mean" : 30068.681227,
          "stddev" : 30904.452342
        },
        "clat_ns" : {
          "min" : 496698,
          "max" : 181227410,
          "mean" : 36613433.583380,
          "stddev" : 20188316.299188,
          "percentile" : {
            "1.000000" : 13041664,
            "5.000000" : 13565952,
            "10.000000" : 13828096,
            "20.000000" : 14483456,
            "30.000000" : 15269888,
            "40.000000" : 33816576,
            "50.000000" : 35913728,
            "60.000000" : 38535168,
            "70.000000" : 54263808,
            "80.000000" : 56885248,
            "90.000000" : 60555264,
            "95.000000" : 64749568,
            "99.000000" : 83361792,
            "99.500000" : 92798976,
            "99.900000" : 119013376,
            "99.950000" : 137363456,
            "99.990000" : 160432128
          },
          "bins" : {
            "497664" : 1,
            "1269760" : 2,
            "1941504" : 1,
            "2277376" : 1,
            "2605056" : 1,
            "3162112" : 1,
            "3522560" : 1,
            "3850240" : 1,
            "4177920" : 1,
            "5144576" : 1,
            "5406720" : 1,
            "5537792" : 2,
            "5668864" : 1,
            "5799936" : 1,
            "5865472" : 1,
            "5996544" : 1,
            "6062080" : 4,
            "6127616" : 7,
            "6193152" : 4,
            "6258688" : 4,
            "6324224" : 2,
            "6389760" : 5,
            "6455296" : 6,
            "6520832" : 14,
            "6586368" : 13,
            "6651904" : 17,
            "6717440" : 10,
            "6782976" : 16,
            "6848512" : 9,
            "6914048" : 11,
            "6979584" : 14,
            "7045120" : 11,
            "7110656" : 23,
            "7176192" : 24,
            "7241728" : 22,
            "7307264" : 8,
            "7372800" : 9,
            "7438336" : 6,
            "7503872" : 12,
            "7569408" : 9,
            "7634944" : 6,
            "7700480" : 7,
            "7766016" : 9,
            "7831552" : 9,
            "7897088" : 5,
            "7962624" : 5,
            "8093696" : 1,
            "8159232" : 14,
            "8224768" : 14,
            "8290304" : 8,
            "8355840" : 1,
            "8454144" : 4,
            "8585216" : 8,
            "8716288" : 4,
            "8847360" : 5,
            "8978432" : 2,
            "9109504" : 4,
            "9240576" : 1,
            "9371648" : 2,
            "9502720" : 1,
            "9764864" : 2,
            "9895936" : 5,
            "10027008" : 3,
            "10158080" : 6,
            "10289152" : 4,
            "10420224" : 4,
            "10551296" : 10,
            "10682368" : 5,
            "10813440" : 7,
            "10944512" : 11,
            "11075584" : 12,
            "11206656" : 29,
            "11337728" : 34,
            "11468800" : 74,
            "11599872" : 170,
            "11730944" : 208,
            "11862016" : 283,
            "11993088" : 337,
            "12124160" : 501,
            "12255232" : 797,
            "12386304" : 1511,
            "12517376" : 3115,
            "12648448" : 6729,
            "12779520" : 14502,
            "12910592" : 28317,
            "13041664" : 47313,
            "13172736" : 68292,
            "13303808" : 89995,
            "13434880" : 109400,
            "13565952" : 129289,
            "13697024" : 152152,
            "13828096" : 169970,
            "13959168" : 179122,
            "14090240" : 180978,
            "14221312" : 178900,
            "14352384" : 169016,
            "14483456" : 153054,
            "14614528" : 140926,
            "14745600" : 131130,
            "14876672" : 123941,
            "15007744" : 115009,
            "15138816" : 104673,
            "15269888" : 96004,
            "15400960" : 86115,
            "15532032" : 74954,
            "15663104" : 64783,
            "15794176" : 52796,
            "15925248" : 41968,
            "16056320" : 33792,
            "16187392" : 26168,
            "16318464" : 21210,
            "16449536" : 16802,
            "16580608" : 13226,
            "16711680" : 10425,
            "16908288" : 15245,
            "17170432" : 8947,
            "17432576" : 5296,
            "17694720" : 3175,
            "17956864" : 2113,
            "18219008" : 1552,
            "18481152" : 1369,
            "18743296" : 1107,
            "19005440" : 1066,
            "19267584" : 964,
            "19529728" : 853,
            "19791872" : 1006,
            "20054016" : 826,
            "20316160" : 879,
            "20578304" : 750,
            "20840448" : 717,
            "21102592" : 614,
            "21364736" : 471,
            "21626880" : 417,
            "21889024" : 348,
            "22151168" : 220,
            "22413312" : 163,
            "22675456" : 108,
            "22937600" : 111,
            "23199744" : 62,
            "23461888" : 47,
            "23724032" : 50,
            "23986176" : 50,
            "24248320" : 47,
            "24510464" : 71,
            "24772608" : 68,
            "25034752" : 102,
            "25296896" : 173,
            "25559040" : 253,
            "25821184" : 380,
            "26083328" : 561,
            "26345472" : 777,
            "26607616" : 1138,
            "26869760" : 1624,
            "27131904" : 2022,
            "27394048" : 2022,
            "27656192" : 1803,
            "27918336" : 1958,
            "28180480" : 1821,