{
  "fio version" : "fio-3.8",
  "timestamp" : 1537129937,
  "timestamp_ms" : 1537129937912,
  "time" : "Sun Sep 16 13:32:17 2018",
  "jobs" : [
    {
      "jobname" : "wdpc",
      "groupid" : 0,
      "error" : 0,
      "eta" : 0,
      "elapsed" : 61,
      "job options" : {
        "ioengine" : "libaio",
        "group_reporting" : "1",
        "direct" : "1",
        "rw" : "readwrite",
        "bs" : "8KB",
        "numjobs" : "1",
        "iodepth" : "1",
        "size" : "75%",
        "name" : "wdpc",
        "random_distribution" : "random",
        "random_generator" : "tausworthe",
        "allrandrepeat" : "1",
        "randseed" : "101",
        "rwmixread" : "0",
        "time_based" : "1",
        "runtime" : "60s",
        "filename" : "/dev/sda"
      },
      "read" : {
        "io_bytes" : 0,
        "io_kbytes" : 0,
        "bw_bytes" : 0,
        "bw" : 0,
        "iops" : 0.000000,
        "runtime" : 0,
        "total_ios" : 0,
        "short_ios" : 0,
        "drop_ios" : 0,
        "slat_ns" : {
          "min" : 0,
          "max" : 0,
          "mean" : 0.000000,
          "stddev" : 0.000000
        },
        "clat_ns" : {
          "min" : 0,
          "max" : 0,
          "mean" : 0.000000,
          "stddev" : 0.000000,
          "percentile" : {
            "1.000000" : 0,
            "5.000000" : 0,
            "10.000000" : 0,
            "20.000000" : 0,
            "30.000000" : 0,
            "40.000000" : 0,
            "50.000000" : 0,
            "60.000000" : 0,
            "70.000000" : 0,
            "80.000000" : 0,
            "90.000000" : 0,
            "95.000000" : 0,
            "99.000000" : 0,
            "99.500000" : 0,
            "99.900000" : 0,
            "99.950000" : 0,
            "99.990000" : 0
          },
          "bins" : {

          }
        },
        "lat_ns" : {
          "min" : 0,
          "max" : 0,
          "mean" : 0.000000,
          "stddev" : 0.000000
        },
        "bw_min" : 0,
        "bw_max" : 0,
        "bw_agg" : 0.000000,
        "bw_mean" : 0.000000,
        "bw_dev" : 0.000000,
        "bw_samples" : 0,
        "iops_min" : 0,
        "iops_max" : 0,
        "iops_mean" : 0.000000,
        "iops_stddev" : 0.000000,
        "iops_samples" : 0
      },
      "write" : {
        "io_bytes" : 4050288640,
        "io_kbytes" : 3955360,
        "bw_bytes" : 67503685,
        "bw" : 65921,
        "iops" : 8240.195997,
        "runtime" : 60001,
        "total_ios" : 494420,
        "short_ios" : 0,
        "drop_ios" : 0,
        "slat_ns" : {
          "min" : 7011,
          "max" : 63694,
          "mean" : 9724.633923,
          "stddev" : 4250.100195
        },
        "clat_ns" : {
          "min" : 58485,
          "max" : 13244352,
          "mean" : 110106.170604,
          "stddev" : 72179.872731,
          "percentile" : {
            "1.000000" : 93696,
            "5.000000" : 98816,
            "10.000000" : 101888,
            "20.000000" : 110080,
            "30.000000" : 110080,
            "40.000000" : 111104,
            "50.000000" : 111104,
            "60.000000" : 111104,
            "70.000000" : 111104,
            "80.000000" : 111104,
            "90.000000" : 112128,
            "95.000000" : 114176,
            "99.000000" : 122368,
            "99.500000" : 123392,
            "99.900000" : 128512,
            "99.950000" : 130560,
            "99.990000" : 140288
          },
          "bins" : {
            "58624" : 1,
            "71168" : 2,
            "72192" : 48,
            "73216" : 233,
            "74240" : 111,
            "75264" : 125,
            "76288" : 189,
            "77312" : 227,
            "78336" : 247,
            "79360" : 239,
            "80384" : 224,
            "81408" : 165,
            "82432" : 94,
            "83456" : 59,
            "84480" : 46,
            "85504" : 31,
            "86528" : 26,
            "87552" : 121,
            "88576" : 113,
            "89600" : 260,
            "90624" : 188,
            "91648" : 30,
            "92672" : 730,
            "93696" : 3008,
            "94720" : 1972,
            "95744" : 1157,
            "96768" : 4188,
            "97792" : 6016,
            "98816" : 7749,
            "99840" : 4978,
            "100864" : 12526,
            "101888" : 11373,
            "102912" : 5591,
            "103936" : 7086,
            "104960" : 6880,
            "105984" : 2703,
            "107008" : 1909,
            "108032" : 1896,
            "109056" : 12440,
            "110080" : 82312,
            "111104" : 232490,
            "112128" : 55263,
            "113152" : 3446,
            "114176" : 1220,
            "115200" : 1183,
            "116224" : 1153,
            "117248" : 1417,
            "118272" : 4956,
            "119296" : 5151,
            "120320" : 1592,
            "121344" : 1688,
            "122368" : 2953,
            "123392" : 2762,
            "124416" : 618,
            "125440" : 217,
            "126464" : 209,
            "127488" : 221,
            "128512" : 168,
            "129536" : 170,
            "130560" : 142,
            "132096" : 50,
            "134144" : 4,
            "136192" : 2,
            "138240" : 1,
            "140288" : 2,
            "142336" : 3,
            "144384" : 2,
            "148480" : 2,
            "154624" : 1,
            "156672" : 1,
            "158720" : 3,
            "160768" : 1,
            "164864" : 1,
            "179200" : 1,
            "181248" : 1,
            "183296" : 2,
            "205824" : 1,
            "544768" : 1,
            "577536" : 1,
            "651264" : 1,
            "798720" : 1,
            "1105920" : 1,
            "1138688" : 2,
            "1171456" : 1,
            "1204224" : 3,
            "1236992" : 1,
            "1253376" : 1,
            "1335296" : 1,
            "1351680" : 1,
            "13041664" : 5,
            "13172736" : 9,
            "13303808" : 1
          }
        },
        "lat_ns" : {
          "min" : 80264,
          "max" : 13252562,
          "mean" : 120061.208558,
          "stddev" : 72107.916318
        },
        "bw_min" : 63232,
        "bw_max" : 66640,
        "bw_agg" : 99.991268,
        "bw_mean" : 65915.243697,
        "bw_dev" : 825.268153,
        "bw_samples" : 119,
        "iops_min" : 7904,
        "iops_max" : 8330,
        "iops_mean" : 8239.394958,
        "iops_stddev" : 103.169042,
        "iops_samples" : 119
      },
      "trim" : {
        "io_bytes" : 0,
        "io_kbytes" : 0,
        "bw_bytes" : 0,
        "bw" : 0,
        "iops" : 0.000000,
        "runtime" : 0,
        "total_ios" : 0,
        "short_ios" : 0,
        "drop_ios" : 0,
        "slat_ns" : {
          "min" : 0,
          "max" : 0,
          "mean" : 0.000000,
          "stddev" : 0.000000
        },
        "clat_ns" : {
          "min" : 0,
          "max" : 0,
          "mean" : 0.000000,
          "stddev" : 0.000000,
          "percentile" : {
            "1.000000" : 0,
            "5.000000" : 0,
            "10.000000" : 0,
            "20.000000" : 0,
            "30.000000" : 0,
            "40.000000" : 0,
            "50.000000" : 0,
            "60.000000" : 0,
            "70.000000" : 0,
            "80.000000" : 0,
            "90.000000" : 0,
            "95.000000" : 0,
            "99.000000" : 0,
            "99.500000" : 0,
            "99.900000" : 0,
            "99.950000" : 0,
            "99.990000" : 0
          },
          "bins" : {

          }
        },
        "lat_ns" : {
          "min" : 0,
          "max" : 0,
          "mean" : 0.000000,
          "stddev" : 0.000000
        },
        "bw_min" : 0,
        "bw_max" : 0,
        "bw_agg" : 0.000000,
        "bw_mean" : 0.000000,
        "bw_dev" : 0.000000,
        "bw_samples" : 0,
        "iops_min" : 0,
        "iops_max" : 0,
        "iops_mean" : 0.000000,
        "iops_stddev" : 0.000000,