{
  "fio version" : "fio-3.8",
  "timestamp" : 1537131910,
  "timestamp_ms" : 1537131910348,
  "time" : "Sun Sep 16 14:05:10 2018",
  "jobs" : [
    {
      "jobname" : "wdpc",
      "groupid" : 0,
      "error" : 0,
      "eta" : 0,
      "elapsed" : 61,
      "job options" : {
        "ioengine" : "libaio",
        "group_reporting" : "1",
        "direct" : "1",
        "rw" : "readwrite",
        "bs" : "512B",
        "numjobs" : "1",
        "iodepth" : "1",
        "size" : "75%",
        "name" : "wdpc",
        "random_distribution" : "random",
        "random_generator" : "tausworthe",
        "allrandrepeat" : "1",
        "randseed" : "101",
        "rwmixread" : "0",
        "time_based" : "1",
        "runtime" : "60s",
        "filename" : "/dev/sda"
      },
      "read" : {
        "io_bytes" : 0,
        "io_kbytes" : 0,
        "bw_bytes" : 0,
        "bw" : 0,
        "iops" : 0.000000,
        "runtime" : 0,
        "total_ios" : 0,
        "short_ios" : 0,
        "drop_ios" : 0,
        "slat_ns" : {
          "min" : 0,
          "max" : 0,
          "mean" : 0.000000,
          "stddev" : 0.000000
        },
        "clat_ns" : {
          "min" : 0,
          "max" : 0,
          "mean" : 0.000000,
          "stddev" : 0.000000,
          "percentile" : {
            "1.000000" : 0,
            "5.000000" : 0,
            "10.000000" : 0,
            "20.000000" : 0,
            "30.000000" : 0,
            "40.000000" : 0,
            "50.000000" : 0,
            "60.000000" : 0,
            "70.000000" : 0,
            "80.000000" : 0,
            "90.000000" : 0,
            "95.000000" : 0,
            "99.000000" : 0,
            "99.500000" : 0,
            "99.900000" : 0,
            "99.950000" : 0,
            "99.990000" : 0
          },
          "bins" : {

          }
        },
        "lat_ns" : {
          "min" : 0,
          "max" : 0,
          "mean" : 0.000000,
          "stddev" : 0.000000
        },
        "bw_min" : 0,
        "bw_max" : 0,
        "bw_agg" : 0.000000,
        "bw_mean" : 0.000000,
        "bw_dev" : 0.000000,
        "bw_samples" : 0,
        "iops_min" : 0,
        "iops_max" : 0,
        "iops_mean" : 0.000000,
        "iops_stddev" : 0.000000,
        "iops_samples" : 0
      },
      "write" : {
        "io_bytes" : 377724928,
        "io_kbytes" : 368872,
        "bw_bytes" : 6295310,
        "bw" : 6147,
        "iops" : 12295.528408,
        "runtime" : 60001,
        "total_ios" : 737744,
        "short_ios" : 0,
        "drop_ios" : 0,
        "slat_ns" : {
          "min" : 6776,
          "max" : 54915,
          "mean" : 8035.388059,
          "stddev" : 1622.896063
        },
        "clat_ns" : {
          "min" : 10694,
          "max" : 23312920,
          "mean" : 72039.179283,
          "stddev" : 75059.307961,
          "percentile" : {
            "1.000000" : 59136,
            "5.000000" : 67072,
            "10.000000" : 70144,
            "20.000000" : 71168,
            "30.000000" : 71168,
            "40.000000" : 71168,
            "50.000000" : 71168,
            "60.000000" : 71168,
            "70.000000" : 71168,
            "80.000000" : 71168,
            "90.000000" : 72192,
            "95.000000" : 72192,
            "99.000000" : 83456,
            "99.500000" : 83456,
            "99.900000" : 112128,
            "99.950000" : 218112,
            "99.990000" : 2310144
          },
          "bins" : {
            "10688" : 1,
            "39680" : 1,
            "41216" : 1,
            "45312" : 1,
            "49920" : 3,
            "50944" : 1,
            "51968" : 2,
            "52480" : 6,
            "52992" : 3,
            "53504" : 27,
            "54016" : 51,
            "54528" : 69,
            "55040" : 73,
            "55552" : 45,
            "56064" : 43,
            "56576" : 71,
            "57088" : 258,
            "57600" : 521,
            "58112" : 1465,
            "58624" : 4384,
            "59136" : 6376,
            "59648" : 4678,
            "60160" : 2696,
            "60672" : 2271,
            "61184" : 1763,
            "61696" : 1443,
            "62208" : 1274,
            "62720" : 1001,
            "63232" : 888,
            "63744" : 893,
            "64256" : 852,
            "64768" : 877,
            "65280" : 885,
            "66048" : 2094,
            "67072" : 2418,
            "68096" : 2335,
            "69120" : 15809,
            "70144" : 53484,
            "71168" : 495197,
            "72192" : 97870,
            "73216" : 8276,
            "74240" : 1681,
            "75264" : 1611,
            "76288" : 1779,
            "77312" : 1544,
            "78336" : 1617,
            "79360" : 1729,
            "80384" : 2402,
            "81408" : 2351,
            "82432" : 3683,
            "83456" : 5275,
            "84480" : 654,
            "85504" : 71,
            "86528" : 26,
            "87552" : 21,
            "88576" : 24,
            "89600" : 13,
            "90624" : 17,
            "91648" : 23,
            "92672" : 17,
            "93696" : 27,
            "94720" : 23,
            "95744" : 13,
            "96768" : 31,
            "97792" : 83,
            "98816" : 75,
            "99840" : 41,
            "100864" : 25,
            "101888" : 20,
            "102912" : 20,
            "103936" : 20,
            "104960" : 19,
            "105984" : 10,
            "107008" : 12,
            "108032" : 40,
            "109056" : 85,
            "110080" : 1192,
            "111104" : 303,
            "112128" : 45,
            "113152" : 11,
            "114176" : 7,
            "115200" : 15,
            "116224" : 13,
            "117248" : 11,
            "118272" : 11,
            "119296" : 6,
            "120320" : 6,
            "121344" : 8,
            "122368" : 17,
            "123392" : 4,
            "124416" : 9,
            "125440" : 10,
            "126464" : 11,
            "127488" : 4,
            "128512" : 7,
            "129536" : 4,
            "130560" : 8,
            "132096" : 16,
            "134144" : 14,
            "136192" : 15,
            "138240" : 22,
            "140288" : 16,
            "142336" : 14,
            "144384" : 9,
            "146432" : 7,
            "148480" : 7,
            "150528" : 7,
            "152576" : 2,
            "154624" : 8,
            "156672" : 4,
            "158720" : 6,
            "160768" : 2,
            "164864" : 4,
            "166912" : 2,
            "168960" : 4,
            "171008" : 1,
            "173056" : 6,
            "177152" : 1,
            "179200" : 1,
            "181248" : 3,
            "187392" : 1,
            "189440" : 1,
            "193536" : 4,
            "195584" : 1,
            "201728" : 1,
            "203776" : 1,
            "211968" : 1,
            "214016" : 1,
            "216064" : 3,
            "218112" : 1,
            "220160" : 1,
            "226304" : 1,
            "228352" : 1,
            "230400" : 3,
            "232448" : 1,
            "236544" : 1,
            "240640" : 1,
            "242688" : 1,
            "246784" : 1,
            "250880" : 3,
            "252928" : 1,
            "254976" : 4,
            "261120" : 1,
            "268288" : 1,
            "288768" : 2,
            "292864" : 2,
            "296960" : 1,
            "301056" : 3,
            "305152" : 3,
            "309248" : 2,
            "313344" : 4,
            "317440" : 1,
            "329728" : 3,
            "333824" : 2,
            "337920" : 1,
            "342016" : 1,
            "350208" : 2,
            "354304" : 1,
            "362496" : 2,
            "382976" : 2,
            "387072" : 3,
            "391168" : 1,
            "395264" : 2,
            "399360" : 2,
            "411648" : 3,
            "415744" : 3,
            "419840" : 1,
            "423936" : 1,
            "428032" : 1,
            "432128" : 2,