{
  "fio version" : "fio-3.8",
  "timestamp" : 1537131972,
  "timestamp_ms" : 1537131972722,
  "time" : "Sun Sep 16 14:06:12 2018",
  "jobs" : [
    {
      "jobname" : "wdpc",
      "groupid" : 0,
      "error" : 0,
      "eta" : 0,
      "elapsed" : 61,
      "job options" : {
        "ioengine" : "libaio",
        "group_reporting" : "1",
        "direct" : "1",
        "rw" : "readwrite",
        "bs" : "512B",
        "numjobs" : "1",
        "iodepth" : "1",
        "size" : "75%",
        "name" : "wdpc",
        "random_distribution" : "random",
        "random_generator" : "tausworthe",
        "allrandrepeat" : "1",
        "randseed" : "101",
        "rwmixread" : "0",
        "time_based" : "1",
        "runtime" : "60s",
        "filename" : "/dev/sda"
      },
      "read" : {
        "io_bytes" : 0,
        "io_kbytes" : 0,
        "bw_bytes" : 0,
        "bw" : 0,
        "iops" : 0.000000,
        "runtime" : 0,
        "total_ios" : 0,
        "short_ios" : 0,
        "drop_ios" : 0,
        "slat_ns" : {
          "min" : 0,
          "max" : 0,
          "mean" : 0.000000,
          "stddev" : 0.000000
        },
        "clat_ns" : {
          "min" : 0,
          "max" : 0,
          "mean" : 0.000000,
          "stddev" : 0.000000,
          "percentile" : {
            "1.000000" : 0,
            "5.000000" : 0,
            "10.000000" : 0,
            "20.000000" : 0,
            "30.000000" : 0,
            "40.000000" : 0,
            "50.000000" : 0,
            "60.000000" : 0,
            "70.000000" : 0,
            "80.000000" : 0,
            "90.000000" : 0,
            "95.000000" : 0,
            "99.000000" : 0,
            "99.500000" : 0,
            "99.900000" : 0,
            "99.950000" : 0,
            "99.990000" : 0
          },
          "bins" : {

          }
        },
        "lat_ns" : {
          "min" : 0,
          "max" : 0,
          "mean" : 0.000000,
          "stddev" : 0.000000
        },
        "bw_min" : 0,
        "bw_max" : 0,
        "bw_agg" : 0.000000,
        "bw_mean" : 0.000000,
        "bw_dev" : 0.000000,
        "bw_samples" : 0,
        "iops_min" : 0,
        "iops_max" : 0,
        "iops_mean" : 0.000000,
        "iops_stddev" : 0.000000,
        "iops_samples" : 0
      },
      "write" : {
        "io_bytes" : 378650112,
        "io_kbytes" : 369775,
        "bw_bytes" : 6310730,
        "bw" : 6162,
        "iops" : 12325.644573,
        "runtime" : 60001,
        "total_ios" : 739551,
        "short_ios" : 0,
        "drop_ios" : 0,
        "slat_ns" : {
          "min" : 6606,
          "max" : 72280,
          "mean" : 7906.191361,
          "stddev" : 1441.719850
        },
        "clat_ns" : {
          "min" : 5740,
          "max" : 23291875,
          "mean" : 71965.431147,
          "stddev" : 69145.539285,
          "percentile" : {
            "1.000000" : 59648,
            "5.000000" : 67072,
            "10.000000" : 70144,
            "20.000000" : 71168,
            "30.000000" : 71168,
            "40.000000" : 71168,
            "50.000000" : 71168,
            "60.000000" : 71168,
            "70.000000" : 71168,
            "80.000000" : 72192,
            "90.000000" : 72192,
            "95.000000" : 73216,
            "99.000000" : 82432,
            "99.500000" : 83456,
            "99.900000" : 111104,
            "99.950000" : 140288,
            "99.990000" : 2211840
          },
          "bins" : {
            "5728" : 1,
            "30592" : 1,
            "42240" : 1,
            "46848" : 2,
            "47872" : 2,
            "49408" : 1,
            "50432" : 1,
            "50944" : 2,
            "51456" : 1,
            "51968" : 3,
            "52480" : 7,
            "52992" : 3,
            "53504" : 38,
            "54016" : 74,
            "54528" : 114,
            "55040" : 119,
            "55552" : 90,
            "56064" : 68,
            "56576" : 63,
            "57088" : 80,
            "57600" : 130,
            "58112" : 421,
            "58624" : 1582,
            "59136" : 2768,
            "59648" : 2725,
            "60160" : 2442,
            "60672" : 2548,
            "61184" : 1987,
            "61696" : 1181,
            "62208" : 959,
            "62720" : 1032,
            "63232" : 1422,
            "63744" : 1639,
            "64256" : 1823,
            "64768" : 1822,
            "65280" : 1847,
            "66048" : 4928,
            "67072" : 11882,
            "68096" : 8402,
            "69120" : 4981,
            "70144" : 60907,
            "71168" : 407363,
            "72192" : 159299,
            "73216" : 28329,
            "74240" : 6663,
            "75264" : 3151,
            "76288" : 1328,
            "77312" : 1110,
            "78336" : 1111,
            "79360" : 1100,
            "80384" : 1448,
            "81408" : 1559,
            "82432" : 2085,
            "83456" : 3572,
            "84480" : 951,
            "85504" : 147,
            "86528" : 55,
            "87552" : 30,
            "88576" : 23,
            "89600" : 20,
            "90624" : 21,
            "91648" : 15,
            "92672" : 22,
            "93696" : 25,
            "94720" : 24,
            "95744" : 14,
            "96768" : 15,
            "97792" : 48,
            "98816" : 57,
            "99840" : 37,
            "100864" : 19,
            "101888" : 23,
            "102912" : 22,
            "103936" : 23,
            "104960" : 18,
            "105984" : 42,
            "107008" : 32,
            "108032" : 24,
            "109056" : 52,
            "110080" : 705,
            "111104" : 232,
            "112128" : 83,
            "113152" : 18,
            "114176" : 14,
            "115200" : 6,
            "116224" : 6,
            "117248" : 8,
            "118272" : 10,
            "119296" : 9,
            "120320" : 4,
            "121344" : 6,
            "122368" : 11,
            "123392" : 6,
            "124416" : 2,
            "125440" : 3,
            "126464" : 3,
            "127488" : 10,
            "128512" : 7,
            "129536" : 6,
            "130560" : 7,
            "132096" : 13,
            "134144" : 8,
            "136192" : 9,
            "138240" : 11,
            "140288" : 14,
            "142336" : 10,
            "144384" : 7,
            "146432" : 9,
            "148480" : 3,
            "150528" : 1,
            "152576" : 3,
            "154624" : 7,
            "156672" : 8,
            "158720" : 5,
            "160768" : 2,
            "162816" : 2,
            "168960" : 1,
            "171008" : 1,
            "177152" : 1,
            "179200" : 1,
            "185344" : 3,
            "197632" : 3,
            "201728" : 1,
            "203776" : 1,
            "205824" : 1,
            "207872" : 1,
            "209920" : 1,
            "214016" : 3,
            "216064" : 3,
            "218112" : 2,
            "220160" : 2,
            "226304" : 1,
            "228352" : 2,
            "230400" : 2,
            "234496" : 1,
            "236544" : 1,
            "242688" : 2,
            "246784" : 1,
            "252928" : 1,
            "259072" : 1,
            "261120" : 1,
            "264192" : 1,
            "268288" : 2,
            "280576" : 1,
            "284672" : 3,
            "288768" : 2,
            "292864" : 1,
            "296960" : 1,
            "301056" : 1,
            "321536" : 2,
            "329728" : 2,
            "342016" : 1,
            "346112" : 1,
            "354304" : 1,
            "366592" : 3,
            "370688" : 1,
            "382976" : 1,
            "395264" : 2,
            "411648" : 1,
            "423936" : 1,
            "432128" : 2,
            "444416" : 2,
            "448512" : 2,
            "452608" : 1,
            "460800" : 1,
            "468992" : 1,
            "473088" : 1,
            "477184" : 2,
            "481280" : 1,
            "489472" : 1,