{
  "fio version" : "fio-3.8",
  "timestamp" : 1537130000,
  "timestamp_ms" : 1537130000431,
  "time" : "Sun Sep 16 13:33:20 2018",
  "jobs" : [
    {
      "jobname" : "wdpc",
      "groupid" : 0,
      "error" : 0,
      "eta" : 0,
      "elapsed" : 61,
      "job options" : {
        "ioengine" : "libaio",
        "group_reporting" : "1",
        "direct" : "1",
        "rw" : "readwrite",
        "bs" : "8KB",
        "numjobs" : "1",
        "iodepth" : "1",
        "size" : "75%",
        "name" : "wdpc",
        "random_distribution" : "random",
        "random_generator" : "tausworthe",
        "allrandrepeat" : "1",
        "randseed" : "101",
        "rwmixread" : "0",
        "time_based" : "1",
        "runtime" : "60s",
        "filename" : "/dev/sda"
      },
      "read" : {
        "io_bytes" : 0,
        "io_kbytes" : 0,
        "bw_bytes" : 0,
        "bw" : 0,
        "iops" : 0.000000,
        "runtime" : 0,
        "total_ios" : 0,
        "short_ios" : 0,
        "drop_ios" : 0,
        "slat_ns" : {
          "min" : 0,
          "max" : 0,
          "mean" : 0.000000,
          "stddev" : 0.000000
        },
        "clat_ns" : {
          "min" : 0,
          "max" : 0,
          "mean" : 0.000000,
          "stddev" : 0.000000,
          "percentile" : {
            "1.000000" : 0,
            "5.000000" : 0,
            "10.000000" : 0,
            "20.000000" : 0,
            "30.000000" : 0,
            "40.000000" : 0,
            "50.000000" : 0,
            "60.000000" : 0,
            "70.000000" : 0,
            "80.000000" : 0,
            "90.000000" : 0,
            "95.000000" : 0,
            "99.000000" : 0,
            "99.500000" : 0,
            "99.900000" : 0,
            "99.950000" : 0,
            "99.990000" : 0
          },
          "bins" : {

          }
        },
        "lat_ns" : {
          "min" : 0,
          "max" : 0,
          "mean" : 0.000000,
          "stddev" : 0.000000
        },
        "bw_min" : 0,
        "bw_max" : 0,
        "bw_agg" : 0.000000,
        "bw_mean" : 0.000000,
        "bw_dev" : 0.000000,
        "bw_samples" : 0,
        "iops_min" : 0,
        "iops_max" : 0,
        "iops_mean" : 0.000000,
        "iops_stddev" : 0.000000,
        "iops_samples" : 0
      },
      "write" : {
        "io_bytes" : 4104019968,
        "io_kbytes" : 4007832,
        "bw_bytes" : 68399192,
        "bw" : 66796,
        "iops" : 8349.510841,
        "runtime" : 60001,
        "total_ios" : 500979,
        "short_ios" : 0,
        "drop_ios" : 0,
        "slat_ns" : {
          "min" : 5576,
          "max" : 61041,
          "mean" : 6319.116192,
          "stddev" : 648.791613
        },
        "clat_ns" : {
          "min" : 57318,
          "max" : 13125139,
          "mean" : 112050.461349,
          "stddev" : 73449.201675,
          "percentile" : {
            "1.000000" : 73216,
            "5.000000" : 109056,
            "10.000000" : 112128,
            "20.000000" : 112128,
            "30.000000" : 112128,
            "40.000000" : 113152,
            "50.000000" : 113152,
            "60.000000" : 113152,
            "70.000000" : 113152,
            "80.000000" : 113152,
            "90.000000" : 113152,
            "95.000000" : 113152,
            "99.000000" : 116224,
            "99.500000" : 119296,
            "99.900000" : 124416,
            "99.950000" : 125440,
            "99.990000" : 148480
          },
          "bins" : {
            "57088" : 1,
            "63232" : 1,
            "67072" : 5,
            "68096" : 2,
            "70144" : 1,
            "72192" : 46,
            "73216" : 9631,
            "74240" : 550,
            "75264" : 530,
            "76288" : 1705,
            "77312" : 388,
            "78336" : 181,
            "79360" : 190,
            "80384" : 171,
            "81408" : 181,
            "82432" : 175,
            "83456" : 109,
            "84480" : 173,
            "85504" : 99,
            "86528" : 8,
            "87552" : 11,
            "88576" : 3,
            "89600" : 2,
            "90624" : 2,
            "91648" : 4,
            "92672" : 2,
            "93696" : 24,
            "94720" : 78,
            "95744" : 78,
            "96768" : 85,
            "97792" : 67,
            "98816" : 76,
            "99840" : 389,
            "100864" : 1299,
            "101888" : 515,
            "102912" : 480,
            "103936" : 634,
            "104960" : 855,
            "105984" : 1033,
            "107008" : 917,
            "108032" : 1252,
            "109056" : 3601,
            "110080" : 2390,
            "111104" : 2143,
            "112128" : 144144,
            "113152" : 317371,
            "114176" : 1757,
            "115200" : 1828,
            "116224" : 2040,
            "117248" : 465,
            "118272" : 453,
            "119296" : 466,
            "120320" : 474,
            "121344" : 402,
            "122368" : 257,
            "123392" : 231,
            "124416" : 647,
            "125440" : 201,
            "126464" : 13,
            "127488" : 6,
            "128512" : 4,
            "129536" : 4,
            "130560" : 5,
            "132096" : 4,
            "134144" : 1,
            "136192" : 3,
            "138240" : 5,
            "140288" : 12,
            "142336" : 5,
            "144384" : 16,
            "146432" : 23,
            "148480" : 6,
            "150528" : 1,
            "154624" : 5,
            "158720" : 2,
            "162816" : 1,
            "173056" : 1,
            "177152" : 1,
            "185344" : 1,
            "203776" : 2,
            "205824" : 1,
            "216064" : 1,
            "651264" : 1,
            "708608" : 1,
            "716800" : 2,
            "790528" : 1,
            "978944" : 1,
            "1171456" : 1,
            "1187840" : 2,
            "1204224" : 2,
            "1236992" : 2,
            "1269760" : 2,
            "1286144" : 1,
            "1302528" : 1,
            "12910592" : 2,
            "13041664" : 13,
            "13172736" : 1
          }
        },
        "lat_ns" : {
          "min" : 78855,
          "max" : 13131412,
          "mean" : 118556.667753,
          "stddev" : 73447.722912
        },
        "bw_min" : 64736,
        "bw_max" : 67584,
        "bw_agg" : 99.996528,
        "bw_mean" : 66793.680672,
        "bw_dev" : 670.928018,
        "bw_samples" : 119,
        "iops_min" : 8092,
        "iops_max" : 8448,
        "iops_mean" : 8349.210084,
        "iops_stddev" : 83.866002,
        "iops_samples" : 119
      },
      "trim" : {
        "io_bytes" : 0,
        "io_kbytes" : 0,
        "bw_bytes" : 0,
        "bw" : 0,
        "iops" : 0.000000,
        "runtime" : 0,
        "total_ios" : 0,
        "short_ios" : 0,
        "drop_ios" : 0,
        "slat_ns" : {
          "min" : 0,
          "max" : 0,
          "mean" : 0.000000,
          "stddev" : 0.000000
        },
        "clat_ns" : {
          "min" : 0,
          "max" : 0,
          "mean" : 0.000000,
          "stddev" : 0.000000,
          "percentile" : {
            "1.000000" : 0,
            "5.000000" : 0,
            "10.000000" : 0,
            "20.000000" : 0,
            "30.000000" : 0,
            "40.000000" : 0,
            "50.000000" : 0,
            "60.000000" : 0,
            "70.000000" : 0,
            "80.000000" : 0,
            "90.000000" : 0,
            "95.000000" : 0,
            "99.000000" : 0,
            "99.500000" : 0,
            "99.900000" : 0,
            "99.950000" : 0,
            "99.990000" : 0
          },
          "bins" : {

          }
        },
        "lat_ns" : {
          "min" : 0,
          "max" : 0,
          "mean" : 0.000000,
          "stddev" : 0.000000
        },
        "bw_min" : 0,
        "bw_max" : 0,
        "bw_agg" : 0.000000,
        "bw_mean" : 0.000000,
        "bw_dev" : 0.000000,
        "bw_samples" : 0,
        "iops_min" : 0,