{
  "fio version" : "fio-3.8",
  "timestamp" : 1536221089,
  "timestamp_ms" : 1536221089593,
  "time" : "Thu Sep  6 08:04:49 2018",
  "jobs" : [
    {
      "jobname" : "wdpc",
      "groupid" : 0,
      "error" : 0,
      "eta" : 0,
      "elapsed" : 61,
      "job options" : {
        "ioengine" : "libaio",
        "group_reporting" : "1",
        "direct" : "1",
        "rw" : "randrw",
        "bs" : "128KB",
        "numjobs" : "2",
        "iodepth" : "16",
        "size" : "75%",
        "name" : "wdpc",
        "random_distribution" : "random",
        "random_generator" : "tausworthe",
        "allrandrepeat" : "1",
        "randseed" : "101",
        "rwmixread" : "0",
        "time_based" : "1",
        "runtime" : "60s",
        "filename" : "/dev/sda"
      },
      "read" : {
        "io_bytes" : 0,
        "io_kbytes" : 0,
        "bw_bytes" : 0,
        "bw" : 0,
        "iops" : 0.000000,
        "runtime" : 0,
        "total_ios" : 0,
        "short_ios" : 0,
        "drop_ios" : 0,
        "slat_ns" : {
          "min" : 0,
          "max" : 0,
          "mean" : 0.000000,
          "stddev" : 0.000000
        },
        "clat_ns" : {
          "min" : 0,
          "max" : 0,
          "mean" : 0.000000,
          "stddev" : 0.000000,
          "percentile" : {
            "1.000000" : 0,
            "5.000000" : 0,
            "10.000000" : 0,
            "20.000000" : 0,
            "30.000000" : 0,
            "40.000000" : 0,
            "50.000000" : 0,
            "60.000000" : 0,
            "70.000000" : 0,
            "80.000000" : 0,
            "90.000000" : 0,
            "95.000000" : 0,
            "99.000000" : 0,
            "99.500000" : 0,
            "99.900000" : 0,
            "99.950000" : 0,
            "99.990000" : 0
          },
          "bins" : {

          }
        },
        "lat_ns" : {
          "min" : 0,
          "max" : 0,
          "mean" : 0.000000,
          "stddev" : 0.000000
        },
        "bw_min" : 0,
        "bw_max" : 0,
        "bw_agg" : 0.000000,
        "bw_mean" : 0.000000,
        "bw_dev" : 0.000000,
        "bw_samples" : 0,
        "iops_min" : 0,
        "iops_max" : 0,
        "iops_mean" : 0.000000,
        "iops_stddev" : 0.000000,
        "iops_samples" : 0
      },
      "write" : {
        "io_bytes" : 14548336640,
        "io_kbytes" : 14207360,
        "bw_bytes" : 242407635,
        "bw" : 236726,
        "iops" : 1849.423487,
        "runtime" : 60016,
        "total_ios" : 110995,
        "short_ios" : 0,
        "drop_ios" : 0,
        "slat_ns" : {
          "min" : 37625,
          "max" : 25501916,
          "mean" : 185189.386522,
          "stddev" : 219166.103883
        },
        "clat_ns" : {
          "min" : 2958666,
          "max" : 44413292,
          "mean" : 17078807.395351,
          "stddev" : 2285692.134559,
          "percentile" : {
            "1.000000" : 13828096,
            "5.000000" : 14745600,
            "10.000000" : 15138816,
            "20.000000" : 15663104,
            "30.000000" : 16056320,
            "40.000000" : 16449536,
            "50.000000" : 16908288,
            "60.000000" : 17170432,
            "70.000000" : 17432576,
            "80.000000" : 17956864,
            "90.000000" : 18743296,
            "95.000000" : 19529728,
            "99.000000" : 29753344,
            "99.500000" : 31326208,
            "99.900000" : 33423360,
            "99.950000" : 34865152,
            "99.990000" : 39583744
          },
          "bins" : {
            "2965504" : 1,
            "3096576" : 1,
            "3129344" : 1,
            "3260416" : 1,
            "3391488" : 1,
            "3555328" : 1,
            "3620864" : 2,
            "3719168" : 4,
            "3784704" : 2,
            "3915776" : 1,
            "4112384" : 1,
            "4751360" : 1,
            "4816896" : 1,
            "5013504" : 1,
            "5275648" : 1,
            "6389760" : 1,
            "6455296" : 1,
            "6586368" : 1,
            "6782976" : 1,
            "6979584" : 1,
            "7110656" : 3,
            "7176192" : 2,
            "7241728" : 2,
            "7307264" : 3,
            "7372800" : 5,
            "7438336" : 1,
            "7503872" : 1,
            "7569408" : 1,
            "7634944" : 2,
            "7766016" : 5,
            "7897088" : 3,
            "7962624" : 3,
            "8028160" : 1,
            "8093696" : 10,
            "8159232" : 3,
            "8224768" : 7,
            "8290304" : 3,
            "8355840" : 4,
            "8454144" : 7,
            "8585216" : 2,
            "8716288" : 2,
            "8847360" : 2,
            "8978432" : 8,
            "9109504" : 3,
            "9240576" : 3,
            "9371648" : 8,
            "9502720" : 4,
            "9633792" : 6,
            "9764864" : 7,
            "9895936" : 3,
            "10027008" : 5,
            "10158080" : 4,
            "10289152" : 7,
            "10420224" : 4,
            "10551296" : 2,
            "10682368" : 1,
            "10813440" : 4,
            "10944512" : 3,
            "11075584" : 4,
            "11206656" : 5,
            "11337728" : 1,
            "11468800" : 3,
            "11599872" : 8,
            "11730944" : 11,
            "11862016" : 15,
            "11993088" : 28,
            "12124160" : 20,
            "12255232" : 24,
            "12386304" : 36,
            "12517376" : 20,
            "12648448" : 29,
            "12779520" : 29,
            "12910592" : 33,
            "13041664" : 35,
            "13172736" : 57,
            "13303808" : 74,
            "13434880" : 88,
            "13565952" : 120,
            "13697024" : 126,
            "13828096" : 183,
            "13959168" : 240,
            "14090240" : 300,
            "14221312" : 435,
            "14352384" : 526,
            "14483456" : 785,
            "14614528" : 1001,
            "14745600" : 1336,
            "14876672" : 1464,
            "15007744" : 1984,
            "15138816" : 2352,
            "15269888" : 2574,
            "15400960" : 2901,
            "15532032" : 3177,
            "15663104" : 3434,
            "15794176" : 3490,
            "15925248" : 3630,
            "16056320" : 3834,
            "16187392" : 3813,
            "16318464" : 4027,
            "16449536" : 3927,
            "16580608" : 4109,
            "16711680" : 4004,
            "16908288" : 8591,
            "17170432" : 7893,
            "17432576" : 7073,
            "17694720" : 6230,
            "17956864" : 5355,
            "18219008" : 4304,
            "18481152" : 3644,
            "18743296" : 2895,
            "19005440" : 2309,
            "19267584" : 1777,
            "19529728" : 1220,
            "19791872" : 971,
            "20054016" : 634,
            "20316160" : 463,
            "20578304" : 303,
            "20840448" : 237,
            "21102592" : 148,
            "21364736" : 133,
            "21626880" : 90,
            "21889024" : 87,
            "22151168" : 43,
            "22413312" : 39,
            "22675456" : 27,
            "22937600" : 20,
            "23199744" : 11,
            "23461888" : 12,
            "23724032" : 15,
            "23986176" : 9,
            "24248320" : 1,
            "24510464" : 3,
            "24772608" : 7,
            "25034752" : 15,
            "25296896" : 23,
            "25559040" : 12,
            "25821184" : 13,
            "26083328" : 9,
            "26345472" : 14,
            "26607616" : 16,
            "26869760" : 16,
            "27131904" : 21,
            "27394048" : 41,
            "27656192" : 81,
            "27918336" : 65,
            "28180480" : 71,
            "28442624" : 75,
            "28704768" : 63,
            "28966912" : 128,
            "29229056" : 99,
            "29491200" : 99,
            "29753344" : 114,
            "30015488" : 98,
            "30277632" : 109,
            "30539776" : 78,