{
  "fio version" : "fio-3.8",
  "timestamp" : 1536229466,
  "timestamp_ms" : 1536229466816,
  "time" : "Thu Sep  6 10:24:26 2018",
  "jobs" : [
    {
      "jobname" : "wdpc",
      "groupid" : 0,
      "error" : 0,
      "eta" : 0,
      "elapsed" : 61,
      "job options" : {
        "ioengine" : "libaio",
        "group_reporting" : "1",
        "direct" : "1",
        "rw" : "randrw",
        "bs" : "16KB",
        "numjobs" : "2",
        "iodepth" : "16",
        "size" : "75%",
        "name" : "wdpc",
        "random_distribution" : "random",
        "random_generator" : "tausworthe",
        "allrandrepeat" : "1",
        "randseed" : "101",
        "rwmixread" : "0",
        "time_based" : "1",
        "runtime" : "60s",
        "filename" : "/dev/sda"
      },
      "read" : {
        "io_bytes" : 0,
        "io_kbytes" : 0,
        "bw_bytes" : 0,
        "bw" : 0,
        "iops" : 0.000000,
        "runtime" : 0,
        "total_ios" : 0,
        "short_ios" : 0,
        "drop_ios" : 0,
        "slat_ns" : {
          "min" : 0,
          "max" : 0,
          "mean" : 0.000000,
          "stddev" : 0.000000
        },
        "clat_ns" : {
          "min" : 0,
          "max" : 0,
          "mean" : 0.000000,
          "stddev" : 0.000000,
          "percentile" : {
            "1.000000" : 0,
            "5.000000" : 0,
            "10.000000" : 0,
            "20.000000" : 0,
            "30.000000" : 0,
            "40.000000" : 0,
            "50.000000" : 0,
            "60.000000" : 0,
            "70.000000" : 0,
            "80.000000" : 0,
            "90.000000" : 0,
            "95.000000" : 0,
            "99.000000" : 0,
            "99.500000" : 0,
            "99.900000" : 0,
            "99.950000" : 0,
            "99.990000" : 0
          },
          "bins" : {

          }
        },
        "lat_ns" : {
          "min" : 0,
          "max" : 0,
          "mean" : 0.000000,
          "stddev" : 0.000000
        },
        "bw_min" : 0,
        "bw_max" : 0,
        "bw_agg" : 0.000000,
        "bw_mean" : 0.000000,
        "bw_dev" : 0.000000,
        "bw_samples" : 0,
        "iops_min" : 0,
        "iops_max" : 0,
        "iops_mean" : 0.000000,
        "iops_stddev" : 0.000000,
        "iops_samples" : 0
      },
      "write" : {
        "io_bytes" : 11604000768,
        "io_kbytes" : 11332032,
        "bw_bytes" : 193396789,
        "bw" : 188864,
        "iops" : 11804.003267,
        "runtime" : 60001,
        "total_ios" : 708252,
        "short_ios" : 0,
        "drop_ios" : 0,
        "slat_ns" : {
          "min" : 11375,
          "max" : 19763916,
          "mean" : 47325.807713,
          "stddev" : 93186.936032
        },
        "clat_ns" : {
          "min" : 644000,
          "max" : 47251459,
          "mean" : 2653888.305112,
          "stddev" : 1600776.081289,
          "percentile" : {
            "1.000000" : 839680,
            "5.000000" : 1089536,
            "10.000000" : 1384448,
            "20.000000" : 1925120,
            "30.000000" : 2088960,
            "40.000000" : 2211840,
            "50.000000" : 2310144,
            "60.000000" : 2473984,
            "70.000000" : 2703360,
            "80.000000" : 3031040,
            "90.000000" : 4014080,
            "95.000000" : 5210112,
            "99.000000" : 8847360,
            "99.500000" : 10551296,
            "99.900000" : 17956864,
            "99.950000" : 19005440,
            "99.990000" : 32636928
          },
          "bins" : {
            "643072" : 1,
            "651264" : 1,
            "692224" : 6,
            "700416" : 34,
            "708608" : 77,
            "716800" : 120,
            "724992" : 192,
            "733184" : 278,
            "741376" : 349,
            "749568" : 388,
            "757760" : 471,
            "765952" : 519,
            "774144" : 486,
            "782336" : 530,
            "790528" : 468,
            "798720" : 515,
            "806912" : 596,
            "815104" : 589,
            "823296" : 592,
            "831488" : 658,
            "839680" : 679,
            "847872" : 736,
            "856064" : 694,
            "864256" : 748,
            "872448" : 774,
            "880640" : 772,
            "888832" : 802,
            "897024" : 774,
            "905216" : 803,
            "913408" : 793,
            "921600" : 768,
            "929792" : 743,
            "937984" : 752,
            "946176" : 844,
            "954368" : 766,
            "962560" : 820,
            "970752" : 742,
            "978944" : 789,
            "987136" : 924,
            "995328" : 911,
            "1003520" : 953,
            "1011712" : 998,
            "1019904" : 1029,
            "1028096" : 1179,
            "1036288" : 1264,
            "1044480" : 1236,
            "1056768" : 2724,
            "1073152" : 3027,
            "1089536" : 2708,
            "1105920" : 2422,
            "1122304" : 2257,
            "1138688" : 1995,
            "1155072" : 1812,
            "1171456" : 1613,
            "1187840" : 1682,
            "1204224" : 1684,
            "1220608" : 1705,
            "1236992" : 1740,
            "1253376" : 1676,
            "1269760" : 1540,
            "1286144" : 1661,
            "1302528" : 1774,
            "1318912" : 1919,
            "1335296" : 2076,
            "1351680" : 2021,
            "1368064" : 2112,
            "1384448" : 2157,
            "1400832" : 1953,
            "1417216" : 2006,
            "1433600" : 1854,
            "1449984" : 1723,
            "1466368" : 1591,
            "1482752" : 1586,
            "1499136" : 1550,
            "1515520" : 1508,
            "1531904" : 1608,
            "1548288" : 1728,
            "1564672" : 1673,
            "1581056" : 1662,
            "1597440" : 1645,
            "1613824" : 1439,
            "1630208" : 1484,
            "1646592" : 1394,
            "1662976" : 1510,
            "1679360" : 1521,
            "1695744" : 1585,
            "1712128" : 1705,
            "1728512" : 1755,
            "1744896" : 1887,
            "1761280" : 2054,
            "1777664" : 2195,
            "1794048" : 2398,
            "1810432" : 2708,
            "1826816" : 2955,
            "1843200" : 3072,
            "1859584" : 3391,
            "1875968" : 3848,
            "1892352" : 4152,
            "1908736" : 4522,
            "1925120" : 5109,
            "1941504" : 5545,
            "1957888" : 6071,
            "1974272" : 6538,
            "1990656" : 6939,
            "2007040" : 7582,
            "2023424" : 7949,
            "2039808" : 8284,
            "2056192" : 8670,
            "2072576" : 9005,
            "2088960" : 9459,
            "2113536" : 19640,
            "2146304" : 19981,
            "2179072" : 20106,
            "2211840" : 19569,
            "2244608" : 19113,
            "2277376" : 18422,
            "2310144" : 18311,
            "2342912" : 18469,
            "2375680" : 17530,
            "2408448" : 16682,
            "2441216" : 15387,
            "2473984" : 14003,
            "2506752" : 11963,
            "2539520" : 10486,
            "2572288" : 9102,
            "2605056" : 8705,
            "2637824" : 8478,
            "2670592" : 8105,
            "2703360" : 8229,
            "2736128" : 7843,
            "2768896" : 7530,
            "2801664" : 7220,
            "2834432" : 7100,
            "2867200" : 6828,
            "2899968" : 6470,
            "2932736" : 6342,
            "2965504" : 6083,
            "2998272" : 5738,
            "3031040" : 5593,
            "3063808" : 5207,
            "3096576" : 4912,
            "3129344" : 4427,
            "3162112" : 4168,
            "3194880" : 3846,
            "3227648" : 3623,
            "3260416" : 3132,
            "3293184" : 2823,
            "3325952" : 2539,
            "3358720" : 2233,
            "3391488" : 2265,
            "3424256" : 2111,