{
  "fio version" : "fio-3.8",
  "timestamp" : 1536226477,
  "timestamp_ms" : 1536226477343,
  "time" : "Thu Sep  6 09:34:37 2018",
  "jobs" : [
    {
      "jobname" : "wdpc",
      "groupid" : 0,
      "error" : 0,
      "eta" : 0,
      "elapsed" : 61,
      "job options" : {
        "ioengine" : "libaio",
        "group_reporting" : "1",
        "direct" : "1",
        "rw" : "randrw",
        "bs" : "32KB",
        "numjobs" : "2",
        "iodepth" : "16",
        "size" : "75%",
        "name" : "wdpc",
        "random_distribution" : "random",
        "random_generator" : "tausworthe",
        "allrandrepeat" : "1",
        "randseed" : "101",
        "rwmixread" : "0",
        "time_based" : "1",
        "runtime" : "60s",
        "filename" : "/dev/sda"
      },
      "read" : {
        "io_bytes" : 0,
        "io_kbytes" : 0,
        "bw_bytes" : 0,
        "bw" : 0,
        "iops" : 0.000000,
        "runtime" : 0,
        "total_ios" : 0,
        "short_ios" : 0,
        "drop_ios" : 0,
        "slat_ns" : {
          "min" : 0,
          "max" : 0,
          "mean" : 0.000000,
          "stddev" : 0.000000
        },
        "clat_ns" : {
          "min" : 0,
          "max" : 0,
          "mean" : 0.000000,
          "stddev" : 0.000000,
          "percentile" : {
            "1.000000" : 0,
            "5.000000" : 0,
            "10.000000" : 0,
            "20.000000" : 0,
            "30.000000" : 0,
            "40.000000" : 0,
            "50.000000" : 0,
            "60.000000" : 0,
            "70.000000" : 0,
            "80.000000" : 0,
            "90.000000" : 0,
            "95.000000" : 0,
            "99.000000" : 0,
            "99.500000" : 0,
            "99.900000" : 0,
            "99.950000" : 0,
            "99.990000" : 0
          },
          "bins" : {

          }
        },
        "lat_ns" : {
          "min" : 0,
          "max" : 0,
          "mean" : 0.000000,
          "stddev" : 0.000000
        },
        "bw_min" : 0,
        "bw_max" : 0,
        "bw_agg" : 0.000000,
        "bw_mean" : 0.000000,
        "bw_dev" : 0.000000,
        "bw_samples" : 0,
        "iops_min" : 0,
        "iops_max" : 0,
        "iops_mean" : 0.000000,
        "iops_stddev" : 0.000000,
        "iops_samples" : 0
      },
      "write" : {
        "io_bytes" : 13366427648,
        "io_kbytes" : 13053152,
        "bw_bytes" : 222751518,
        "bw" : 217530,
        "iops" : 6797.836883,
        "runtime" : 60006,
        "total_ios" : 407911,
        "short_ios" : 0,
        "drop_ios" : 0,
        "slat_ns" : {
          "min" : 14583,
          "max" : 20619084,
          "mean" : 93094.863257,
          "stddev" : 125143.589089
        },
        "clat_ns" : {
          "min" : 1025208,
          "max" : 51555875,
          "mean" : 4598790.409320,
          "stddev" : 1856960.302910,
          "percentile" : {
            "1.000000" : 2039808,
            "5.000000" : 2637824,
            "10.000000" : 3096576,
            "20.000000" : 3555328,
            "30.000000" : 3784704,
            "40.000000" : 4014080,
            "50.000000" : 4292608,
            "60.000000" : 4620288,
            "70.000000" : 5013504,
            "80.000000" : 5341184,
            "90.000000" : 6062080,
            "95.000000" : 6914048,
            "99.000000" : 12386304,
            "99.500000" : 16580608,
            "99.900000" : 21626880,
            "99.950000" : 22675456,
            "99.990000" : 28704768
          },
          "bins" : {
            "1028096" : 1,
            "1056768" : 4,
            "1073152" : 10,
            "1089536" : 6,
            "1138688" : 2,
            "1155072" : 3,
            "1187840" : 5,
            "1204224" : 9,
            "1220608" : 8,
            "1236992" : 10,
            "1253376" : 11,
            "1269760" : 14,
            "1286144" : 9,
            "1302528" : 10,
            "1318912" : 4,
            "1335296" : 11,
            "1351680" : 23,
            "1368064" : 14,
            "1384448" : 33,
            "1400832" : 29,
            "1417216" : 22,
            "1433600" : 16,
            "1449984" : 25,
            "1466368" : 28,
            "1482752" : 39,
            "1499136" : 45,
            "1515520" : 33,
            "1531904" : 32,
            "1548288" : 29,
            "1564672" : 39,
            "1581056" : 49,
            "1597440" : 54,
            "1613824" : 43,
            "1630208" : 44,
            "1646592" : 50,
            "1662976" : 54,
            "1679360" : 60,
            "1695744" : 84,
            "1712128" : 77,
            "1728512" : 74,
            "1744896" : 85,
            "1761280" : 104,
            "1777664" : 102,
            "1794048" : 89,
            "1810432" : 93,
            "1826816" : 63,
            "1843200" : 84,
            "1859584" : 130,
            "1875968" : 111,
            "1892352" : 147,
            "1908736" : 157,
            "1925120" : 178,
            "1941504" : 201,
            "1957888" : 226,
            "1974272" : 240,
            "1990656" : 236,
            "2007040" : 290,
            "2023424" : 319,
            "2039808" : 323,
            "2056192" : 317,
            "2072576" : 323,
            "2088960" : 338,
            "2113536" : 668,
            "2146304" : 755,
            "2179072" : 775,
            "2211840" : 774,
            "2244608" : 795,
            "2277376" : 814,
            "2310144" : 783,
            "2342912" : 786,
            "2375680" : 765,
            "2408448" : 934,
            "2441216" : 877,
            "2473984" : 964,
            "2506752" : 1041,
            "2539520" : 1068,
            "2572288" : 1087,
            "2605056" : 1101,
            "2637824" : 1170,
            "2670592" : 1136,
            "2703360" : 1194,
            "2736128" : 1269,
            "2768896" : 1268,
            "2801664" : 1458,
            "2834432" : 1539,
            "2867200" : 1525,
            "2899968" : 1407,
            "2932736" : 1433,
            "2965504" : 1537,
            "2998272" : 1550,
            "3031040" : 1666,
            "3063808" : 1780,
            "3096576" : 1868,
            "3129344" : 2074,
            "3162112" : 2166,
            "3194880" : 2485,
            "3227648" : 2623,
            "3260416" : 2824,
            "3293184" : 2949,
            "3325952" : 3104,
            "3358720" : 3090,
            "3391488" : 3378,
            "3424256" : 3379,
            "3457024" : 3426,
            "3489792" : 3859,
            "3522560" : 3899,
            "3555328" : 4286,
            "3588096" : 4467,
            "3620864" : 4782,
            "3653632" : 5368,
            "3686400" : 5720,
            "3719168" : 6054,
            "3751936" : 6347,
            "3784704" : 6578,
            "3817472" : 6467,
            "3850240" : 6494,
            "3883008" : 6318,
            "3915776" : 6194,
            "3948544" : 6014,
            "3981312" : 5718,
            "4014080" : 5358,
            "4046848" : 5162,
            "4079616" : 4905,
            "4112384" : 4927,
            "4145152" : 4767,
            "4177920" : 4573,
            "4227072" : 8676,
            "4292608" : 8454,
            "4358144" : 7790,
            "4423680" : 7446,
            "4489216" : 7541,
            "4554752" : 7317,
            "4620288" : 7694,
            "4685824" : 7574,
            "4751360" : 7359,
            "4816896" : 8005,
            "4882432" : 8312,
            "4947968" : 8324,
            "5013504" : 8313,
            "5079040" : 7471,
            "5144576" : 7513,
            "5210112" : 6885,
            "5275648" : 6455,
            "5341184" : 5974,
            "5406720" : 5757,
            "5472256" : 5169,
            "5537792" : 4557,
            "5603328" : 4315,
            "5668864" : 3725,
            "5734400" : 3401,
            "5799936" : 3176,
            "5865472" : 2946,
            "5931008" : 2628,