{
  "fio version" : "fio-3.8",
  "timestamp" : 1534600014,
  "timestamp_ms" : 1534600014353,
  "time" : "Sat Aug 18 13:46:54 2018",
  "jobs" : [
    {
      "jobname" : "wdpc",
      "groupid" : 0,
      "error" : 0,
      "eta" : 0,
      "elapsed" : 61,
      "job options" : {
        "ioengine" : "libaio",
        "group_reporting" : "1",
        "direct" : "1",
        "rw" : "randrw",
        "bs" : "64KB",
        "numjobs" : "2",
        "iodepth" : "16",
        "size" : "75%",
        "name" : "wdpc",
        "random_distribution" : "random",
        "random_generator" : "tausworthe",
        "allrandrepeat" : "1",
        "randseed" : "101",
        "rwmixread" : "0",
        "time_based" : "1",
        "runtime" : "60s",
        "filename" : "/dev/sda"
      },
      "read" : {
        "io_bytes" : 0,
        "io_kbytes" : 0,
        "bw_bytes" : 0,
        "bw" : 0,
        "iops" : 0.000000,
        "runtime" : 0,
        "total_ios" : 0,
        "short_ios" : 0,
        "drop_ios" : 0,
        "slat_ns" : {
          "min" : 0,
          "max" : 0,
          "mean" : 0.000000,
          "stddev" : 0.000000
        },
        "clat_ns" : {
          "min" : 0,
          "max" : 0,
          "mean" : 0.000000,
          "stddev" : 0.000000,
          "percentile" : {
            "1.000000" : 0,
            "5.000000" : 0,
            "10.000000" : 0,
            "20.000000" : 0,
            "30.000000" : 0,
            "40.000000" : 0,
            "50.000000" : 0,
            "60.000000" : 0,
            "70.000000" : 0,
            "80.000000" : 0,
            "90.000000" : 0,
            "95.000000" : 0,
            "99.000000" : 0,
            "99.500000" : 0,
            "99.900000" : 0,
            "99.950000" : 0,
            "99.990000" : 0
          },
          "bins" : {

          }
        },
        "lat_ns" : {
          "min" : 0,
          "max" : 0,
          "mean" : 0.000000,
          "stddev" : 0.000000
        },
        "bw_min" : 0,
        "bw_max" : 0,
        "bw_agg" : 0.000000,
        "bw_mean" : 0.000000,
        "bw_dev" : 0.000000,
        "bw_samples" : 0,
        "iops_min" : 0,
        "iops_max" : 0,
        "iops_mean" : 0.000000,
        "iops_stddev" : 0.000000,
        "iops_samples" : 0
      },
      "write" : {
        "io_bytes" : 12614959104,
        "io_kbytes" : 12319296,
        "bw_bytes" : 210196769,
        "bw" : 205270,
        "iops" : 3207.348163,
        "runtime" : 60015,
        "total_ios" : 192489,
        "short_ios" : 0,
        "drop_ios" : 0,
        "slat_ns" : {
          "min" : 24500,
          "max" : 18071667,
          "mean" : 162229.044600,
          "stddev" : 168913.696615
        },
        "clat_ns" : {
          "min" : 2178166,
          "max" : 78692542,
          "mean" : 9789988.452343,
          "stddev" : 5227839.666112,
          "percentile" : {
            "1.000000" : 6062080,
            "5.000000" : 7045120,
            "10.000000" : 7307264,
            "20.000000" : 7569408,
            "30.000000" : 7831552,
            "40.000000" : 8093696,
            "50.000000" : 8454144,
            "60.000000" : 8847360,
            "70.000000" : 9109504,
            "80.000000" : 9633792,
            "90.000000" : 11206656,
            "95.000000" : 22151168,
            "99.000000" : 31850496,
            "99.500000" : 35913728,
            "99.900000" : 51642368,
            "99.950000" : 56885248,
            "99.990000" : 65273856
          },
          "bins" : {
            "2179072" : 1,
            "2244608" : 1,
            "2473984" : 1,
            "2539520" : 1,
            "2572288" : 4,
            "2670592" : 2,
            "2736128" : 1,
            "2801664" : 1,
            "2834432" : 1,
            "2867200" : 1,
            "2899968" : 1,
            "2932736" : 6,
            "2965504" : 9,
            "2998272" : 4,
            "3031040" : 4,
            "3063808" : 8,
            "3096576" : 8,
            "3129344" : 10,
            "3162112" : 8,
            "3194880" : 11,
            "3227648" : 6,
            "3260416" : 7,
            "3293184" : 8,
            "3325952" : 9,
            "3358720" : 5,
            "3391488" : 7,
            "3424256" : 5,
            "3457024" : 3,
            "3489792" : 5,
            "3522560" : 6,
            "3555328" : 5,
            "3588096" : 6,
            "3620864" : 3,
            "3653632" : 1,
            "3686400" : 5,
            "3719168" : 4,
            "3751936" : 8,
            "3784704" : 11,
            "3817472" : 10,
            "3850240" : 5,
            "3883008" : 3,
            "3915776" : 5,
            "3948544" : 2,
            "3981312" : 3,
            "4014080" : 3,
            "4046848" : 11,
            "4079616" : 11,
            "4112384" : 7,
            "4145152" : 6,
            "4177920" : 14,
            "4227072" : 17,
            "4292608" : 23,
            "4358144" : 15,
            "4423680" : 15,
            "4489216" : 25,
            "4554752" : 39,
            "4620288" : 34,
            "4685824" : 31,
            "4751360" : 40,
            "4816896" : 43,
            "4882432" : 38,
            "4947968" : 31,
            "5013504" : 41,
            "5079040" : 49,
            "5144576" : 44,
            "5210112" : 54,
            "5275648" : 67,
            "5341184" : 71,
            "5406720" : 76,
            "5472256" : 76,
            "5537792" : 97,
            "5603328" : 51,
            "5668864" : 68,
            "5734400" : 87,
            "5799936" : 103,
            "5865472" : 109,
            "5931008" : 112,
            "5996544" : 109,
            "6062080" : 124,
            "6127616" : 171,
            "6193152" : 150,
            "6258688" : 191,
            "6324224" : 198,
            "6389760" : 219,
            "6455296" : 219,
            "6520832" : 262,
            "6586368" : 332,
            "6651904" : 428,
            "6717440" : 550,
            "6782976" : 680,
            "6848512" : 928,
            "6914048" : 1221,
            "6979584" : 1556,
            "7045120" : 1865,
            "7110656" : 2280,
            "7176192" : 2682,
            "7241728" : 3110,
            "7307264" : 3567,
            "7372800" : 3865,
            "7438336" : 4174,
            "7503872" : 4532,
            "7569408" : 4770,
            "7634944" : 5212,
            "7700480" : 5618,
            "7766016" : 5972,
            "7831552" : 5752,
            "7897088" : 5245,
            "7962624" : 4856,
            "8028160" : 4382,
            "8093696" : 3749,
            "8159232" : 3653,
            "8224768" : 3444,
            "8290304" : 3266,
            "8355840" : 3105,
            "8454144" : 6269,
            "8585216" : 6176,
            "8716288" : 6346,
            "8847360" : 6883,
            "8978432" : 7618,
            "9109504" : 7465,
            "9240576" : 6586,
            "9371648" : 5848,
            "9502720" : 5098,
            "9633792" : 4254,
            "9764864" : 3599,
            "9895936" : 2849,
            "10027008" : 2115,
            "10158080" : 1630,
            "10289152" : 1260,
            "10420224" : 1025,
            "10551296" : 921,
            "10682368" : 813,
            "10813440" : 749,
            "10944512" : 734,
            "11075584" : 622,
            "11206656" : 580,
            "11337728" : 508,
            "11468800" : 478,
            "11599872" : 378,
            "11730944" : 314,
            "11862016" : 283,
            "11993088" : 241,
            "12124160" : 222,
            "12255232" : 183,
            "12386304" : 239,
            "12517376" : 178,
            "12648448" : 215,
            "12779520" : 224,
            "12910592" : 197,
            "13041664" : 192,
            "13172736" : 188,
            "13303808" : 177,
            "13434880" : 166,
            "13565952" : 135,
            "13697024" : 129,