{
  "fio version" : "fio-3.8",
  "timestamp" : 1534627752,
  "timestamp_ms" : 1534627752479,
  "time" : "Sat Aug 18 21:29:12 2018",
  "jobs" : [
    {
      "jobname" : "wdpc",
      "groupid" : 0,
      "error" : 0,
      "eta" : 0,
      "elapsed" : 61,
      "job options" : {
        "ioengine" : "libaio",
        "group_reporting" : "1",
        "direct" : "1",
        "rw" : "randrw",
        "bs" : "16KB",
        "numjobs" : "2",
        "iodepth" : "16",
        "size" : "75%",
        "name" : "wdpc",
        "random_distribution" : "random",
        "random_generator" : "tausworthe",
        "allrandrepeat" : "1",
        "randseed" : "101",
        "rwmixread" : "0",
        "time_based" : "1",
        "runtime" : "60s",
        "filename" : "/dev/sda"
      },
      "read" : {
        "io_bytes" : 0,
        "io_kbytes" : 0,
        "bw_bytes" : 0,
        "bw" : 0,
        "iops" : 0.000000,
        "runtime" : 0,
        "total_ios" : 0,
        "short_ios" : 0,
        "drop_ios" : 0,
        "slat_ns" : {
          "min" : 0,
          "max" : 0,
          "mean" : 0.000000,
          "stddev" : 0.000000
        },
        "clat_ns" : {
          "min" : 0,
          "max" : 0,
          "mean" : 0.000000,
          "stddev" : 0.000000,
          "percentile" : {
            "1.000000" : 0,
            "5.000000" : 0,
            "10.000000" : 0,
            "20.000000" : 0,
            "30.000000" : 0,
            "40.000000" : 0,
            "50.000000" : 0,
            "60.000000" : 0,
            "70.000000" : 0,
            "80.000000" : 0,
            "90.000000" : 0,
            "95.000000" : 0,
            "99.000000" : 0,
            "99.500000" : 0,
            "99.900000" : 0,
            "99.950000" : 0,
            "99.990000" : 0
          },
          "bins" : {

          }
        },
        "lat_ns" : {
          "min" : 0,
          "max" : 0,
          "mean" : 0.000000,
          "stddev" : 0.000000
        },
        "bw_min" : 0,
        "bw_max" : 0,
        "bw_agg" : 0.000000,
        "bw_mean" : 0.000000,
        "bw_dev" : 0.000000,
        "bw_samples" : 0,
        "iops_min" : 0,
        "iops_max" : 0,
        "iops_mean" : 0.000000,
        "iops_stddev" : 0.000000,
        "iops_samples" : 0
      },
      "write" : {
        "io_bytes" : 8893595648,
        "io_kbytes" : 8685152,
        "bw_bytes" : 148209303,
        "bw" : 144735,
        "iops" : 9045.977969,
        "runtime" : 60007,
        "total_ios" : 542822,
        "short_ios" : 0,
        "drop_ios" : 0,
        "slat_ns" : {
          "min" : 11667,
          "max" : 14376542,
          "mean" : 63838.529056,
          "stddev" : 130453.979746
        },
        "clat_ns" : {
          "min" : 583917,
          "max" : 49967751,
          "mean" : 3460950.403733,
          "stddev" : 2653579.211261,
          "percentile" : {
            "1.000000" : 864256,
            "5.000000" : 1155072,
            "10.000000" : 1531904,
            "20.000000" : 2023424,
            "30.000000" : 2179072,
            "40.000000" : 2310144,
            "50.000000" : 2506752,
            "60.000000" : 2801664,
            "70.000000" : 3325952,
            "80.000000" : 4751360,
            "90.000000" : 6717440,
            "95.000000" : 8585216,
            "99.000000" : 12779520,
            "99.500000" : 16449536,
            "99.900000" : 22937600,
            "99.950000" : 32636928,
            "99.990000" : 46399488
          },
          "bins" : {
            "585728" : 1,
            "634880" : 1,
            "651264" : 1,
            "684032" : 5,
            "692224" : 5,
            "700416" : 17,
            "708608" : 25,
            "716800" : 38,
            "724992" : 93,
            "733184" : 78,
            "741376" : 154,
            "749568" : 183,
            "757760" : 168,
            "765952" : 179,
            "774144" : 161,
            "782336" : 245,
            "790528" : 263,
            "798720" : 268,
            "806912" : 329,
            "815104" : 336,
            "823296" : 439,
            "831488" : 435,
            "839680" : 536,
            "847872" : 569,
            "856064" : 620,
            "864256" : 575,
            "872448" : 595,
            "880640" : 649,
            "888832" : 661,
            "897024" : 671,
            "905216" : 640,
            "913408" : 607,
            "921600" : 607,
            "929792" : 635,
            "937984" : 702,
            "946176" : 724,
            "954368" : 675,
            "962560" : 598,
            "970752" : 629,
            "978944" : 601,
            "987136" : 549,
            "995328" : 640,
            "1003520" : 560,
            "1011712" : 554,
            "1019904" : 580,
            "1028096" : 547,
            "1036288" : 584,
            "1044480" : 623,
            "1056768" : 1193,
            "1073152" : 1110,
            "1089536" : 1210,
            "1105920" : 1151,
            "1122304" : 1124,
            "1138688" : 1136,
            "1155072" : 993,
            "1171456" : 1022,
            "1187840" : 1056,
            "1204224" : 1121,
            "1220608" : 1004,
            "1236992" : 982,
            "1253376" : 982,
            "1269760" : 1020,
            "1286144" : 1044,
            "1302528" : 1202,
            "1318912" : 1183,
            "1335296" : 1241,
            "1351680" : 1303,
            "1368064" : 1385,
            "1384448" : 1458,
            "1400832" : 1507,
            "1417216" : 1463,
            "1433600" : 1442,
            "1449984" : 1290,
            "1466368" : 1145,
            "1482752" : 1070,
            "1499136" : 1115,
            "1515520" : 1047,
            "1531904" : 1011,
            "1548288" : 988,
            "1564672" : 967,
            "1581056" : 999,
            "1597440" : 995,
            "1613824" : 897,
            "1630208" : 948,
            "1646592" : 888,
            "1662976" : 852,
            "1679360" : 858,
            "1695744" : 864,
            "1712128" : 913,
            "1728512" : 990,
            "1744896" : 1025,
            "1761280" : 1139,
            "1777664" : 1363,
            "1794048" : 1467,
            "1810432" : 1601,
            "1826816" : 1680,
            "1843200" : 1887,
            "1859584" : 2117,
            "1875968" : 2299,
            "1892352" : 2418,
            "1908736" : 2680,
            "1925120" : 2923,
            "1941504" : 3181,
            "1957888" : 3477,
            "1974272" : 3957,
            "1990656" : 4136,
            "2007040" : 4371,
            "2023424" : 4773,
            "2039808" : 5059,
            "2056192" : 5293,
            "2072576" : 5709,
            "2088960" : 5746,
            "2113536" : 11886,
            "2146304" : 12645,
            "2179072" : 13000,
            "2211840" : 12117,
            "2244608" : 12070,
            "2277376" : 11910,
            "2310144" : 11843,
            "2342912" : 11265,
            "2375680" : 10893,
            "2408448" : 10486,
            "2441216" : 9928,
            "2473984" : 8783,
            "2506752" : 7657,
            "2539520" : 6861,
            "2572288" : 6246,
            "2605056" : 6254,
            "2637824" : 5634,
            "2670592" : 5413,
            "2703360" : 5202,
            "2736128" : 4994,
            "2768896" : 5050,
            "2801664" : 4858,
            "2834432" : 4682,
            "2867200" : 4614,
            "2899968" : 4423,
            "2932736" : 4300,
            "2965504" : 3965,
            "2998272" : 3817,
            "3031040" : 3584,
            "3063808" : 3333,
            "3096576" : 3079,
            "3129344" : 2888,
            "3162112" : 2596,
            "3194880" : 2449,
            "3227648" : 2011,
            "3260416" : 1993,
            "3293184" : 1880,
            "3325952" : 1775,
            "3358720" : 1668,
            "3391488" : 1654,
            "3424256" : 1586,