{
  "fio version" : "fio-3.8",
  "timestamp" : 1534613919,
  "timestamp_ms" : 1534613919451,
  "time" : "Sat Aug 18 17:38:39 2018",
  "jobs" : [
    {
      "jobname" : "wdpc",
      "groupid" : 0,
      "error" : 0,
      "eta" : 0,
      "elapsed" : 61,
      "job options" : {
        "ioengine" : "libaio",
        "group_reporting" : "1",
        "direct" : "1",
        "rw" : "randrw",
        "bs" : "32KB",
        "numjobs" : "2",
        "iodepth" : "16",
        "size" : "75%",
        "name" : "wdpc",
        "random_distribution" : "random",
        "random_generator" : "tausworthe",
        "allrandrepeat" : "1",
        "randseed" : "101",
        "rwmixread" : "0",
        "time_based" : "1",
        "runtime" : "60s",
        "filename" : "/dev/sda"
      },
      "read" : {
        "io_bytes" : 0,
        "io_kbytes" : 0,
        "bw_bytes" : 0,
        "bw" : 0,
        "iops" : 0.000000,
        "runtime" : 0,
        "total_ios" : 0,
        "short_ios" : 0,
        "drop_ios" : 0,
        "slat_ns" : {
          "min" : 0,
          "max" : 0,
          "mean" : 0.000000,
          "stddev" : 0.000000
        },
        "clat_ns" : {
          "min" : 0,
          "max" : 0,
          "mean" : 0.000000,
          "stddev" : 0.000000,
          "percentile" : {
            "1.000000" : 0,
            "5.000000" : 0,
            "10.000000" : 0,
            "20.000000" : 0,
            "30.000000" : 0,
            "40.000000" : 0,
            "50.000000" : 0,
            "60.000000" : 0,
            "70.000000" : 0,
            "80.000000" : 0,
            "90.000000" : 0,
            "95.000000" : 0,
            "99.000000" : 0,
            "99.500000" : 0,
            "99.900000" : 0,
            "99.950000" : 0,
            "99.990000" : 0
          },
          "bins" : {

          }
        },
        "lat_ns" : {
          "min" : 0,
          "max" : 0,
          "mean" : 0.000000,
          "stddev" : 0.000000
        },
        "bw_min" : 0,
        "bw_max" : 0,
        "bw_agg" : 0.000000,
        "bw_mean" : 0.000000,
        "bw_dev" : 0.000000,
        "bw_samples" : 0,
        "iops_min" : 0,
        "iops_max" : 0,
        "iops_mean" : 0.000000,
        "iops_stddev" : 0.000000,
        "iops_samples" : 0
      },
      "write" : {
        "io_bytes" : 8211857408,
        "io_kbytes" : 8019392,
        "bw_bytes" : 136836922,
        "bw" : 133629,
        "iops" : 4175.931480,
        "runtime" : 60012,
        "total_ios" : 250606,
        "short_ios" : 0,
        "drop_ios" : 0,
        "slat_ns" : {
          "min" : 15458,
          "max" : 22144500,
          "mean" : 116481.021532,
          "stddev" : 184826.385146
        },
        "clat_ns" : {
          "min" : 1236958,
          "max" : 54471667,
          "mean" : 7526455.089970,
          "stddev" : 5028553.023302,
          "percentile" : {
            "1.000000" : 2113536,
            "5.000000" : 2867200,
            "10.000000" : 3391488,
            "20.000000" : 3850240,
            "30.000000" : 4227072,
            "40.000000" : 4816896,
            "50.000000" : 5341184,
            "60.000000" : 6455296,
            "70.000000" : 8585216,
            "80.000000" : 11599872,
            "90.000000" : 14745600,
            "95.000000" : 17432576,
            "99.000000" : 23199744,
            "99.500000" : 26345472,
            "99.900000" : 38535168,
            "99.950000" : 41156608,
            "99.990000" : 45350912
          },
          "bins" : {
            "1236992" : 1,
            "1318912" : 12,
            "1335296" : 17,
            "1351680" : 51,
            "1368064" : 49,
            "1384448" : 33,
            "1400832" : 13,
            "1417216" : 10,
            "1433600" : 13,
            "1449984" : 15,
            "1466368" : 8,
            "1482752" : 12,
            "1499136" : 8,
            "1515520" : 4,
            "1531904" : 2,
            "1548288" : 7,
            "1564672" : 15,
            "1581056" : 19,
            "1597440" : 13,
            "1613824" : 19,
            "1630208" : 17,
            "1646592" : 13,
            "1662976" : 29,
            "1679360" : 36,
            "1695744" : 33,
            "1712128" : 33,
            "1728512" : 36,
            "1744896" : 38,
            "1761280" : 20,
            "1777664" : 38,
            "1794048" : 25,
            "1810432" : 32,
            "1826816" : 28,
            "1843200" : 52,
            "1859584" : 42,
            "1875968" : 61,
            "1892352" : 71,
            "1908736" : 63,
            "1925120" : 67,
            "1941504" : 92,
            "1957888" : 82,
            "1974272" : 104,
            "1990656" : 132,
            "2007040" : 110,
            "2023424" : 139,
            "2039808" : 116,
            "2056192" : 127,
            "2072576" : 136,
            "2088960" : 140,
            "2113536" : 310,
            "2146304" : 323,
            "2179072" : 325,
            "2211840" : 330,
            "2244608" : 321,
            "2277376" : 344,
            "2310144" : 293,
            "2342912" : 333,
            "2375680" : 343,
            "2408448" : 355,
            "2441216" : 387,
            "2473984" : 446,
            "2506752" : 443,
            "2539520" : 479,
            "2572288" : 498,
            "2605056" : 471,
            "2637824" : 528,
            "2670592" : 471,
            "2703360" : 451,
            "2736128" : 527,
            "2768896" : 510,
            "2801664" : 581,
            "2834432" : 625,
            "2867200" : 627,
            "2899968" : 654,
            "2932736" : 631,
            "2965504" : 659,
            "2998272" : 631,
            "3031040" : 684,
            "3063808" : 696,
            "3096576" : 712,
            "3129344" : 730,
            "3162112" : 734,
            "3194880" : 831,
            "3227648" : 859,
            "3260416" : 906,
            "3293184" : 1025,
            "3325952" : 1120,
            "3358720" : 1121,
            "3391488" : 1187,
            "3424256" : 1309,
            "3457024" : 1335,
            "3489792" : 1435,
            "3522560" : 1541,
            "3555328" : 1626,
            "3588096" : 1650,
            "3620864" : 1842,
            "3653632" : 1905,
            "3686400" : 2032,
            "3719168" : 2306,
            "3751936" : 2396,
            "3784704" : 2391,
            "3817472" : 2562,
            "3850240" : 2602,
            "3883008" : 2411,
            "3915776" : 2342,
            "3948544" : 2143,
            "3981312" : 2091,
            "4014080" : 2062,
            "4046848" : 1922,
            "4079616" : 1838,
            "4112384" : 1750,
            "4145152" : 1673,
            "4177920" : 1603,
            "4227072" : 3237,
            "4292608" : 3179,
            "4358144" : 2946,
            "4423680" : 2788,
            "4489216" : 2773,
            "4554752" : 2748,
            "4620288" : 2826,
            "4685824" : 2988,
            "4751360" : 2965,
            "4816896" : 3083,
            "4882432" : 3118,
            "4947968" : 3288,
            "5013504" : 3334,
            "5079040" : 3239,
            "5144576" : 3056,
            "5210112" : 2817,
            "5275648" : 2730,
            "5341184" : 2535,
            "5406720" : 2338,
            "5472256" : 2219,
            "5537792" : 1921,
            "5603328" : 1814,
            "5668864" : 1723,
            "5734400" : 1687,
            "5799936" : 1421,
            "5865472" : 1415,
            "5931008" : 1316,
            "5996544" : 1217,
            "6062080" : 1212,
            "6127616" : 1202,
            "6193152" : 1035,
            "6258688" : 1099,
            "6324224" : 1128,
            "6389760" : 1092,
            "6455296" : 1104,
            "6520832" : 1023,
            "6586368" : 1001,
            "6651904" : 1030,
            "6717440" : 1022,
            "6782976" : 946,