{
  "fio version" : "fio-3.8",
  "timestamp" : 1534599476,
  "timestamp_ms" : 1534599476553,
  "time" : "Sat Aug 18 13:37:56 2018",
  "jobs" : [
    {
      "jobname" : "wdpc",
      "groupid" : 0,
      "error" : 0,
      "eta" : 0,
      "elapsed" : 61,
      "job options" : {
        "ioengine" : "libaio",
        "group_reporting" : "1",
        "direct" : "1",
        "rw" : "randrw",
        "bs" : "64KB",
        "numjobs" : "2",
        "iodepth" : "16",
        "size" : "75%",
        "name" : "wdpc",
        "random_distribution" : "random",
        "random_generator" : "tausworthe",
        "allrandrepeat" : "1",
        "randseed" : "101",
        "rwmixread" : "0",
        "time_based" : "1",
        "runtime" : "60s",
        "filename" : "/dev/sda"
      },
      "read" : {
        "io_bytes" : 0,
        "io_kbytes" : 0,
        "bw_bytes" : 0,
        "bw" : 0,
        "iops" : 0.000000,
        "runtime" : 0,
        "total_ios" : 0,
        "short_ios" : 0,
        "drop_ios" : 0,
        "slat_ns" : {
          "min" : 0,
          "max" : 0,
          "mean" : 0.000000,
          "stddev" : 0.000000
        },
        "clat_ns" : {
          "min" : 0,
          "max" : 0,
          "mean" : 0.000000,
          "stddev" : 0.000000,
          "percentile" : {
            "1.000000" : 0,
            "5.000000" : 0,
            "10.000000" : 0,
            "20.000000" : 0,
            "30.000000" : 0,
            "40.000000" : 0,
            "50.000000" : 0,
            "60.000000" : 0,
            "70.000000" : 0,
            "80.000000" : 0,
            "90.000000" : 0,
            "95.000000" : 0,
            "99.000000" : 0,
            "99.500000" : 0,
            "99.900000" : 0,
            "99.950000" : 0,
            "99.990000" : 0
          },
          "bins" : {

          }
        },
        "lat_ns" : {
          "min" : 0,
          "max" : 0,
          "mean" : 0.000000,
          "stddev" : 0.000000
        },
        "bw_min" : 0,
        "bw_max" : 0,
        "bw_agg" : 0.000000,
        "bw_mean" : 0.000000,
        "bw_dev" : 0.000000,
        "bw_samples" : 0,
        "iops_min" : 0,
        "iops_max" : 0,
        "iops_mean" : 0.000000,
        "iops_stddev" : 0.000000,
        "iops_samples" : 0
      },
      "write" : {
        "io_bytes" : 7274561536,
        "io_kbytes" : 7104064,
        "bw_bytes" : 121210369,
        "bw" : 118369,
        "iops" : 1849.523460,
        "runtime" : 60016,
        "total_ios" : 111001,
        "short_ios" : 0,
        "drop_ios" : 0,
        "slat_ns" : {
          "min" : 22750,
          "max" : 17167209,
          "mean" : 161328.320574,
          "stddev" : 176559.004352
        },
        "clat_ns" : {
          "min" : 1786458,
          "max" : 108698916,
          "mean" : 17113237.598184,
          "stddev" : 18463827.249243,
          "percentile" : {
            "1.000000" : 6062080,
            "5.000000" : 7045120,
            "10.000000" : 7307264,
            "20.000000" : 7700480,
            "30.000000" : 8028160,
            "40.000000" : 8454144,
            "50.000000" : 8978432,
            "60.000000" : 9371648,
            "70.000000" : 10158080,
            "80.000000" : 25296896,
            "90.000000" : 47972352,
            "95.000000" : 61079552,
            "99.000000" : 83361792,
            "99.500000" : 87556096,
            "99.900000" : 94896128,
            "99.950000" : 98041856,
            "99.990000" : 105381888
          },
          "bins" : {
            "1794048" : 1,
            "1826816" : 1,
            "1892352" : 1,
            "1974272" : 2,
            "2007040" : 1,
            "2113536" : 2,
            "2277376" : 3,
            "2310144" : 1,
            "2342912" : 1,
            "2375680" : 3,
            "2408448" : 2,
            "2441216" : 1,
            "2539520" : 2,
            "2572288" : 1,
            "2605056" : 1,
            "2637824" : 2,
            "2670592" : 3,
            "2703360" : 1,
            "2736128" : 2,
            "2899968" : 1,
            "2932736" : 1,
            "2965504" : 4,
            "2998272" : 5,
            "3031040" : 6,
            "3063808" : 1,
            "3096576" : 3,
            "3129344" : 3,
            "3162112" : 7,
            "3194880" : 3,
            "3227648" : 2,
            "3260416" : 4,
            "3293184" : 3,
            "3325952" : 7,
            "3358720" : 8,
            "3391488" : 7,
            "3424256" : 8,
            "3457024" : 7,
            "3489792" : 3,
            "3522560" : 7,
            "3555328" : 5,
            "3588096" : 2,
            "3620864" : 3,
            "3653632" : 3,
            "3686400" : 6,
            "3719168" : 3,
            "3784704" : 2,
            "3817472" : 4,
            "3850240" : 3,
            "3915776" : 3,
            "3948544" : 6,
            "3981312" : 1,
            "4014080" : 7,
            "4046848" : 3,
            "4079616" : 10,
            "4112384" : 2,
            "4145152" : 5,
            "4177920" : 9,
            "4227072" : 28,
            "4292608" : 24,
            "4358144" : 18,
            "4423680" : 11,
            "4489216" : 29,
            "4554752" : 31,
            "4620288" : 34,
            "4685824" : 39,
            "4751360" : 41,
            "4816896" : 35,
            "4882432" : 26,
            "4947968" : 24,
            "5013504" : 27,
            "5079040" : 31,
            "5144576" : 30,
            "5210112" : 22,
            "5275648" : 26,
            "5341184" : 19,
            "5406720" : 23,
            "5472256" : 32,
            "5537792" : 29,
            "5603328" : 27,
            "5668864" : 27,
            "5734400" : 51,
            "5799936" : 44,
            "5865472" : 37,
            "5931008" : 53,
            "5996544" : 67,
            "6062080" : 65,
            "6127616" : 71,
            "6193152" : 72,
            "6258688" : 76,
            "6324224" : 112,
            "6389760" : 82,
            "6455296" : 125,
            "6520832" : 121,
            "6586368" : 185,
            "6651904" : 232,
            "6717440" : 368,
            "6782976" : 445,
            "6848512" : 534,
            "6914048" : 663,
            "6979584" : 800,
            "7045120" : 995,
            "7110656" : 1144,
            "7176192" : 1239,
            "7241728" : 1401,
            "7307264" : 1510,
            "7372800" : 1700,
            "7438336" : 1762,
            "7503872" : 1871,
            "7569408" : 1998,
            "7634944" : 2286,
            "7700480" : 2449,
            "7766016" : 2631,
            "7831552" : 2616,
            "7897088" : 2310,
            "7962624" : 2048,
            "8028160" : 1888,
            "8093696" : 1735,
            "8159232" : 1575,
            "8224768" : 1571,
            "8290304" : 1500,
            "8355840" : 1431,
            "8454144" : 2911,
            "8585216" : 2957,
            "8716288" : 2893,
            "8847360" : 3018,
            "8978432" : 3560,
            "9109504" : 3533,
            "9240576" : 3171,
            "9371648" : 2880,
            "9502720" : 2580,
            "9633792" : 2251,
            "9764864" : 2037,
            "9895936" : 1585,
            "10027008" : 1211,
            "10158080" : 885,
            "10289152" : 724,
            "10420224" : 590,
            "10551296" : 548,
            "10682368" : 476,
            "10813440" : 418,
            "10944512" : 429,
            "11075584" : 481,
            "11206656" : 429,
            "11337728" : 390,
            "11468800" : 345,
            "11599872" : 387,
            "11730944" : 309,
            "11862016" : 276,
            "11993088" : 264,
            "12124160" : 225,
            "12255232" : 218,
            "12386304" : 227,
            "12517376" : 174,
            "12648448" : 206,
            "12779520" : 211,
            "12910592" : 238,
            "13041664" : 189,