{
  "fio version" : "fio-3.8",
  "timestamp" : 1534637026,
  "timestamp_ms" : 1534637026320,
  "time" : "Sun Aug 19 00:03:46 2018",
  "jobs" : [
    {
      "jobname" : "wipc",
      "groupid" : 0,
      "error" : 0,
      "eta" : 0,
      "elapsed" : 9043,
      "job options" : {
        "ioengine" : "libaio",
        "group_reporting" : "1",
        "direct" : "1",
        "rw" : "write",
        "bs" : "128KB",
        "numjobs" : "2",
        "iodepth" : "16",
        "size" : "75%",
        "name" : "wipc",
        "io_size" : "512121028608B",
        "filename" : "/dev/sda"
      },
      "read" : {
        "io_bytes" : 0,
        "io_kbytes" : 0,
        "bw_bytes" : 0,
        "bw" : 0,
        "iops" : 0.000000,
        "runtime" : 0,
        "total_ios" : 0,
        "short_ios" : 0,
        "drop_ios" : 0,
        "slat_ns" : {
          "min" : 0,
          "max" : 0,
          "mean" : 0.000000,
          "stddev" : 0.000000
        },
        "clat_ns" : {
          "min" : 0,
          "max" : 0,
          "mean" : 0.000000,
          "stddev" : 0.000000,
          "percentile" : {
            "1.000000" : 0,
            "5.000000" : 0,
            "10.000000" : 0,
            "20.000000" : 0,
            "30.000000" : 0,
            "40.000000" : 0,
            "50.000000" : 0,
            "60.000000" : 0,
            "70.000000" : 0,
            "80.000000" : 0,
            "90.000000" : 0,
            "95.000000" : 0,
            "99.000000" : 0,
            "99.500000" : 0,
            "99.900000" : 0,
            "99.950000" : 0,
            "99.990000" : 0
          },
          "bins" : {

          }
        },
        "lat_ns" : {
          "min" : 0,
          "max" : 0,
          "mean" : 0.000000,
          "stddev" : 0.000000
        },
        "bw_min" : 0,
        "bw_max" : 0,
        "bw_agg" : 0.000000,
        "bw_mean" : 0.000000,
        "bw_dev" : 0.000000,
        "bw_samples" : 0,
        "iops_min" : 0,
        "iops_max" : 0,
        "iops_mean" : 0.000000,
        "iops_stddev" : 0.000000,
        "iops_samples" : 0
      },
      "write" : {
        "io_bytes" : 1024242221056,
        "io_kbytes" : 1000236544,
        "bw_bytes" : 113277422,
        "bw" : 110622,
        "iops" : 864.238148,
        "runtime" : 9041892,
        "total_ios" : 7814348,
        "short_ios" : 0,
        "drop_ios" : 0,
        "slat_ns" : {
          "min" : 21875,
          "max" : 48224167,
          "mean" : 211392.675241,
          "stddev" : 186574.408333
        },
        "clat_ns" : {
          "min" : 1743291,
          "max" : 157657500,
          "mean" : 36787420.021907,
          "stddev" : 20677817.283897,
          "percentile" : {
            "1.000000" : 12255232,
            "5.000000" : 13041664,
            "10.000000" : 13434880,
            "20.000000" : 14090240,
            "30.000000" : 14876672,
            "40.000000" : 33816576,
            "50.000000" : 35913728,
            "60.000000" : 39059456,
            "70.000000" : 54263808,
            "80.000000" : 56885248,
            "90.000000" : 61079552,
            "95.000000" : 66322432,
            "99.000000" : 87556096,
            "99.500000" : 96993280,
            "99.900000" : 111673344,
            "99.950000" : 117964800,
            "99.990000" : 128450560
          },
          "bins" : {
            "1744896" : 1,
            "1777664" : 1,
            "1794048" : 2,
            "1810432" : 1,
            "2088960" : 3,
            "2113536" : 7,
            "2179072" : 1,
            "2375680" : 4,
            "2408448" : 3,
            "2539520" : 1,
            "2572288" : 2,
            "2605056" : 4,
            "2637824" : 4,
            "2670592" : 1,
            "2703360" : 2,
            "2736128" : 5,
            "2768896" : 2,
            "2801664" : 3,
            "2834432" : 1,
            "2867200" : 1,
            "2899968" : 3,
            "2932736" : 8,
            "2965504" : 5,
            "2998272" : 7,
            "3031040" : 6,
            "3063808" : 5,
            "3096576" : 2,
            "3129344" : 6,
            "3162112" : 3,
            "3194880" : 4,
            "3227648" : 3,
            "3260416" : 2,
            "3293184" : 5,
            "3325952" : 6,
            "3358720" : 4,
            "3391488" : 4,
            "3424256" : 5,
            "3457024" : 9,
            "3489792" : 4,
            "3522560" : 6,
            "3555328" : 7,
            "3588096" : 2,
            "3620864" : 2,
            "3653632" : 3,
            "3686400" : 3,
            "3719168" : 3,
            "3751936" : 4,
            "3784704" : 3,
            "3817472" : 5,
            "3850240" : 2,
            "3883008" : 4,
            "3915776" : 10,
            "3948544" : 4,
            "3981312" : 9,
            "4014080" : 13,
            "4046848" : 5,
            "4079616" : 6,
            "4112384" : 8,
            "4145152" : 6,
            "4177920" : 4,
            "4227072" : 16,
            "4292608" : 9,
            "4358144" : 7,
            "4423680" : 9,
            "4489216" : 15,
            "4554752" : 34,
            "4620288" : 20,
            "4685824" : 12,
            "4751360" : 14,
            "4816896" : 12,
            "4882432" : 15,
            "4947968" : 10,
            "5013504" : 23,
            "5079040" : 17,
            "5144576" : 21,
            "5210112" : 28,
            "5275648" : 19,
            "5341184" : 30,
            "5406720" : 25,
            "5472256" : 26,
            "5537792" : 35,
            "5603328" : 36,
            "5668864" : 53,
            "5734400" : 71,
            "5799936" : 49,
            "5865472" : 68,
            "5931008" : 73,
            "5996544" : 82,
            "6062080" : 123,
            "6127616" : 158,
            "6193152" : 175,
            "6258688" : 175,
            "6324224" : 185,
            "6389760" : 235,
            "6455296" : 211,
            "6520832" : 262,
            "6586368" : 238,
            "6651904" : 216,
            "6717440" : 197,
            "6782976" : 194,
            "6848512" : 187,
            "6914048" : 210,
            "6979584" : 202,
            "7045120" : 221,
            "7110656" : 217,
            "7176192" : 192,
            "7241728" : 182,
            "7307264" : 190,
            "7372800" : 181,
            "7438336" : 184,
            "7503872" : 199,
            "7569408" : 189,
            "7634944" : 160,
            "7700480" : 203,
            "7766016" : 215,
            "7831552" : 185,
            "7897088" : 263,
            "7962624" : 250,
            "8028160" : 199,
            "8093696" : 211,
            "8159232" : 231,
            "8224768" : 235,
            "8290304" : 250,
            "8355840" : 252,
            "8454144" : 549,
            "8585216" : 622,
            "8716288" : 573,
            "8847360" : 562,
            "8978432" : 524,
            "9109504" : 597,
            "9240576" : 625,
            "9371648" : 686,
            "9502720" : 738,
            "9633792" : 737,
            "9764864" : 852,
            "9895936" : 839,
            "10027008" : 867,
            "10158080" : 957,
            "10289152" : 1042,
            "10420224" : 1209,
            "10551296" : 1226,
            "10682368" : 1372,
            "10813440" : 1395,
            "10944512" : 1534,
            "11075584" : 1888,
            "11206656" : 2152,
            "11337728" : 2465,
            "11468800" : 2851,
            "11599872" : 3537,
            "11730944" : 4606,
            "11862016" : 6231,
            "11993088" : 8473,
            "12124160" : 12067,
            "12255232" : 18226,
            "12386304" : 27671,
            "12517376" : 40678,
            "12648448" : 57404,
            "12779520" : 74822,
            "12910592" : 96805,
            "13041664" : 115897,
            "13172736" : 130556,
            "13303808" : 143488,