{
  "fio version" : "fio-3.8",
  "timestamp" : 1534595659,
  "timestamp_ms" : 1534595659947,
  "time" : "Sat Aug 18 12:34:19 2018",
  "jobs" : [
    {
      "jobname" : "wipc",
      "groupid" : 0,
      "error" : 0,
      "eta" : 0,
      "elapsed" : 9060,
      "job options" : {
        "ioengine" : "libaio",
        "group_reporting" : "1",
        "direct" : "1",
        "rw" : "write",
        "bs" : "128KB",
        "numjobs" : "2",
        "iodepth" : "16",
        "size" : "75%",
        "name" : "wipc",
        "io_size" : "512121028608B",
        "filename" : "/dev/sda"
      },
      "read" : {
        "io_bytes" : 0,
        "io_kbytes" : 0,
        "bw_bytes" : 0,
        "bw" : 0,
        "iops" : 0.000000,
        "runtime" : 0,
        "total_ios" : 0,
        "short_ios" : 0,
        "drop_ios" : 0,
        "slat_ns" : {
          "min" : 0,
          "max" : 0,
          "mean" : 0.000000,
          "stddev" : 0.000000
        },
        "clat_ns" : {
          "min" : 0,
          "max" : 0,
          "mean" : 0.000000,
          "stddev" : 0.000000,
          "percentile" : {
            "1.000000" : 0,
            "5.000000" : 0,
            "10.000000" : 0,
            "20.000000" : 0,
            "30.000000" : 0,
            "40.000000" : 0,
            "50.000000" : 0,
            "60.000000" : 0,
            "70.000000" : 0,
            "80.000000" : 0,
            "90.000000" : 0,
            "95.000000" : 0,
            "99.000000" : 0,
            "99.500000" : 0,
            "99.900000" : 0,
            "99.950000" : 0,
            "99.990000" : 0
          },
          "bins" : {

          }
        },
        "lat_ns" : {
          "min" : 0,
          "max" : 0,
          "mean" : 0.000000,
          "stddev" : 0.000000
        },
        "bw_min" : 0,
        "bw_max" : 0,
        "bw_agg" : 0.000000,
        "bw_mean" : 0.000000,
        "bw_dev" : 0.000000,
        "bw_samples" : 0,
        "iops_min" : 0,
        "iops_max" : 0,
        "iops_mean" : 0.000000,
        "iops_stddev" : 0.000000,
        "iops_samples" : 0
      },
      "write" : {
        "io_bytes" : 1024242221056,
        "io_kbytes" : 1000236544,
        "bw_bytes" : 113056520,
        "bw" : 110406,
        "iops" : 862.552802,
        "runtime" : 9059559,
        "total_ios" : 7814348,
        "short_ios" : 0,
        "drop_ios" : 0,
        "slat_ns" : {
          "min" : 34125,
          "max" : 63321709,
          "mean" : 214143.483556,
          "stddev" : 188775.564080
        },
        "clat_ns" : {
          "min" : 2298625,
          "max" : 156146958,
          "mean" : 36859453.587275,
          "stddev" : 21129240.264401,
          "percentile" : {
            "1.000000" : 11862016,
            "5.000000" : 12648448,
            "10.000000" : 13041664,
            "20.000000" : 13697024,
            "30.000000" : 14483456,
            "40.000000" : 33423360,
            "50.000000" : 35913728,
            "60.000000" : 39583744,
            "70.000000" : 54263808,
            "80.000000" : 56885248,
            "90.000000" : 61079552,
            "95.000000" : 68681728,
            "99.000000" : 87556096,
            "99.500000" : 96993280,
            "99.900000" : 115867648,
            "99.950000" : 122159104,
            "99.990000" : 135266304
          },
          "bins" : {
            "2310144" : 5,
            "2342912" : 2,
            "2375680" : 3,
            "2408448" : 8,
            "2441216" : 12,
            "2473984" : 1,
            "2506752" : 4,
            "2539520" : 2,
            "2572288" : 3,
            "2605056" : 3,
            "2637824" : 8,
            "2670592" : 5,
            "2703360" : 7,
            "2736128" : 8,
            "2768896" : 11,
            "2801664" : 6,
            "2834432" : 3,
            "2867200" : 1,
            "2899968" : 6,
            "2932736" : 6,
            "2965504" : 6,
            "2998272" : 4,
            "3031040" : 6,
            "3063808" : 10,
            "3096576" : 6,
            "3129344" : 7,
            "3162112" : 10,
            "3194880" : 5,
            "3227648" : 16,
            "3260416" : 7,
            "3293184" : 10,
            "3325952" : 6,
            "3358720" : 4,
            "3391488" : 6,
            "3424256" : 4,
            "3457024" : 6,
            "3489792" : 5,
            "3522560" : 2,
            "3555328" : 3,
            "3588096" : 5,
            "3620864" : 4,
            "3653632" : 5,
            "3686400" : 2,
            "3719168" : 7,
            "3751936" : 6,
            "3784704" : 7,
            "3817472" : 10,
            "3850240" : 9,
            "3883008" : 5,
            "3915776" : 8,
            "3948544" : 18,
            "3981312" : 18,
            "4014080" : 12,
            "4046848" : 14,
            "4079616" : 16,
            "4112384" : 17,
            "4145152" : 12,
            "4177920" : 18,
            "4227072" : 14,
            "4292608" : 21,
            "4358144" : 12,
            "4423680" : 17,
            "4489216" : 20,
            "4554752" : 12,
            "4620288" : 18,
            "4685824" : 15,
            "4751360" : 15,
            "4816896" : 20,
            "4882432" : 21,
            "4947968" : 20,
            "5013504" : 21,
            "5079040" : 10,
            "5144576" : 13,
            "5210112" : 17,
            "5275648" : 24,
            "5341184" : 23,
            "5406720" : 30,
            "5472256" : 33,
            "5537792" : 38,
            "5603328" : 53,
            "5668864" : 41,
            "5734400" : 70,
            "5799936" : 73,
            "5865472" : 93,
            "5931008" : 76,
            "5996544" : 97,
            "6062080" : 121,
            "6127616" : 115,
            "6193152" : 109,
            "6258688" : 131,
            "6324224" : 134,
            "6389760" : 133,
            "6455296" : 144,
            "6520832" : 161,
            "6586368" : 149,
            "6651904" : 140,
            "6717440" : 175,
            "6782976" : 159,
            "6848512" : 144,
            "6914048" : 151,
            "6979584" : 164,
            "7045120" : 189,
            "7110656" : 170,
            "7176192" : 164,
            "7241728" : 185,
            "7307264" : 182,
            "7372800" : 176,
            "7438336" : 200,
            "7503872" : 212,
            "7569408" : 189,
            "7634944" : 243,
            "7700480" : 215,
            "7766016" : 256,
            "7831552" : 255,
            "7897088" : 271,
            "7962624" : 251,
            "8028160" : 297,
            "8093696" : 272,
            "8159232" : 292,
            "8224768" : 274,
            "8290304" : 304,
            "8355840" : 307,
            "8454144" : 626,
            "8585216" : 675,
            "8716288" : 718,
            "8847360" : 690,
            "8978432" : 763,
            "9109504" : 783,
            "9240576" : 773,
            "9371648" : 837,
            "9502720" : 886,
            "9633792" : 999,
            "9764864" : 1093,
            "9895936" : 1191,
            "10027008" : 1246,
            "10158080" : 1412,
            "10289152" : 1448,
            "10420224" : 1625,
            "10551296" : 1745,
            "10682368" : 2062,
            "10813440" : 2362,
            "10944512" : 2662,
            "11075584" : 3181,
            "11206656" : 3802,
            "11337728" : 4569,
            "11468800" : 5818,
            "11599872" : 7484,
            "11730944" : 10518,
            "11862016" : 15010,
            "11993088" : 22105,
            "12124160" : 32952,
            "12255232" : 48242,
            "12386304" : 67330,
            "12517376" : 88066,
            "12648448" : 106867,
            "12779520" : 126244,
            "12910592" : 146237,
            "13041664" : 161023,
            "13172736" : 162806,
            "13303808" : 162136,
            "13434880" : 160667,