{
  "fio version" : "fio-3.8",
  "timestamp" : 1534718406,
  "timestamp_ms" : 1534718406177,
  "time" : "Sun Aug 19 22:40:06 2018",
  "jobs" : [
    {
      "jobname" : "wipc",
      "groupid" : 0,
      "error" : 0,
      "eta" : 0,
      "elapsed" : 8432,
      "job options" : {
        "ioengine" : "libaio",
        "group_reporting" : "1",
        "direct" : "1",
        "rw" : "write",
        "bs" : "128KB",
        "numjobs" : "2",
        "iodepth" : "16",
        "size" : "75%",
        "name" : "wipc",
        "io_size" : "512121028608B",
        "filename" : "/dev/sda"
      },
      "read" : {
        "io_bytes" : 0,
        "io_kbytes" : 0,
        "bw_bytes" : 0,
        "bw" : 0,
        "iops" : 0.000000,
        "runtime" : 0,
        "total_ios" : 0,
        "short_ios" : 0,
        "drop_ios" : 0,
        "slat_ns" : {
          "min" : 0,
          "max" : 0,
          "mean" : 0.000000,
          "stddev" : 0.000000
        },
        "clat_ns" : {
          "min" : 0,
          "max" : 0,
          "mean" : 0.000000,
          "stddev" : 0.000000,
          "percentile" : {
            "1.000000" : 0,
            "5.000000" : 0,
            "10.000000" : 0,
            "20.000000" : 0,
            "30.000000" : 0,
            "40.000000" : 0,
            "50.000000" : 0,
            "60.000000" : 0,
            "70.000000" : 0,
            "80.000000" : 0,
            "90.000000" : 0,
            "95.000000" : 0,
            "99.000000" : 0,
            "99.500000" : 0,
            "99.900000" : 0,
            "99.950000" : 0,
            "99.990000" : 0
          },
          "bins" : {

          }
        },
        "lat_ns" : {
          "min" : 0,
          "max" : 0,
          "mean" : 0.000000,
          "stddev" : 0.000000
        },
        "bw_min" : 0,
        "bw_max" : 0,
        "bw_agg" : 0.000000,
        "bw_mean" : 0.000000,
        "bw_dev" : 0.000000,
        "bw_samples" : 0,
        "iops_min" : 0,
        "iops_max" : 0,
        "iops_mean" : 0.000000,
        "iops_stddev" : 0.000000,
        "iops_samples" : 0
      },
      "write" : {
        "io_bytes" : 1024242221056,
        "io_kbytes" : 1000236544,
        "bw_bytes" : 121476210,
        "bw" : 118629,
        "iops" : 926.789939,
        "runtime" : 8431628,
        "total_ios" : 7814348,
        "short_ios" : 0,
        "drop_ios" : 0,
        "slat_ns" : {
          "min" : 30333,
          "max" : 60959792,
          "mean" : 210453.386865,
          "stddev" : 192272.564146
        },
        "clat_ns" : {
          "min" : 2148709,
          "max" : 138130125,
          "mean" : 34292040.474834,
          "stddev" : 19203798.774457,
          "percentile" : {
            "1.000000" : 12124160,
            "5.000000" : 12779520,
            "10.000000" : 13172736,
            "20.000000" : 13697024,
            "30.000000" : 14483456,
            "40.000000" : 28966912,
            "50.000000" : 34865152,
            "60.000000" : 36962304,
            "70.000000" : 51118080,
            "80.000000" : 55836672,
            "90.000000" : 58982400,
            "95.000000" : 62652416,
            "99.000000" : 78118912,
            "99.500000" : 84410368,
            "99.900000" : 99090432,
            "99.950000" : 105381888,
            "99.990000" : 115867648
          },
          "bins" : {
            "2146304" : 1,
            "2179072" : 3,
            "2211840" : 3,
            "2277376" : 1,
            "2310144" : 1,
            "2473984" : 1,
            "2506752" : 1,
            "2605056" : 1,
            "2670592" : 4,
            "2703360" : 1,
            "2736128" : 1,
            "2768896" : 1,
            "2801664" : 1,
            "2834432" : 2,
            "2867200" : 8,
            "2899968" : 8,
            "2932736" : 7,
            "2965504" : 7,
            "2998272" : 6,
            "3031040" : 3,
            "3063808" : 6,
            "3096576" : 3,
            "3129344" : 9,
            "3162112" : 2,
            "3194880" : 5,
            "3227648" : 2,
            "3260416" : 4,
            "3293184" : 8,
            "3325952" : 13,
            "3358720" : 7,
            "3391488" : 8,
            "3424256" : 5,
            "3457024" : 3,
            "3489792" : 9,
            "3522560" : 2,
            "3555328" : 3,
            "3588096" : 2,
            "3620864" : 4,
            "3653632" : 1,
            "3686400" : 3,
            "3719168" : 4,
            "3751936" : 7,
            "3784704" : 8,
            "3817472" : 4,
            "3850240" : 7,
            "3883008" : 4,
            "3915776" : 6,
            "3948544" : 10,
            "3981312" : 5,
            "4014080" : 6,
            "4046848" : 6,
            "4079616" : 10,
            "4112384" : 8,
            "4145152" : 13,
            "4177920" : 7,
            "4227072" : 20,
            "4292608" : 21,
            "4358144" : 24,
            "4423680" : 19,
            "4489216" : 10,
            "4554752" : 11,
            "4620288" : 15,
            "4685824" : 14,
            "4751360" : 13,
            "4816896" : 17,
            "4882432" : 15,
            "4947968" : 10,
            "5013504" : 12,
            "5079040" : 24,
            "5144576" : 20,
            "5210112" : 18,
            "5275648" : 12,
            "5341184" : 11,
            "5406720" : 13,
            "5472256" : 29,
            "5537792" : 27,
            "5603328" : 30,
            "5668864" : 29,
            "5734400" : 38,
            "5799936" : 43,
            "5865472" : 71,
            "5931008" : 74,
            "5996544" : 67,
            "6062080" : 95,
            "6127616" : 116,
            "6193152" : 141,
            "6258688" : 139,
            "6324224" : 142,
            "6389760" : 139,
            "6455296" : 172,
            "6520832" : 147,
            "6586368" : 176,
            "6651904" : 177,
            "6717440" : 178,
            "6782976" : 180,
            "6848512" : 194,
            "6914048" : 202,
            "6979584" : 224,
            "7045120" : 184,
            "7110656" : 194,
            "7176192" : 208,
            "7241728" : 175,
            "7307264" : 164,
            "7372800" : 184,
            "7438336" : 177,
            "7503872" : 190,
            "7569408" : 186,
            "7634944" : 183,
            "7700480" : 204,
            "7766016" : 205,
            "7831552" : 251,
            "7897088" : 274,
            "7962624" : 232,
            "8028160" : 236,
            "8093696" : 271,
            "8159232" : 249,
            "8224768" : 287,
            "8290304" : 269,
            "8355840" : 279,
            "8454144" : 539,
            "8585216" : 631,
            "8716288" : 601,
            "8847360" : 642,
            "8978432" : 649,
            "9109504" : 725,
            "9240576" : 750,
            "9371648" : 793,
            "9502720" : 905,
            "9633792" : 897,
            "9764864" : 944,
            "9895936" : 1069,
            "10027008" : 952,
            "10158080" : 1110,
            "10289152" : 1312,
            "10420224" : 1411,
            "10551296" : 1506,
            "10682368" : 1715,
            "10813440" : 1876,
            "10944512" : 2070,
            "11075584" : 2415,
            "11206656" : 2587,
            "11337728" : 2983,
            "11468800" : 3568,
            "11599872" : 4186,
            "11730944" : 5559,
            "11862016" : 7526,
            "11993088" : 10879,
            "12124160" : 16046,
            "12255232" : 25106,
            "12386304" : 39265,
            "12517376" : 58448,
            "12648448" : 80837,
            "12779520" : 106299,
            "12910592" : 131710,
            "13041664" : 154584,
            "13172736" : 167510,
            "13303808" : 175835,
            "13434880" : 182463,
            "13565952" : 183310,
            "13697024" : 178619,
            "13828096" : 169638,