{
  "fio version" : "fio-3.8",
  "timestamp" : 1537049622,
  "timestamp_ms" : 1537049622699,
  "time" : "Sat Sep 15 22:13:42 2018",
  "jobs" : [
    {
      "jobname" : "wdpc",
      "groupid" : 0,
      "error" : 0,
      "eta" : 0,
      "elapsed" : 61,
      "job options" : {
        "ioengine" : "libaio",
        "group_reporting" : "1",
        "direct" : "1",
        "rw" : "randrw",
        "bs" : "512B",
        "numjobs" : "2",
        "iodepth" : "16",
        "size" : "75%",
        "name" : "wdpc",
        "random_distribution" : "random",
        "random_generator" : "tausworthe",
        "allrandrepeat" : "1",
        "randseed" : "101",
        "rwmixread" : "0",
        "time_based" : "1",
        "runtime" : "60s",
        "filename" : "/dev/sda"
      },
      "read" : {
        "io_bytes" : 0,
        "io_kbytes" : 0,
        "bw_bytes" : 0,
        "bw" : 0,
        "iops" : 0.000000,
        "runtime" : 0,
        "total_ios" : 0,
        "short_ios" : 0,
        "drop_ios" : 0,
        "slat_ns" : {
          "min" : 0,
          "max" : 0,
          "mean" : 0.000000,
          "stddev" : 0.000000
        },
        "clat_ns" : {
          "min" : 0,
          "max" : 0,
          "mean" : 0.000000,
          "stddev" : 0.000000,
          "percentile" : {
            "1.000000" : 0,
            "5.000000" : 0,
            "10.000000" : 0,
            "20.000000" : 0,
            "30.000000" : 0,
            "40.000000" : 0,
            "50.000000" : 0,
            "60.000000" : 0,
            "70.000000" : 0,
            "80.000000" : 0,
            "90.000000" : 0,
            "95.000000" : 0,
            "99.000000" : 0,
            "99.500000" : 0,
            "99.900000" : 0,
            "99.950000" : 0,
            "99.990000" : 0
          },
          "bins" : {

          }
        },
        "lat_ns" : {
          "min" : 0,
          "max" : 0,
          "mean" : 0.000000,
          "stddev" : 0.000000
        },
        "bw_min" : 0,
        "bw_max" : 0,
        "bw_agg" : 0.000000,
        "bw_mean" : 0.000000,
        "bw_dev" : 0.000000,
        "bw_samples" : 0,
        "iops_min" : 0,
        "iops_max" : 0,
        "iops_mean" : 0.000000,
        "iops_stddev" : 0.000000,
        "iops_samples" : 0
      },
      "write" : {
        "io_bytes" : 778237440,
        "io_kbytes" : 759997,
        "bw_bytes" : 12969759,
        "bw" : 12665,
        "iops" : 25331.561229,
        "runtime" : 60004,
        "total_ios" : 1519995,
        "short_ios" : 0,
        "drop_ios" : 0,
        "slat_ns" : {
          "min" : 5250,
          "max" : 6300875,
          "mean" : 16689.454963,
          "stddev" : 40401.222560
        },
        "clat_ns" : {
          "min" : 98292,
          "max" : 19019875,
          "mean" : 1241536.797864,
          "stddev" : 849467.105411,
          "percentile" : {
            "1.000000" : 342016,
            "5.000000" : 366592,
            "10.000000" : 395264,
            "20.000000" : 782336,
            "30.000000" : 839680,
            "40.000000" : 888832,
            "50.000000" : 946176,
            "60.000000" : 1044480,
            "70.000000" : 1548288,
            "80.000000" : 1941504,
            "90.000000" : 2179072,
            "95.000000" : 2408448,
            "99.000000" : 3817472,
            "99.500000" : 4227072,
            "99.900000" : 10944512,
            "99.950000" : 15663104,
            "99.990000" : 16908288
          },
          "bins" : {
            "97792" : 1,
            "154624" : 1,
            "189440" : 1,
            "191488" : 1,
            "195584" : 1,
            "197632" : 2,
            "199680" : 3,
            "201728" : 3,
            "205824" : 2,
            "209920" : 2,
            "211968" : 6,
            "214016" : 1,
            "216064" : 4,
            "218112" : 10,
            "220160" : 15,
            "222208" : 15,
            "224256" : 20,
            "226304" : 17,
            "228352" : 16,
            "230400" : 12,
            "232448" : 11,
            "234496" : 17,
            "236544" : 11,
            "238592" : 10,
            "240640" : 19,
            "242688" : 23,
            "244736" : 48,
            "246784" : 59,
            "248832" : 64,
            "250880" : 82,
            "252928" : 61,
            "254976" : 64,
            "257024" : 50,
            "259072" : 45,
            "261120" : 30,
            "264192" : 87,
            "268288" : 233,
            "272384" : 370,
            "276480" : 450,
            "280576" : 293,
            "284672" : 233,
            "288768" : 217,
            "292864" : 481,
            "296960" : 732,
            "301056" : 728,
            "305152" : 654,
            "309248" : 481,
            "313344" : 545,
            "317440" : 922,
            "321536" : 1431,
            "325632" : 1433,
            "329728" : 1280,
            "333824" : 1091,
            "337920" : 2482,
            "342016" : 6560,
            "346112" : 9915,
            "350208" : 11518,
            "354304" : 11211,
            "358400" : 9827,
            "362496" : 9199,
            "366592" : 9937,
            "370688" : 11507,
            "374784" : 12936,
            "378880" : 13217,
            "382976" : 11180,
            "387072" : 9717,
            "391168" : 8742,
            "395264" : 7931,
            "399360" : 6916,
            "403456" : 5406,
            "407552" : 3800,
            "411648" : 2636,
            "415744" : 2152,
            "419840" : 1808,
            "423936" : 1620,
            "428032" : 1499,
            "432128" : 1389,
            "436224" : 1225,
            "440320" : 1306,
            "444416" : 1282,
            "448512" : 1306,
            "452608" : 1157,
            "456704" : 1157,
            "460800" : 1016,
            "464896" : 1022,
            "468992" : 1040,
            "473088" : 1139,
            "477184" : 1020,
            "481280" : 923,
            "485376" : 912,
            "489472" : 875,
            "493568" : 996,
            "497664" : 948,
            "501760" : 954,
            "505856" : 871,
            "509952" : 890,
            "514048" : 965,
            "518144" : 957,
            "522240" : 976,
            "528384" : 1828,
            "536576" : 1803,
            "544768" : 1777,
            "552960" : 1750,
            "561152" : 1704,
            "569344" : 1859,
            "577536" : 1701,
            "585728" : 1650,
            "593920" : 1589,
            "602112" : 1605,
            "610304" : 1599,
            "618496" : 1490,
            "626688" : 1601,
            "634880" : 1619,
            "643072" : 1650,
            "651264" : 1780,
            "659456" : 2109,
            "667648" : 2163,
            "675840" : 2403,
            "684032" : 2738,
            "692224" : 2915,
            "700416" : 3189,
            "708608" : 3389,
            "716800" : 3793,
            "724992" : 4269,
            "733184" : 4789,
            "741376" : 5414,
            "749568" : 6188,
            "757760" : 7114,
            "765952" : 7861,
            "774144" : 8944,
            "782336" : 9969,
            "790528" : 12153,
            "798720" : 14965,
            "806912" : 18610,
            "815104" : 23645,
            "823296" : 29958,
            "831488" : 33219,
            "839680" : 32180,
            "847872" : 29154,
            "856064" : 25229,
            "864256" : 24550,
            "872448" : 24285,
            "880640" : 24612,
            "888832" : 24006,
            "897024" : 23511,
            "905216" : 23065,
            "913408" : 22228,
            "921600" : 21537,
            "929792" : 20677,
            "937984" : 19448,
            "946176" : 19361,
            "954368" : 17531,
            "962560" : 16217,
            "970752" : 14873,
            "978944" : 13703,
            "987136" : 12343,
            "995328" : 11684,