{
  "fio version" : "fio-3.8",
  "timestamp" : 1536281431,
  "timestamp_ms" : 1536281431050,
  "time" : "Thu Sep  6 17:50:31 2018",
  "global options" : {
    "offset" : "13789478912"
  },
  "jobs" : [
    {
      "jobname" : "wdpc",
      "groupid" : 0,
      "error" : 0,
      "eta" : 0,
      "elapsed" : 61,
      "job options" : {
        "ioengine" : "libaio",
        "group_reporting" : "1",
        "direct" : "1",
        "rw" : "readwrite",
        "bs" : "8KB",
        "numjobs" : "1",
        "iodepth" : "32",
        "size" : "75%",
        "name" : "wdpc",
        "rwmixread" : "0",
        "time_based" : "1",
        "runtime" : "60s",
        "filename" : "/dev/sda"
      },
      "read" : {
        "io_bytes" : 0,
        "io_kbytes" : 0,
        "bw_bytes" : 0,
        "bw" : 0,
        "iops" : 0.000000,
        "runtime" : 0,
        "total_ios" : 0,
        "short_ios" : 0,
        "drop_ios" : 0,
        "slat_ns" : {
          "min" : 0,
          "max" : 0,
          "mean" : 0.000000,
          "stddev" : 0.000000
        },
        "clat_ns" : {
          "min" : 0,
          "max" : 0,
          "mean" : 0.000000,
          "stddev" : 0.000000,
          "percentile" : {
            "1.000000" : 0,
            "5.000000" : 0,
            "10.000000" : 0,
            "20.000000" : 0,
            "30.000000" : 0,
            "40.000000" : 0,
            "50.000000" : 0,
            "60.000000" : 0,
            "70.000000" : 0,
            "80.000000" : 0,
            "90.000000" : 0,
            "95.000000" : 0,
            "99.000000" : 0,
            "99.500000" : 0,
            "99.900000" : 0,
            "99.950000" : 0,
            "99.990000" : 0
          },
          "bins" : {

          }
        },
        "lat_ns" : {
          "min" : 0,
          "max" : 0,
          "mean" : 0.000000,
          "stddev" : 0.000000
        },
        "bw_min" : 0,
        "bw_max" : 0,
        "bw_agg" : 0.000000,
        "bw_mean" : 0.000000,
        "bw_dev" : 0.000000,
        "bw_samples" : 0,
        "iops_min" : 0,
        "iops_max" : 0,
        "iops_mean" : 0.000000,
        "iops_stddev" : 0.000000,
        "iops_samples" : 0
      },
      "write" : {
        "io_bytes" : 13786292224,
        "io_kbytes" : 13463176,
        "bw_bytes" : 229763878,
        "bw" : 224378,
        "iops" : 28047.348422,
        "runtime" : 60002,
        "total_ios" : 1682897,
        "short_ios" : 0,
        "drop_ios" : 0,
        "slat_ns" : {
          "min" : 2653,
          "max" : 1272388,
          "mean" : 5647.343615,
          "stddev" : 12494.480700
        },
        "clat_ns" : {
          "min" : 302679,
          "max" : 15754272,
          "mean" : 1133500.363379,
          "stddev" : 456150.098089,
          "percentile" : {
            "1.000000" : 798720,
            "5.000000" : 1011712,
            "10.000000" : 1036288,
            "20.000000" : 1073152,
            "30.000000" : 1073152,
            "40.000000" : 1073152,
            "50.000000" : 1089536,
            "60.000000" : 1089536,
            "70.000000" : 1105920,
            "80.000000" : 1122304,
            "90.000000" : 1155072,
            "95.000000" : 1384448,
            "99.000000" : 1990656,
            "99.500000" : 2572288,
            "99.900000" : 13303808,
            "99.950000" : 14090240,
            "99.990000" : 15007744
          },
          "bins" : {
            "301056" : 1,
            "313344" : 1,
            "325632" : 3,
            "333824" : 4,
            "342016" : 3,
            "350208" : 2,
            "354304" : 1,
            "362496" : 1,
            "366592" : 3,
            "382976" : 1,
            "387072" : 1,
            "391168" : 1,
            "395264" : 3,
            "399360" : 6,
            "403456" : 7,
            "407552" : 3,
            "411648" : 5,
            "415744" : 3,
            "419840" : 3,
            "423936" : 7,
            "428032" : 5,
            "432128" : 9,
            "436224" : 7,
            "440320" : 14,
            "444416" : 20,
            "448512" : 27,
            "452608" : 12,
            "456704" : 23,
            "460800" : 13,
            "464896" : 19,
            "468992" : 28,
            "473088" : 36,
            "477184" : 37,
            "481280" : 55,
            "485376" : 35,
            "489472" : 34,
            "493568" : 32,
            "497664" : 32,
            "501760" : 26,
            "505856" : 31,
            "509952" : 24,
            "514048" : 16,
            "518144" : 48,
            "522240" : 40,
            "528384" : 104,
            "536576" : 73,
            "544768" : 67,
            "552960" : 57,
            "561152" : 36,
            "569344" : 76,
            "577536" : 85,
            "585728" : 53,
            "593920" : 41,
            "602112" : 46,
            "610304" : 32,
            "618496" : 68,
            "626688" : 78,
            "634880" : 111,
            "643072" : 187,
            "651264" : 263,
            "659456" : 281,
            "667648" : 304,
            "675840" : 426,
            "684032" : 550,
            "692224" : 465,
            "700416" : 535,
            "708608" : 537,
            "716800" : 887,
            "724992" : 1127,
            "733184" : 901,
            "741376" : 814,
            "749568" : 1071,
            "757760" : 1422,
            "765952" : 1475,
            "774144" : 1136,
            "782336" : 1022,
            "790528" : 1304,
            "798720" : 1621,
            "806912" : 1773,
            "815104" : 1476,
            "823296" : 1406,
            "831488" : 1603,
            "839680" : 1911,
            "847872" : 1804,
            "856064" : 1236,
            "864256" : 1309,
            "872448" : 1599,
            "880640" : 1896,
            "888832" : 1787,
            "897024" : 1229,
            "905216" : 1747,
            "913408" : 2080,
            "921600" : 2381,
            "929792" : 2100,
            "937984" : 1817,
            "946176" : 2900,
            "954368" : 3496,
            "962560" : 4088,
            "970752" : 3017,
            "978944" : 2637,
            "987136" : 5220,
            "995328" : 5622,
            "1003520" : 5770,
            "1011712" : 4897,
            "1019904" : 4629,
            "1028096" : 34783,
            "1036288" : 61709,
            "1044480" : 64091,
            "1056768" : 50777,
            "1073152" : 509258,
            "1089536" : 227493,
            "1105920" : 177004,
            "1122304" : 245485,
            "1138688" : 25577,
            "1155072" : 35065,
            "1171456" : 11348,
            "1187840" : 8750,
            "1204224" : 7938,
            "1220608" : 7123,
            "1236992" : 6356,
            "1253376" : 5333,
            "1269760" : 4936,
            "1286144" : 4213,
            "1302528" : 4138,
            "1318912" : 3926,
            "1335296" : 3844,
            "1351680" : 3859,
            "1368064" : 3588,
            "1384448" : 3429,
            "1400832" : 3445,
            "1417216" : 3229,
            "1433600" : 3168,
            "1449984" : 2847,
            "1466368" : 2456,
            "1482752" : 2226,
            "1499136" : 1742,
            "1515520" : 1604,
            "1531904" : 1410,
            "1548288" : 1260,
            "1564672" : 1305,
            "1581056" : 1243,
            "1597440" : 1362,
            "1613824" : 1344,
            "1630208" : 1350,
            "1646592" : 1384,
            "1662976" : 1345,
            "1679360" : 1425,
            "1695744" : 1602,
            "1712128" : 1782,
            "1728512" : 1779,
            "1744896" : 1860,
            "1761280" : 1865,
            "1777664" : 1996,
            "1794048" : 1940,
            "1810432" : 2199,
            "1826816" : 2207,
            "1843200" : 2351,
            "1859584" : 2169,
            "1875968" : 1880,
            "1892352" : 1932,