{
  "fio version" : "fio-3.8",
  "timestamp" : 1536287809,
  "timestamp_ms" : 1536287809100,
  "time" : "Thu Sep  6 19:36:49 2018",
  "global options" : {
    "offset" : "52507443200"
  },
  "jobs" : [
    {
      "jobname" : "wdpc",
      "groupid" : 0,
      "error" : 0,
      "eta" : 0,
      "elapsed" : 61,
      "job options" : {
        "ioengine" : "libaio",
        "group_reporting" : "1",
        "direct" : "1",
        "rw" : "readwrite",
        "bs" : "1024KB",
        "numjobs" : "1",
        "iodepth" : "32",
        "size" : "75%",
        "name" : "wdpc",
        "rwmixread" : "0",
        "time_based" : "1",
        "runtime" : "60s",
        "filename" : "/dev/sda"
      },
      "read" : {
        "io_bytes" : 0,
        "io_kbytes" : 0,
        "bw_bytes" : 0,
        "bw" : 0,
        "iops" : 0.000000,
        "runtime" : 0,
        "total_ios" : 0,
        "short_ios" : 0,
        "drop_ios" : 0,
        "slat_ns" : {
          "min" : 0,
          "max" : 0,
          "mean" : 0.000000,
          "stddev" : 0.000000
        },
        "clat_ns" : {
          "min" : 0,
          "max" : 0,
          "mean" : 0.000000,
          "stddev" : 0.000000,
          "percentile" : {
            "1.000000" : 0,
            "5.000000" : 0,
            "10.000000" : 0,
            "20.000000" : 0,
            "30.000000" : 0,
            "40.000000" : 0,
            "50.000000" : 0,
            "60.000000" : 0,
            "70.000000" : 0,
            "80.000000" : 0,
            "90.000000" : 0,
            "95.000000" : 0,
            "99.000000" : 0,
            "99.500000" : 0,
            "99.900000" : 0,
            "99.950000" : 0,
            "99.990000" : 0
          },
          "bins" : {

          }
        },
        "lat_ns" : {
          "min" : 0,
          "max" : 0,
          "mean" : 0.000000,
          "stddev" : 0.000000
        },
        "bw_min" : 0,
        "bw_max" : 0,
        "bw_agg" : 0.000000,
        "bw_mean" : 0.000000,
        "bw_dev" : 0.000000,
        "bw_samples" : 0,
        "iops_min" : 0,
        "iops_max" : 0,
        "iops_mean" : 0.000000,
        "iops_stddev" : 0.000000,
        "iops_samples" : 0
      },
      "write" : {
        "io_bytes" : 17447256064,
        "io_kbytes" : 17038336,
        "bw_bytes" : 290250637,
        "bw" : 283447,
        "iops" : 276.804578,
        "runtime" : 60111,
        "total_ios" : 16639,
        "short_ios" : 0,
        "drop_ios" : 0,
        "slat_ns" : {
          "min" : 61824,
          "max" : 2808557,
          "mean" : 165995.627742,
          "stddev" : 72080.516801
        },
        "clat_ns" : {
          "min" : 4666762,
          "max" : 217322377,
          "mean" : 115419846.674860,
          "stddev" : 6513423.582245,
          "percentile" : {
            "1.000000" : 107479040,
            "5.000000" : 108527616,
            "10.000000" : 109576192,
            "20.000000" : 111673344,
            "30.000000" : 112721920,
            "40.000000" : 113770496,
            "50.000000" : 114819072,
            "60.000000" : 115867648,
            "70.000000" : 116916224,
            "80.000000" : 119013376,
            "90.000000" : 124256256,
            "95.000000" : 126353408,
            "99.000000" : 130547712,
            "99.500000" : 132644864,
            "99.900000" : 164626432,
            "99.950000" : 189792256,
            "99.990000" : 214958080
          },
          "bins" : {
            "4685824" : 1,
            "7700480" : 1,
            "10813440" : 1,
            "14614528" : 1,
            "17432576" : 1,
            "20840448" : 1,
            "23724032" : 1,
            "27394048" : 1,
            "31588352" : 1,
            "35389440" : 1,
            "39059456" : 1,
            "42729472" : 1,
            "46399488" : 1,
            "50069504" : 1,
            "54263808" : 1,
            "57933824" : 1,
            "60555264" : 1,
            "64225280" : 1,
            "67633152" : 1,
            "70778880" : 1,
            "73924608" : 1,
            "77070336" : 1,
            "82313216" : 1,
            "85458944" : 1,
            "90701824" : 1,
            "93847552" : 1,
            "98041856" : 1,
            "101187584" : 1,
            "105381888" : 15,
            "106430464" : 94,
            "107479040" : 323,
            "108527616" : 585,
            "109576192" : 998,
            "110624768" : 1214,
            "111673344" : 1474,
            "112721920" : 1675,
            "113770496" : 1758,
            "114819072" : 1724,
            "115867648" : 1396,
            "116916224" : 1041,
            "117964800" : 799,
            "119013376" : 568,
            "120061952" : 470,
            "121110528" : 258,
            "122159104" : 204,
            "123207680" : 255,
            "124256256" : 334,
            "125304832" : 318,
            "126353408" : 280,
            "127401984" : 264,
            "128450560" : 221,
            "129499136" : 110,
            "130547712" : 85,
            "131596288" : 63,
            "132644864" : 33,
            "133693440" : 17,
            "135266304" : 10,
            "137363456" : 1,
            "141557760" : 1,
            "145752064" : 1,
            "147849216" : 1,
            "152043520" : 1,
            "154140672" : 1,
            "158334976" : 1,
            "160432128" : 1,
            "164626432" : 1,
            "166723584" : 1,
            "170917888" : 1,
            "175112192" : 1,
            "177209344" : 1,
            "181403648" : 1,
            "185597952" : 1,
            "187695104" : 1,
            "189792256" : 1,
            "193986560" : 1,
            "198180864" : 1,
            "200278016" : 1,
            "204472320" : 1,
            "206569472" : 1,
            "210763776" : 1,
            "214958080" : 1,
            "217055232" : 1
          }
        },
        "lat_ns" : {
          "min" : 4806473,
          "max" : 217472517,
          "mean" : 115586735.217141,
          "stddev" : 6514071.053053
        },
        "bw_min" : 270336,
        "bw_max" : 294912,
        "bw_agg" : 99.974349,
        "bw_mean" : 283374.291667,
        "bw_dev" : 4946.815510,
        "bw_samples" : 120,
        "iops_min" : 264,
        "iops_max" : 288,
        "iops_mean" : 276.691667,
        "iops_stddev" : 4.841688,
        "iops_samples" : 120
      },
      "trim" : {
        "io_bytes" : 0,
        "io_kbytes" : 0,
        "bw_bytes" : 0,
        "bw" : 0,
        "iops" : 0.000000,
        "runtime" : 0,
        "total_ios" : 0,
        "short_ios" : 0,
        "drop_ios" : 0,
        "slat_ns" : {
          "min" : 0,
          "max" : 0,
          "mean" : 0.000000,
          "stddev" : 0.000000
        },
        "clat_ns" : {
          "min" : 0,
          "max" : 0,
          "mean" : 0.000000,
          "stddev" : 0.000000,
          "percentile" : {
            "1.000000" : 0,
            "5.000000" : 0,
            "10.000000" : 0,
            "20.000000" : 0,
            "30.000000" : 0,
            "40.000000" : 0,
            "50.000000" : 0,
            "60.000000" : 0,
            "70.000000" : 0,
            "80.000000" : 0,
            "90.000000" : 0,
            "95.000000" : 0,
            "99.000000" : 0,
            "99.500000" : 0,
            "99.900000" : 0,
            "99.950000" : 0,
            "99.990000" : 0
          },
          "bins" : {

          }
        },
        "lat_ns" : {
          "min" : 0,
          "max" : 0,
          "mean" : 0.000000,
          "stddev" : 0.000000
        },
        "bw_min" : 0,
        "bw_max" : 0,
        "bw_agg" : 0.000000,
        "bw_mean" : 0.000000,
        "bw_dev" : 0.000000,
        "bw_samples" : 0,
        "iops_min" : 0,
        "iops_max" : 0,
        "iops_mean" : 0.000000,
        "iops_stddev" : 0.000000,
        "iops_samples" : 0
      },
      "sync" : {
        "lat_ns" : {
          "min" : 0,
          "max" : 0,