{
  "fio version" : "fio-3.8",
  "timestamp" : 1536904517,
  "timestamp_ms" : 1536904517990,
  "time" : "Thu Sep 13 22:55:17 2018",
  "jobs" : [
    {
      "jobname" : "wdpc",
      "groupid" : 0,
      "error" : 0,
      "eta" : 0,
      "elapsed" : 61,
      "job options" : {
        "ioengine" : "libaio",
        "group_reporting" : "1",
        "direct" : "1",
        "rw" : "readwrite",
        "bs" : "512B",
        "numjobs" : "1",
        "iodepth" : "1",
        "size" : "75%",
        "name" : "wdpc",
        "random_distribution" : "random",
        "random_generator" : "tausworthe",
        "allrandrepeat" : "1",
        "randseed" : "101",
        "rwmixread" : "0",
        "time_based" : "1",
        "runtime" : "60s",
        "filename" : "/dev/sda"
      },
      "read" : {
        "io_bytes" : 0,
        "io_kbytes" : 0,
        "bw_bytes" : 0,
        "bw" : 0,
        "iops" : 0.000000,
        "runtime" : 0,
        "total_ios" : 0,
        "short_ios" : 0,
        "drop_ios" : 0,
        "slat_ns" : {
          "min" : 0,
          "max" : 0,
          "mean" : 0.000000,
          "stddev" : 0.000000
        },
        "clat_ns" : {
          "min" : 0,
          "max" : 0,
          "mean" : 0.000000,
          "stddev" : 0.000000,
          "percentile" : {
            "1.000000" : 0,
            "5.000000" : 0,
            "10.000000" : 0,
            "20.000000" : 0,
            "30.000000" : 0,
            "40.000000" : 0,
            "50.000000" : 0,
            "60.000000" : 0,
            "70.000000" : 0,
            "80.000000" : 0,
            "90.000000" : 0,
            "95.000000" : 0,
            "99.000000" : 0,
            "99.500000" : 0,
            "99.900000" : 0,
            "99.950000" : 0,
            "99.990000" : 0
          },
          "bins" : {

          }
        },
        "lat_ns" : {
          "min" : 0,
          "max" : 0,
          "mean" : 0.000000,
          "stddev" : 0.000000
        },
        "bw_min" : 0,
        "bw_max" : 0,
        "bw_agg" : 0.000000,
        "bw_mean" : 0.000000,
        "bw_dev" : 0.000000,
        "bw_samples" : 0,
        "iops_min" : 0,
        "iops_max" : 0,
        "iops_mean" : 0.000000,
        "iops_stddev" : 0.000000,
        "iops_samples" : 0
      },
      "write" : {
        "io_bytes" : 381323264,
        "io_kbytes" : 372386,
        "bw_bytes" : 6355281,
        "bw" : 6206,
        "iops" : 12412.659789,
        "runtime" : 60001,
        "total_ios" : 744772,
        "short_ios" : 0,
        "drop_ios" : 0,
        "slat_ns" : {
          "min" : 5303,
          "max" : 376113,
          "mean" : 6848.077585,
          "stddev" : 1535.322157
        },
        "clat_ns" : {
          "min" : 1298,
          "max" : 29186447,
          "mean" : 72456.835519,
          "stddev" : 58024.346623,
          "percentile" : {
            "1.000000" : 61696,
            "5.000000" : 70144,
            "10.000000" : 71168,
            "20.000000" : 71168,
            "30.000000" : 71168,
            "40.000000" : 72192,
            "50.000000" : 72192,
            "60.000000" : 73216,
            "70.000000" : 73216,
            "80.000000" : 73216,
            "90.000000" : 73216,
            "95.000000" : 73216,
            "99.000000" : 83456,
            "99.500000" : 84480,
            "99.900000" : 86528,
            "99.950000" : 105984,
            "99.990000" : 111104
          },
          "bins" : {
            "1304" : 1,
            "4384" : 1,
            "8256" : 1,
            "9792" : 1,
            "43264" : 1,
            "52480" : 4,
            "52992" : 7,
            "53504" : 11,
            "54016" : 13,
            "54528" : 46,
            "55040" : 38,
            "55552" : 39,
            "56064" : 48,
            "56576" : 39,
            "57088" : 40,
            "57600" : 51,
            "58112" : 49,
            "58624" : 132,
            "59136" : 404,
            "59648" : 505,
            "60160" : 529,
            "60672" : 1506,
            "61184" : 3370,
            "61696" : 3965,
            "62208" : 2326,
            "62720" : 1274,
            "63232" : 1191,
            "63744" : 1120,
            "64256" : 975,
            "64768" : 818,
            "65280" : 815,
            "66048" : 1675,
            "67072" : 1784,
            "68096" : 1671,
            "69120" : 1955,
            "70144" : 21383,
            "71168" : 207644,
            "72192" : 143656,
            "73216" : 319149,
            "74240" : 8568,
            "75264" : 1253,
            "76288" : 1445,
            "77312" : 1181,
            "78336" : 1115,
            "79360" : 1205,
            "80384" : 1525,
            "81408" : 1284,
            "82432" : 1339,
            "83456" : 1780,
            "84480" : 2238,
            "85504" : 2795,
            "86528" : 170,
            "87552" : 31,
            "88576" : 28,
            "89600" : 26,
            "90624" : 17,
            "91648" : 7,
            "92672" : 14,
            "93696" : 9,
            "94720" : 2,
            "95744" : 2,
            "96768" : 4,
            "97792" : 5,
            "98816" : 14,
            "99840" : 8,
            "100864" : 24,
            "101888" : 21,
            "102912" : 9,
            "103936" : 14,
            "104960" : 15,
            "105984" : 27,
            "107008" : 16,
            "108032" : 16,
            "109056" : 14,
            "110080" : 156,
            "111104" : 86,
            "112128" : 16,
            "113152" : 14,
            "114176" : 1,
            "116224" : 1,
            "117248" : 1,
            "118272" : 1,
            "119296" : 3,
            "122368" : 3,
            "123392" : 1,
            "124416" : 2,
            "132096" : 1,
            "136192" : 2,
            "138240" : 1,
            "144384" : 1,
            "162816" : 1,
            "168960" : 1,
            "346112" : 1,
            "354304" : 1,
            "395264" : 1,
            "399360" : 1,
            "419840" : 1,
            "569344" : 1,
            "602112" : 1,
            "897024" : 1,
            "905216" : 2,
            "962560" : 1,
            "12648448" : 2,
            "12779520" : 1,
            "12910592" : 3,
            "13041664" : 3,
            "13172736" : 1,
            "29229056" : 1
          }
        },
        "lat_ns" : {
          "min" : 58392,
          "max" : 29193832,
          "mean" : 79473.085696,
          "stddev" : 58010.745254
        },
        "bw_min" : 5862,
        "bw_max" : 6228,
        "bw_agg" : 100.000000,
        "bw_mean" : 6207.445378,
        "bw_dev" : 53.354379,
        "bw_samples" : 119,
        "iops_min" : 11724,
        "iops_max" : 12456,
        "iops_mean" : 12414.932773,
        "iops_stddev" : 106.716139,
        "iops_samples" : 119
      },
      "trim" : {
        "io_bytes" : 0,
        "io_kbytes" : 0,
        "bw_bytes" : 0,
        "bw" : 0,
        "iops" : 0.000000,
        "runtime" : 0,
        "total_ios" : 0,
        "short_ios" : 0,
        "drop_ios" : 0,
        "slat_ns" : {
          "min" : 0,
          "max" : 0,
          "mean" : 0.000000,
          "stddev" : 0.000000
        },
        "clat_ns" : {
          "min" : 0,
          "max" : 0,
          "mean" : 0.000000,
          "stddev" : 0.000000,
          "percentile" : {
            "1.000000" : 0,
            "5.000000" : 0,
            "10.000000" : 0,
            "20.000000" : 0,
            "30.000000" : 0,
            "40.000000" : 0,
            "50.000000" : 0,
            "60.000000" : 0,
            "70.000000" : 0,
            "80.000000" : 0,
            "90.000000" : 0,
            "95.000000" : 0,
            "99.000000" : 0,
            "99.500000" : 0,
            "99.900000" : 0,
            "99.950000" : 0,
            "99.990000" : 0
          },
          "bins" : {

          }
        },
        "lat_ns" : {
          "min" : 0,
          "max" : 0,