{
  "fio version" : "fio-3.8",
  "timestamp" : 1536903376,
  "timestamp_ms" : 1536903376122,
  "time" : "Thu Sep 13 22:36:16 2018",
  "jobs" : [
    {
      "jobname" : "wdpc",
      "groupid" : 0,
      "error" : 0,
      "eta" : 0,
      "elapsed" : 61,
      "job options" : {
        "ioengine" : "libaio",
        "group_reporting" : "1",
        "direct" : "1",
        "rw" : "readwrite",
        "bs" : "4KB",
        "numjobs" : "1",
        "iodepth" : "1",
        "size" : "75%",
        "name" : "wdpc",
        "random_distribution" : "random",
        "random_generator" : "tausworthe",
        "allrandrepeat" : "1",
        "randseed" : "101",
        "rwmixread" : "0",
        "time_based" : "1",
        "runtime" : "60s",
        "filename" : "/dev/sda"
      },
      "read" : {
        "io_bytes" : 0,
        "io_kbytes" : 0,
        "bw_bytes" : 0,
        "bw" : 0,
        "iops" : 0.000000,
        "runtime" : 0,
        "total_ios" : 0,
        "short_ios" : 0,
        "drop_ios" : 0,
        "slat_ns" : {
          "min" : 0,
          "max" : 0,
          "mean" : 0.000000,
          "stddev" : 0.000000
        },
        "clat_ns" : {
          "min" : 0,
          "max" : 0,
          "mean" : 0.000000,
          "stddev" : 0.000000,
          "percentile" : {
            "1.000000" : 0,
            "5.000000" : 0,
            "10.000000" : 0,
            "20.000000" : 0,
            "30.000000" : 0,
            "40.000000" : 0,
            "50.000000" : 0,
            "60.000000" : 0,
            "70.000000" : 0,
            "80.000000" : 0,
            "90.000000" : 0,
            "95.000000" : 0,
            "99.000000" : 0,
            "99.500000" : 0,
            "99.900000" : 0,
            "99.950000" : 0,
            "99.990000" : 0
          },
          "bins" : {

          }
        },
        "lat_ns" : {
          "min" : 0,
          "max" : 0,
          "mean" : 0.000000,
          "stddev" : 0.000000
        },
        "bw_min" : 0,
        "bw_max" : 0,
        "bw_agg" : 0.000000,
        "bw_mean" : 0.000000,
        "bw_dev" : 0.000000,
        "bw_samples" : 0,
        "iops_min" : 0,
        "iops_max" : 0,
        "iops_mean" : 0.000000,
        "iops_stddev" : 0.000000,
        "iops_samples" : 0
      },
      "write" : {
        "io_bytes" : 3023237120,
        "io_kbytes" : 2952380,
        "bw_bytes" : 50378049,
        "bw" : 49197,
        "iops" : 12299.328456,
        "runtime" : 60011,
        "total_ios" : 738095,
        "short_ios" : 0,
        "drop_ios" : 0,
        "slat_ns" : {
          "min" : 5630,
          "max" : 411204,
          "mean" : 6453.101235,
          "stddev" : 1423.057520
        },
        "clat_ns" : {
          "min" : 1253,
          "max" : 13262261,
          "mean" : 73422.797387,
          "stddev" : 52129.576547,
          "percentile" : {
            "1.000000" : 63744,
            "5.000000" : 72192,
            "10.000000" : 72192,
            "20.000000" : 72192,
            "30.000000" : 72192,
            "40.000000" : 72192,
            "50.000000" : 72192,
            "60.000000" : 72192,
            "70.000000" : 73216,
            "80.000000" : 73216,
            "90.000000" : 73216,
            "95.000000" : 73216,
            "99.000000" : 99840,
            "99.500000" : 100864,
            "99.900000" : 102912,
            "99.950000" : 112128,
            "99.990000" : 113152
          },
          "bins" : {
            "1256" : 2,
            "1320" : 1,
            "2480" : 1,
            "54528" : 1,
            "55040" : 1,
            "55552" : 1,
            "56064" : 2,
            "56576" : 4,
            "57088" : 6,
            "57600" : 2,
            "58112" : 1,
            "59136" : 4,
            "59648" : 171,
            "60160" : 913,
            "60672" : 2291,
            "61184" : 1904,
            "61696" : 577,
            "62208" : 427,
            "62720" : 459,
            "63232" : 534,
            "63744" : 534,
            "64256" : 505,
            "64768" : 548,
            "65280" : 675,
            "66048" : 1477,
            "67072" : 1452,
            "68096" : 1753,
            "69120" : 2006,
            "70144" : 1544,
            "71168" : 7893,
            "72192" : 437963,
            "73216" : 238416,
            "74240" : 2129,
            "75264" : 1487,
            "76288" : 1436,
            "77312" : 1095,
            "78336" : 980,
            "79360" : 965,
            "80384" : 992,
            "81408" : 971,
            "82432" : 967,
            "83456" : 1421,
            "84480" : 6086,
            "85504" : 2942,
            "86528" : 46,
            "87552" : 26,
            "88576" : 22,
            "89600" : 10,
            "90624" : 11,
            "91648" : 5,
            "92672" : 20,
            "93696" : 63,
            "94720" : 166,
            "95744" : 294,
            "96768" : 179,
            "97792" : 158,
            "98816" : 569,
            "99840" : 8083,
            "100864" : 3830,
            "101888" : 256,
            "102912" : 90,
            "103936" : 44,
            "104960" : 45,
            "105984" : 53,
            "107008" : 39,
            "108032" : 14,
            "109056" : 21,
            "110080" : 13,
            "111104" : 40,
            "112128" : 359,
            "113152" : 36,
            "114176" : 3,
            "115200" : 2,
            "116224" : 1,
            "117248" : 2,
            "118272" : 3,
            "120320" : 2,
            "121344" : 1,
            "122368" : 1,
            "123392" : 1,
            "124416" : 2,
            "125440" : 2,
            "126464" : 1,
            "127488" : 1,
            "128512" : 2,
            "134144" : 2,
            "136192" : 1,
            "138240" : 1,
            "144384" : 1,
            "146432" : 5,
            "160768" : 1,
            "164864" : 1,
            "214016" : 1,
            "305152" : 1,
            "419840" : 1,
            "749568" : 1,
            "798720" : 1,
            "815104" : 2,
            "823296" : 1,
            "831488" : 1,
            "856064" : 1,
            "864256" : 1,
            "880640" : 1,
            "937984" : 1,
            "978944" : 1,
            "1011712" : 1,
            "1155072" : 1,
            "12779520" : 4,
            "12910592" : 5,
            "13041664" : 2,
            "13303808" : 1
          }
        },
        "lat_ns" : {
          "min" : 65959,
          "max" : 13268771,
          "mean" : 80061.970343,
          "stddev" : 52179.169897
        },
        "bw_min" : 47696,
        "bw_max" : 49824,
        "bw_agg" : 100.000000,
        "bw_mean" : 49201.141667,
        "bw_dev" : 436.451145,
        "bw_samples" : 120,
        "iops_min" : 11924,
        "iops_max" : 12456,
        "iops_mean" : 12300.325000,
        "iops_stddev" : 109.125028,
        "iops_samples" : 120
      },
      "trim" : {
        "io_bytes" : 0,
        "io_kbytes" : 0,
        "bw_bytes" : 0,
        "bw" : 0,
        "iops" : 0.000000,
        "runtime" : 0,
        "total_ios" : 0,
        "short_ios" : 0,
        "drop_ios" : 0,
        "slat_ns" : {
          "min" : 0,
          "max" : 0,
          "mean" : 0.000000,
          "stddev" : 0.000000
        },
        "clat_ns" : {
          "min" : 0,
          "max" : 0,
          "mean" : 0.000000,
          "stddev" : 0.000000,
          "percentile" : {
            "1.000000" : 0,
            "5.000000" : 0,
            "10.000000" : 0,
            "20.000000" : 0,
            "30.000000" : 0,
            "40.000000" : 0,
            "50.000000" : 0,
            "60.000000" : 0,
            "70.000000" : 0,
            "80.000000" : 0,
            "90.000000" : 0,
            "95.000000" : 0,
            "99.000000" : 0,
            "99.500000" : 0,
            "99.900000" : 0,
            "99.950000" : 0,
            "99.990000" : 0
          },