{
  "fio version" : "fio-3.8",
  "timestamp" : 1536902421,
  "timestamp_ms" : 1536902421651,
  "time" : "Thu Sep 13 22:20:21 2018",
  "jobs" : [
    {
      "jobname" : "wdpc",
      "groupid" : 0,
      "error" : 0,
      "eta" : 0,
      "elapsed" : 61,
      "job options" : {
        "ioengine" : "libaio",
        "group_reporting" : "1",
        "direct" : "1",
        "rw" : "readwrite",
        "bs" : "8KB",
        "numjobs" : "1",
        "iodepth" : "1",
        "size" : "75%",
        "name" : "wdpc",
        "random_distribution" : "random",
        "random_generator" : "tausworthe",
        "allrandrepeat" : "1",
        "randseed" : "101",
        "rwmixread" : "0",
        "time_based" : "1",
        "runtime" : "60s",
        "filename" : "/dev/sda"
      },
      "read" : {
        "io_bytes" : 0,
        "io_kbytes" : 0,
        "bw_bytes" : 0,
        "bw" : 0,
        "iops" : 0.000000,
        "runtime" : 0,
        "total_ios" : 0,
        "short_ios" : 0,
        "drop_ios" : 0,
        "slat_ns" : {
          "min" : 0,
          "max" : 0,
          "mean" : 0.000000,
          "stddev" : 0.000000
        },
        "clat_ns" : {
          "min" : 0,
          "max" : 0,
          "mean" : 0.000000,
          "stddev" : 0.000000,
          "percentile" : {
            "1.000000" : 0,
            "5.000000" : 0,
            "10.000000" : 0,
            "20.000000" : 0,
            "30.000000" : 0,
            "40.000000" : 0,
            "50.000000" : 0,
            "60.000000" : 0,
            "70.000000" : 0,
            "80.000000" : 0,
            "90.000000" : 0,
            "95.000000" : 0,
            "99.000000" : 0,
            "99.500000" : 0,
            "99.900000" : 0,
            "99.950000" : 0,
            "99.990000" : 0
          },
          "bins" : {

          }
        },
        "lat_ns" : {
          "min" : 0,
          "max" : 0,
          "mean" : 0.000000,
          "stddev" : 0.000000
        },
        "bw_min" : 0,
        "bw_max" : 0,
        "bw_agg" : 0.000000,
        "bw_mean" : 0.000000,
        "bw_dev" : 0.000000,
        "bw_samples" : 0,
        "iops_min" : 0,
        "iops_max" : 0,
        "iops_mean" : 0.000000,
        "iops_stddev" : 0.000000,
        "iops_samples" : 0
      },
      "write" : {
        "io_bytes" : 4108558336,
        "io_kbytes" : 4012264,
        "bw_bytes" : 68474831,
        "bw" : 66869,
        "iops" : 8358.744021,
        "runtime" : 60001,
        "total_ios" : 501533,
        "short_ios" : 0,
        "drop_ios" : 0,
        "slat_ns" : {
          "min" : 5637,
          "max" : 978222,
          "mean" : 6357.157607,
          "stddev" : 1612.194986
        },
        "clat_ns" : {
          "min" : 42453,
          "max" : 13130213,
          "mean" : 111872.719271,
          "stddev" : 73178.110847,
          "percentile" : {
            "1.000000" : 73216,
            "5.000000" : 109056,
            "10.000000" : 112128,
            "20.000000" : 112128,
            "30.000000" : 112128,
            "40.000000" : 112128,
            "50.000000" : 113152,
            "60.000000" : 113152,
            "70.000000" : 113152,
            "80.000000" : 113152,
            "90.000000" : 113152,
            "95.000000" : 113152,
            "99.000000" : 116224,
            "99.500000" : 119296,
            "99.900000" : 124416,
            "99.950000" : 125440,
            "99.990000" : 146432
          },
          "bins" : {
            "42240" : 1,
            "51968" : 1,
            "55040" : 1,
            "67072" : 2,
            "68096" : 3,
            "69120" : 1,
            "71168" : 2,
            "72192" : 74,
            "73216" : 11437,
            "74240" : 291,
            "75264" : 691,
            "76288" : 1952,
            "77312" : 226,
            "78336" : 157,
            "79360" : 139,
            "80384" : 167,
            "81408" : 163,
            "82432" : 150,
            "83456" : 96,
            "84480" : 130,
            "85504" : 128,
            "86528" : 12,
            "87552" : 4,
            "88576" : 4,
            "89600" : 1,
            "90624" : 6,
            "92672" : 4,
            "93696" : 21,
            "94720" : 57,
            "95744" : 69,
            "96768" : 51,
            "97792" : 61,
            "98816" : 74,
            "99840" : 552,
            "100864" : 1082,
            "101888" : 324,
            "102912" : 399,
            "103936" : 594,
            "104960" : 839,
            "105984" : 1183,
            "107008" : 972,
            "108032" : 1205,
            "109056" : 4130,
            "110080" : 2759,
            "111104" : 1911,
            "112128" : 177951,
            "113152" : 281958,
            "114176" : 1401,
            "115200" : 2199,
            "116224" : 2208,
            "117248" : 492,
            "118272" : 492,
            "119296" : 534,
            "120320" : 508,
            "121344" : 369,
            "122368" : 243,
            "123392" : 116,
            "124416" : 483,
            "125440" : 279,
            "126464" : 32,
            "127488" : 14,
            "128512" : 9,
            "129536" : 7,
            "130560" : 3,
            "132096" : 8,
            "134144" : 3,
            "136192" : 2,
            "138240" : 10,
            "140288" : 9,
            "142336" : 6,
            "144384" : 6,
            "146432" : 16,
            "148480" : 6,
            "150528" : 1,
            "152576" : 2,
            "154624" : 2,
            "156672" : 1,
            "193536" : 1,
            "201728" : 1,
            "211968" : 1,
            "481280" : 1,
            "518144" : 1,
            "528384" : 1,
            "552960" : 2,
            "757760" : 1,
            "839680" : 1,
            "1036288" : 1,
            "1138688" : 2,
            "1187840" : 1,
            "1236992" : 1,
            "1269760" : 1,
            "1286144" : 1,
            "1302528" : 2,
            "1335296" : 1,
            "1351680" : 1,
            "12910592" : 9,
            "13041664" : 6,
            "13172736" : 1
          }
        },
        "lat_ns" : {
          "min" : 78890,
          "max" : 13137009,
          "mean" : 118424.425795,
          "stddev" : 73191.830509
        },
        "bw_min" : 65008,
        "bw_max" : 68096,
        "bw_agg" : 99.990726,
        "bw_mean" : 66862.798319,
        "bw_dev" : 663.325924,
        "bw_samples" : 119,
        "iops_min" : 8126,
        "iops_max" : 8512,
        "iops_mean" : 8357.857143,
        "iops_stddev" : 82.927709,
        "iops_samples" : 119
      },
      "trim" : {
        "io_bytes" : 0,
        "io_kbytes" : 0,
        "bw_bytes" : 0,
        "bw" : 0,
        "iops" : 0.000000,
        "runtime" : 0,
        "total_ios" : 0,
        "short_ios" : 0,
        "drop_ios" : 0,
        "slat_ns" : {
          "min" : 0,
          "max" : 0,
          "mean" : 0.000000,
          "stddev" : 0.000000
        },
        "clat_ns" : {
          "min" : 0,
          "max" : 0,
          "mean" : 0.000000,
          "stddev" : 0.000000,
          "percentile" : {
            "1.000000" : 0,
            "5.000000" : 0,
            "10.000000" : 0,
            "20.000000" : 0,
            "30.000000" : 0,
            "40.000000" : 0,
            "50.000000" : 0,
            "60.000000" : 0,
            "70.000000" : 0,
            "80.000000" : 0,
            "90.000000" : 0,
            "95.000000" : 0,
            "99.000000" : 0,
            "99.500000" : 0,
            "99.900000" : 0,
            "99.950000" : 0,
            "99.990000" : 0
          },
          "bins" : {

          }
        },
        "lat_ns" : {
          "min" : 0,
          "max" : 0,
          "mean" : 0.000000,
          "stddev" : 0.000000
        },
        "bw_min" : 0,
        "bw_max" : 0,
        "bw_agg" : 0.000000,
        "bw_mean" : 0.000000,
        "bw_dev" : 0.000000,
        "bw_samples" : 0,