{
  "fio version" : "fio-3.8",
  "timestamp" : 1537058463,
  "timestamp_ms" : 1537058463498,
  "time" : "Sun Sep 16 00:41:03 2018",
  "global options" : {
    "offset" : "49779720192"
  },
  "jobs" : [
    {
      "jobname" : "wdpc",
      "groupid" : 0,
      "error" : 0,
      "eta" : 0,
      "elapsed" : 61,
      "job options" : {
        "ioengine" : "libaio",
        "group_reporting" : "1",
        "direct" : "1",
        "rw" : "readwrite",
        "bs" : "16KB",
        "numjobs" : "1",
        "iodepth" : "32",
        "size" : "75%",
        "name" : "wdpc",
        "rwmixread" : "0",
        "time_based" : "1",
        "runtime" : "60s",
        "filename" : "/dev/sda"
      },
      "read" : {
        "io_bytes" : 0,
        "io_kbytes" : 0,
        "bw_bytes" : 0,
        "bw" : 0,
        "iops" : 0.000000,
        "runtime" : 0,
        "total_ios" : 0,
        "short_ios" : 0,
        "drop_ios" : 0,
        "slat_ns" : {
          "min" : 0,
          "max" : 0,
          "mean" : 0.000000,
          "stddev" : 0.000000
        },
        "clat_ns" : {
          "min" : 0,
          "max" : 0,
          "mean" : 0.000000,
          "stddev" : 0.000000,
          "percentile" : {
            "1.000000" : 0,
            "5.000000" : 0,
            "10.000000" : 0,
            "20.000000" : 0,
            "30.000000" : 0,
            "40.000000" : 0,
            "50.000000" : 0,
            "60.000000" : 0,
            "70.000000" : 0,
            "80.000000" : 0,
            "90.000000" : 0,
            "95.000000" : 0,
            "99.000000" : 0,
            "99.500000" : 0,
            "99.900000" : 0,
            "99.950000" : 0,
            "99.990000" : 0
          },
          "bins" : {

          }
        },
        "lat_ns" : {
          "min" : 0,
          "max" : 0,
          "mean" : 0.000000,
          "stddev" : 0.000000
        },
        "bw_min" : 0,
        "bw_max" : 0,
        "bw_agg" : 0.000000,
        "bw_mean" : 0.000000,
        "bw_dev" : 0.000000,
        "bw_samples" : 0,
        "iops_min" : 0,
        "iops_max" : 0,
        "iops_mean" : 0.000000,
        "iops_stddev" : 0.000000,
        "iops_samples" : 0
      },
      "write" : {
        "io_bytes" : 16664281088,
        "io_kbytes" : 16273712,
        "bw_bytes" : 277728760,
        "bw" : 271219,
        "iops" : 16951.218293,
        "runtime" : 60002,
        "total_ios" : 1017107,
        "short_ios" : 0,
        "drop_ios" : 0,
        "slat_ns" : {
          "min" : 6417,
          "max" : 5088416,
          "mean" : 13009.427638,
          "stddev" : 8843.559864
        },
        "clat_ns" : {
          "min" : 1004209,
          "max" : 20409084,
          "mean" : 1871093.429545,
          "stddev" : 764463.364432,
          "percentile" : {
            "1.000000" : 1482752,
            "5.000000" : 1531904,
            "10.000000" : 1548288,
            "20.000000" : 1564672,
            "30.000000" : 1564672,
            "40.000000" : 1581056,
            "50.000000" : 1630208,
            "60.000000" : 1761280,
            "70.000000" : 1892352,
            "80.000000" : 2088960,
            "90.000000" : 2408448,
            "95.000000" : 2736128,
            "99.000000" : 3719168,
            "99.500000" : 3948544,
            "99.900000" : 15532032,
            "99.950000" : 16056320,
            "99.990000" : 17170432
          },
          "bins" : {
            "1003520" : 1,
            "1011712" : 4,
            "1019904" : 14,
            "1028096" : 16,
            "1036288" : 22,
            "1044480" : 32,
            "1056768" : 110,
            "1073152" : 212,
            "1089536" : 230,
            "1105920" : 282,
            "1122304" : 279,
            "1138688" : 238,
            "1155072" : 150,
            "1171456" : 88,
            "1187840" : 86,
            "1204224" : 79,
            "1220608" : 74,
            "1236992" : 66,
            "1253376" : 113,
            "1269760" : 95,
            "1286144" : 97,
            "1302528" : 141,
            "1318912" : 138,
            "1335296" : 199,
            "1351680" : 277,
            "1368064" : 321,
            "1384448" : 350,
            "1400832" : 479,
            "1417216" : 557,
            "1433600" : 734,
            "1449984" : 875,
            "1466368" : 1352,
            "1482752" : 2731,
            "1499136" : 7403,
            "1515520" : 19657,
            "1531904" : 59776,
            "1548288" : 96467,
            "1564672" : 127603,
            "1581056" : 104794,
            "1597440" : 51372,
            "1613824" : 22386,
            "1630208" : 13773,
            "1646592" : 11412,
            "1662976" : 11721,
            "1679360" : 12281,
            "1695744" : 12753,
            "1712128" : 13415,
            "1728512" : 14466,
            "1744896" : 13958,
            "1761280" : 13632,
            "1777664" : 12801,
            "1794048" : 12214,
            "1810432" : 12544,
            "1826816" : 11867,
            "1843200" : 11873,
            "1859584" : 12571,
            "1875968" : 11242,
            "1892352" : 10767,
            "1908736" : 10715,
            "1925120" : 9912,
            "1941504" : 9857,
            "1957888" : 9572,
            "1974272" : 9082,
            "1990656" : 8898,
            "2007040" : 8290,
            "2023424" : 7671,
            "2039808" : 7519,
            "2056192" : 7706,
            "2072576" : 7326,
            "2088960" : 7550,
            "2113536" : 15298,
            "2146304" : 13954,
            "2179072" : 12782,
            "2211840" : 11401,
            "2244608" : 10228,
            "2277376" : 8416,
            "2310144" : 7609,
            "2342912" : 7925,
            "2375680" : 7362,
            "2408448" : 6679,
            "2441216" : 6220,
            "2473984" : 6385,
            "2506752" : 5690,
            "2539520" : 4980,
            "2572288" : 4636,
            "2605056" : 4556,
            "2637824" : 4263,
            "2670592" : 3919,
            "2703360" : 3617,
            "2736128" : 3270,
            "2768896" : 2444,
            "2801664" : 2308,
            "2834432" : 2221,
            "2867200" : 1951,
            "2899968" : 1692,
            "2932736" : 1725,
            "2965504" : 1854,
            "2998272" : 1764,
            "3031040" : 1745,
            "3063808" : 1707,
            "3096576" : 1663,
            "3129344" : 1741,
            "3162112" : 1636,
            "3194880" : 1542,
            "3227648" : 1421,
            "3260416" : 1138,
            "3293184" : 1021,
            "3325952" : 911,
            "3358720" : 719,
            "3391488" : 726,
            "3424256" : 711,
            "3457024" : 729,
            "3489792" : 877,
            "3522560" : 875,
            "3555328" : 898,
            "3588096" : 1137,
            "3620864" : 1164,
            "3653632" : 957,
            "3686400" : 825,
            "3719168" : 1137,
            "3751936" : 979,
            "3784704" : 713,
            "3817472" : 611,
            "3850240" : 653,
            "3883008" : 592,
            "3915776" : 488,
            "3948544" : 349,
            "3981312" : 276,
            "4014080" : 296,
            "4046848" : 381,
            "4079616" : 362,
            "4112384" : 309,
            "4145152" : 204,
            "4177920" : 201,
            "4227072" : 204,
            "4292608" : 146,
            "4358144" : 157,
            "4423680" : 94,
            "4489216" : 13,
            "4554752" : 36,
            "4620288" : 12,
            "4685824" : 28,
            "4751360" : 15,
            "4816896" : 1,
            "4882432" : 15,
            "4947968" : 31,
            "5013504" : 16,
            "5079040" : 7,
            "5144576" : 4,
            "5210112" : 11,
            "5275648" : 7,
            "5341184" : 18,
            "5406720" : 26,
            "5472256" : 13,