{
  "fio version" : "fio-3.8",
  "timestamp" : 1537059892,
  "timestamp_ms" : 1537059892698,
  "time" : "Sun Sep 16 01:04:52 2018",
  "global options" : {
    "offset" : "52516093952"
  },
  "jobs" : [
    {
      "jobname" : "wdpc",
      "groupid" : 0,
      "error" : 0,
      "eta" : 0,
      "elapsed" : 61,
      "job options" : {
        "ioengine" : "libaio",
        "group_reporting" : "1",
        "direct" : "1",
        "rw" : "readwrite",
        "bs" : "128KB",
        "numjobs" : "1",
        "iodepth" : "32",
        "size" : "75%",
        "name" : "wdpc",
        "rwmixread" : "0",
        "time_based" : "1",
        "runtime" : "60s",
        "filename" : "/dev/sda"
      },
      "read" : {
        "io_bytes" : 0,
        "io_kbytes" : 0,
        "bw_bytes" : 0,
        "bw" : 0,
        "iops" : 0.000000,
        "runtime" : 0,
        "total_ios" : 0,
        "short_ios" : 0,
        "drop_ios" : 0,
        "slat_ns" : {
          "min" : 0,
          "max" : 0,
          "mean" : 0.000000,
          "stddev" : 0.000000
        },
        "clat_ns" : {
          "min" : 0,
          "max" : 0,
          "mean" : 0.000000,
          "stddev" : 0.000000,
          "percentile" : {
            "1.000000" : 0,
            "5.000000" : 0,
            "10.000000" : 0,
            "20.000000" : 0,
            "30.000000" : 0,
            "40.000000" : 0,
            "50.000000" : 0,
            "60.000000" : 0,
            "70.000000" : 0,
            "80.000000" : 0,
            "90.000000" : 0,
            "95.000000" : 0,
            "99.000000" : 0,
            "99.500000" : 0,
            "99.900000" : 0,
            "99.950000" : 0,
            "99.990000" : 0
          },
          "bins" : {

          }
        },
        "lat_ns" : {
          "min" : 0,
          "max" : 0,
          "mean" : 0.000000,
          "stddev" : 0.000000
        },
        "bw_min" : 0,
        "bw_max" : 0,
        "bw_agg" : 0.000000,
        "bw_mean" : 0.000000,
        "bw_dev" : 0.000000,
        "bw_samples" : 0,
        "iops_min" : 0,
        "iops_max" : 0,
        "iops_mean" : 0.000000,
        "iops_stddev" : 0.000000,
        "iops_samples" : 0
      },
      "write" : {
        "io_bytes" : 17611358208,
        "io_kbytes" : 17198592,
        "bw_bytes" : 293449274,
        "bw" : 286571,
        "iops" : 2238.840290,
        "runtime" : 60015,
        "total_ios" : 134364,
        "short_ios" : 0,
        "drop_ios" : 0,
        "slat_ns" : {
          "min" : 20708,
          "max" : 2853667,
          "mean" : 44652.822899,
          "stddev" : 29558.678423
        },
        "clat_ns" : {
          "min" : 3041792,
          "max" : 31308959,
          "mean" : 14243346.604611,
          "stddev" : 1958703.798181,
          "percentile" : {
            "1.000000" : 12386304,
            "5.000000" : 12779520,
            "10.000000" : 12910592,
            "20.000000" : 13172736,
            "30.000000" : 13434880,
            "40.000000" : 13565952,
            "50.000000" : 13828096,
            "60.000000" : 14090240,
            "70.000000" : 14483456,
            "80.000000" : 14876672,
            "90.000000" : 15663104,
            "95.000000" : 16449536,
            "99.000000" : 26607616,
            "99.500000" : 27394048,
            "99.900000" : 28704768,
            "99.950000" : 28966912,
            "99.990000" : 30277632
          },
          "bins" : {
            "3031040" : 1,
            "3096576" : 1,
            "3129344" : 1,
            "3162112" : 3,
            "4554752" : 1,
            "4816896" : 1,
            "5079040" : 1,
            "5341184" : 1,
            "5537792" : 1,
            "5734400" : 1,
            "6520832" : 1,
            "6782976" : 1,
            "7045120" : 1,
            "7307264" : 1,
            "7569408" : 1,
            "7700480" : 1,
            "7962624" : 1,
            "8159232" : 1,
            "8355840" : 1,
            "8454144" : 1,
            "8585216" : 2,
            "8716288" : 2,
            "8847360" : 1,
            "8978432" : 2,
            "9109504" : 1,
            "9240576" : 1,
            "9371648" : 1,
            "9502720" : 1,
            "9633792" : 2,
            "9764864" : 3,
            "9895936" : 4,
            "10027008" : 2,
            "10158080" : 9,
            "10289152" : 7,
            "10420224" : 10,
            "10551296" : 12,
            "10682368" : 16,
            "10813440" : 21,
            "10944512" : 29,
            "11075584" : 45,
            "11206656" : 58,
            "11337728" : 41,
            "11468800" : 53,
            "11599872" : 72,
            "11730944" : 80,
            "11862016" : 118,
            "11993088" : 106,
            "12124160" : 185,
            "12255232" : 393,
            "12386304" : 784,
            "12517376" : 1572,
            "12648448" : 2564,
            "12779520" : 3956,
            "12910592" : 5588,
            "13041664" : 6759,
            "13172736" : 7707,
            "13303808" : 8486,
            "13434880" : 8631,
            "13565952" : 7877,
            "13697024" : 7369,
            "13828096" : 7184,
            "13959168" : 6554,
            "14090240" : 6209,
            "14221312" : 5415,
            "14352384" : 5285,
            "14483456" : 4767,
            "14614528" : 4397,
            "14745600" : 3723,
            "14876672" : 3461,
            "15007744" : 3117,
            "15138816" : 2660,
            "15269888" : 2215,
            "15400960" : 1814,
            "15532032" : 1384,
            "15663104" : 1219,
            "15794176" : 1090,
            "15925248" : 950,
            "16056320" : 910,
            "16187392" : 933,
            "16318464" : 1020,
            "16449536" : 918,
            "16580608" : 809,
            "16711680" : 695,
            "16908288" : 1128,
            "17170432" : 708,
            "17432576" : 418,
            "17694720" : 226,
            "17956864" : 93,
            "18219008" : 49,
            "18481152" : 33,
            "18743296" : 59,
            "19005440" : 34,
            "19267584" : 32,
            "19529728" : 26,
            "19791872" : 18,
            "20054016" : 10,
            "20316160" : 5,
            "20578304" : 4,
            "20840448" : 1,
            "21102592" : 2,
            "21364736" : 1,
            "21626880" : 1,
            "21889024" : 1,
            "22151168" : 1,
            "22413312" : 1,
            "22937600" : 1,
            "23199744" : 1,
            "23461888" : 1,
            "23724032" : 1,
            "23986176" : 1,
            "24510464" : 2,
            "24772608" : 2,
            "25034752" : 5,
            "25296896" : 10,
            "25559040" : 35,
            "25821184" : 120,
            "26083328" : 256,
            "26345472" : 252,
            "26607616" : 292,
            "26869760" : 263,
            "27131904" : 199,
            "27394048" : 196,
            "27656192" : 142,
            "27918336" : 103,
            "28180480" : 109,
            "28442624" : 51,
            "28704768" : 53,
            "28966912" : 36,
            "29229056" : 22,
            "29491200" : 12,
            "29753344" : 9,
            "30015488" : 4,
            "30277632" : 3,
            "30539776" : 9,
            "31064064" : 1,
            "31326208" : 1
          }
        },
        "lat_ns" : {
          "min" : 3146209,
          "max" : 31351250,
          "mean" : 14288684.581904,
          "stddev" : 1957876.870632
        },
        "bw_min" : 275200,
        "bw_max" : 300032,
        "bw_agg" : 99.988906,
        "bw_mean" : 286539.208333,
        "bw_dev" : 5625.855598,
        "bw_samples" : 120,
        "iops_min" : 2150,
        "iops_max" : 2344,
        "iops_mean" : 2238.550000,
        "iops_stddev" : 43.973990,
        "iops_samples" : 120
      },
      "trim" : {
        "io_bytes" : 0,
        "io_kbytes" : 0,
        "bw_bytes" : 0,