{
  "fio version" : "fio-3.8",
  "timestamp" : 1537061900,
  "timestamp_ms" : 1537061900087,
  "time" : "Sun Sep 16 01:38:20 2018",
  "global options" : {
    "offset" : "0"
  },
  "jobs" : [
    {
      "jobname" : "wdpc",
      "groupid" : 0,
      "error" : 0,
      "eta" : 0,
      "elapsed" : 61,
      "job options" : {
        "ioengine" : "libaio",
        "group_reporting" : "1",
        "direct" : "1",
        "rw" : "readwrite",
        "bs" : "1024KB",
        "numjobs" : "1",
        "iodepth" : "32",
        "size" : "75%",
        "name" : "wdpc",
        "rwmixread" : "0",
        "time_based" : "1",
        "runtime" : "60s",
        "filename" : "/dev/sda"
      },
      "read" : {
        "io_bytes" : 0,
        "io_kbytes" : 0,
        "bw_bytes" : 0,
        "bw" : 0,
        "iops" : 0.000000,
        "runtime" : 0,
        "total_ios" : 0,
        "short_ios" : 0,
        "drop_ios" : 0,
        "slat_ns" : {
          "min" : 0,
          "max" : 0,
          "mean" : 0.000000,
          "stddev" : 0.000000
        },
        "clat_ns" : {
          "min" : 0,
          "max" : 0,
          "mean" : 0.000000,
          "stddev" : 0.000000,
          "percentile" : {
            "1.000000" : 0,
            "5.000000" : 0,
            "10.000000" : 0,
            "20.000000" : 0,
            "30.000000" : 0,
            "40.000000" : 0,
            "50.000000" : 0,
            "60.000000" : 0,
            "70.000000" : 0,
            "80.000000" : 0,
            "90.000000" : 0,
            "95.000000" : 0,
            "99.000000" : 0,
            "99.500000" : 0,
            "99.900000" : 0,
            "99.950000" : 0,
            "99.990000" : 0
          },
          "bins" : {

          }
        },
        "lat_ns" : {
          "min" : 0,
          "max" : 0,
          "mean" : 0.000000,
          "stddev" : 0.000000
        },
        "bw_min" : 0,
        "bw_max" : 0,
        "bw_agg" : 0.000000,
        "bw_mean" : 0.000000,
        "bw_dev" : 0.000000,
        "bw_samples" : 0,
        "iops_min" : 0,
        "iops_max" : 0,
        "iops_mean" : 0.000000,
        "iops_stddev" : 0.000000,
        "iops_samples" : 0
      },
      "write" : {
        "io_bytes" : 17666408448,
        "io_kbytes" : 17252352,
        "bw_bytes" : 293896432,
        "bw" : 287008,
        "iops" : 280.281479,
        "runtime" : 60111,
        "total_ios" : 16848,
        "short_ios" : 0,
        "drop_ios" : 0,
        "slat_ns" : {
          "min" : 162750,
          "max" : 11391916,
          "mean" : 308574.679487,
          "stddev" : 128769.449344
        },
        "clat_ns" : {
          "min" : 14789250,
          "max" : 221277875,
          "mean" : 113826465.436610,
          "stddev" : 6963595.274139,
          "percentile" : {
            "1.000000" : 104333312,
            "5.000000" : 106430464,
            "10.000000" : 107479040,
            "20.000000" : 109576192,
            "30.000000" : 110624768,
            "40.000000" : 111673344,
            "50.000000" : 112721920,
            "60.000000" : 113770496,
            "70.000000" : 115867648,
            "80.000000" : 119013376,
            "90.000000" : 123207680,
            "95.000000" : 125304832,
            "99.000000" : 129499136,
            "99.500000" : 130547712,
            "99.900000" : 160432128,
            "99.950000" : 191889408,
            "99.990000" : 217055232
          },
          "bins" : {
            "14745600" : 1,
            "15138816" : 1,
            "15400960" : 2,
            "15794176" : 1,
            "17170432" : 1,
            "20316160" : 1,
            "22151168" : 1,
            "25559040" : 1,
            "27394048" : 1,
            "30015488" : 1,
            "46399488" : 1,
            "48496640" : 1,
            "51642368" : 1,
            "55312384" : 1,
            "57409536" : 1,
            "60555264" : 1,
            "62652416" : 1,
            "65273856" : 1,
            "68681728" : 1,
            "70778880" : 1,
            "76021760" : 1,
            "79167488" : 1,
            "83361792" : 1,
            "86507520" : 1,
            "90701824" : 1,
            "93847552" : 1,
            "96993280" : 1,
            "98041856" : 1,
            "99090432" : 1,
            "101187584" : 10,
            "102236160" : 24,
            "103284736" : 66,
            "104333312" : 199,
            "105381888" : 425,
            "106430464" : 626,
            "107479040" : 851,
            "108527616" : 1054,
            "109576192" : 1350,
            "110624768" : 1582,
            "111673344" : 1864,
            "112721920" : 1508,
            "113770496" : 1104,
            "114819072" : 813,
            "115867648" : 675,
            "116916224" : 477,
            "117964800" : 506,
            "119013376" : 588,
            "120061952" : 511,
            "121110528" : 488,
            "122159104" : 397,
            "123207680" : 347,
            "124256256" : 314,
            "125304832" : 301,
            "126353408" : 239,
            "127401984" : 155,
            "128450560" : 133,
            "129499136" : 90,
            "130547712" : 53,
            "131596288" : 18,
            "132644864" : 10,
            "133693440" : 3,
            "135266304" : 10,
            "137363456" : 4,
            "141557760" : 1,
            "143654912" : 1,
            "147849216" : 1,
            "152043520" : 1,
            "154140672" : 1,
            "158334976" : 1,
            "160432128" : 1,
            "164626432" : 1,
            "168820736" : 1,
            "173015040" : 1,
            "175112192" : 1,
            "181403648" : 1,
            "185597952" : 1,
            "187695104" : 1,
            "191889408" : 1,
            "193986560" : 1,
            "200278016" : 1,
            "202375168" : 1,
            "206569472" : 1,
            "210763776" : 1,
            "214958080" : 1,
            "217055232" : 1,
            "221249536" : 1
          }
        },
        "lat_ns" : {
          "min" : 15518708,
          "max" : 221572750,
          "mean" : 114136173.128917,
          "stddev" : 6957801.455799
        },
        "bw_min" : 264192,
        "bw_max" : 303104,
        "bw_agg" : 99.990564,
        "bw_mean" : 286980.916667,
        "bw_dev" : 8800.964497,
        "bw_samples" : 120,
        "iops_min" : 258,
        "iops_max" : 296,
        "iops_mean" : 280.233333,
        "iops_stddev" : 8.583484,
        "iops_samples" : 120
      },
      "trim" : {
        "io_bytes" : 0,
        "io_kbytes" : 0,
        "bw_bytes" : 0,
        "bw" : 0,
        "iops" : 0.000000,
        "runtime" : 0,
        "total_ios" : 0,
        "short_ios" : 0,
        "drop_ios" : 0,
        "slat_ns" : {
          "min" : 0,
          "max" : 0,
          "mean" : 0.000000,
          "stddev" : 0.000000
        },
        "clat_ns" : {
          "min" : 0,
          "max" : 0,
          "mean" : 0.000000,
          "stddev" : 0.000000,
          "percentile" : {
            "1.000000" : 0,
            "5.000000" : 0,
            "10.000000" : 0,
            "20.000000" : 0,
            "30.000000" : 0,
            "40.000000" : 0,
            "50.000000" : 0,
            "60.000000" : 0,
            "70.000000" : 0,
            "80.000000" : 0,
            "90.000000" : 0,
            "95.000000" : 0,
            "99.000000" : 0,
            "99.500000" : 0,
            "99.900000" : 0,
            "99.950000" : 0,
            "99.990000" : 0
          },
          "bins" : {

          }
        },
        "lat_ns" : {
          "min" : 0,
          "max" : 0,
          "mean" : 0.000000,
          "stddev" : 0.000000
        },
        "bw_min" : 0,
        "bw_max" : 0,
        "bw_agg" : 0.000000,
        "bw_mean" : 0.000000,
        "bw_dev" : 0.000000,
        "bw_samples" : 0,
        "iops_min" : 0,
        "iops_max" : 0,
        "iops_mean" : 0.000000,
        "iops_stddev" : 0.000000,