{
  "fio version" : "fio-3.8",
  "timestamp" : 1535670412,
  "timestamp_ms" : 1535670412966,
  "time" : "Thu Aug 30 23:06:52 2018",
  "global options" : {
    "offset" : "0"
  },
  "jobs" : [
    {
      "jobname" : "wdpc",
      "groupid" : 0,
      "error" : 0,
      "eta" : 0,
      "elapsed" : 61,
      "job options" : {
        "ioengine" : "libaio",
        "group_reporting" : "1",
        "direct" : "1",
        "rw" : "readwrite",
        "bs" : "1024KB",
        "numjobs" : "1",
        "iodepth" : "32",
        "size" : "75%",
        "name" : "wdpc",
        "rwmixread" : "0",
        "time_based" : "1",
        "runtime" : "60s",
        "filename" : "/dev/sda"
      },
      "read" : {
        "io_bytes" : 0,
        "io_kbytes" : 0,
        "bw_bytes" : 0,
        "bw" : 0,
        "iops" : 0.000000,
        "runtime" : 0,
        "total_ios" : 0,
        "short_ios" : 0,
        "drop_ios" : 0,
        "slat_ns" : {
          "min" : 0,
          "max" : 0,
          "mean" : 0.000000,
          "stddev" : 0.000000
        },
        "clat_ns" : {
          "min" : 0,
          "max" : 0,
          "mean" : 0.000000,
          "stddev" : 0.000000,
          "percentile" : {
            "1.000000" : 0,
            "5.000000" : 0,
            "10.000000" : 0,
            "20.000000" : 0,
            "30.000000" : 0,
            "40.000000" : 0,
            "50.000000" : 0,
            "60.000000" : 0,
            "70.000000" : 0,
            "80.000000" : 0,
            "90.000000" : 0,
            "95.000000" : 0,
            "99.000000" : 0,
            "99.500000" : 0,
            "99.900000" : 0,
            "99.950000" : 0,
            "99.990000" : 0
          },
          "bins" : {

          }
        },
        "lat_ns" : {
          "min" : 0,
          "max" : 0,
          "mean" : 0.000000,
          "stddev" : 0.000000
        },
        "bw_min" : 0,
        "bw_max" : 0,
        "bw_agg" : 0.000000,
        "bw_mean" : 0.000000,
        "bw_dev" : 0.000000,
        "bw_samples" : 0,
        "iops_min" : 0,
        "iops_max" : 0,
        "iops_mean" : 0.000000,
        "iops_stddev" : 0.000000,
        "iops_samples" : 0
      },
      "write" : {
        "io_bytes" : 18294505472,
        "io_kbytes" : 17865728,
        "bw_bytes" : 304320072,
        "bw" : 297187,
        "iops" : 290.222237,
        "runtime" : 60116,
        "total_ios" : 17447,
        "short_ios" : 0,
        "drop_ios" : 0,
        "slat_ns" : {
          "min" : 231583,
          "max" : 5517750,
          "mean" : 886623.885195,
          "stddev" : 434077.624240
        },
        "clat_ns" : {
          "min" : 19560625,
          "max" : 222842084,
          "mean" : 109300646.493380,
          "stddev" : 6704146.113515,
          "percentile" : {
            "1.000000" : 100139008,
            "5.000000" : 102236160,
            "10.000000" : 103284736,
            "20.000000" : 105381888,
            "30.000000" : 106430464,
            "40.000000" : 107479040,
            "50.000000" : 108527616,
            "60.000000" : 109576192,
            "70.000000" : 110624768,
            "80.000000" : 112721920,
            "90.000000" : 117964800,
            "95.000000" : 120061952,
            "99.000000" : 124256256,
            "99.500000" : 126353408,
            "99.900000" : 164626432,
            "99.950000" : 196083712,
            "99.990000" : 217055232
          },
          "bins" : {
            "19529728" : 1,
            "20316160" : 1,
            "20578304" : 1,
            "21102592" : 1,
            "21626880" : 1,
            "22413312" : 2,
            "23461888" : 1,
            "24772608" : 1,
            "28966912" : 1,
            "30539776" : 1,
            "35389440" : 1,
            "36962304" : 1,
            "40632320" : 1,
            "43253760" : 1,
            "45875200" : 1,
            "48496640" : 1,
            "51118080" : 1,
            "53739520" : 1,
            "56360960" : 1,
            "59506688" : 1,
            "62652416" : 1,
            "65798144" : 1,
            "68681728" : 1,
            "71827456" : 1,
            "74973184" : 1,
            "78118912" : 1,
            "80216064" : 1,
            "85458944" : 1,
            "87556096" : 1,
            "90701824" : 1,
            "92798976" : 1,
            "96993280" : 1,
            "98041856" : 9,
            "99090432" : 57,
            "100139008" : 171,
            "101187584" : 465,
            "102236160" : 707,
            "103284736" : 912,
            "104333312" : 1091,
            "105381888" : 1354,
            "106430464" : 1673,
            "107479040" : 1617,
            "108527616" : 1689,
            "109576192" : 1516,
            "110624768" : 1210,
            "111673344" : 898,
            "112721920" : 626,
            "113770496" : 493,
            "114819072" : 380,
            "115867648" : 347,
            "116916224" : 374,
            "117964800" : 345,
            "119013376" : 336,
            "120061952" : 308,
            "121110528" : 250,
            "122159104" : 210,
            "123207680" : 135,
            "124256256" : 86,
            "125304832" : 50,
            "126353408" : 28,
            "127401984" : 24,
            "128450560" : 12,
            "129499136" : 12,
            "130547712" : 2,
            "132644864" : 1,
            "135266304" : 1,
            "139460608" : 2,
            "145752064" : 1,
            "149946368" : 1,
            "154140672" : 1,
            "156237824" : 1,
            "160432128" : 1,
            "164626432" : 1,
            "166723584" : 1,
            "170917888" : 1,
            "175112192" : 1,
            "179306496" : 2,
            "185597952" : 1,
            "187695104" : 1,
            "191889408" : 1,
            "196083712" : 1,
            "198180864" : 1,
            "202375168" : 1,
            "204472320" : 1,
            "208666624" : 1,
            "210763776" : 1,
            "214958080" : 1,
            "217055232" : 1,
            "223346688" : 1
          }
        },
        "lat_ns" : {
          "min" : 20658459,
          "max" : 223432125,
          "mean" : 110193577.162893,
          "stddev" : 6676515.559963
        },
        "bw_min" : 274432,
        "bw_max" : 313344,
        "bw_agg" : 99.994714,
        "bw_mean" : 297171.291667,
        "bw_dev" : 7621.022741,
        "bw_samples" : 120,
        "iops_min" : 268,
        "iops_max" : 306,
        "iops_mean" : 290.175000,
        "iops_stddev" : 7.441269,
        "iops_samples" : 120
      },
      "trim" : {
        "io_bytes" : 0,
        "io_kbytes" : 0,
        "bw_bytes" : 0,
        "bw" : 0,
        "iops" : 0.000000,
        "runtime" : 0,
        "total_ios" : 0,
        "short_ios" : 0,
        "drop_ios" : 0,
        "slat_ns" : {
          "min" : 0,
          "max" : 0,
          "mean" : 0.000000,
          "stddev" : 0.000000
        },
        "clat_ns" : {
          "min" : 0,
          "max" : 0,
          "mean" : 0.000000,
          "stddev" : 0.000000,
          "percentile" : {
            "1.000000" : 0,
            "5.000000" : 0,
            "10.000000" : 0,
            "20.000000" : 0,
            "30.000000" : 0,
            "40.000000" : 0,
            "50.000000" : 0,
            "60.000000" : 0,
            "70.000000" : 0,
            "80.000000" : 0,
            "90.000000" : 0,
            "95.000000" : 0,
            "99.000000" : 0,
            "99.500000" : 0,
            "99.900000" : 0,
            "99.950000" : 0,
            "99.990000" : 0
          },
          "bins" : {

          }
        },
        "lat_ns" : {
          "min" : 0,
          "max" : 0,
          "mean" : 0.000000,
          "stddev" : 0.000000
        },
        "bw_min" : 0,
        "bw_max" : 0,
        "bw_agg" : 0.000000,
        "bw_mean" : 0.000000,
        "bw_dev" : 0.000000,
        "bw_samples" : 0,
        "iops_min" : 0,
        "iops_max" : 0,