{
  "fio version" : "fio-3.8",
  "timestamp" : 1535663186,
  "timestamp_ms" : 1535663186275,
  "time" : "Thu Aug 30 21:06:26 2018",
  "global options" : {
    "offset" : "66267250688"
  },
  "jobs" : [
    {
      "jobname" : "wdpc",
      "groupid" : 0,
      "error" : 0,
      "eta" : 0,
      "elapsed" : 61,
      "job options" : {
        "ioengine" : "libaio",
        "group_reporting" : "1",
        "direct" : "1",
        "rw" : "readwrite",
        "bs" : "16KB",
        "numjobs" : "1",
        "iodepth" : "32",
        "size" : "75%",
        "name" : "wdpc",
        "rwmixread" : "0",
        "time_based" : "1",
        "runtime" : "60s",
        "filename" : "/dev/sda"
      },
      "read" : {
        "io_bytes" : 0,
        "io_kbytes" : 0,
        "bw_bytes" : 0,
        "bw" : 0,
        "iops" : 0.000000,
        "runtime" : 0,
        "total_ios" : 0,
        "short_ios" : 0,
        "drop_ios" : 0,
        "slat_ns" : {
          "min" : 0,
          "max" : 0,
          "mean" : 0.000000,
          "stddev" : 0.000000
        },
        "clat_ns" : {
          "min" : 0,
          "max" : 0,
          "mean" : 0.000000,
          "stddev" : 0.000000,
          "percentile" : {
            "1.000000" : 0,
            "5.000000" : 0,
            "10.000000" : 0,
            "20.000000" : 0,
            "30.000000" : 0,
            "40.000000" : 0,
            "50.000000" : 0,
            "60.000000" : 0,
            "70.000000" : 0,
            "80.000000" : 0,
            "90.000000" : 0,
            "95.000000" : 0,
            "99.000000" : 0,
            "99.500000" : 0,
            "99.900000" : 0,
            "99.950000" : 0,
            "99.990000" : 0
          },
          "bins" : {

          }
        },
        "lat_ns" : {
          "min" : 0,
          "max" : 0,
          "mean" : 0.000000,
          "stddev" : 0.000000
        },
        "bw_min" : 0,
        "bw_max" : 0,
        "bw_agg" : 0.000000,
        "bw_mean" : 0.000000,
        "bw_dev" : 0.000000,
        "bw_samples" : 0,
        "iops_min" : 0,
        "iops_max" : 0,
        "iops_mean" : 0.000000,
        "iops_stddev" : 0.000000,
        "iops_samples" : 0
      },
      "write" : {
        "io_bytes" : 16625385472,
        "io_kbytes" : 16235728,
        "bw_bytes" : 277080521,
        "bw" : 270586,
        "iops" : 16911.652945,
        "runtime" : 60002,
        "total_ios" : 1014733,
        "short_ios" : 0,
        "drop_ios" : 0,
        "slat_ns" : {
          "min" : 6125,
          "max" : 732375,
          "mean" : 23119.950528,
          "stddev" : 19549.632147
        },
        "clat_ns" : {
          "min" : 1216542,
          "max" : 20942833,
          "mean" : 1863149.943869,
          "stddev" : 786952.134369,
          "percentile" : {
            "1.000000" : 1466368,
            "5.000000" : 1515520,
            "10.000000" : 1531904,
            "20.000000" : 1564672,
            "30.000000" : 1581056,
            "40.000000" : 1597440,
            "50.000000" : 1630208,
            "60.000000" : 1744896,
            "70.000000" : 1875968,
            "80.000000" : 2056192,
            "90.000000" : 2375680,
            "95.000000" : 2768896,
            "99.000000" : 3620864,
            "99.500000" : 3883008,
            "99.900000" : 16318464,
            "99.950000" : 16908288,
            "99.990000" : 17694720
          },
          "bins" : {
            "1220608" : 7,
            "1236992" : 49,
            "1253376" : 129,
            "1269760" : 354,
            "1286144" : 446,
            "1302528" : 569,
            "1318912" : 606,
            "1335296" : 653,
            "1351680" : 572,
            "1368064" : 641,
            "1384448" : 984,
            "1400832" : 1207,
            "1417216" : 1083,
            "1433600" : 1220,
            "1449984" : 1428,
            "1466368" : 2848,
            "1482752" : 9384,
            "1499136" : 21661,
            "1515520" : 36858,
            "1531904" : 49248,
            "1548288" : 70729,
            "1564672" : 67372,
            "1581056" : 83064,
            "1597440" : 73880,
            "1613824" : 52899,
            "1630208" : 36478,
            "1646592" : 20110,
            "1662976" : 14694,
            "1679360" : 12907,
            "1695744" : 13302,
            "1712128" : 13674,
            "1728512" : 14554,
            "1744896" : 15277,
            "1761280" : 13433,
            "1777664" : 12347,
            "1794048" : 12735,
            "1810432" : 12245,
            "1826816" : 12042,
            "1843200" : 12039,
            "1859584" : 12734,
            "1875968" : 12347,
            "1892352" : 10947,
            "1908736" : 9592,
            "1925120" : 9669,
            "1941504" : 9950,
            "1957888" : 9440,
            "1974272" : 9401,
            "1990656" : 9232,
            "2007040" : 8470,
            "2023424" : 7103,
            "2039808" : 6653,
            "2056192" : 6755,
            "2072576" : 6563,
            "2088960" : 6365,
            "2113536" : 12821,
            "2146304" : 10602,
            "2179072" : 9696,
            "2211840" : 9239,
            "2244608" : 9459,
            "2277376" : 8351,
            "2310144" : 8126,
            "2342912" : 8428,
            "2375680" : 8143,
            "2408448" : 6418,
            "2441216" : 6110,
            "2473984" : 5756,
            "2506752" : 5321,
            "2539520" : 4376,
            "2572288" : 4298,
            "2605056" : 4219,
            "2637824" : 3548,
            "2670592" : 3289,
            "2703360" : 3284,
            "2736128" : 3190,
            "2768896" : 2526,
            "2801664" : 2220,
            "2834432" : 2155,
            "2867200" : 2236,
            "2899968" : 1963,
            "2932736" : 1970,
            "2965504" : 1947,
            "2998272" : 2246,
            "3031040" : 1742,
            "3063808" : 1774,
            "3096576" : 1905,
            "3129344" : 1942,
            "3162112" : 1629,
            "3194880" : 1615,
            "3227648" : 1491,
            "3260416" : 1314,
            "3293184" : 1147,
            "3325952" : 966,
            "3358720" : 991,
            "3391488" : 933,
            "3424256" : 904,
            "3457024" : 918,
            "3489792" : 1061,
            "3522560" : 852,
            "3555328" : 836,
            "3588096" : 933,
            "3620864" : 945,
            "3653632" : 799,
            "3686400" : 692,
            "3719168" : 691,
            "3751936" : 735,
            "3784704" : 582,
            "3817472" : 520,
            "3850240" : 450,
            "3883008" : 413,
            "3915776" : 358,
            "3948544" : 285,
            "3981312" : 219,
            "4014080" : 242,
            "4046848" : 209,
            "4079616" : 197,
            "4112384" : 252,
            "4145152" : 230,
            "4177920" : 207,
            "4227072" : 281,
            "4292608" : 165,
            "4358144" : 53,
            "4423680" : 32,
            "4489216" : 25,
            "4554752" : 50,
            "4620288" : 35,
            "4685824" : 48,
            "4751360" : 37,
            "4816896" : 3,
            "4882432" : 5,
            "4947968" : 5,
            "5406720" : 1,
            "5537792" : 1,
            "5734400" : 1,
            "5799936" : 1,
            "5865472" : 1,
            "6324224" : 1,
            "6389760" : 1,
            "6455296" : 1,
            "6520832" : 1,
            "6586368" : 1,
            "6717440" : 6,
            "6782976" : 6,
            "7045120" : 1,
            "7110656" : 1,
            "7176192" : 12,
            "7241728" : 9,
            "7307264" : 6,
            "7372800" : 2,
            "7503872" : 1,
            "7569408" : 3,
            "7634944" : 3,
            "7897088" : 1,
            "7962624" : 4,
            "8224768" : 1,
            "8290304" : 1,
            "8355840" : 6,