{
  "fio version" : "fio-3.8",
  "timestamp" : 1535669968,
  "timestamp_ms" : 1535669968258,
  "time" : "Thu Aug 30 22:59:28 2018",
  "jobs" : [
    {
      "jobname" : "wipc",
      "groupid" : 0,
      "error" : 0,
      "eta" : 0,
      "elapsed" : 1689,
      "job options" : {
        "ioengine" : "libaio",
        "group_reporting" : "1",
        "direct" : "1",
        "rw" : "write",
        "bs" : "1024KB",
        "numjobs" : "1",
        "iodepth" : "32",
        "size" : "75%",
        "name" : "wipc",
        "io_size" : "512121028608B",
        "filename" : "/dev/sda"
      },
      "read" : {
        "io_bytes" : 0,
        "io_kbytes" : 0,
        "bw_bytes" : 0,
        "bw" : 0,
        "iops" : 0.000000,
        "runtime" : 0,
        "total_ios" : 0,
        "short_ios" : 0,
        "drop_ios" : 0,
        "slat_ns" : {
          "min" : 0,
          "max" : 0,
          "mean" : 0.000000,
          "stddev" : 0.000000
        },
        "clat_ns" : {
          "min" : 0,
          "max" : 0,
          "mean" : 0.000000,
          "stddev" : 0.000000,
          "percentile" : {
            "1.000000" : 0,
            "5.000000" : 0,
            "10.000000" : 0,
            "20.000000" : 0,
            "30.000000" : 0,
            "40.000000" : 0,
            "50.000000" : 0,
            "60.000000" : 0,
            "70.000000" : 0,
            "80.000000" : 0,
            "90.000000" : 0,
            "95.000000" : 0,
            "99.000000" : 0,
            "99.500000" : 0,
            "99.900000" : 0,
            "99.950000" : 0,
            "99.990000" : 0
          },
          "bins" : {

          }
        },
        "lat_ns" : {
          "min" : 0,
          "max" : 0,
          "mean" : 0.000000,
          "stddev" : 0.000000
        },
        "bw_min" : 0,
        "bw_max" : 0,
        "bw_agg" : 0.000000,
        "bw_mean" : 0.000000,
        "bw_dev" : 0.000000,
        "bw_samples" : 0,
        "iops_min" : 0,
        "iops_max" : 0,
        "iops_mean" : 0.000000,
        "iops_stddev" : 0.000000,
        "iops_samples" : 0
      },
      "write" : {
        "io_bytes" : 512121372672,
        "io_kbytes" : 500118528,
        "bw_bytes" : 303365356,
        "bw" : 296255,
        "iops" : 289.311749,
        "runtime" : 1688134,
        "total_ios" : 488397,
        "short_ios" : 0,
        "drop_ios" : 0,
        "slat_ns" : {
          "min" : 255792,
          "max" : 17287375,
          "mean" : 933018.433049,
          "stddev" : 456047.236966
        },
        "clat_ns" : {
          "min" : 15547291,
          "max" : 217265126,
          "mean" : 109628347.592479,
          "stddev" : 5847279.196820,
          "percentile" : {
            "1.000000" : 100139008,
            "5.000000" : 102236160,
            "10.000000" : 103284736,
            "20.000000" : 105381888,
            "30.000000" : 106430464,
            "40.000000" : 107479040,
            "50.000000" : 108527616,
            "60.000000" : 109576192,
            "70.000000" : 110624768,
            "80.000000" : 113770496,
            "90.000000" : 119013376,
            "95.000000" : 121110528,
            "99.000000" : 125304832,
            "99.500000" : 127401984,
            "99.900000" : 131596288,
            "99.950000" : 133693440,
            "99.990000" : 156237824
          },
          "bins" : {
            "15532032" : 1,
            "16056320" : 1,
            "16449536" : 1,
            "16908288" : 1,
            "17170432" : 1,
            "18219008" : 1,
            "19791872" : 1,
            "21102592" : 1,
            "21626880" : 1,
            "22151168" : 1,
            "22675456" : 1,
            "23461888" : 1,
            "23986176" : 1,
            "25034752" : 1,
            "25296896" : 1,
            "25559040" : 1,
            "26083328" : 1,
            "26345472" : 1,
            "26869760" : 1,
            "27131904" : 1,
            "27394048" : 1,
            "28180480" : 1,
            "28442624" : 1,
            "28704768" : 1,
            "29229056" : 1,
            "29491200" : 1,
            "29753344" : 1,
            "30015488" : 1,
            "30277632" : 1,
            "30539776" : 1,
            "31326208" : 1,
            "31850496" : 1,
            "32374784" : 1,
            "32636928" : 1,
            "32899072" : 1,
            "33161216" : 2,
            "33423360" : 1,
            "34865152" : 4,
            "35389440" : 1,
            "36438016" : 1,
            "36962304" : 2,
            "37486592" : 1,
            "38010880" : 2,
            "38535168" : 1,
            "40108032" : 2,
            "41156608" : 1,
            "41680896" : 1,
            "42205184" : 1,
            "43778048" : 2,
            "44302336" : 1,
            "45350912" : 2,
            "47448064" : 1,
            "49020928" : 2,
            "49545216" : 1,
            "51118080" : 3,
            "54788096" : 2,
            "55836672" : 1,
            "56885248" : 1,
            "57409536" : 1,
            "58982400" : 1,
            "61079552" : 2,
            "63176704" : 1,
            "63700992" : 2,
            "65798144" : 1,
            "66322432" : 1,
            "66846720" : 1,
            "69730304" : 2,
            "70778880" : 1,
            "71827456" : 1,
            "72876032" : 2,
            "74973184" : 2,
            "77070336" : 2,
            "78118912" : 1,
            "79167488" : 1,
            "80216064" : 1,
            "81264640" : 2,
            "82313216" : 1,
            "83361792" : 1,
            "84410368" : 2,
            "86507520" : 2,
            "87556096" : 3,
            "89653248" : 2,
            "90701824" : 2,
            "91750400" : 3,
            "93847552" : 1,
            "94896128" : 2,
            "95944704" : 9,
            "96993280" : 40,
            "98041856" : 307,
            "99090432" : 1384,
            "100139008" : 4689,
            "101187584" : 10485,
            "102236160" : 17270,
            "103284736" : 24216,
            "104333312" : 31779,
            "105381888" : 39311,
            "106430464" : 45923,
            "107479040" : 50798,
            "108527616" : 48487,
            "109576192" : 39971,
            "110624768" : 29134,
            "111673344" : 21052,
            "112721920" : 15994,
            "113770496" : 12914,
            "114819072" : 11435,
            "115867648" : 11115,
            "116916224" : 10958,
            "117964800" : 10917,
            "119013376" : 10652,
            "120061952" : 9684,
            "121110528" : 8537,
            "122159104" : 6856,
            "123207680" : 4968,
            "124256256" : 3280,
            "125304832" : 2087,
            "126353408" : 1329,
            "127401984" : 880,
            "128450560" : 539,
            "129499136" : 373,
            "130547712" : 252,
            "131596288" : 225,
            "132644864" : 105,
            "133693440" : 89,
            "135266304" : 103,
            "137363456" : 58,
            "139460608" : 15,
            "141557760" : 3,
            "143654912" : 2,
            "145752064" : 2,
            "147849216" : 2,
            "149946368" : 2,
            "152043520" : 1,
            "154140672" : 1,
            "156237824" : 3,
            "158334976" : 1,
            "160432128" : 2,
            "162529280" : 2,
            "164626432" : 3,
            "166723584" : 1,
            "168820736" : 2,
            "170917888" : 1,
            "173015040" : 2,
            "175112192" : 3,
            "177209344" : 1,
            "179306496" : 2,
            "181403648" : 3,
            "183500800" : 1,
            "185597952" : 2,
            "187695104" : 2,
            "189792256" : 1,
            "191889408" : 3,
            "196083712" : 3,
            "198180864" : 2,
            "200278016" : 1,
            "202375168" : 2,
            "204472320" : 1,
            "208666624" : 2,
            "210763776" : 1,