{
  "fio version" : "fio-3.8",
  "timestamp" : 1536304169,
  "timestamp_ms" : 1536304169800,
  "time" : "Fri Sep  7 00:09:29 2018",
  "jobs" : [
    {
      "jobname" : "wdpc",
      "groupid" : 0,
      "error" : 0,
      "eta" : 0,
      "elapsed" : 61,
      "job options" : {
        "ioengine" : "libaio",
        "group_reporting" : "1",
        "direct" : "1",
        "rw" : "randrw",
        "bs" : "8KB",
        "numjobs" : "2",
        "iodepth" : "16",
        "size" : "75%",
        "name" : "wdpc",
        "random_distribution" : "random",
        "random_generator" : "tausworthe",
        "allrandrepeat" : "1",
        "randseed" : "101",
        "rwmixread" : "0",
        "time_based" : "1",
        "runtime" : "60s",
        "filename" : "/dev/sda"
      },
      "read" : {
        "io_bytes" : 0,
        "io_kbytes" : 0,
        "bw_bytes" : 0,
        "bw" : 0,
        "iops" : 0.000000,
        "runtime" : 0,
        "total_ios" : 0,
        "short_ios" : 0,
        "drop_ios" : 0,
        "slat_ns" : {
          "min" : 0,
          "max" : 0,
          "mean" : 0.000000,
          "stddev" : 0.000000
        },
        "clat_ns" : {
          "min" : 0,
          "max" : 0,
          "mean" : 0.000000,
          "stddev" : 0.000000,
          "percentile" : {
            "1.000000" : 0,
            "5.000000" : 0,
            "10.000000" : 0,
            "20.000000" : 0,
            "30.000000" : 0,
            "40.000000" : 0,
            "50.000000" : 0,
            "60.000000" : 0,
            "70.000000" : 0,
            "80.000000" : 0,
            "90.000000" : 0,
            "95.000000" : 0,
            "99.000000" : 0,
            "99.500000" : 0,
            "99.900000" : 0,
            "99.950000" : 0,
            "99.990000" : 0
          },
          "bins" : {

          }
        },
        "lat_ns" : {
          "min" : 0,
          "max" : 0,
          "mean" : 0.000000,
          "stddev" : 0.000000
        },
        "bw_min" : 0,
        "bw_max" : 0,
        "bw_agg" : 0.000000,
        "bw_mean" : 0.000000,
        "bw_dev" : 0.000000,
        "bw_samples" : 0,
        "iops_min" : 0,
        "iops_max" : 0,
        "iops_mean" : 0.000000,
        "iops_stddev" : 0.000000,
        "iops_samples" : 0
      },
      "write" : {
        "io_bytes" : 9696247808,
        "io_kbytes" : 9468992,
        "bw_bytes" : 161587971,
        "bw" : 157800,
        "iops" : 19725.094157,
        "runtime" : 60006,
        "total_ios" : 1183624,
        "short_ios" : 0,
        "drop_ios" : 0,
        "slat_ns" : {
          "min" : 2876,
          "max" : 3975909,
          "mean" : 8109.752034,
          "stddev" : 17410.556947
        },
        "clat_ns" : {
          "min" : 194315,
          "max" : 30190829,
          "mean" : 1611792.219603,
          "stddev" : 936855.337775,
          "percentile" : {
            "1.000000" : 675840,
            "5.000000" : 831488,
            "10.000000" : 913408,
            "20.000000" : 1028096,
            "30.000000" : 1073152,
            "40.000000" : 1105920,
            "50.000000" : 1187840,
            "60.000000" : 1941504,
            "70.000000" : 2088960,
            "80.000000" : 2179072,
            "90.000000" : 2342912,
            "95.000000" : 2605056,
            "99.000000" : 3850240,
            "99.500000" : 4620288,
            "99.900000" : 15532032,
            "99.950000" : 16187392,
            "99.990000" : 24248320
          },
          "bins" : {
            "193536" : 1,
            "195584" : 2,
            "197632" : 1,
            "203776" : 1,
            "207872" : 1,
            "209920" : 3,
            "214016" : 1,
            "218112" : 1,
            "222208" : 1,
            "232448" : 1,
            "234496" : 1,
            "238592" : 1,
            "242688" : 1,
            "244736" : 1,
            "248832" : 1,
            "254976" : 1,
            "259072" : 4,
            "264192" : 2,
            "268288" : 1,
            "272384" : 1,
            "280576" : 3,
            "288768" : 1,
            "292864" : 1,
            "296960" : 1,
            "301056" : 1,
            "305152" : 2,
            "317440" : 1,
            "329728" : 2,
            "337920" : 1,
            "342016" : 2,
            "346112" : 2,
            "350208" : 3,
            "354304" : 2,
            "358400" : 5,
            "362496" : 2,
            "366592" : 3,
            "370688" : 4,
            "374784" : 8,
            "378880" : 5,
            "382976" : 11,
            "387072" : 8,
            "391168" : 7,
            "395264" : 11,
            "399360" : 15,
            "403456" : 13,
            "407552" : 7,
            "411648" : 11,
            "415744" : 14,
            "419840" : 19,
            "423936" : 23,
            "428032" : 25,
            "432128" : 29,
            "436224" : 28,
            "440320" : 31,
            "444416" : 33,
            "448512" : 37,
            "452608" : 66,
            "456704" : 40,
            "460800" : 79,
            "464896" : 66,
            "468992" : 65,
            "473088" : 81,
            "477184" : 68,
            "481280" : 91,
            "485376" : 99,
            "489472" : 95,
            "493568" : 97,
            "497664" : 126,
            "501760" : 124,
            "505856" : 126,
            "509952" : 135,
            "514048" : 149,
            "518144" : 128,
            "522240" : 151,
            "528384" : 314,
            "536576" : 272,
            "544768" : 334,
            "552960" : 356,
            "561152" : 411,
            "569344" : 373,
            "577536" : 383,
            "585728" : 399,
            "593920" : 460,
            "602112" : 528,
            "610304" : 524,
            "618496" : 531,
            "626688" : 604,
            "634880" : 685,
            "643072" : 712,
            "651264" : 752,
            "659456" : 747,
            "667648" : 831,
            "675840" : 867,
            "684032" : 1005,
            "692224" : 1042,
            "700416" : 975,
            "708608" : 1047,
            "716800" : 1384,
            "724992" : 1571,
            "733184" : 1673,
            "741376" : 1715,
            "749568" : 1955,
            "757760" : 2465,
            "765952" : 2756,
            "774144" : 2717,
            "782336" : 2722,
            "790528" : 3463,
            "798720" : 3919,
            "806912" : 4078,
            "815104" : 3841,
            "823296" : 4254,
            "831488" : 5585,
            "839680" : 5622,
            "847872" : 5338,
            "856064" : 5047,
            "864256" : 5913,
            "872448" : 7523,
            "880640" : 7130,
            "888832" : 6353,
            "897024" : 5852,
            "905216" : 7122,
            "913408" : 9125,
            "921600" : 7394,
            "929792" : 6274,
            "937984" : 6409,
            "946176" : 8108,
            "954368" : 10354,
            "962560" : 8117,
            "970752" : 7004,
            "978944" : 7141,
            "987136" : 9570,
            "995328" : 12233,
            "1003520" : 8894,
            "1011712" : 7761,
            "1019904" : 8812,
            "1028096" : 14600,
            "1036288" : 27367,
            "1044480" : 20814,
            "1056768" : 23442,
            "1073152" : 109808,
            "1089536" : 42003,
            "1105920" : 44177,
            "1122304" : 47241,
            "1138688" : 9195,
            "1155072" : 11311,
            "1171456" : 5887,
            "1187840" : 5084,
            "1204224" : 5056,
            "1220608" : 3887,
            "1236992" : 3843,
            "1253376" : 3369,
            "1269760" : 3131,
            "1286144" : 3023,
            "1302528" : 2593,
            "1318912" : 2779,
            "1335296" : 2292,
            "1351680" : 2283,
            "1368064" : 2244,
            "1384448" : 2044,
            "1400832" : 1947,