{
  "fio version" : "fio-3.8",
  "timestamp" : 1536291974,
  "timestamp_ms" : 1536291974348,
  "time" : "Thu Sep  6 20:46:14 2018",
  "jobs" : [
    {
      "jobname" : "wdpc",
      "groupid" : 0,
      "error" : 0,
      "eta" : 0,
      "elapsed" : 61,
      "job options" : {
        "ioengine" : "libaio",
        "group_reporting" : "1",
        "direct" : "1",
        "rw" : "randrw",
        "bs" : "1024KB",
        "numjobs" : "2",
        "iodepth" : "16",
        "size" : "75%",
        "name" : "wdpc",
        "random_distribution" : "random",
        "random_generator" : "tausworthe",
        "allrandrepeat" : "1",
        "randseed" : "101",
        "rwmixread" : "0",
        "time_based" : "1",
        "runtime" : "60s",
        "filename" : "/dev/sda"
      },
      "read" : {
        "io_bytes" : 0,
        "io_kbytes" : 0,
        "bw_bytes" : 0,
        "bw" : 0,
        "iops" : 0.000000,
        "runtime" : 0,
        "total_ios" : 0,
        "short_ios" : 0,
        "drop_ios" : 0,
        "slat_ns" : {
          "min" : 0,
          "max" : 0,
          "mean" : 0.000000,
          "stddev" : 0.000000
        },
        "clat_ns" : {
          "min" : 0,
          "max" : 0,
          "mean" : 0.000000,
          "stddev" : 0.000000,
          "percentile" : {
            "1.000000" : 0,
            "5.000000" : 0,
            "10.000000" : 0,
            "20.000000" : 0,
            "30.000000" : 0,
            "40.000000" : 0,
            "50.000000" : 0,
            "60.000000" : 0,
            "70.000000" : 0,
            "80.000000" : 0,
            "90.000000" : 0,
            "95.000000" : 0,
            "99.000000" : 0,
            "99.500000" : 0,
            "99.900000" : 0,
            "99.950000" : 0,
            "99.990000" : 0
          },
          "bins" : {

          }
        },
        "lat_ns" : {
          "min" : 0,
          "max" : 0,
          "mean" : 0.000000,
          "stddev" : 0.000000
        },
        "bw_min" : 0,
        "bw_max" : 0,
        "bw_agg" : 0.000000,
        "bw_mean" : 0.000000,
        "bw_dev" : 0.000000,
        "bw_samples" : 0,
        "iops_min" : 0,
        "iops_max" : 0,
        "iops_mean" : 0.000000,
        "iops_stddev" : 0.000000,
        "iops_samples" : 0
      },
      "write" : {
        "io_bytes" : 16115564544,
        "io_kbytes" : 15737856,
        "bw_bytes" : 268078924,
        "bw" : 261795,
        "iops" : 255.659985,
        "runtime" : 60115,
        "total_ios" : 15369,
        "short_ios" : 0,
        "drop_ios" : 0,
        "slat_ns" : {
          "min" : 59515,
          "max" : 1427028,
          "mean" : 156379.121478,
          "stddev" : 64996.696273
        },
        "clat_ns" : {
          "min" : 4829547,
          "max" : 923860949,
          "mean" : 124974936.395276,
          "stddev" : 50712661.542616,
          "percentile" : {
            "1.000000" : 62652416,
            "5.000000" : 67633152,
            "10.000000" : 73924608,
            "20.000000" : 85458944,
            "30.000000" : 95944704,
            "40.000000" : 107479040,
            "50.000000" : 117964800,
            "60.000000" : 129499136,
            "70.000000" : 141557760,
            "80.000000" : 154140672,
            "90.000000" : 173015040,
            "95.000000" : 200278016,
            "99.000000" : 329252864,
            "99.500000" : 367001600,
            "99.900000" : 476053504,
            "99.950000" : 534773760,
            "99.990000" : 876609536
          },
          "bins" : {
            "4816896" : 1,
            "9371648" : 1,
            "12124160" : 1,
            "16711680" : 1,
            "19529728" : 1,
            "23724032" : 1,
            "26345472" : 1,
            "30801920" : 1,
            "33423360" : 1,
            "37486592" : 1,
            "40108032" : 1,
            "44302336" : 1,
            "46923776" : 1,
            "51118080" : 1,
            "55312384" : 1,
            "58982400" : 1,
            "59506688" : 2,
            "60030976" : 3,
            "60555264" : 8,
            "61079552" : 15,
            "61603840" : 29,
            "62128128" : 38,
            "62652416" : 60,
            "63176704" : 57,
            "63700992" : 62,
            "64225280" : 59,
            "64749568" : 75,
            "65273856" : 63,
            "65798144" : 75,
            "66322432" : 71,
            "66846720" : 85,
            "67633152" : 122,
            "68681728" : 142,
            "69730304" : 145,
            "70778880" : 152,
            "71827456" : 126,
            "72876032" : 115,
            "73924608" : 125,
            "74973184" : 141,
            "76021760" : 142,
            "77070336" : 148,
            "78118912" : 131,
            "79167488" : 160,
            "80216064" : 126,
            "81264640" : 103,
            "82313216" : 161,
            "83361792" : 139,
            "84410368" : 151,
            "85458944" : 131,
            "86507520" : 162,
            "87556096" : 140,
            "88604672" : 165,
            "89653248" : 132,
            "90701824" : 132,
            "91750400" : 153,
            "92798976" : 144,
            "93847552" : 130,
            "94896128" : 140,
            "95944704" : 159,
            "96993280" : 167,
            "98041856" : 139,
            "99090432" : 156,
            "100139008" : 151,
            "101187584" : 142,
            "102236160" : 155,
            "103284736" : 147,
            "104333312" : 129,
            "105381888" : 162,
            "106430464" : 144,
            "107479040" : 150,
            "108527616" : 139,
            "109576192" : 162,
            "110624768" : 140,
            "111673344" : 124,
            "112721920" : 154,
            "113770496" : 151,
            "114819072" : 158,
            "115867648" : 159,
            "116916224" : 152,
            "117964800" : 148,
            "119013376" : 137,
            "120061952" : 155,
            "121110528" : 160,
            "122159104" : 147,
            "123207680" : 129,
            "124256256" : 148,
            "125304832" : 138,
            "126353408" : 115,
            "127401984" : 143,
            "128450560" : 137,
            "129499136" : 130,
            "130547712" : 147,
            "131596288" : 147,
            "132644864" : 141,
            "133693440" : 137,
            "135266304" : 285,
            "137363456" : 256,
            "139460608" : 255,
            "141557760" : 255,
            "143654912" : 257,
            "145752064" : 261,
            "147849216" : 272,
            "149946368" : 231,
            "152043520" : 254,
            "154140672" : 226,
            "156237824" : 209,
            "158334976" : 209,
            "160432128" : 184,
            "162529280" : 183,
            "164626432" : 169,
            "166723584" : 162,
            "168820736" : 152,
            "170917888" : 123,
            "173015040" : 119,
            "175112192" : 90,
            "177209344" : 79,
            "179306496" : 79,
            "181403648" : 77,
            "183500800" : 62,
            "185597952" : 48,
            "187695104" : 54,
            "189792256" : 38,
            "191889408" : 33,
            "193986560" : 38,
            "196083712" : 22,
            "198180864" : 25,
            "200278016" : 30,
            "202375168" : 24,
            "204472320" : 24,
            "206569472" : 17,
            "208666624" : 27,
            "210763776" : 10,
            "212860928" : 16,
            "214958080" : 12,
            "217055232" : 19,
            "219152384" : 19,
            "221249536" : 17,
            "223346688" : 13,
            "225443840" : 15,
            "227540992" : 16,
            "229638144" : 12,
            "231735296" : 10,
            "233832448" : 12,
            "235929600" : 15,
            "238026752" : 18,
            "240123904" : 11,
            "242221056" : 9,
            "244318208" : 9,