{
  "fio version" : "fio-3.8",
  "timestamp" : 1536291785,
  "timestamp_ms" : 1536291785160,
  "time" : "Thu Sep  6 20:43:05 2018",
  "jobs" : [
    {
      "jobname" : "wdpc",
      "groupid" : 0,
      "error" : 0,
      "eta" : 0,
      "elapsed" : 61,
      "job options" : {
        "ioengine" : "libaio",
        "group_reporting" : "1",
        "direct" : "1",
        "rw" : "randrw",
        "bs" : "1024KB",
        "numjobs" : "2",
        "iodepth" : "16",
        "size" : "75%",
        "name" : "wdpc",
        "random_distribution" : "random",
        "random_generator" : "tausworthe",
        "allrandrepeat" : "1",
        "randseed" : "101",
        "rwmixread" : "0",
        "time_based" : "1",
        "runtime" : "60s",
        "filename" : "/dev/sda"
      },
      "read" : {
        "io_bytes" : 0,
        "io_kbytes" : 0,
        "bw_bytes" : 0,
        "bw" : 0,
        "iops" : 0.000000,
        "runtime" : 0,
        "total_ios" : 0,
        "short_ios" : 0,
        "drop_ios" : 0,
        "slat_ns" : {
          "min" : 0,
          "max" : 0,
          "mean" : 0.000000,
          "stddev" : 0.000000
        },
        "clat_ns" : {
          "min" : 0,
          "max" : 0,
          "mean" : 0.000000,
          "stddev" : 0.000000,
          "percentile" : {
            "1.000000" : 0,
            "5.000000" : 0,
            "10.000000" : 0,
            "20.000000" : 0,
            "30.000000" : 0,
            "40.000000" : 0,
            "50.000000" : 0,
            "60.000000" : 0,
            "70.000000" : 0,
            "80.000000" : 0,
            "90.000000" : 0,
            "95.000000" : 0,
            "99.000000" : 0,
            "99.500000" : 0,
            "99.900000" : 0,
            "99.950000" : 0,
            "99.990000" : 0
          },
          "bins" : {

          }
        },
        "lat_ns" : {
          "min" : 0,
          "max" : 0,
          "mean" : 0.000000,
          "stddev" : 0.000000
        },
        "bw_min" : 0,
        "bw_max" : 0,
        "bw_agg" : 0.000000,
        "bw_mean" : 0.000000,
        "bw_dev" : 0.000000,
        "bw_samples" : 0,
        "iops_min" : 0,
        "iops_max" : 0,
        "iops_mean" : 0.000000,
        "iops_stddev" : 0.000000,
        "iops_samples" : 0
      },
      "write" : {
        "io_bytes" : 16140730368,
        "io_kbytes" : 15762432,
        "bw_bytes" : 268470756,
        "bw" : 262178,
        "iops" : 256.033665,
        "runtime" : 60121,
        "total_ios" : 15393,
        "short_ios" : 0,
        "drop_ios" : 0,
        "slat_ns" : {
          "min" : 62323,
          "max" : 1852954,
          "mean" : 157640.118495,
          "stddev" : 68051.162246
        },
        "clat_ns" : {
          "min" : 6684130,
          "max" : 704062187,
          "mean" : 124782033.573378,
          "stddev" : 49377440.839270,
          "percentile" : {
            "1.000000" : 63176704,
            "5.000000" : 67633152,
            "10.000000" : 73924608,
            "20.000000" : 84410368,
            "30.000000" : 95944704,
            "40.000000" : 107479040,
            "50.000000" : 117964800,
            "60.000000" : 129499136,
            "70.000000" : 141557760,
            "80.000000" : 154140672,
            "90.000000" : 173015040,
            "95.000000" : 200278016,
            "99.000000" : 329252864,
            "99.500000" : 358612992,
            "99.900000" : 446693376,
            "99.950000" : 513802240,
            "99.990000" : 616562688
          },
          "bins" : {
            "6651904" : 1,
            "9502720" : 1,
            "14221312" : 1,
            "16908288" : 1,
            "21364736" : 1,
            "24248320" : 1,
            "28180480" : 1,
            "31064064" : 1,
            "35389440" : 1,
            "38010880" : 1,
            "42205184" : 1,
            "45350912" : 1,
            "49545216" : 1,
            "52166656" : 1,
            "55836672" : 1,
            "58458112" : 1,
            "58982400" : 1,
            "59506688" : 3,
            "60030976" : 7,
            "60555264" : 8,
            "61079552" : 11,
            "61603840" : 30,
            "62128128" : 30,
            "62652416" : 47,
            "63176704" : 57,
            "63700992" : 64,
            "64225280" : 78,
            "64749568" : 58,
            "65273856" : 75,
            "65798144" : 74,
            "66322432" : 73,
            "66846720" : 59,
            "67633152" : 141,
            "68681728" : 157,
            "69730304" : 111,
            "70778880" : 134,
            "71827456" : 173,
            "72876032" : 124,
            "73924608" : 141,
            "74973184" : 150,
            "76021760" : 130,
            "77070336" : 137,
            "78118912" : 153,
            "79167488" : 161,
            "80216064" : 124,
            "81264640" : 130,
            "82313216" : 136,
            "83361792" : 152,
            "84410368" : 155,
            "85458944" : 131,
            "86507520" : 150,
            "87556096" : 149,
            "88604672" : 141,
            "89653248" : 133,
            "90701824" : 151,
            "91750400" : 155,
            "92798976" : 146,
            "93847552" : 125,
            "94896128" : 138,
            "95944704" : 143,
            "96993280" : 150,
            "98041856" : 155,
            "99090432" : 147,
            "100139008" : 128,
            "101187584" : 145,
            "102236160" : 143,
            "103284736" : 141,
            "104333312" : 151,
            "105381888" : 149,
            "106430464" : 152,
            "107479040" : 165,
            "108527616" : 137,
            "109576192" : 147,
            "110624768" : 141,
            "111673344" : 151,
            "112721920" : 121,
            "113770496" : 147,
            "114819072" : 157,
            "115867648" : 147,
            "116916224" : 149,
            "117964800" : 165,
            "119013376" : 141,
            "120061952" : 134,
            "121110528" : 157,
            "122159104" : 147,
            "123207680" : 144,
            "124256256" : 154,
            "125304832" : 119,
            "126353408" : 123,
            "127401984" : 150,
            "128450560" : 150,
            "129499136" : 128,
            "130547712" : 153,
            "131596288" : 123,
            "132644864" : 158,
            "133693440" : 138,
            "135266304" : 271,
            "137363456" : 271,
            "139460608" : 249,
            "141557760" : 281,
            "143654912" : 267,
            "145752064" : 255,
            "147849216" : 261,
            "149946368" : 261,
            "152043520" : 248,
            "154140672" : 251,
            "156237824" : 250,
            "158334976" : 190,
            "160432128" : 169,
            "162529280" : 188,
            "164626432" : 152,
            "166723584" : 152,
            "168820736" : 152,
            "170917888" : 108,
            "173015040" : 114,
            "175112192" : 92,
            "177209344" : 78,
            "179306496" : 95,
            "181403648" : 55,
            "183500800" : 60,
            "185597952" : 55,
            "187695104" : 53,
            "189792256" : 54,
            "191889408" : 27,
            "193986560" : 32,
            "196083712" : 22,
            "198180864" : 29,
            "200278016" : 22,
            "202375168" : 21,
            "204472320" : 21,
            "206569472" : 18,
            "208666624" : 18,
            "210763776" : 15,
            "212860928" : 13,
            "214958080" : 22,
            "217055232" : 19,
            "219152384" : 10,
            "221249536" : 15,
            "223346688" : 23,
            "225443840" : 23,
            "227540992" : 11,
            "229638144" : 14,
            "231735296" : 12,
            "233832448" : 14,
            "235929600" : 11,
            "238026752" : 18,
            "240123904" : 12,
            "242221056" : 8,