{
  "fio version" : "fio-3.8",
  "timestamp" : 1536198506,
  "timestamp_ms" : 1536198506091,
  "time" : "Thu Sep  6 01:48:26 2018",
  "global options" : {
    "offset" : "28345823232"
  },
  "jobs" : [
    {
      "jobname" : "wdpc",
      "groupid" : 0,
      "error" : 0,
      "eta" : 0,
      "elapsed" : 61,
      "job options" : {
        "ioengine" : "libaio",
        "group_reporting" : "1",
        "direct" : "1",
        "rw" : "readwrite",
        "bs" : "4KB",
        "numjobs" : "1",
        "iodepth" : "32",
        "size" : "75%",
        "name" : "wdpc",
        "rwmixread" : "0",
        "time_based" : "1",
        "runtime" : "60s",
        "filename" : "/dev/sda"
      },
      "read" : {
        "io_bytes" : 0,
        "io_kbytes" : 0,
        "bw_bytes" : 0,
        "bw" : 0,
        "iops" : 0.000000,
        "runtime" : 0,
        "total_ios" : 0,
        "short_ios" : 0,
        "drop_ios" : 0,
        "slat_ns" : {
          "min" : 0,
          "max" : 0,
          "mean" : 0.000000,
          "stddev" : 0.000000
        },
        "clat_ns" : {
          "min" : 0,
          "max" : 0,
          "mean" : 0.000000,
          "stddev" : 0.000000,
          "percentile" : {
            "1.000000" : 0,
            "5.000000" : 0,
            "10.000000" : 0,
            "20.000000" : 0,
            "30.000000" : 0,
            "40.000000" : 0,
            "50.000000" : 0,
            "60.000000" : 0,
            "70.000000" : 0,
            "80.000000" : 0,
            "90.000000" : 0,
            "95.000000" : 0,
            "99.000000" : 0,
            "99.500000" : 0,
            "99.900000" : 0,
            "99.950000" : 0,
            "99.990000" : 0
          },
          "bins" : {

          }
        },
        "lat_ns" : {
          "min" : 0,
          "max" : 0,
          "mean" : 0.000000,
          "stddev" : 0.000000
        },
        "bw_min" : 0,
        "bw_max" : 0,
        "bw_agg" : 0.000000,
        "bw_mean" : 0.000000,
        "bw_dev" : 0.000000,
        "bw_samples" : 0,
        "iops_min" : 0,
        "iops_max" : 0,
        "iops_mean" : 0.000000,
        "iops_stddev" : 0.000000,
        "iops_samples" : 0
      },
      "write" : {
        "io_bytes" : 7105171456,
        "io_kbytes" : 6938644,
        "bw_bytes" : 118417550,
        "bw" : 115642,
        "iops" : 28910.534824,
        "runtime" : 60001,
        "total_ios" : 1734661,
        "short_ios" : 0,
        "drop_ios" : 0,
        "slat_ns" : {
          "min" : 5250,
          "max" : 350000,
          "mean" : 27171.119487,
          "stddev" : 5309.743602
        },
        "clat_ns" : {
          "min" : 407709,
          "max" : 13964708,
          "mean" : 1075911.531288,
          "stddev" : 286825.356332,
          "percentile" : {
            "1.000000" : 995328,
            "5.000000" : 1011712,
            "10.000000" : 1028096,
            "20.000000" : 1036288,
            "30.000000" : 1056768,
            "40.000000" : 1056768,
            "50.000000" : 1073152,
            "60.000000" : 1073152,
            "70.000000" : 1089536,
            "80.000000" : 1089536,
            "90.000000" : 1105920,
            "95.000000" : 1122304,
            "99.000000" : 1171456,
            "99.500000" : 1269760,
            "99.900000" : 2113536,
            "99.950000" : 13172736,
            "99.990000" : 13565952
          },
          "bins" : {
            "407552" : 1,
            "440320" : 1,
            "468992" : 1,
            "501760" : 1,
            "544768" : 1,
            "569344" : 1,
            "602112" : 1,
            "626688" : 1,
            "667648" : 1,
            "700416" : 1,
            "724992" : 1,
            "757760" : 1,
            "790528" : 1,
            "798720" : 1,
            "831488" : 1,
            "856064" : 1,
            "864256" : 3,
            "872448" : 9,
            "880640" : 13,
            "888832" : 34,
            "897024" : 44,
            "905216" : 52,
            "913408" : 75,
            "921600" : 98,
            "929792" : 164,
            "937984" : 158,
            "946176" : 222,
            "954368" : 268,
            "962560" : 493,
            "970752" : 1557,
            "978944" : 4244,
            "987136" : 8373,
            "995328" : 15115,
            "1003520" : 26098,
            "1011712" : 41241,
            "1019904" : 61574,
            "1028096" : 86338,
            "1036288" : 119849,
            "1044480" : 142027,
            "1056768" : 336954,
            "1073152" : 335565,
            "1089536" : 259529,
            "1105920" : 158912,
            "1122304" : 76562,
            "1138688" : 30628,
            "1155072" : 10700,
            "1171456" : 4230,
            "1187840" : 1970,
            "1204224" : 1087,
            "1220608" : 555,
            "1236992" : 431,
            "1253376" : 528,
            "1269760" : 465,
            "1286144" : 384,
            "1302528" : 239,
            "1318912" : 83,
            "1335296" : 56,
            "1351680" : 50,
            "1368064" : 46,
            "1384448" : 59,
            "1400832" : 68,
            "1417216" : 91,
            "1433600" : 85,
            "1449984" : 131,
            "1466368" : 343,
            "1482752" : 413,
            "1499136" : 330,
            "1515520" : 235,
            "1531904" : 239,
            "1548288" : 143,
            "1564672" : 157,
            "1581056" : 206,
            "1597440" : 219,
            "1613824" : 146,
            "1630208" : 116,
            "1646592" : 111,
            "1662976" : 154,
            "1679360" : 256,
            "1695744" : 325,
            "1712128" : 198,
            "1728512" : 91,
            "1744896" : 98,
            "1761280" : 82,
            "1777664" : 65,
            "1794048" : 69,
            "1810432" : 48,
            "1826816" : 44,
            "1843200" : 51,
            "1859584" : 51,
            "1875968" : 50,
            "1892352" : 39,
            "1908736" : 48,
            "1925120" : 62,
            "1941504" : 55,
            "1957888" : 174,
            "1974272" : 386,
            "1990656" : 132,
            "2007040" : 56,
            "2023424" : 46,
            "2039808" : 50,
            "2056192" : 34,
            "2072576" : 43,
            "2088960" : 37,
            "2113536" : 75,
            "2146304" : 62,
            "2179072" : 57,
            "2211840" : 46,
            "2244608" : 47,
            "2277376" : 35,
            "2310144" : 70,
            "2342912" : 77,
            "2375680" : 54,
            "2408448" : 67,
            "2441216" : 41,
            "2473984" : 27,
            "2506752" : 13,
            "2539520" : 6,
            "2572288" : 10,
            "2605056" : 8,
            "2637824" : 1,
            "2670592" : 2,
            "2703360" : 1,
            "2768896" : 2,
            "2801664" : 1,
            "2834432" : 2,
            "2899968" : 1,
            "2932736" : 2,
            "2998272" : 2,
            "3031040" : 1,
            "3063808" : 1,
            "3129344" : 1,
            "3162112" : 1,
            "3194880" : 1,
            "3227648" : 2,
            "3260416" : 1,
            "3293184" : 1,
            "3325952" : 1,
            "3358720" : 1,
            "3424256" : 2,
            "3457024" : 2,
            "3522560" : 1,
            "3588096" : 2,
            "3620864" : 60,
            "3653632" : 91,
            "3686400" : 2,
            "3751936" : 4,
            "3784704" : 1,
            "3817472" : 1,
            "3850240" : 1,
            "3883008" : 1,
            "3981312" : 1,
            "4079616" : 1,
            "13041664" : 26,
            "13172736" : 134,
            "13303808" : 199,
            "13434880" : 318,
            "13565952" : 175,
            "13697024" : 14,
            "13828096" : 21,
            "13959168" : 9
          }
        },
        "lat_ns" : {
          "min" : 430750,