{
  "fio version" : "fio-3.8",
  "timestamp" : 1536198439,
  "timestamp_ms" : 1536198439003,
  "time" : "Thu Sep  6 01:47:19 2018",
  "global options" : {
    "offset" : "21282308096"
  },
  "jobs" : [
    {
      "jobname" : "wdpc",
      "groupid" : 0,
      "error" : 0,
      "eta" : 0,
      "elapsed" : 61,
      "job options" : {
        "ioengine" : "libaio",
        "group_reporting" : "1",
        "direct" : "1",
        "rw" : "readwrite",
        "bs" : "4KB",
        "numjobs" : "1",
        "iodepth" : "32",
        "size" : "75%",
        "name" : "wdpc",
        "rwmixread" : "0",
        "time_based" : "1",
        "runtime" : "60s",
        "filename" : "/dev/sda"
      },
      "read" : {
        "io_bytes" : 0,
        "io_kbytes" : 0,
        "bw_bytes" : 0,
        "bw" : 0,
        "iops" : 0.000000,
        "runtime" : 0,
        "total_ios" : 0,
        "short_ios" : 0,
        "drop_ios" : 0,
        "slat_ns" : {
          "min" : 0,
          "max" : 0,
          "mean" : 0.000000,
          "stddev" : 0.000000
        },
        "clat_ns" : {
          "min" : 0,
          "max" : 0,
          "mean" : 0.000000,
          "stddev" : 0.000000,
          "percentile" : {
            "1.000000" : 0,
            "5.000000" : 0,
            "10.000000" : 0,
            "20.000000" : 0,
            "30.000000" : 0,
            "40.000000" : 0,
            "50.000000" : 0,
            "60.000000" : 0,
            "70.000000" : 0,
            "80.000000" : 0,
            "90.000000" : 0,
            "95.000000" : 0,
            "99.000000" : 0,
            "99.500000" : 0,
            "99.900000" : 0,
            "99.950000" : 0,
            "99.990000" : 0
          },
          "bins" : {

          }
        },
        "lat_ns" : {
          "min" : 0,
          "max" : 0,
          "mean" : 0.000000,
          "stddev" : 0.000000
        },
        "bw_min" : 0,
        "bw_max" : 0,
        "bw_agg" : 0.000000,
        "bw_mean" : 0.000000,
        "bw_dev" : 0.000000,
        "bw_samples" : 0,
        "iops_min" : 0,
        "iops_max" : 0,
        "iops_mean" : 0.000000,
        "iops_stddev" : 0.000000,
        "iops_samples" : 0
      },
      "write" : {
        "io_bytes" : 7063515136,
        "io_kbytes" : 6897964,
        "bw_bytes" : 117723290,
        "bw" : 114964,
        "iops" : 28741.037649,
        "runtime" : 60001,
        "total_ios" : 1724491,
        "short_ios" : 0,
        "drop_ios" : 0,
        "slat_ns" : {
          "min" : 5250,
          "max" : 565542,
          "mean" : 27462.329253,
          "stddev" : 5540.631132
        },
        "clat_ns" : {
          "min" : 387542,
          "max" : 14067042,
          "mean" : 1082518.048504,
          "stddev" : 285194.313597,
          "percentile" : {
            "1.000000" : 1003520,
            "5.000000" : 1028096,
            "10.000000" : 1036288,
            "20.000000" : 1056768,
            "30.000000" : 1056768,
            "40.000000" : 1056768,
            "50.000000" : 1073152,
            "60.000000" : 1073152,
            "70.000000" : 1089536,
            "80.000000" : 1089536,
            "90.000000" : 1105920,
            "95.000000" : 1122304,
            "99.000000" : 1171456,
            "99.500000" : 1286144,
            "99.900000" : 2179072,
            "99.950000" : 13041664,
            "99.990000" : 13565952
          },
          "bins" : {
            "387072" : 1,
            "428032" : 1,
            "468992" : 1,
            "497664" : 1,
            "536576" : 1,
            "577536" : 1,
            "610304" : 1,
            "634880" : 1,
            "675840" : 1,
            "708608" : 1,
            "733184" : 1,
            "774144" : 1,
            "798720" : 1,
            "806912" : 1,
            "815104" : 2,
            "831488" : 1,
            "847872" : 1,
            "856064" : 2,
            "864256" : 3,
            "872448" : 5,
            "880640" : 16,
            "888832" : 32,
            "897024" : 28,
            "905216" : 61,
            "913408" : 70,
            "921600" : 88,
            "929792" : 126,
            "937984" : 174,
            "946176" : 202,
            "954368" : 248,
            "962560" : 334,
            "970752" : 405,
            "978944" : 592,
            "987136" : 1350,
            "995328" : 4657,
            "1003520" : 11735,
            "1011712" : 22184,
            "1019904" : 34740,
            "1028096" : 54985,
            "1036288" : 88315,
            "1044480" : 122648,
            "1056768" : 347654,
            "1073152" : 392460,
            "1089536" : 312701,
            "1105920" : 182666,
            "1122304" : 81604,
            "1138688" : 31383,
            "1155072" : 11082,
            "1171456" : 5552,
            "1187840" : 3144,
            "1204224" : 1665,
            "1220608" : 789,
            "1236992" : 487,
            "1253376" : 717,
            "1269760" : 605,
            "1286144" : 493,
            "1302528" : 254,
            "1318912" : 159,
            "1335296" : 67,
            "1351680" : 62,
            "1368064" : 53,
            "1384448" : 154,
            "1400832" : 291,
            "1417216" : 194,
            "1433600" : 119,
            "1449984" : 86,
            "1466368" : 60,
            "1482752" : 101,
            "1499136" : 137,
            "1515520" : 173,
            "1531904" : 179,
            "1548288" : 181,
            "1564672" : 152,
            "1581056" : 116,
            "1597440" : 84,
            "1613824" : 93,
            "1630208" : 94,
            "1646592" : 105,
            "1662976" : 222,
            "1679360" : 279,
            "1695744" : 351,
            "1712128" : 162,
            "1728512" : 156,
            "1744896" : 138,
            "1761280" : 107,
            "1777664" : 94,
            "1794048" : 87,
            "1810432" : 120,
            "1826816" : 178,
            "1843200" : 106,
            "1859584" : 119,
            "1875968" : 125,
            "1892352" : 127,
            "1908736" : 124,
            "1925120" : 99,
            "1941504" : 122,
            "1957888" : 154,
            "1974272" : 117,
            "1990656" : 88,
            "2007040" : 86,
            "2023424" : 88,
            "2039808" : 82,
            "2056192" : 75,
            "2072576" : 83,
            "2088960" : 60,
            "2113536" : 99,
            "2146304" : 88,
            "2179072" : 209,
            "2211840" : 246,
            "2244608" : 70,
            "2277376" : 25,
            "2310144" : 14,
            "2342912" : 13,
            "2375680" : 19,
            "2408448" : 12,
            "2441216" : 2,
            "2473984" : 3,
            "2506752" : 3,
            "2572288" : 8,
            "2605056" : 15,
            "2637824" : 1,
            "2670592" : 1,
            "2736128" : 1,
            "2834432" : 1,
            "2867200" : 1,
            "2899968" : 1,
            "2965504" : 2,
            "3031040" : 1,
            "3063808" : 1,
            "3096576" : 1,
            "3129344" : 1,
            "3162112" : 2,
            "3194880" : 1,
            "3227648" : 2,
            "3325952" : 1,
            "3358720" : 5,
            "3391488" : 3,
            "3424256" : 6,
            "3457024" : 21,
            "3489792" : 31,
            "3522560" : 13,
            "3555328" : 5,
            "3588096" : 9,
            "3620864" : 4,
            "3653632" : 2,
            "3686400" : 1,
            "3719168" : 1,
            "3784704" : 3,
            "3817472" : 2,
            "3850240" : 6,
            "3883008" : 7,
            "3915776" : 21,
            "3948544" : 2,
            "3981312" : 2,
            "4046848" : 1,
            "4079616" : 1,
            "4112384" : 2,
            "4177920" : 1,
            "4227072" : 3,
            "4292608" : 8,
            "4358144" : 43,
            "4423680" : 20,
            "4489216" : 4,