{
  "fio version" : "fio-3.8",
  "timestamp" : 1536339335,
  "timestamp_ms" : 1536339335940,
  "time" : "Fri Sep  7 09:55:35 2018",
  "jobs" : [
    {
      "jobname" : "wdpc",
      "groupid" : 0,
      "error" : 0,
      "eta" : 0,
      "elapsed" : 61,
      "job options" : {
        "ioengine" : "libaio",
        "group_reporting" : "1",
        "direct" : "1",
        "rw" : "readwrite",
        "bs" : "512B",
        "numjobs" : "1",
        "iodepth" : "1",
        "size" : "75%",
        "name" : "wdpc",
        "random_distribution" : "random",
        "random_generator" : "tausworthe",
        "allrandrepeat" : "1",
        "randseed" : "101",
        "rwmixread" : "0",
        "time_based" : "1",
        "runtime" : "60s",
        "filename" : "/dev/sda"
      },
      "read" : {
        "io_bytes" : 0,
        "io_kbytes" : 0,
        "bw_bytes" : 0,
        "bw" : 0,
        "iops" : 0.000000,
        "runtime" : 0,
        "total_ios" : 0,
        "short_ios" : 0,
        "drop_ios" : 0,
        "slat_ns" : {
          "min" : 0,
          "max" : 0,
          "mean" : 0.000000,
          "stddev" : 0.000000
        },
        "clat_ns" : {
          "min" : 0,
          "max" : 0,
          "mean" : 0.000000,
          "stddev" : 0.000000,
          "percentile" : {
            "1.000000" : 0,
            "5.000000" : 0,
            "10.000000" : 0,
            "20.000000" : 0,
            "30.000000" : 0,
            "40.000000" : 0,
            "50.000000" : 0,
            "60.000000" : 0,
            "70.000000" : 0,
            "80.000000" : 0,
            "90.000000" : 0,
            "95.000000" : 0,
            "99.000000" : 0,
            "99.500000" : 0,
            "99.900000" : 0,
            "99.950000" : 0,
            "99.990000" : 0
          },
          "bins" : {

          }
        },
        "lat_ns" : {
          "min" : 0,
          "max" : 0,
          "mean" : 0.000000,
          "stddev" : 0.000000
        },
        "bw_min" : 0,
        "bw_max" : 0,
        "bw_agg" : 0.000000,
        "bw_mean" : 0.000000,
        "bw_dev" : 0.000000,
        "bw_samples" : 0,
        "iops_min" : 0,
        "iops_max" : 0,
        "iops_mean" : 0.000000,
        "iops_stddev" : 0.000000,
        "iops_samples" : 0
      },
      "write" : {
        "io_bytes" : 373921280,
        "io_kbytes" : 365157,
        "bw_bytes" : 6231917,
        "bw" : 6085,
        "iops" : 12171.713805,
        "runtime" : 60001,
        "total_ios" : 730315,
        "short_ios" : 0,
        "drop_ios" : 0,
        "slat_ns" : {
          "min" : 7009,
          "max" : 903783,
          "mean" : 10921.701218,
          "stddev" : 15716.094437
        },
        "clat_ns" : {
          "min" : 1324,
          "max" : 27952447,
          "mean" : 68803.607964,
          "stddev" : 58619.727049,
          "percentile" : {
            "1.000000" : 63232,
            "5.000000" : 67072,
            "10.000000" : 67072,
            "20.000000" : 67072,
            "30.000000" : 68096,
            "40.000000" : 68096,
            "50.000000" : 68096,
            "60.000000" : 68096,
            "70.000000" : 68096,
            "80.000000" : 68096,
            "90.000000" : 68096,
            "95.000000" : 68096,
            "99.000000" : 70144,
            "99.500000" : 81408,
            "99.900000" : 382976,
            "99.950000" : 399360,
            "99.990000" : 659456
          },
          "bins" : {
            "1320" : 1,
            "1432" : 1,
            "1448" : 2,
            "1496" : 1,
            "1528" : 1,
            "1560" : 1,
            "1592" : 1,
            "1608" : 3,
            "1624" : 2,
            "1640" : 9,
            "1656" : 16,
            "1672" : 25,
            "1688" : 31,
            "1704" : 53,
            "1720" : 58,
            "1736" : 77,
            "1752" : 75,
            "1768" : 55,
            "1784" : 54,
            "1800" : 45,
            "1816" : 22,
            "1832" : 20,
            "1848" : 21,
            "1864" : 9,
            "1880" : 5,
            "1896" : 12,
            "1912" : 4,
            "1928" : 5,
            "1944" : 2,
            "1960" : 1,
            "1976" : 4,
            "1992" : 1,
            "2008" : 3,
            "2024" : 2,
            "2040" : 1,
            "2064" : 4,
            "2096" : 4,
            "2128" : 4,
            "2160" : 4,
            "2192" : 1,
            "2224" : 1,
            "2256" : 4,
            "2288" : 5,
            "2320" : 1,
            "2352" : 7,
            "2384" : 1,
            "2416" : 1,
            "2448" : 1,
            "2512" : 1,
            "2544" : 1,
            "2768" : 1,
            "2800" : 1,
            "2832" : 1,
            "3120" : 1,
            "3152" : 2,
            "4128" : 1,
            "4192" : 1,
            "4256" : 1,
            "4320" : 1,
            "6880" : 1,
            "7008" : 1,
            "7072" : 1,
            "7200" : 2,
            "7328" : 1,
            "7392" : 3,
            "7456" : 1,
            "7520" : 1,
            "7584" : 1,
            "7648" : 1,
            "7840" : 1,
            "8160" : 1,
            "8256" : 1,
            "8512" : 2,
            "8640" : 1,
            "8768" : 1,
            "9024" : 1,
            "9280" : 3,
            "9408" : 5,
            "9536" : 1,
            "9664" : 2,
            "9920" : 2,
            "10048" : 1,
            "10176" : 3,
            "10304" : 1,
            "10432" : 1,
            "10560" : 2,
            "10816" : 2,
            "11072" : 1,
            "11200" : 1,
            "13120" : 1,
            "15552" : 1,
            "16192" : 1,
            "17792" : 1,
            "24704" : 1,
            "36096" : 1,
            "39680" : 1,
            "40704" : 1,
            "41216" : 1,
            "41728" : 1,
            "42240" : 1,
            "42752" : 1,
            "43264" : 3,
            "43776" : 2,
            "44288" : 2,
            "44800" : 3,
            "45824" : 5,
            "46336" : 12,
            "46848" : 9,
            "47360" : 49,
            "47872" : 53,
            "48384" : 11,
            "48896" : 1,
            "49408" : 1,
            "49920" : 1,
            "50432" : 1,
            "50944" : 3,
            "51456" : 2,
            "51968" : 1,
            "52480" : 2,
            "52992" : 6,
            "53504" : 45,
            "54016" : 91,
            "54528" : 68,
            "55040" : 52,
            "55552" : 73,
            "56064" : 121,
            "56576" : 504,
            "57088" : 978,
            "57600" : 1314,
            "58112" : 806,
            "58624" : 381,
            "59136" : 245,
            "59648" : 240,
            "60160" : 242,
            "60672" : 174,
            "61184" : 134,
            "61696" : 115,
            "62208" : 110,
            "62720" : 245,
            "63232" : 934,
            "63744" : 1251,
            "64256" : 998,
            "64768" : 1371,
            "65280" : 1563,
            "66048" : 6589,
            "67072" : 137575,
            "68096" : 543869,
            "69120" : 20782,
            "70144" : 1810,
            "71168" : 1979,
            "72192" : 610,
            "73216" : 81,
            "74240" : 95,
            "75264" : 74,
            "76288" : 79,
            "77312" : 53,
            "78336" : 24,
            "79360" : 33,
            "80384" : 34,
            "81408" : 74,
            "82432" : 31,
            "83456" : 22,
            "84480" : 8,
            "85504" : 2,
            "86528" : 4,
            "87552" : 1,
            "89600" : 3,
            "90624" : 4,
            "91648" : 1,
            "92672" : 1,
            "93696" : 6,
            "94720" : 4,
            "95744" : 2,
            "96768" : 7,
            "97792" : 12,
            "98816" : 16,
            "99840" : 23,
            "100864" : 33,
            "101888" : 35,