{
  "fio version" : "fio-3.8",
  "timestamp" : 1535110358,
  "timestamp_ms" : 1535110358395,
  "time" : "Fri Aug 24 11:32:38 2018",
  "jobs" : [
    {
      "jobname" : "wdpc",
      "groupid" : 0,
      "error" : 0,
      "eta" : 0,
      "elapsed" : 61,
      "job options" : {
        "ioengine" : "libaio",
        "group_reporting" : "1",
        "direct" : "1",
        "rw" : "randrw",
        "bs" : "8KB",
        "numjobs" : "2",
        "iodepth" : "16",
        "size" : "75%",
        "name" : "wdpc",
        "random_distribution" : "random",
        "random_generator" : "tausworthe",
        "allrandrepeat" : "1",
        "randseed" : "101",
        "rwmixread" : "0",
        "time_based" : "1",
        "runtime" : "60s",
        "filename" : "/dev/sda"
      },
      "read" : {
        "io_bytes" : 0,
        "io_kbytes" : 0,
        "bw_bytes" : 0,
        "bw" : 0,
        "iops" : 0.000000,
        "runtime" : 0,
        "total_ios" : 0,
        "short_ios" : 0,
        "drop_ios" : 0,
        "slat_ns" : {
          "min" : 0,
          "max" : 0,
          "mean" : 0.000000,
          "stddev" : 0.000000
        },
        "clat_ns" : {
          "min" : 0,
          "max" : 0,
          "mean" : 0.000000,
          "stddev" : 0.000000,
          "percentile" : {
            "1.000000" : 0,
            "5.000000" : 0,
            "10.000000" : 0,
            "20.000000" : 0,
            "30.000000" : 0,
            "40.000000" : 0,
            "50.000000" : 0,
            "60.000000" : 0,
            "70.000000" : 0,
            "80.000000" : 0,
            "90.000000" : 0,
            "95.000000" : 0,
            "99.000000" : 0,
            "99.500000" : 0,
            "99.900000" : 0,
            "99.950000" : 0,
            "99.990000" : 0
          },
          "bins" : {

          }
        },
        "lat_ns" : {
          "min" : 0,
          "max" : 0,
          "mean" : 0.000000,
          "stddev" : 0.000000
        },
        "bw_min" : 0,
        "bw_max" : 0,
        "bw_agg" : 0.000000,
        "bw_mean" : 0.000000,
        "bw_dev" : 0.000000,
        "bw_samples" : 0,
        "iops_min" : 0,
        "iops_max" : 0,
        "iops_mean" : 0.000000,
        "iops_stddev" : 0.000000,
        "iops_samples" : 0
      },
      "write" : {
        "io_bytes" : 8300388352,
        "io_kbytes" : 8105848,
        "bw_bytes" : 138316753,
        "bw" : 135074,
        "iops" : 16884.369272,
        "runtime" : 60010,
        "total_ios" : 1013231,
        "short_ios" : 0,
        "drop_ios" : 0,
        "slat_ns" : {
          "min" : 9333,
          "max" : 15559000,
          "mean" : 54833.546763,
          "stddev" : 53760.412814
        },
        "clat_ns" : {
          "min" : 234792,
          "max" : 68159875,
          "mean" : 1827645.577135,
          "stddev" : 1258782.284929,
          "percentile" : {
            "1.000000" : 618496,
            "5.000000" : 905216,
            "10.000000" : 1105920,
            "20.000000" : 1187840,
            "30.000000" : 1253376,
            "40.000000" : 1400832,
            "50.000000" : 1597440,
            "60.000000" : 1859584,
            "70.000000" : 2039808,
            "80.000000" : 2211840,
            "90.000000" : 2572288,
            "95.000000" : 3260416,
            "99.000000" : 6062080,
            "99.500000" : 7307264,
            "99.900000" : 16056320,
            "99.950000" : 22413312,
            "99.990000" : 35913728
          },
          "bins" : {
            "234496" : 1,
            "346112" : 1,
            "428032" : 2,
            "452608" : 1,
            "464896" : 1,
            "497664" : 1,
            "501760" : 1,
            "505856" : 1,
            "509952" : 2,
            "518144" : 1,
            "522240" : 2,
            "528384" : 4,
            "536576" : 16,
            "544768" : 58,
            "552960" : 77,
            "561152" : 175,
            "569344" : 255,
            "577536" : 542,
            "585728" : 988,
            "593920" : 1503,
            "602112" : 2298,
            "610304" : 3078,
            "618496" : 3644,
            "626688" : 3565,
            "634880" : 3125,
            "643072" : 2537,
            "651264" : 1798,
            "659456" : 1423,
            "667648" : 1086,
            "675840" : 830,
            "684032" : 612,
            "692224" : 508,
            "700416" : 491,
            "708608" : 460,
            "716800" : 464,
            "724992" : 453,
            "733184" : 406,
            "741376" : 429,
            "749568" : 482,
            "757760" : 529,
            "765952" : 654,
            "774144" : 901,
            "782336" : 1065,
            "790528" : 1203,
            "798720" : 1206,
            "806912" : 1343,
            "815104" : 1423,
            "823296" : 1392,
            "831488" : 1416,
            "839680" : 1342,
            "847872" : 1234,
            "856064" : 990,
            "864256" : 1059,
            "872448" : 838,
            "880640" : 897,
            "888832" : 844,
            "897024" : 757,
            "905216" : 646,
            "913408" : 576,
            "921600" : 565,
            "929792" : 578,
            "937984" : 594,
            "946176" : 637,
            "954368" : 602,
            "962560" : 565,
            "970752" : 696,
            "978944" : 776,
            "987136" : 751,
            "995328" : 830,
            "1003520" : 829,
            "1011712" : 866,
            "1019904" : 912,
            "1028096" : 941,
            "1036288" : 1031,
            "1044480" : 1193,
            "1056768" : 4002,
            "1073152" : 8830,
            "1089536" : 15595,
            "1105920" : 20239,
            "1122304" : 21559,
            "1138688" : 21576,
            "1155072" : 20881,
            "1171456" : 22042,
            "1187840" : 23398,
            "1204224" : 24013,
            "1220608" : 22885,
            "1236992" : 20876,
            "1253376" : 19198,
            "1269760" : 17262,
            "1286144" : 15152,
            "1302528" : 13196,
            "1318912" : 11352,
            "1335296" : 9507,
            "1351680" : 8407,
            "1368064" : 7771,
            "1384448" : 7214,
            "1400832" : 7106,
            "1417216" : 7139,
            "1433600" : 7393,
            "1449984" : 7900,
            "1466368" : 8100,
            "1482752" : 8570,
            "1499136" : 9066,
            "1515520" : 9481,
            "1531904" : 9391,
            "1548288" : 9391,
            "1564672" : 9042,
            "1581056" : 8764,
            "1597440" : 8503,
            "1613824" : 7557,
            "1630208" : 7304,
            "1646592" : 6463,
            "1662976" : 6046,
            "1679360" : 5723,
            "1695744" : 5807,
            "1712128" : 5497,
            "1728512" : 5295,
            "1744896" : 5419,
            "1761280" : 5458,
            "1777664" : 5882,
            "1794048" : 6337,
            "1810432" : 6608,
            "1826816" : 6855,
            "1843200" : 7080,
            "1859584" : 7512,
            "1875968" : 7743,
            "1892352" : 8409,
            "1908736" : 8698,
            "1925120" : 9149,
            "1941504" : 9495,
            "1957888" : 9920,
            "1974272" : 10569,
            "1990656" : 10749,
            "2007040" : 11112,
            "2023424" : 10974,
            "2039808" : 10950,
            "2056192" : 10760,
            "2072576" : 10865,
            "2088960" : 10868,
            "2113536" : 20444,
            "2146304" : 18960,
            "2179072" : 17138,
            "2211840" : 15262,
            "2244608" : 13572,
            "2277376" : 12062,
            "2310144" : 10960,
            "2342912" : 10377,
            "2375680" : 9058,
            "2408448" : 8157,
            "2441216" : 7254,
            "2473984" : 6319,
            "2506752" : 5667,
            "2539520" : 5168,