{
  "fio version" : "fio-3.8",
  "timestamp" : 1535091951,
  "timestamp_ms" : 1535091951500,
  "time" : "Fri Aug 24 06:25:51 2018",
  "jobs" : [
    {
      "jobname" : "wdpc",
      "groupid" : 0,
      "error" : 0,
      "eta" : 0,
      "elapsed" : 61,
      "job options" : {
        "ioengine" : "libaio",
        "group_reporting" : "1",
        "direct" : "1",
        "rw" : "randrw",
        "bs" : "1024KB",
        "numjobs" : "2",
        "iodepth" : "16",
        "size" : "75%",
        "name" : "wdpc",
        "random_distribution" : "random",
        "random_generator" : "tausworthe",
        "allrandrepeat" : "1",
        "randseed" : "101",
        "rwmixread" : "0",
        "time_based" : "1",
        "runtime" : "60s",
        "filename" : "/dev/sda"
      },
      "read" : {
        "io_bytes" : 0,
        "io_kbytes" : 0,
        "bw_bytes" : 0,
        "bw" : 0,
        "iops" : 0.000000,
        "runtime" : 0,
        "total_ios" : 0,
        "short_ios" : 0,
        "drop_ios" : 0,
        "slat_ns" : {
          "min" : 0,
          "max" : 0,
          "mean" : 0.000000,
          "stddev" : 0.000000
        },
        "clat_ns" : {
          "min" : 0,
          "max" : 0,
          "mean" : 0.000000,
          "stddev" : 0.000000,
          "percentile" : {
            "1.000000" : 0,
            "5.000000" : 0,
            "10.000000" : 0,
            "20.000000" : 0,
            "30.000000" : 0,
            "40.000000" : 0,
            "50.000000" : 0,
            "60.000000" : 0,
            "70.000000" : 0,
            "80.000000" : 0,
            "90.000000" : 0,
            "95.000000" : 0,
            "99.000000" : 0,
            "99.500000" : 0,
            "99.900000" : 0,
            "99.950000" : 0,
            "99.990000" : 0
          },
          "bins" : {

          }
        },
        "lat_ns" : {
          "min" : 0,
          "max" : 0,
          "mean" : 0.000000,
          "stddev" : 0.000000
        },
        "bw_min" : 0,
        "bw_max" : 0,
        "bw_agg" : 0.000000,
        "bw_mean" : 0.000000,
        "bw_dev" : 0.000000,
        "bw_samples" : 0,
        "iops_min" : 0,
        "iops_max" : 0,
        "iops_mean" : 0.000000,
        "iops_stddev" : 0.000000,
        "iops_samples" : 0
      },
      "write" : {
        "io_bytes" : 17538482176,
        "io_kbytes" : 17127424,
        "bw_bytes" : 291773118,
        "bw" : 284934,
        "iops" : 278.256530,
        "runtime" : 60110,
        "total_ios" : 16726,
        "short_ios" : 0,
        "drop_ios" : 0,
        "slat_ns" : {
          "min" : 184042,
          "max" : 10947708,
          "mean" : 915945.489179,
          "stddev" : 349205.498847
        },
        "clat_ns" : {
          "min" : 6517001,
          "max" : 488392626,
          "mean" : 113997000.743394,
          "stddev" : 40142686.221683,
          "percentile" : {
            "1.000000" : 58982400,
            "5.000000" : 64225280,
            "10.000000" : 69730304,
            "20.000000" : 80216064,
            "30.000000" : 89653248,
            "40.000000" : 100139008,
            "50.000000" : 109576192,
            "60.000000" : 119013376,
            "70.000000" : 129499136,
            "80.000000" : 141557760,
            "90.000000" : 156237824,
            "95.000000" : 173015040,
            "99.000000" : 265289728,
            "99.500000" : 308281344,
            "99.900000" : 375390208,
            "99.950000" : 396361728,
            "99.990000" : 450887680
          },
          "bins" : {
            "6520832" : 1,
            "17170432" : 2,
            "17432576" : 1,
            "17956864" : 3,
            "19267584" : 1,
            "22937600" : 1,
            "25559040" : 1,
            "28442624" : 1,
            "29229056" : 1,
            "31064064" : 1,
            "34340864" : 1,
            "37486592" : 1,
            "40108032" : 1,
            "41680896" : 1,
            "43253760" : 1,
            "45875200" : 1,
            "51642368" : 1,
            "53215232" : 1,
            "54788096" : 2,
            "55312384" : 1,
            "55836672" : 2,
            "56360960" : 5,
            "56885248" : 16,
            "57409536" : 32,
            "57933824" : 39,
            "58458112" : 36,
            "58982400" : 35,
            "59506688" : 39,
            "60030976" : 57,
            "60555264" : 67,
            "61079552" : 55,
            "61603840" : 65,
            "62128128" : 71,
            "62652416" : 71,
            "63176704" : 89,
            "63700992" : 77,
            "64225280" : 92,
            "64749568" : 75,
            "65273856" : 83,
            "65798144" : 98,
            "66322432" : 96,
            "66846720" : 86,
            "67633152" : 159,
            "68681728" : 144,
            "69730304" : 155,
            "70778880" : 169,
            "71827456" : 173,
            "72876032" : 172,
            "73924608" : 186,
            "74973184" : 167,
            "76021760" : 200,
            "77070336" : 164,
            "78118912" : 160,
            "79167488" : 164,
            "80216064" : 187,
            "81264640" : 171,
            "82313216" : 172,
            "83361792" : 163,
            "84410368" : 149,
            "85458944" : 178,
            "86507520" : 184,
            "87556096" : 173,
            "88604672" : 179,
            "89653248" : 166,
            "90701824" : 181,
            "91750400" : 197,
            "92798976" : 204,
            "93847552" : 165,
            "94896128" : 178,
            "95944704" : 186,
            "96993280" : 166,
            "98041856" : 177,
            "99090432" : 169,
            "100139008" : 184,
            "101187584" : 173,
            "102236160" : 171,
            "103284736" : 178,
            "104333312" : 145,
            "105381888" : 174,
            "106430464" : 193,
            "107479040" : 220,
            "108527616" : 180,
            "109576192" : 173,
            "110624768" : 185,
            "111673344" : 180,
            "112721920" : 157,
            "113770496" : 175,
            "114819072" : 174,
            "115867648" : 188,
            "116916224" : 188,
            "117964800" : 180,
            "119013376" : 167,
            "120061952" : 172,
            "121110528" : 180,
            "122159104" : 165,
            "123207680" : 168,
            "124256256" : 176,
            "125304832" : 169,
            "126353408" : 171,
            "127401984" : 161,
            "128450560" : 160,
            "129499136" : 155,
            "130547712" : 169,
            "131596288" : 164,
            "132644864" : 138,
            "133693440" : 162,
            "135266304" : 315,
            "137363456" : 339,
            "139460608" : 268,
            "141557760" : 296,
            "143654912" : 261,
            "145752064" : 247,
            "147849216" : 225,
            "149946368" : 213,
            "152043520" : 214,
            "154140672" : 166,
            "156237824" : 174,
            "158334976" : 159,
            "160432128" : 113,
            "162529280" : 131,
            "164626432" : 128,
            "166723584" : 75,
            "168820736" : 66,
            "170917888" : 73,
            "173015040" : 66,
            "175112192" : 54,
            "177209344" : 49,
            "179306496" : 43,
            "181403648" : 47,
            "183500800" : 30,
            "185597952" : 24,
            "187695104" : 29,
            "189792256" : 23,
            "191889408" : 25,
            "193986560" : 17,
            "196083712" : 17,
            "198180864" : 15,
            "200278016" : 15,
            "202375168" : 19,
            "204472320" : 20,
            "206569472" : 15,
            "208666624" : 14,
            "210763776" : 7,
            "212860928" : 7,
            "214958080" : 18,
            "217055232" : 10,
            "219152384" : 9,
            "221249536" : 9,