{
  "fio version" : "fio-3.8",
  "timestamp" : 1535132881,
  "timestamp_ms" : 1535132881139,
  "time" : "Fri Aug 24 17:48:01 2018",
  "jobs" : [
    {
      "jobname" : "wdpc",
      "groupid" : 0,
      "error" : 0,
      "eta" : 0,
      "elapsed" : 61,
      "job options" : {
        "ioengine" : "libaio",
        "group_reporting" : "1",
        "direct" : "1",
        "rw" : "randrw",
        "bs" : "32KB",
        "numjobs" : "2",
        "iodepth" : "16",
        "size" : "75%",
        "name" : "wdpc",
        "random_distribution" : "random",
        "random_generator" : "tausworthe",
        "allrandrepeat" : "1",
        "randseed" : "101",
        "rwmixread" : "0",
        "time_based" : "1",
        "runtime" : "60s",
        "filename" : "/dev/sda"
      },
      "read" : {
        "io_bytes" : 0,
        "io_kbytes" : 0,
        "bw_bytes" : 0,
        "bw" : 0,
        "iops" : 0.000000,
        "runtime" : 0,
        "total_ios" : 0,
        "short_ios" : 0,
        "drop_ios" : 0,
        "slat_ns" : {
          "min" : 0,
          "max" : 0,
          "mean" : 0.000000,
          "stddev" : 0.000000
        },
        "clat_ns" : {
          "min" : 0,
          "max" : 0,
          "mean" : 0.000000,
          "stddev" : 0.000000,
          "percentile" : {
            "1.000000" : 0,
            "5.000000" : 0,
            "10.000000" : 0,
            "20.000000" : 0,
            "30.000000" : 0,
            "40.000000" : 0,
            "50.000000" : 0,
            "60.000000" : 0,
            "70.000000" : 0,
            "80.000000" : 0,
            "90.000000" : 0,
            "95.000000" : 0,
            "99.000000" : 0,
            "99.500000" : 0,
            "99.900000" : 0,
            "99.950000" : 0,
            "99.990000" : 0
          },
          "bins" : {

          }
        },
        "lat_ns" : {
          "min" : 0,
          "max" : 0,
          "mean" : 0.000000,
          "stddev" : 0.000000
        },
        "bw_min" : 0,
        "bw_max" : 0,
        "bw_agg" : 0.000000,
        "bw_mean" : 0.000000,
        "bw_dev" : 0.000000,
        "bw_samples" : 0,
        "iops_min" : 0,
        "iops_max" : 0,
        "iops_mean" : 0.000000,
        "iops_stddev" : 0.000000,
        "iops_samples" : 0
      },
      "write" : {
        "io_bytes" : 12419465216,
        "io_kbytes" : 12128384,
        "bw_bytes" : 206980737,
        "bw" : 202129,
        "iops" : 6316.550839,
        "runtime" : 60003,
        "total_ios" : 379012,
        "short_ios" : 0,
        "drop_ios" : 0,
        "slat_ns" : {
          "min" : 17791,
          "max" : 8115042,
          "mean" : 113603.131360,
          "stddev" : 116399.207026
        },
        "clat_ns" : {
          "min" : 158375,
          "max" : 51741958,
          "mean" : 4935368.590715,
          "stddev" : 2411520.335658,
          "percentile" : {
            "1.000000" : 2146304,
            "5.000000" : 2670592,
            "10.000000" : 3031040,
            "20.000000" : 3489792,
            "30.000000" : 3751936,
            "40.000000" : 4014080,
            "50.000000" : 4358144,
            "60.000000" : 4816896,
            "70.000000" : 5144576,
            "80.000000" : 5668864,
            "90.000000" : 6979584,
            "95.000000" : 9895936,
            "99.000000" : 14614528,
            "99.500000" : 16908288,
            "99.900000" : 20840448,
            "99.950000" : 25559040,
            "99.990000" : 38535168
          },
          "bins" : {
            "158720" : 1,
            "284672" : 1,
            "411648" : 1,
            "561152" : 1,
            "757760" : 1,
            "1028096" : 1,
            "1122304" : 1,
            "1138688" : 11,
            "1155072" : 7,
            "1171456" : 5,
            "1187840" : 5,
            "1204224" : 2,
            "1269760" : 1,
            "1400832" : 1,
            "1466368" : 6,
            "1482752" : 5,
            "1499136" : 3,
            "1515520" : 1,
            "1531904" : 2,
            "1548288" : 3,
            "1564672" : 1,
            "1581056" : 9,
            "1597440" : 2,
            "1613824" : 1,
            "1630208" : 4,
            "1646592" : 7,
            "1662976" : 4,
            "1679360" : 2,
            "1695744" : 4,
            "1712128" : 10,
            "1728512" : 18,
            "1744896" : 21,
            "1761280" : 15,
            "1777664" : 14,
            "1794048" : 16,
            "1810432" : 21,
            "1826816" : 20,
            "1843200" : 27,
            "1859584" : 48,
            "1875968" : 46,
            "1892352" : 66,
            "1908736" : 71,
            "1925120" : 83,
            "1941504" : 88,
            "1957888" : 132,
            "1974272" : 176,
            "1990656" : 200,
            "2007040" : 225,
            "2023424" : 219,
            "2039808" : 258,
            "2056192" : 282,
            "2072576" : 342,
            "2088960" : 286,
            "2113536" : 706,
            "2146304" : 736,
            "2179072" : 710,
            "2211840" : 713,
            "2244608" : 751,
            "2277376" : 813,
            "2310144" : 777,
            "2342912" : 830,
            "2375680" : 811,
            "2408448" : 816,
            "2441216" : 893,
            "2473984" : 1057,
            "2506752" : 1197,
            "2539520" : 1240,
            "2572288" : 1180,
            "2605056" : 1282,
            "2637824" : 1247,
            "2670592" : 1326,
            "2703360" : 1368,
            "2736128" : 1479,
            "2768896" : 1430,
            "2801664" : 1596,
            "2834432" : 1739,
            "2867200" : 1736,
            "2899968" : 1754,
            "2932736" : 1670,
            "2965504" : 1805,
            "2998272" : 1911,
            "3031040" : 1936,
            "3063808" : 2034,
            "3096576" : 1975,
            "3129344" : 2136,
            "3162112" : 2312,
            "3194880" : 2365,
            "3227648" : 2496,
            "3260416" : 2664,
            "3293184" : 2799,
            "3325952" : 2993,
            "3358720" : 3225,
            "3391488" : 3309,
            "3424256" : 3471,
            "3457024" : 3635,
            "3489792" : 3789,
            "3522560" : 3957,
            "3555328" : 4222,
            "3588096" : 4335,
            "3620864" : 4506,
            "3653632" : 4743,
            "3686400" : 4922,
            "3719168" : 4956,
            "3751936" : 5336,
            "3784704" : 5519,
            "3817472" : 5323,
            "3850240" : 5060,
            "3883008" : 5033,
            "3915776" : 4750,
            "3948544" : 4729,
            "3981312" : 4636,
            "4014080" : 4399,
            "4046848" : 4067,
            "4079616" : 3842,
            "4112384" : 3795,
            "4145152" : 3519,
            "4177920" : 3415,
            "4227072" : 6548,
            "4292608" : 6261,
            "4358144" : 5921,
            "4423680" : 5601,
            "4489216" : 5558,
            "4554752" : 5974,
            "4620288" : 5838,
            "4685824" : 6047,
            "4751360" : 6355,
            "4816896" : 6833,
            "4882432" : 6956,
            "4947968" : 7319,
            "5013504" : 7357,
            "5079040" : 6869,
            "5144576" : 6364,
            "5210112" : 5897,
            "5275648" : 5407,
            "5341184" : 4982,
            "5406720" : 4732,
            "5472256" : 4272,
            "5537792" : 3855,
            "5603328" : 3493,
            "5668864" : 3204,
            "5734400" : 2966,
            "5799936" : 2854,
            "5865472" : 2567,
            "5931008" : 2424,
            "5996544" : 2398,
            "6062080" : 2200,
            "6127616" : 1982,
            "6193152" : 1880,
            "6258688" : 1878,
            "6324224" : 1814,
            "6389760" : 1725,
            "6455296" : 1683,
            "6520832" : 1620,