{
  "fio version" : "fio-3.8",
  "timestamp" : 1535103074,
  "timestamp_ms" : 1535103074179,
  "time" : "Fri Aug 24 09:31:14 2018",
  "jobs" : [
    {
      "jobname" : "wdpc",
      "groupid" : 0,
      "error" : 0,
      "eta" : 0,
      "elapsed" : 61,
      "job options" : {
        "ioengine" : "libaio",
        "group_reporting" : "1",
        "direct" : "1",
        "rw" : "randrw",
        "bs" : "32KB",
        "numjobs" : "2",
        "iodepth" : "16",
        "size" : "75%",
        "name" : "wdpc",
        "random_distribution" : "random",
        "random_generator" : "tausworthe",
        "allrandrepeat" : "1",
        "randseed" : "101",
        "rwmixread" : "0",
        "time_based" : "1",
        "runtime" : "60s",
        "filename" : "/dev/sda"
      },
      "read" : {
        "io_bytes" : 0,
        "io_kbytes" : 0,
        "bw_bytes" : 0,
        "bw" : 0,
        "iops" : 0.000000,
        "runtime" : 0,
        "total_ios" : 0,
        "short_ios" : 0,
        "drop_ios" : 0,
        "slat_ns" : {
          "min" : 0,
          "max" : 0,
          "mean" : 0.000000,
          "stddev" : 0.000000
        },
        "clat_ns" : {
          "min" : 0,
          "max" : 0,
          "mean" : 0.000000,
          "stddev" : 0.000000,
          "percentile" : {
            "1.000000" : 0,
            "5.000000" : 0,
            "10.000000" : 0,
            "20.000000" : 0,
            "30.000000" : 0,
            "40.000000" : 0,
            "50.000000" : 0,
            "60.000000" : 0,
            "70.000000" : 0,
            "80.000000" : 0,
            "90.000000" : 0,
            "95.000000" : 0,
            "99.000000" : 0,
            "99.500000" : 0,
            "99.900000" : 0,
            "99.950000" : 0,
            "99.990000" : 0
          },
          "bins" : {

          }
        },
        "lat_ns" : {
          "min" : 0,
          "max" : 0,
          "mean" : 0.000000,
          "stddev" : 0.000000
        },
        "bw_min" : 0,
        "bw_max" : 0,
        "bw_agg" : 0.000000,
        "bw_mean" : 0.000000,
        "bw_dev" : 0.000000,
        "bw_samples" : 0,
        "iops_min" : 0,
        "iops_max" : 0,
        "iops_mean" : 0.000000,
        "iops_stddev" : 0.000000,
        "iops_samples" : 0
      },
      "write" : {
        "io_bytes" : 10982522880,
        "io_kbytes" : 10725120,
        "bw_bytes" : 183014595,
        "bw" : 178725,
        "iops" : 5585.162226,
        "runtime" : 60009,
        "total_ios" : 335160,
        "short_ios" : 0,
        "drop_ios" : 0,
        "slat_ns" : {
          "min" : 17791,
          "max" : 11201166,
          "mean" : 114394.533119,
          "stddev" : 125811.655133
        },
        "clat_ns" : {
          "min" : 1103375,
          "max" : 50302000,
          "mean" : 5597080.765420,
          "stddev" : 3291483.088761,
          "percentile" : {
            "1.000000" : 2113536,
            "5.000000" : 2670592,
            "10.000000" : 3096576,
            "20.000000" : 3588096,
            "30.000000" : 3883008,
            "40.000000" : 4177920,
            "50.000000" : 4620288,
            "60.000000" : 5079040,
            "70.000000" : 5537792,
            "80.000000" : 6520832,
            "90.000000" : 10289152,
            "95.000000" : 13041664,
            "99.000000" : 17432576,
            "99.500000" : 20054016,
            "99.900000" : 26083328,
            "99.950000" : 34340864,
            "99.990000" : 36962304
          },
          "bins" : {
            "1105920" : 3,
            "1122304" : 3,
            "1138688" : 1,
            "1368064" : 4,
            "1384448" : 1,
            "1400832" : 2,
            "1417216" : 1,
            "1433600" : 2,
            "1449984" : 1,
            "1466368" : 1,
            "1482752" : 1,
            "1499136" : 8,
            "1515520" : 9,
            "1531904" : 12,
            "1548288" : 6,
            "1564672" : 3,
            "1581056" : 16,
            "1597440" : 20,
            "1613824" : 14,
            "1630208" : 20,
            "1646592" : 27,
            "1662976" : 33,
            "1679360" : 35,
            "1695744" : 36,
            "1712128" : 33,
            "1728512" : 32,
            "1744896" : 37,
            "1761280" : 32,
            "1777664" : 29,
            "1794048" : 35,
            "1810432" : 36,
            "1826816" : 47,
            "1843200" : 51,
            "1859584" : 45,
            "1875968" : 57,
            "1892352" : 66,
            "1908736" : 92,
            "1925120" : 101,
            "1941504" : 123,
            "1957888" : 129,
            "1974272" : 167,
            "1990656" : 235,
            "2007040" : 212,
            "2023424" : 220,
            "2039808" : 244,
            "2056192" : 344,
            "2072576" : 323,
            "2088960" : 343,
            "2113536" : 702,
            "2146304" : 707,
            "2179072" : 732,
            "2211840" : 628,
            "2244608" : 668,
            "2277376" : 753,
            "2310144" : 635,
            "2342912" : 701,
            "2375680" : 695,
            "2408448" : 666,
            "2441216" : 745,
            "2473984" : 855,
            "2506752" : 881,
            "2539520" : 971,
            "2572288" : 933,
            "2605056" : 909,
            "2637824" : 924,
            "2670592" : 930,
            "2703360" : 1031,
            "2736128" : 1077,
            "2768896" : 1034,
            "2801664" : 1113,
            "2834432" : 1248,
            "2867200" : 1224,
            "2899968" : 1217,
            "2932736" : 1297,
            "2965504" : 1390,
            "2998272" : 1479,
            "3031040" : 1606,
            "3063808" : 1598,
            "3096576" : 1487,
            "3129344" : 1451,
            "3162112" : 1476,
            "3194880" : 1631,
            "3227648" : 1573,
            "3260416" : 1797,
            "3293184" : 2010,
            "3325952" : 2127,
            "3358720" : 2194,
            "3391488" : 2330,
            "3424256" : 2489,
            "3457024" : 2672,
            "3489792" : 2825,
            "3522560" : 2970,
            "3555328" : 3044,
            "3588096" : 3349,
            "3620864" : 3389,
            "3653632" : 3654,
            "3686400" : 3771,
            "3719168" : 3873,
            "3751936" : 4095,
            "3784704" : 4139,
            "3817472" : 4269,
            "3850240" : 4204,
            "3883008" : 4220,
            "3915776" : 4170,
            "3948544" : 4001,
            "3981312" : 3899,
            "4014080" : 3637,
            "4046848" : 3465,
            "4079616" : 3411,
            "4112384" : 3097,
            "4145152" : 3031,
            "4177920" : 3016,
            "4227072" : 5640,
            "4292608" : 5091,
            "4358144" : 4881,
            "4423680" : 4533,
            "4489216" : 4532,
            "4554752" : 4299,
            "4620288" : 4560,
            "4685824" : 4661,
            "4751360" : 5054,
            "4816896" : 5043,
            "4882432" : 5426,
            "4947968" : 5665,
            "5013504" : 5962,
            "5079040" : 5764,
            "5144576" : 5511,
            "5210112" : 5286,
            "5275648" : 4957,
            "5341184" : 4351,
            "5406720" : 4049,
            "5472256" : 3803,
            "5537792" : 3431,
            "5603328" : 3179,
            "5668864" : 2825,
            "5734400" : 2407,
            "5799936" : 2245,
            "5865472" : 2115,
            "5931008" : 2032,
            "5996544" : 1990,
            "6062080" : 1904,
            "6127616" : 1835,
            "6193152" : 1796,
            "6258688" : 1735,
            "6324224" : 1681,
            "6389760" : 1614,
            "6455296" : 1483,
            "6520832" : 1446,
            "6586368" : 1308,
            "6651904" : 1349,
            "6717440" : 1368,
            "6782976" : 1275,
            "6848512" : 1314,