{
  "fio version" : "fio-3.8",
  "timestamp" : 1535098325,
  "timestamp_ms" : 1535098325331,
  "time" : "Fri Aug 24 08:12:05 2018",
  "jobs" : [
    {
      "jobname" : "wdpc",
      "groupid" : 0,
      "error" : 0,
      "eta" : 0,
      "elapsed" : 61,
      "job options" : {
        "ioengine" : "libaio",
        "group_reporting" : "1",
        "direct" : "1",
        "rw" : "randrw",
        "bs" : "64KB",
        "numjobs" : "2",
        "iodepth" : "16",
        "size" : "75%",
        "name" : "wdpc",
        "random_distribution" : "random",
        "random_generator" : "tausworthe",
        "allrandrepeat" : "1",
        "randseed" : "101",
        "rwmixread" : "0",
        "time_based" : "1",
        "runtime" : "60s",
        "filename" : "/dev/sda"
      },
      "read" : {
        "io_bytes" : 0,
        "io_kbytes" : 0,
        "bw_bytes" : 0,
        "bw" : 0,
        "iops" : 0.000000,
        "runtime" : 0,
        "total_ios" : 0,
        "short_ios" : 0,
        "drop_ios" : 0,
        "slat_ns" : {
          "min" : 0,
          "max" : 0,
          "mean" : 0.000000,
          "stddev" : 0.000000
        },
        "clat_ns" : {
          "min" : 0,
          "max" : 0,
          "mean" : 0.000000,
          "stddev" : 0.000000,
          "percentile" : {
            "1.000000" : 0,
            "5.000000" : 0,
            "10.000000" : 0,
            "20.000000" : 0,
            "30.000000" : 0,
            "40.000000" : 0,
            "50.000000" : 0,
            "60.000000" : 0,
            "70.000000" : 0,
            "80.000000" : 0,
            "90.000000" : 0,
            "95.000000" : 0,
            "99.000000" : 0,
            "99.500000" : 0,
            "99.900000" : 0,
            "99.950000" : 0,
            "99.990000" : 0
          },
          "bins" : {

          }
        },
        "lat_ns" : {
          "min" : 0,
          "max" : 0,
          "mean" : 0.000000,
          "stddev" : 0.000000
        },
        "bw_min" : 0,
        "bw_max" : 0,
        "bw_agg" : 0.000000,
        "bw_mean" : 0.000000,
        "bw_dev" : 0.000000,
        "bw_samples" : 0,
        "iops_min" : 0,
        "iops_max" : 0,
        "iops_mean" : 0.000000,
        "iops_stddev" : 0.000000,
        "iops_samples" : 0
      },
      "write" : {
        "io_bytes" : 13765967872,
        "io_kbytes" : 13443328,
        "bw_bytes" : 229398388,
        "bw" : 224021,
        "iops" : 3500.341615,
        "runtime" : 60009,
        "total_ios" : 210052,
        "short_ios" : 0,
        "drop_ios" : 0,
        "slat_ns" : {
          "min" : 26834,
          "max" : 17280667,
          "mean" : 173164.428037,
          "stddev" : 163498.440263
        },
        "clat_ns" : {
          "min" : 1670083,
          "max" : 62631334,
          "mean" : 8942538.487498,
          "stddev" : 2910125.597905,
          "percentile" : {
            "1.000000" : 6455296,
            "5.000000" : 7045120,
            "10.000000" : 7241728,
            "20.000000" : 7569408,
            "30.000000" : 7766016,
            "40.000000" : 7962624,
            "50.000000" : 8290304,
            "60.000000" : 8716288,
            "70.000000" : 9109504,
            "80.000000" : 9371648,
            "90.000000" : 9895936,
            "95.000000" : 11337728,
            "99.000000" : 22937600,
            "99.500000" : 24510464,
            "99.900000" : 32112640,
            "99.950000" : 34340864,
            "99.990000" : 51118080
          },
          "bins" : {
            "1662976" : 1,
            "1679360" : 2,
            "1695744" : 1,
            "1744896" : 1,
            "1761280" : 4,
            "1777664" : 2,
            "1941504" : 1,
            "2072576" : 1,
            "2113536" : 2,
            "2146304" : 2,
            "2179072" : 4,
            "2211840" : 2,
            "2244608" : 4,
            "2408448" : 1,
            "2473984" : 1,
            "2539520" : 1,
            "2670592" : 1,
            "2768896" : 1,
            "2867200" : 1,
            "2899968" : 5,
            "2932736" : 9,
            "2965504" : 5,
            "2998272" : 6,
            "3031040" : 9,
            "3063808" : 4,
            "3096576" : 2,
            "3129344" : 2,
            "3194880" : 1,
            "3260416" : 1,
            "3358720" : 1,
            "3522560" : 1,
            "3555328" : 2,
            "3588096" : 7,
            "3620864" : 6,
            "3653632" : 2,
            "3719168" : 1,
            "3915776" : 1,
            "3948544" : 1,
            "4014080" : 2,
            "4046848" : 2,
            "4079616" : 2,
            "4112384" : 6,
            "4145152" : 3,
            "4177920" : 3,
            "4227072" : 14,
            "4292608" : 15,
            "4358144" : 15,
            "4423680" : 12,
            "4489216" : 12,
            "4554752" : 24,
            "4620288" : 11,
            "4685824" : 18,
            "4751360" : 22,
            "4816896" : 33,
            "4882432" : 29,
            "4947968" : 29,
            "5013504" : 39,
            "5079040" : 24,
            "5144576" : 38,
            "5210112" : 42,
            "5275648" : 39,
            "5341184" : 25,
            "5406720" : 31,
            "5472256" : 44,
            "5537792" : 35,
            "5603328" : 61,
            "5668864" : 44,
            "5734400" : 62,
            "5799936" : 70,
            "5865472" : 65,
            "5931008" : 109,
            "5996544" : 87,
            "6062080" : 109,
            "6127616" : 138,
            "6193152" : 158,
            "6258688" : 150,
            "6324224" : 144,
            "6389760" : 156,
            "6455296" : 223,
            "6520832" : 274,
            "6586368" : 398,
            "6651904" : 596,
            "6717440" : 715,
            "6782976" : 1010,
            "6848512" : 1249,
            "6914048" : 1658,
            "6979584" : 2024,
            "7045120" : 2331,
            "7110656" : 2717,
            "7176192" : 3169,
            "7241728" : 3628,
            "7307264" : 4093,
            "7372800" : 4442,
            "7438336" : 4700,
            "7503872" : 4891,
            "7569408" : 5488,
            "7634944" : 6135,
            "7700480" : 6672,
            "7766016" : 7408,
            "7831552" : 6657,
            "7897088" : 6230,
            "7962624" : 5606,
            "8028160" : 4938,
            "8093696" : 4299,
            "8159232" : 4075,
            "8224768" : 3879,
            "8290304" : 3768,
            "8355840" : 3507,
            "8454144" : 7106,
            "8585216" : 7016,
            "8716288" : 7111,
            "8847360" : 7586,
            "8978432" : 8711,
            "9109504" : 8778,
            "9240576" : 7979,
            "9371648" : 7123,
            "9502720" : 6255,
            "9633792" : 5511,
            "9764864" : 4447,
            "9895936" : 3237,
            "10027008" : 2380,
            "10158080" : 1658,
            "10289152" : 1165,
            "10420224" : 937,
            "10551296" : 733,
            "10682368" : 648,
            "10813440" : 598,
            "10944512" : 567,
            "11075584" : 471,
            "11206656" : 425,
            "11337728" : 349,
            "11468800" : 238,
            "11599872" : 217,
            "11730944" : 152,
            "11862016" : 118,
            "11993088" : 53,
            "12124160" : 57,
            "12255232" : 33,
            "12386304" : 30,
            "12517376" : 32,
            "12648448" : 27,
            "12779520" : 23,
            "12910592" : 34,
            "13041664" : 30,
            "13172736" : 30,
            "13303808" : 41,
            "13434880" : 34,
            "13565952" : 40,
            "13697024" : 35,
            "13828096" : 28,
            "13959168" : 27,
            "14090240" : 23,
            "14221312" : 12,
            "14352384" : 24,
            "14483456" : 17,
            "14614528" : 13,