{
  "fio version" : "fio-3.8",
  "timestamp" : 1535098859,
  "timestamp_ms" : 1535098859601,
  "time" : "Fri Aug 24 08:20:59 2018",
  "jobs" : [
    {
      "jobname" : "wdpc",
      "groupid" : 0,
      "error" : 0,
      "eta" : 0,
      "elapsed" : 61,
      "job options" : {
        "ioengine" : "libaio",
        "group_reporting" : "1",
        "direct" : "1",
        "rw" : "randrw",
        "bs" : "64KB",
        "numjobs" : "2",
        "iodepth" : "16",
        "size" : "75%",
        "name" : "wdpc",
        "random_distribution" : "random",
        "random_generator" : "tausworthe",
        "allrandrepeat" : "1",
        "randseed" : "101",
        "rwmixread" : "0",
        "time_based" : "1",
        "runtime" : "60s",
        "filename" : "/dev/sda"
      },
      "read" : {
        "io_bytes" : 0,
        "io_kbytes" : 0,
        "bw_bytes" : 0,
        "bw" : 0,
        "iops" : 0.000000,
        "runtime" : 0,
        "total_ios" : 0,
        "short_ios" : 0,
        "drop_ios" : 0,
        "slat_ns" : {
          "min" : 0,
          "max" : 0,
          "mean" : 0.000000,
          "stddev" : 0.000000
        },
        "clat_ns" : {
          "min" : 0,
          "max" : 0,
          "mean" : 0.000000,
          "stddev" : 0.000000,
          "percentile" : {
            "1.000000" : 0,
            "5.000000" : 0,
            "10.000000" : 0,
            "20.000000" : 0,
            "30.000000" : 0,
            "40.000000" : 0,
            "50.000000" : 0,
            "60.000000" : 0,
            "70.000000" : 0,
            "80.000000" : 0,
            "90.000000" : 0,
            "95.000000" : 0,
            "99.000000" : 0,
            "99.500000" : 0,
            "99.900000" : 0,
            "99.950000" : 0,
            "99.990000" : 0
          },
          "bins" : {

          }
        },
        "lat_ns" : {
          "min" : 0,
          "max" : 0,
          "mean" : 0.000000,
          "stddev" : 0.000000
        },
        "bw_min" : 0,
        "bw_max" : 0,
        "bw_agg" : 0.000000,
        "bw_mean" : 0.000000,
        "bw_dev" : 0.000000,
        "bw_samples" : 0,
        "iops_min" : 0,
        "iops_max" : 0,
        "iops_mean" : 0.000000,
        "iops_stddev" : 0.000000,
        "iops_samples" : 0
      },
      "write" : {
        "io_bytes" : 13372620800,
        "io_kbytes" : 13059200,
        "bw_bytes" : 222787898,
        "bw" : 217566,
        "iops" : 3399.473544,
        "runtime" : 60024,
        "total_ios" : 204050,
        "short_ios" : 0,
        "drop_ios" : 0,
        "slat_ns" : {
          "min" : 26250,
          "max" : 7242958,
          "mean" : 170002.130845,
          "stddev" : 152483.664964
        },
        "clat_ns" : {
          "min" : 1995875,
          "max" : 64894667,
          "mean" : 9216658.016187,
          "stddev" : 3314246.800781,
          "percentile" : {
            "1.000000" : 6455296,
            "5.000000" : 7045120,
            "10.000000" : 7307264,
            "20.000000" : 7569408,
            "30.000000" : 7831552,
            "40.000000" : 8028160,
            "50.000000" : 8454144,
            "60.000000" : 8847360,
            "70.000000" : 9109504,
            "80.000000" : 9502720,
            "90.000000" : 10420224,
            "95.000000" : 17956864,
            "99.000000" : 23724032,
            "99.500000" : 25034752,
            "99.900000" : 33161216,
            "99.950000" : 38535168,
            "99.990000" : 45350912
          },
          "bins" : {
            "1990656" : 1,
            "2072576" : 1,
            "2088960" : 1,
            "2113536" : 4,
            "2146304" : 3,
            "2179072" : 2,
            "2801664" : 1,
            "3063808" : 1,
            "3096576" : 3,
            "3129344" : 1,
            "3194880" : 2,
            "3227648" : 1,
            "3325952" : 1,
            "3358720" : 1,
            "3424256" : 1,
            "3522560" : 2,
            "3555328" : 3,
            "3620864" : 2,
            "3653632" : 4,
            "3686400" : 1,
            "3719168" : 3,
            "3784704" : 1,
            "3817472" : 1,
            "3850240" : 2,
            "3883008" : 1,
            "3915776" : 1,
            "3948544" : 2,
            "4014080" : 1,
            "4079616" : 2,
            "4227072" : 6,
            "4292608" : 16,
            "4358144" : 17,
            "4423680" : 24,
            "4489216" : 24,
            "4554752" : 20,
            "4620288" : 31,
            "4685824" : 36,
            "4751360" : 27,
            "4816896" : 42,
            "4882432" : 36,
            "4947968" : 40,
            "5013504" : 40,
            "5079040" : 39,
            "5144576" : 38,
            "5210112" : 30,
            "5275648" : 37,
            "5341184" : 37,
            "5406720" : 26,
            "5472256" : 30,
            "5537792" : 34,
            "5603328" : 38,
            "5668864" : 32,
            "5734400" : 45,
            "5799936" : 57,
            "5865472" : 69,
            "5931008" : 74,
            "5996544" : 86,
            "6062080" : 107,
            "6127616" : 104,
            "6193152" : 129,
            "6258688" : 116,
            "6324224" : 164,
            "6389760" : 187,
            "6455296" : 176,
            "6520832" : 265,
            "6586368" : 322,
            "6651904" : 512,
            "6717440" : 642,
            "6782976" : 863,
            "6848512" : 1050,
            "6914048" : 1368,
            "6979584" : 1695,
            "7045120" : 2018,
            "7110656" : 2376,
            "7176192" : 2742,
            "7241728" : 3311,
            "7307264" : 3788,
            "7372800" : 4055,
            "7438336" : 4268,
            "7503872" : 4544,
            "7569408" : 4981,
            "7634944" : 5712,
            "7700480" : 6313,
            "7766016" : 6767,
            "7831552" : 6481,
            "7897088" : 5962,
            "7962624" : 5339,
            "8028160" : 4692,
            "8093696" : 4229,
            "8159232" : 3696,
            "8224768" : 3698,
            "8290304" : 3590,
            "8355840" : 3466,
            "8454144" : 6854,
            "8585216" : 6723,
            "8716288" : 6923,
            "8847360" : 7266,
            "8978432" : 8716,
            "9109504" : 8664,
            "9240576" : 7357,
            "9371648" : 6613,
            "9502720" : 5844,
            "9633792" : 5055,
            "9764864" : 4027,
            "9895936" : 3134,
            "10027008" : 2293,
            "10158080" : 1609,
            "10289152" : 1250,
            "10420224" : 977,
            "10551296" : 789,
            "10682368" : 679,
            "10813440" : 658,
            "10944512" : 555,
            "11075584" : 510,
            "11206656" : 406,
            "11337728" : 428,
            "11468800" : 369,
            "11599872" : 302,
            "11730944" : 262,
            "11862016" : 209,
            "11993088" : 204,
            "12124160" : 166,
            "12255232" : 145,
            "12386304" : 137,
            "12517376" : 159,
            "12648448" : 150,
            "12779520" : 148,
            "12910592" : 155,
            "13041664" : 134,
            "13172736" : 180,
            "13303808" : 174,
            "13434880" : 154,
            "13565952" : 157,
            "13697024" : 149,
            "13828096" : 142,
            "13959168" : 128,
            "14090240" : 95,
            "14221312" : 85,
            "14352384" : 72,
            "14483456" : 51,
            "14614528" : 59,
            "14745600" : 37,
            "14876672" : 50,
            "15007744" : 35,
            "15138816" : 40,
            "15269888" : 33,
            "15400960" : 31,
            "15532032" : 41,
            "15663104" : 39,
            "15794176" : 13,
            "15925248" : 32,
            "16056320" : 45,
            "16187392" : 39,
            "16318464" : 30,