{
  "fio version" : "fio-3.8",
  "timestamp" : 1534842146,
  "timestamp_ms" : 1534842146303,
  "time" : "Tue Aug 21 02:02:26 2018",
  "global options" : {
    "offset" : "13416448000"
  },
  "jobs" : [
    {
      "jobname" : "wdpc",
      "groupid" : 0,
      "error" : 0,
      "eta" : 0,
      "elapsed" : 61,
      "job options" : {
        "ioengine" : "libaio",
        "group_reporting" : "1",
        "direct" : "1",
        "rw" : "readwrite",
        "bs" : "8KB",
        "numjobs" : "1",
        "iodepth" : "32",
        "size" : "75%",
        "name" : "wdpc",
        "rwmixread" : "0",
        "time_based" : "1",
        "runtime" : "60s",
        "filename" : "/dev/sda"
      },
      "read" : {
        "io_bytes" : 0,
        "io_kbytes" : 0,
        "bw_bytes" : 0,
        "bw" : 0,
        "iops" : 0.000000,
        "runtime" : 0,
        "total_ios" : 0,
        "short_ios" : 0,
        "drop_ios" : 0,
        "slat_ns" : {
          "min" : 0,
          "max" : 0,
          "mean" : 0.000000,
          "stddev" : 0.000000
        },
        "clat_ns" : {
          "min" : 0,
          "max" : 0,
          "mean" : 0.000000,
          "stddev" : 0.000000,
          "percentile" : {
            "1.000000" : 0,
            "5.000000" : 0,
            "10.000000" : 0,
            "20.000000" : 0,
            "30.000000" : 0,
            "40.000000" : 0,
            "50.000000" : 0,
            "60.000000" : 0,
            "70.000000" : 0,
            "80.000000" : 0,
            "90.000000" : 0,
            "95.000000" : 0,
            "99.000000" : 0,
            "99.500000" : 0,
            "99.900000" : 0,
            "99.950000" : 0,
            "99.990000" : 0
          },
          "bins" : {

          }
        },
        "lat_ns" : {
          "min" : 0,
          "max" : 0,
          "mean" : 0.000000,
          "stddev" : 0.000000
        },
        "bw_min" : 0,
        "bw_max" : 0,
        "bw_agg" : 0.000000,
        "bw_mean" : 0.000000,
        "bw_dev" : 0.000000,
        "bw_samples" : 0,
        "iops_min" : 0,
        "iops_max" : 0,
        "iops_mean" : 0.000000,
        "iops_stddev" : 0.000000,
        "iops_samples" : 0
      },
      "write" : {
        "io_bytes" : 13746872320,
        "io_kbytes" : 13424680,
        "bw_bytes" : 229110720,
        "bw" : 223740,
        "iops" : 27967.617206,
        "runtime" : 60001,
        "total_ios" : 1678085,
        "short_ios" : 0,
        "drop_ios" : 0,
        "slat_ns" : {
          "min" : 2737,
          "max" : 2251421,
          "mean" : 5650.063061,
          "stddev" : 12955.846887
        },
        "clat_ns" : {
          "min" : 313895,
          "max" : 16037839,
          "mean" : 1136730.486394,
          "stddev" : 467168.500840,
          "percentile" : {
            "1.000000" : 790528,
            "5.000000" : 1011712,
            "10.000000" : 1036288,
            "20.000000" : 1073152,
            "30.000000" : 1073152,
            "40.000000" : 1073152,
            "50.000000" : 1089536,
            "60.000000" : 1105920,
            "70.000000" : 1105920,
            "80.000000" : 1122304,
            "90.000000" : 1171456,
            "95.000000" : 1400832,
            "99.000000" : 2039808,
            "99.500000" : 2605056,
            "99.900000" : 13565952,
            "99.950000" : 14221312,
            "99.990000" : 15532032
          },
          "bins" : {
            "313344" : 1,
            "317440" : 1,
            "325632" : 3,
            "329728" : 2,
            "333824" : 4,
            "342016" : 4,
            "346112" : 2,
            "354304" : 1,
            "362496" : 4,
            "366592" : 2,
            "370688" : 1,
            "374784" : 1,
            "387072" : 2,
            "391168" : 1,
            "395264" : 8,
            "399360" : 12,
            "403456" : 9,
            "407552" : 2,
            "411648" : 9,
            "415744" : 1,
            "419840" : 10,
            "423936" : 6,
            "428032" : 9,
            "432128" : 9,
            "436224" : 12,
            "440320" : 23,
            "444416" : 20,
            "448512" : 29,
            "452608" : 14,
            "456704" : 21,
            "460800" : 16,
            "464896" : 27,
            "468992" : 30,
            "473088" : 24,
            "477184" : 31,
            "481280" : 60,
            "485376" : 55,
            "489472" : 41,
            "493568" : 43,
            "497664" : 27,
            "501760" : 28,
            "505856" : 33,
            "509952" : 31,
            "514048" : 29,
            "518144" : 19,
            "522240" : 21,
            "528384" : 83,
            "536576" : 66,
            "544768" : 52,
            "552960" : 35,
            "561152" : 46,
            "569344" : 82,
            "577536" : 46,
            "585728" : 38,
            "593920" : 21,
            "602112" : 22,
            "610304" : 44,
            "618496" : 64,
            "626688" : 108,
            "634880" : 205,
            "643072" : 269,
            "651264" : 373,
            "659456" : 338,
            "667648" : 363,
            "675840" : 506,
            "684032" : 536,
            "692224" : 509,
            "700416" : 522,
            "708608" : 559,
            "716800" : 803,
            "724992" : 1069,
            "733184" : 961,
            "741376" : 868,
            "749568" : 1160,
            "757760" : 1435,
            "765952" : 1466,
            "774144" : 1196,
            "782336" : 1114,
            "790528" : 1378,
            "798720" : 1717,
            "806912" : 1768,
            "815104" : 1497,
            "823296" : 1514,
            "831488" : 1660,
            "839680" : 2029,
            "847872" : 1988,
            "856064" : 1335,
            "864256" : 1495,
            "872448" : 1814,
            "880640" : 1969,
            "888832" : 1828,
            "897024" : 1361,
            "905216" : 1887,
            "913408" : 2225,
            "921600" : 2563,
            "929792" : 2193,
            "937984" : 1902,
            "946176" : 3208,
            "954368" : 3588,
            "962560" : 4059,
            "970752" : 3193,
            "978944" : 2766,
            "987136" : 5235,
            "995328" : 5868,
            "1003520" : 5682,
            "1011712" : 4874,
            "1019904" : 4773,
            "1028096" : 33056,
            "1036288" : 54774,
            "1044480" : 58202,
            "1056768" : 49467,
            "1073152" : 487753,
            "1089536" : 225261,
            "1105920" : 179610,
            "1122304" : 255555,
            "1138688" : 27447,
            "1155072" : 39230,
            "1171456" : 13076,
            "1187840" : 9764,
            "1204224" : 9155,
            "1220608" : 7913,
            "1236992" : 7271,
            "1253376" : 5884,
            "1269760" : 5518,
            "1286144" : 4869,
            "1302528" : 4501,
            "1318912" : 4392,
            "1335296" : 4032,
            "1351680" : 4028,
            "1368064" : 3930,
            "1384448" : 4018,
            "1400832" : 3805,
            "1417216" : 3594,
            "1433600" : 3223,
            "1449984" : 2875,
            "1466368" : 2574,
            "1482752" : 2226,
            "1499136" : 1879,
            "1515520" : 1675,
            "1531904" : 1519,
            "1548288" : 1342,
            "1564672" : 1525,
            "1581056" : 1451,
            "1597440" : 1480,
            "1613824" : 1452,
            "1630208" : 1450,
            "1646592" : 1560,
            "1662976" : 1468,
            "1679360" : 1543,
            "1695744" : 1655,
            "1712128" : 1795,
            "1728512" : 1881,
            "1744896" : 1893,
            "1761280" : 2081,
            "1777664" : 2034,
            "1794048" : 2098,
            "1810432" : 1988,
            "1826816" : 1947,
            "1843200" : 1885,
            "1859584" : 1900,