{
  "fio version" : "fio-3.8",
  "timestamp" : 1534839354,
  "timestamp_ms" : 1534839354218,
  "time" : "Tue Aug 21 01:15:54 2018",
  "global options" : {
    "offset" : "29118533632"
  },
  "jobs" : [
    {
      "jobname" : "wdpc",
      "groupid" : 0,
      "error" : 0,
      "eta" : 0,
      "elapsed" : 61,
      "job options" : {
        "ioengine" : "libaio",
        "group_reporting" : "1",
        "direct" : "1",
        "rw" : "readwrite",
        "bs" : "4KB",
        "numjobs" : "1",
        "iodepth" : "32",
        "size" : "75%",
        "name" : "wdpc",
        "rwmixread" : "0",
        "time_based" : "1",
        "runtime" : "60s",
        "filename" : "/dev/sda"
      },
      "read" : {
        "io_bytes" : 0,
        "io_kbytes" : 0,
        "bw_bytes" : 0,
        "bw" : 0,
        "iops" : 0.000000,
        "runtime" : 0,
        "total_ios" : 0,
        "short_ios" : 0,
        "drop_ios" : 0,
        "slat_ns" : {
          "min" : 0,
          "max" : 0,
          "mean" : 0.000000,
          "stddev" : 0.000000
        },
        "clat_ns" : {
          "min" : 0,
          "max" : 0,
          "mean" : 0.000000,
          "stddev" : 0.000000,
          "percentile" : {
            "1.000000" : 0,
            "5.000000" : 0,
            "10.000000" : 0,
            "20.000000" : 0,
            "30.000000" : 0,
            "40.000000" : 0,
            "50.000000" : 0,
            "60.000000" : 0,
            "70.000000" : 0,
            "80.000000" : 0,
            "90.000000" : 0,
            "95.000000" : 0,
            "99.000000" : 0,
            "99.500000" : 0,
            "99.900000" : 0,
            "99.950000" : 0,
            "99.990000" : 0
          },
          "bins" : {

          }
        },
        "lat_ns" : {
          "min" : 0,
          "max" : 0,
          "mean" : 0.000000,
          "stddev" : 0.000000
        },
        "bw_min" : 0,
        "bw_max" : 0,
        "bw_agg" : 0.000000,
        "bw_mean" : 0.000000,
        "bw_dev" : 0.000000,
        "bw_samples" : 0,
        "iops_min" : 0,
        "iops_max" : 0,
        "iops_mean" : 0.000000,
        "iops_stddev" : 0.000000,
        "iops_samples" : 0
      },
      "write" : {
        "io_bytes" : 9646071808,
        "io_kbytes" : 9419992,
        "bw_bytes" : 160765184,
        "bw" : 156997,
        "iops" : 39249.312511,
        "runtime" : 60001,
        "total_ios" : 2354998,
        "short_ios" : 0,
        "drop_ios" : 0,
        "slat_ns" : {
          "min" : 2527,
          "max" : 1134904,
          "mean" : 10121.904452,
          "stddev" : 14031.386367
        },
        "clat_ns" : {
          "min" : 250425,
          "max" : 29327684,
          "mean" : 803679.573809,
          "stddev" : 337835.585615,
          "percentile" : {
            "1.000000" : 477184,
            "5.000000" : 552960,
            "10.000000" : 651264,
            "20.000000" : 733184,
            "30.000000" : 741376,
            "40.000000" : 757760,
            "50.000000" : 774144,
            "60.000000" : 790528,
            "70.000000" : 823296,
            "80.000000" : 880640,
            "90.000000" : 954368,
            "95.000000" : 1019904,
            "99.000000" : 1302528,
            "99.500000" : 1515520,
            "99.900000" : 2179072,
            "99.950000" : 13172736,
            "99.990000" : 13697024
          },
          "bins" : {
            "250880" : 1,
            "276480" : 3,
            "280576" : 1,
            "284672" : 1,
            "288768" : 4,
            "292864" : 3,
            "296960" : 4,
            "301056" : 3,
            "305152" : 4,
            "309248" : 2,
            "313344" : 6,
            "317440" : 5,
            "321536" : 11,
            "325632" : 21,
            "329728" : 15,
            "333824" : 17,
            "337920" : 32,
            "342016" : 30,
            "346112" : 53,
            "350208" : 72,
            "354304" : 83,
            "358400" : 79,
            "362496" : 100,
            "366592" : 91,
            "370688" : 80,
            "374784" : 81,
            "378880" : 51,
            "382976" : 66,
            "387072" : 63,
            "391168" : 104,
            "395264" : 125,
            "399360" : 176,
            "403456" : 308,
            "407552" : 585,
            "411648" : 786,
            "415744" : 719,
            "419840" : 811,
            "423936" : 890,
            "428032" : 749,
            "432128" : 600,
            "436224" : 712,
            "440320" : 892,
            "444416" : 1094,
            "448512" : 1315,
            "452608" : 1655,
            "456704" : 1564,
            "460800" : 1580,
            "464896" : 1704,
            "468992" : 2162,
            "473088" : 2307,
            "477184" : 2046,
            "481280" : 2742,
            "485376" : 3026,
            "489472" : 3630,
            "493568" : 3480,
            "497664" : 3007,
            "501760" : 3431,
            "505856" : 3688,
            "509952" : 3810,
            "514048" : 4528,
            "518144" : 5511,
            "522240" : 6456,
            "528384" : 16559,
            "536576" : 17451,
            "544768" : 15304,
            "552960" : 16270,
            "561152" : 14286,
            "569344" : 13539,
            "577536" : 10011,
            "585728" : 8078,
            "593920" : 6930,
            "602112" : 7074,
            "610304" : 8416,
            "618496" : 7995,
            "626688" : 7055,
            "634880" : 6223,
            "643072" : 7951,
            "651264" : 12633,
            "659456" : 10525,
            "667648" : 9051,
            "675840" : 9271,
            "684032" : 12660,
            "692224" : 18131,
            "700416" : 16269,
            "708608" : 14519,
            "716800" : 18639,
            "724992" : 46434,
            "733184" : 148408,
            "741376" : 161623,
            "749568" : 124102,
            "757760" : 131415,
            "765952" : 143123,
            "774144" : 166299,
            "782336" : 108111,
            "790528" : 71868,
            "798720" : 58419,
            "806912" : 54899,
            "815104" : 51499,
            "823296" : 45253,
            "831488" : 40182,
            "839680" : 35949,
            "847872" : 32910,
            "856064" : 32586,
            "864256" : 27690,
            "872448" : 25460,
            "880640" : 27453,
            "888832" : 29210,
            "897024" : 27427,
            "905216" : 25416,
            "913408" : 24693,
            "921600" : 27547,
            "929792" : 27754,
            "937984" : 27692,
            "946176" : 27418,
            "954368" : 28115,
            "962560" : 27858,
            "970752" : 22153,
            "978944" : 15583,
            "987136" : 11703,
            "995328" : 9673,
            "1003520" : 8356,
            "1011712" : 6909,
            "1019904" : 6036,
            "1028096" : 5500,
            "1036288" : 4858,
            "1044480" : 4609,
            "1056768" : 7643,
            "1073152" : 7316,
            "1089536" : 8471,
            "1105920" : 9235,
            "1122304" : 8874,
            "1138688" : 8202,
            "1155072" : 6620,
            "1171456" : 4854,
            "1187840" : 3701,
            "1204224" : 2885,
            "1220608" : 2383,
            "1236992" : 2202,
            "1253376" : 2016,
            "1269760" : 1290,
            "1286144" : 1348,
            "1302528" : 1150,
            "1318912" : 907,
            "1335296" : 974,
            "1351680" : 984,
            "1368064" : 865,
            "1384448" : 1103,
            "1400832" : 989,
            "1417216" : 1103,
            "1433600" : 881,
            "1449984" : 782,
            "1466368" : 702,
            "1482752" : 653,
            "1499136" : 542,
            "1515520" : 527,
            "1531904" : 426,
            "1548288" : 445,
            "1564672" : 405,