{
  "fio version" : "fio-3.8",
  "timestamp" : 1534844910,
  "timestamp_ms" : 1534844910575,
  "time" : "Tue Aug 21 02:48:30 2018",
  "global options" : {
    "offset" : "64120193024"
  },
  "jobs" : [
    {
      "jobname" : "wdpc",
      "groupid" : 0,
      "error" : 0,
      "eta" : 0,
      "elapsed" : 61,
      "job options" : {
        "ioengine" : "libaio",
        "group_reporting" : "1",
        "direct" : "1",
        "rw" : "readwrite",
        "bs" : "16KB",
        "numjobs" : "1",
        "iodepth" : "32",
        "size" : "75%",
        "name" : "wdpc",
        "rwmixread" : "0",
        "time_based" : "1",
        "runtime" : "60s",
        "filename" : "/dev/sda"
      },
      "read" : {
        "io_bytes" : 0,
        "io_kbytes" : 0,
        "bw_bytes" : 0,
        "bw" : 0,
        "iops" : 0.000000,
        "runtime" : 0,
        "total_ios" : 0,
        "short_ios" : 0,
        "drop_ios" : 0,
        "slat_ns" : {
          "min" : 0,
          "max" : 0,
          "mean" : 0.000000,
          "stddev" : 0.000000
        },
        "clat_ns" : {
          "min" : 0,
          "max" : 0,
          "mean" : 0.000000,
          "stddev" : 0.000000,
          "percentile" : {
            "1.000000" : 0,
            "5.000000" : 0,
            "10.000000" : 0,
            "20.000000" : 0,
            "30.000000" : 0,
            "40.000000" : 0,
            "50.000000" : 0,
            "60.000000" : 0,
            "70.000000" : 0,
            "80.000000" : 0,
            "90.000000" : 0,
            "95.000000" : 0,
            "99.000000" : 0,
            "99.500000" : 0,
            "99.900000" : 0,
            "99.950000" : 0,
            "99.990000" : 0
          },
          "bins" : {

          }
        },
        "lat_ns" : {
          "min" : 0,
          "max" : 0,
          "mean" : 0.000000,
          "stddev" : 0.000000
        },
        "bw_min" : 0,
        "bw_max" : 0,
        "bw_agg" : 0.000000,
        "bw_mean" : 0.000000,
        "bw_dev" : 0.000000,
        "bw_samples" : 0,
        "iops_min" : 0,
        "iops_max" : 0,
        "iops_mean" : 0.000000,
        "iops_stddev" : 0.000000,
        "iops_samples" : 0
      },
      "write" : {
        "io_bytes" : 16016162816,
        "io_kbytes" : 15640784,
        "bw_bytes" : 266927149,
        "bw" : 260671,
        "iops" : 16291.940269,
        "runtime" : 60002,
        "total_ios" : 977549,
        "short_ios" : 0,
        "drop_ios" : 0,
        "slat_ns" : {
          "min" : 3008,
          "max" : 2656840,
          "mean" : 6584.820936,
          "stddev" : 13070.033510
        },
        "clat_ns" : {
          "min" : 297937,
          "max" : 17733505,
          "mean" : 1955295.313242,
          "stddev" : 715073.486032,
          "percentile" : {
            "1.000000" : 1531904,
            "5.000000" : 1761280,
            "10.000000" : 1761280,
            "20.000000" : 1761280,
            "30.000000" : 1761280,
            "40.000000" : 1777664,
            "50.000000" : 1777664,
            "60.000000" : 1794048,
            "70.000000" : 1810432,
            "80.000000" : 1990656,
            "90.000000" : 2408448,
            "95.000000" : 2703360,
            "99.000000" : 3588096,
            "99.500000" : 3784704,
            "99.900000" : 15532032,
            "99.950000" : 15794176,
            "99.990000" : 16318464
          },
          "bins" : {
            "296960" : 1,
            "317440" : 1,
            "346112" : 1,
            "374784" : 2,
            "378880" : 1,
            "399360" : 1,
            "403456" : 2,
            "407552" : 3,
            "411648" : 3,
            "415744" : 1,
            "419840" : 3,
            "423936" : 2,
            "432128" : 1,
            "436224" : 2,
            "444416" : 2,
            "448512" : 2,
            "452608" : 4,
            "456704" : 3,
            "460800" : 2,
            "464896" : 2,
            "468992" : 2,
            "473088" : 4,
            "477184" : 2,
            "481280" : 1,
            "485376" : 1,
            "489472" : 3,
            "522240" : 4,
            "528384" : 2,
            "536576" : 5,
            "544768" : 4,
            "561152" : 2,
            "593920" : 2,
            "610304" : 1,
            "618496" : 7,
            "626688" : 7,
            "634880" : 7,
            "643072" : 7,
            "651264" : 2,
            "659456" : 1,
            "667648" : 2,
            "675840" : 3,
            "692224" : 1,
            "700416" : 2,
            "708608" : 3,
            "716800" : 3,
            "724992" : 1,
            "733184" : 4,
            "741376" : 2,
            "749568" : 3,
            "757760" : 5,
            "765952" : 4,
            "774144" : 3,
            "782336" : 9,
            "790528" : 6,
            "798720" : 5,
            "806912" : 8,
            "815104" : 8,
            "823296" : 9,
            "831488" : 7,
            "839680" : 6,
            "847872" : 3,
            "856064" : 7,
            "864256" : 6,
            "872448" : 6,
            "880640" : 4,
            "888832" : 7,
            "897024" : 8,
            "905216" : 5,
            "913408" : 10,
            "921600" : 9,
            "929792" : 9,
            "937984" : 3,
            "946176" : 8,
            "954368" : 10,
            "962560" : 6,
            "970752" : 4,
            "978944" : 10,
            "987136" : 7,
            "995328" : 5,
            "1003520" : 8,
            "1011712" : 14,
            "1019904" : 7,
            "1028096" : 8,
            "1036288" : 7,
            "1044480" : 7,
            "1056768" : 19,
            "1073152" : 24,
            "1089536" : 24,
            "1105920" : 48,
            "1122304" : 61,
            "1138688" : 74,
            "1155072" : 88,
            "1171456" : 79,
            "1187840" : 91,
            "1204224" : 94,
            "1220608" : 95,
            "1236992" : 92,
            "1253376" : 75,
            "1269760" : 92,
            "1286144" : 99,
            "1302528" : 91,
            "1318912" : 93,
            "1335296" : 93,
            "1351680" : 110,
            "1368064" : 175,
            "1384448" : 332,
            "1400832" : 603,
            "1417216" : 562,
            "1433600" : 612,
            "1449984" : 970,
            "1466368" : 965,
            "1482752" : 1212,
            "1499136" : 917,
            "1515520" : 890,
            "1531904" : 806,
            "1548288" : 973,
            "1564672" : 1058,
            "1581056" : 1037,
            "1597440" : 1134,
            "1613824" : 983,
            "1630208" : 833,
            "1646592" : 920,
            "1662976" : 1081,
            "1679360" : 1210,
            "1695744" : 994,
            "1712128" : 1969,
            "1728512" : 7727,
            "1744896" : 6943,
            "1761280" : 333042,
            "1777664" : 128111,
            "1794048" : 143401,
            "1810432" : 50959,
            "1826816" : 9753,
            "1843200" : 13287,
            "1859584" : 9715,
            "1875968" : 9362,
            "1892352" : 9300,
            "1908736" : 8189,
            "1925120" : 8109,
            "1941504" : 7054,
            "1957888" : 6849,
            "1974272" : 6817,
            "1990656" : 6462,
            "2007040" : 6962,
            "2023424" : 5292,
            "2039808" : 5606,
            "2056192" : 5162,
            "2072576" : 5066,
            "2088960" : 4449,
            "2113536" : 9461,
            "2146304" : 6571,
            "2179072" : 5346,
            "2211840" : 6741,
            "2244608" : 6513,
            "2277376" : 6658,
            "2310144" : 6343,
            "2342912" : 5937,
            "2375680" : 5302,
            "2408448" : 5528,
            "2441216" : 5959,
            "2473984" : 5873,
            "2506752" : 6469,
            "2539520" : 5638,
            "2572288" : 5407,