{
  "fio version" : "fio-3.8",
  "timestamp" : 1534793237,
  "timestamp_ms" : 1534793237917,
  "time" : "Mon Aug 20 12:27:17 2018",
  "global options" : {
    "offset" : "67739975680"
  },
  "jobs" : [
    {
      "jobname" : "wdpc",
      "groupid" : 0,
      "error" : 0,
      "eta" : 0,
      "elapsed" : 61,
      "job options" : {
        "ioengine" : "libaio",
        "group_reporting" : "1",
        "direct" : "1",
        "rw" : "readwrite",
        "bs" : "128KB",
        "numjobs" : "1",
        "iodepth" : "32",
        "size" : "75%",
        "name" : "wdpc",
        "rwmixread" : "0",
        "time_based" : "1",
        "runtime" : "60s",
        "filename" : "/dev/sda"
      },
      "read" : {
        "io_bytes" : 0,
        "io_kbytes" : 0,
        "bw_bytes" : 0,
        "bw" : 0,
        "iops" : 0.000000,
        "runtime" : 0,
        "total_ios" : 0,
        "short_ios" : 0,
        "drop_ios" : 0,
        "slat_ns" : {
          "min" : 0,
          "max" : 0,
          "mean" : 0.000000,
          "stddev" : 0.000000
        },
        "clat_ns" : {
          "min" : 0,
          "max" : 0,
          "mean" : 0.000000,
          "stddev" : 0.000000,
          "percentile" : {
            "1.000000" : 0,
            "5.000000" : 0,
            "10.000000" : 0,
            "20.000000" : 0,
            "30.000000" : 0,
            "40.000000" : 0,
            "50.000000" : 0,
            "60.000000" : 0,
            "70.000000" : 0,
            "80.000000" : 0,
            "90.000000" : 0,
            "95.000000" : 0,
            "99.000000" : 0,
            "99.500000" : 0,
            "99.900000" : 0,
            "99.950000" : 0,
            "99.990000" : 0
          },
          "bins" : {

          }
        },
        "lat_ns" : {
          "min" : 0,
          "max" : 0,
          "mean" : 0.000000,
          "stddev" : 0.000000
        },
        "bw_min" : 0,
        "bw_max" : 0,
        "bw_agg" : 0.000000,
        "bw_mean" : 0.000000,
        "bw_dev" : 0.000000,
        "bw_samples" : 0,
        "iops_min" : 0,
        "iops_max" : 0,
        "iops_mean" : 0.000000,
        "iops_stddev" : 0.000000,
        "iops_samples" : 0
      },
      "write" : {
        "io_bytes" : 17184325632,
        "io_kbytes" : 16781568,
        "bw_bytes" : 286333843,
        "bw" : 279622,
        "iops" : 2184.553862,
        "runtime" : 60015,
        "total_ios" : 131106,
        "short_ios" : 0,
        "drop_ios" : 0,
        "slat_ns" : {
          "min" : 8464,
          "max" : 1918854,
          "mean" : 21289.321190,
          "stddev" : 26375.975355
        },
        "clat_ns" : {
          "min" : 745336,
          "max" : 31760626,
          "mean" : 14621437.619079,
          "stddev" : 1999720.913663,
          "percentile" : {
            "1.000000" : 12779520,
            "5.000000" : 13041664,
            "10.000000" : 13172736,
            "20.000000" : 13434880,
            "30.000000" : 13697024,
            "40.000000" : 13959168,
            "50.000000" : 14221312,
            "60.000000" : 14483456,
            "70.000000" : 14876672,
            "80.000000" : 15400960,
            "90.000000" : 15925248,
            "95.000000" : 16711680,
            "99.000000" : 27131904,
            "99.500000" : 28180480,
            "99.900000" : 30277632,
            "99.950000" : 30801920,
            "99.990000" : 31326208
          },
          "bins" : {
            "741376" : 1,
            "815104" : 1,
            "1269760" : 1,
            "2056192" : 1,
            "2342912" : 1,
            "2736128" : 1,
            "3096576" : 1,
            "3391488" : 1,
            "3817472" : 1,
            "4079616" : 1,
            "4554752" : 1,
            "4751360" : 1,
            "5144576" : 1,
            "5472256" : 1,
            "6127616" : 1,
            "6389760" : 1,
            "6782976" : 1,
            "7110656" : 1,
            "8585216" : 1,
            "8847360" : 1,
            "9240576" : 1,
            "9502720" : 1,
            "9895936" : 1,
            "10289152" : 1,
            "10551296" : 1,
            "10682368" : 1,
            "10944512" : 1,
            "11075584" : 8,
            "11206656" : 1,
            "11337728" : 4,
            "11468800" : 2,
            "11599872" : 8,
            "11730944" : 9,
            "11862016" : 32,
            "11993088" : 13,
            "12124160" : 29,
            "12255232" : 59,
            "12386304" : 78,
            "12517376" : 193,
            "12648448" : 493,
            "12779520" : 1228,
            "12910592" : 2548,
            "13041664" : 4121,
            "13172736" : 5508,
            "13303808" : 6578,
            "13434880" : 6733,
            "13565952" : 6855,
            "13697024" : 6866,
            "13828096" : 7314,
            "13959168" : 6758,
            "14090240" : 6640,
            "14221312" : 5842,
            "14352384" : 5560,
            "14483456" : 5202,
            "14614528" : 5087,
            "14745600" : 4695,
            "14876672" : 4455,
            "15007744" : 3917,
            "15138816" : 3510,
            "15269888" : 3334,
            "15400960" : 3241,
            "15532032" : 3316,
            "15663104" : 3008,
            "15794176" : 2540,
            "15925248" : 2275,
            "16056320" : 1791,
            "16187392" : 1515,
            "16318464" : 1336,
            "16449536" : 1005,
            "16580608" : 702,
            "16711680" : 729,
            "16908288" : 1439,
            "17170432" : 1226,
            "17432576" : 594,
            "17694720" : 255,
            "17956864" : 66,
            "18219008" : 75,
            "18481152" : 28,
            "18743296" : 18,
            "19005440" : 19,
            "19267584" : 22,
            "19529728" : 18,
            "19791872" : 8,
            "20054016" : 7,
            "20578304" : 2,
            "20840448" : 1,
            "21102592" : 2,
            "21364736" : 1,
            "21889024" : 1,
            "23461888" : 1,
            "23986176" : 1,
            "24248320" : 1,
            "24510464" : 1,
            "25034752" : 1,
            "25296896" : 1,
            "25559040" : 5,
            "25821184" : 1,
            "26083328" : 14,
            "26345472" : 61,
            "26607616" : 174,
            "26869760" : 305,
            "27131904" : 323,
            "27394048" : 244,
            "27656192" : 174,
            "27918336" : 171,
            "28180480" : 228,
            "28442624" : 183,
            "28704768" : 73,
            "28966912" : 24,
            "29229056" : 5,
            "29491200" : 3,
            "29753344" : 3,
            "30015488" : 9,
            "30277632" : 43,
            "30539776" : 34,
            "30801920" : 32,
            "31064064" : 28,
            "31326208" : 11,
            "31588352" : 3,
            "31850496" : 2
          }
        },
        "lat_ns" : {
          "min" : 819409,
          "max" : 31793599,
          "mean" : 14643225.642549,
          "stddev" : 1999383.597895
        },
        "bw_min" : 263424,
        "bw_max" : 292864,
        "bw_agg" : 99.995866,
        "bw_mean" : 279610.441667,
        "bw_dev" : 5402.810023,
        "bw_samples" : 120,
        "iops_min" : 2058,
        "iops_max" : 2288,
        "iops_mean" : 2184.441667,
        "iops_stddev" : 42.198769,
        "iops_samples" : 120
      },
      "trim" : {
        "io_bytes" : 0,
        "io_kbytes" : 0,
        "bw_bytes" : 0,
        "bw" : 0,
        "iops" : 0.000000,
        "runtime" : 0,
        "total_ios" : 0,
        "short_ios" : 0,
        "drop_ios" : 0,
        "slat_ns" : {
          "min" : 0,
          "max" : 0,
          "mean" : 0.000000,
          "stddev" : 0.000000
        },
        "clat_ns" : {
          "min" : 0,
          "max" : 0,
          "mean" : 0.000000,
          "stddev" : 0.000000,
          "percentile" : {
            "1.000000" : 0,