{
  "fio version" : "fio-3.8",
  "timestamp" : 1534106264,
  "timestamp_ms" : 1534106264239,
  "time" : "Sun Aug 12 13:37:44 2018",
  "jobs" : [
    {
      "jobname" : "wipc",
      "groupid" : 0,
      "error" : 0,
      "eta" : 0,
      "elapsed" : 1795,
      "job options" : {
        "ioengine" : "libaio",
        "group_reporting" : "1",
        "direct" : "1",
        "rw" : "write",
        "bs" : "128KB",
        "numjobs" : "1",
        "iodepth" : "32",
        "size" : "75%",
        "name" : "wipc",
        "io_size" : "512121028608B",
        "filename" : "/dev/sda"
      },
      "read" : {
        "io_bytes" : 0,
        "io_kbytes" : 0,
        "bw_bytes" : 0,
        "bw" : 0,
        "iops" : 0.000000,
        "runtime" : 0,
        "total_ios" : 0,
        "short_ios" : 0,
        "drop_ios" : 0,
        "slat_ns" : {
          "min" : 0,
          "max" : 0,
          "mean" : 0.000000,
          "stddev" : 0.000000
        },
        "clat_ns" : {
          "min" : 0,
          "max" : 0,
          "mean" : 0.000000,
          "stddev" : 0.000000,
          "percentile" : {
            "1.000000" : 0,
            "5.000000" : 0,
            "10.000000" : 0,
            "20.000000" : 0,
            "30.000000" : 0,
            "40.000000" : 0,
            "50.000000" : 0,
            "60.000000" : 0,
            "70.000000" : 0,
            "80.000000" : 0,
            "90.000000" : 0,
            "95.000000" : 0,
            "99.000000" : 0,
            "99.500000" : 0,
            "99.900000" : 0,
            "99.950000" : 0,
            "99.990000" : 0
          },
          "bins" : {

          }
        },
        "lat_ns" : {
          "min" : 0,
          "max" : 0,
          "mean" : 0.000000,
          "stddev" : 0.000000
        },
        "bw_min" : 0,
        "bw_max" : 0,
        "bw_agg" : 0.000000,
        "bw_mean" : 0.000000,
        "bw_dev" : 0.000000,
        "bw_samples" : 0,
        "iops_min" : 0,
        "iops_max" : 0,
        "iops_mean" : 0.000000,
        "iops_stddev" : 0.000000,
        "iops_samples" : 0
      },
      "write" : {
        "io_bytes" : 512121110528,
        "io_kbytes" : 500118272,
        "bw_bytes" : 285412521,
        "bw" : 278723,
        "iops" : 2177.524732,
        "runtime" : 1794319,
        "total_ios" : 3907174,
        "short_ios" : 0,
        "drop_ios" : 0,
        "slat_ns" : {
          "min" : 7300,
          "max" : 5142377,
          "mean" : 22461.882436,
          "stddev" : 27284.205883
        },
        "clat_ns" : {
          "min" : 795923,
          "max" : 129037595,
          "mean" : 14668233.546039,
          "stddev" : 2216430.078171,
          "percentile" : {
            "1.000000" : 12779520,
            "5.000000" : 13041664,
            "10.000000" : 13303808,
            "20.000000" : 13565952,
            "30.000000" : 13697024,
            "40.000000" : 13959168,
            "50.000000" : 14221312,
            "60.000000" : 14483456,
            "70.000000" : 14876672,
            "80.000000" : 15400960,
            "90.000000" : 15925248,
            "95.000000" : 16711680,
            "99.000000" : 27394048,
            "99.500000" : 28442624,
            "99.900000" : 36438016,
            "99.950000" : 39059456,
            "99.990000" : 50069504
          },
          "bins" : {
            "798720" : 1,
            "806912" : 1,
            "946176" : 1,
            "1011712" : 1,
            "1368064" : 3,
            "1777664" : 1,
            "2088960" : 1,
            "2113536" : 1,
            "2441216" : 1,
            "2473984" : 1,
            "2736128" : 1,
            "2768896" : 1,
            "2932736" : 1,
            "3129344" : 2,
            "3293184" : 1,
            "3424256" : 1,
            "3457024" : 1,
            "3784704" : 1,
            "3817472" : 1,
            "3883008" : 1,
            "4079616" : 1,
            "4112384" : 1,
            "4358144" : 2,
            "4489216" : 2,
            "4554752" : 1,
            "4816896" : 2,
            "5013504" : 1,
            "5210112" : 1,
            "5275648" : 1,
            "5603328" : 1,
            "5668864" : 1,
            "5931008" : 2,
            "5996544" : 1,
            "6062080" : 1,
            "6258688" : 1,
            "6389760" : 2,
            "6520832" : 1,
            "6782976" : 1,
            "7241728" : 1,
            "7569408" : 1,
            "7700480" : 1,
            "7962624" : 1,
            "8028160" : 1,
            "8355840" : 1,
            "8454144" : 1,
            "8716288" : 2,
            "8978432" : 1,
            "9109504" : 3,
            "9371648" : 2,
            "9502720" : 3,
            "9633792" : 6,
            "9764864" : 1,
            "9895936" : 3,
            "10027008" : 4,
            "10158080" : 4,
            "10289152" : 5,
            "10420224" : 15,
            "10551296" : 8,
            "10682368" : 17,
            "10813440" : 15,
            "10944512" : 14,
            "11075584" : 24,
            "11206656" : 26,
            "11337728" : 48,
            "11468800" : 106,
            "11599872" : 174,
            "11730944" : 331,
            "11862016" : 477,
            "11993088" : 800,
            "12124160" : 1165,
            "12255232" : 1543,
            "12386304" : 2703,
            "12517376" : 5311,
            "12648448" : 12173,
            "12779520" : 28487,
            "12910592" : 57974,
            "13041664" : 101403,
            "13172736" : 147105,
            "13303808" : 182595,
            "13434880" : 202928,
            "13565952" : 212113,
            "13697024" : 217025,
            "13828096" : 218915,
            "13959168" : 215757,
            "14090240" : 205265,
            "14221312" : 191106,
            "14352384" : 175995,
            "14483456" : 163977,
            "14614528" : 156622,
            "14745600" : 150819,
            "14876672" : 134855,
            "15007744" : 117216,
            "15138816" : 106495,
            "15269888" : 103168,
            "15400960" : 104336,
            "15532032" : 99591,
            "15663104" : 87087,
            "15794176" : 73437,
            "15925248" : 58123,
            "16056320" : 46474,
            "16187392" : 39295,
            "16318464" : 32555,
            "16449536" : 27809,
            "16580608" : 24051,
            "16711680" : 22639,
            "16908288" : 40511,
            "17170432" : 30250,
            "17432576" : 16905,
            "17694720" : 8215,
            "17956864" : 3875,
            "18219008" : 1895,
            "18481152" : 1175,
            "18743296" : 737,
            "19005440" : 876,
            "19267584" : 759,
            "19529728" : 599,
            "19791872" : 366,
            "20054016" : 304,
            "20316160" : 137,
            "20578304" : 86,
            "20840448" : 80,
            "21102592" : 50,
            "21364736" : 70,
            "21626880" : 36,
            "21889024" : 35,
            "22151168" : 48,
            "22413312" : 41,
            "22675456" : 22,
            "22937600" : 39,
            "23199744" : 34,
            "23461888" : 35,
            "23724032" : 19,
            "23986176" : 12,
            "24248320" : 6,
            "24510464" : 22,
            "24772608" : 26,
            "25034752" : 73,
            "25296896" : 101,
            "25559040" : 169,
            "25821184" : 423,
            "26083328" : 788,
            "26345472" : 2500,
            "26607616" : 6479,
            "26869760" : 8870,
            "27131904" : 8279,
            "27394048" : 6054,
            "27656192" : 5166,
            "27918336" : 4849,
            "28180480" : 4728,
            "28442624" : 3904,
            "28704768" : 3098,
            "28966912" : 2710,
            "29229056" : 2080,
            "29491200" : 1223,
            "29753344" : 565,
            "30015488" : 300,
            "30277632" : 180,