{
  "fio version" : "fio-3.8",
  "timestamp" : 1535963082,
  "timestamp_ms" : 1535963082022,
  "time" : "Mon Sep  3 08:24:42 2018",
  "jobs" : [
    {
      "jobname" : "wdpc",
      "groupid" : 0,
      "error" : 0,
      "eta" : 0,
      "elapsed" : 61,
      "job options" : {
        "ioengine" : "libaio",
        "group_reporting" : "1",
        "direct" : "1",
        "rw" : "randrw",
        "bs" : "4KB",
        "numjobs" : "2",
        "iodepth" : "16",
        "size" : "75%",
        "name" : "wdpc",
        "random_distribution" : "random",
        "random_generator" : "tausworthe",
        "allrandrepeat" : "1",
        "randseed" : "101",
        "rwmixread" : "0",
        "time_based" : "1",
        "runtime" : "60s",
        "filename" : "/dev/sda"
      },
      "read" : {
        "io_bytes" : 0,
        "io_kbytes" : 0,
        "bw_bytes" : 0,
        "bw" : 0,
        "iops" : 0.000000,
        "runtime" : 0,
        "total_ios" : 0,
        "short_ios" : 0,
        "drop_ios" : 0,
        "slat_ns" : {
          "min" : 0,
          "max" : 0,
          "mean" : 0.000000,
          "stddev" : 0.000000
        },
        "clat_ns" : {
          "min" : 0,
          "max" : 0,
          "mean" : 0.000000,
          "stddev" : 0.000000,
          "percentile" : {
            "1.000000" : 0,
            "5.000000" : 0,
            "10.000000" : 0,
            "20.000000" : 0,
            "30.000000" : 0,
            "40.000000" : 0,
            "50.000000" : 0,
            "60.000000" : 0,
            "70.000000" : 0,
            "80.000000" : 0,
            "90.000000" : 0,
            "95.000000" : 0,
            "99.000000" : 0,
            "99.500000" : 0,
            "99.900000" : 0,
            "99.950000" : 0,
            "99.990000" : 0
          },
          "bins" : {

          }
        },
        "lat_ns" : {
          "min" : 0,
          "max" : 0,
          "mean" : 0.000000,
          "stddev" : 0.000000
        },
        "bw_min" : 0,
        "bw_max" : 0,
        "bw_agg" : 0.000000,
        "bw_mean" : 0.000000,
        "bw_dev" : 0.000000,
        "bw_samples" : 0,
        "iops_min" : 0,
        "iops_max" : 0,
        "iops_mean" : 0.000000,
        "iops_stddev" : 0.000000,
        "iops_samples" : 0
      },
      "write" : {
        "io_bytes" : 5820162048,
        "io_kbytes" : 5683752,
        "bw_bytes" : 97001084,
        "bw" : 94727,
        "iops" : 23681.905302,
        "runtime" : 60001,
        "total_ios" : 1420938,
        "short_ios" : 0,
        "drop_ios" : 0,
        "slat_ns" : {
          "min" : 5541,
          "max" : 8684375,
          "mean" : 40764.625514,
          "stddev" : 33010.144020
        },
        "clat_ns" : {
          "min" : 176458,
          "max" : 26438125,
          "mean" : 1301993.918662,
          "stddev" : 808023.860929,
          "percentile" : {
            "1.000000" : 577536,
            "5.000000" : 643072,
            "10.000000" : 757760,
            "20.000000" : 913408,
            "30.000000" : 978944,
            "40.000000" : 1028096,
            "50.000000" : 1089536,
            "60.000000" : 1187840,
            "70.000000" : 1400832,
            "80.000000" : 1548288,
            "90.000000" : 1826816,
            "95.000000" : 2441216,
            "99.000000" : 4358144,
            "99.500000" : 5603328,
            "99.900000" : 10289152,
            "99.950000" : 15138816,
            "99.990000" : 15794176
          },
          "bins" : {
            "177152" : 1,
            "211968" : 1,
            "224256" : 1,
            "228352" : 1,
            "244736" : 1,
            "252928" : 1,
            "264192" : 1,
            "284672" : 1,
            "288768" : 1,
            "292864" : 1,
            "296960" : 1,
            "342016" : 1,
            "346112" : 2,
            "350208" : 3,
            "354304" : 1,
            "358400" : 3,
            "362496" : 2,
            "366592" : 1,
            "370688" : 1,
            "374784" : 1,
            "378880" : 3,
            "382976" : 1,
            "387072" : 1,
            "391168" : 1,
            "395264" : 1,
            "399360" : 1,
            "403456" : 1,
            "407552" : 2,
            "411648" : 1,
            "415744" : 2,
            "419840" : 3,
            "423936" : 1,
            "428032" : 4,
            "432128" : 3,
            "440320" : 1,
            "444416" : 2,
            "448512" : 6,
            "452608" : 12,
            "456704" : 3,
            "460800" : 14,
            "464896" : 11,
            "468992" : 22,
            "473088" : 37,
            "477184" : 42,
            "481280" : 60,
            "485376" : 65,
            "489472" : 97,
            "493568" : 110,
            "497664" : 131,
            "501760" : 135,
            "505856" : 181,
            "509952" : 253,
            "514048" : 269,
            "518144" : 323,
            "522240" : 330,
            "528384" : 885,
            "536576" : 1190,
            "544768" : 1365,
            "552960" : 1595,
            "561152" : 2060,
            "569344" : 2828,
            "577536" : 3590,
            "585728" : 4768,
            "593920" : 5517,
            "602112" : 6064,
            "610304" : 6439,
            "618496" : 6788,
            "626688" : 7807,
            "634880" : 8962,
            "643072" : 9976,
            "651264" : 10385,
            "659456" : 10270,
            "667648" : 8866,
            "675840" : 7529,
            "684032" : 6136,
            "692224" : 4940,
            "700416" : 4003,
            "708608" : 3239,
            "716800" : 2718,
            "724992" : 2445,
            "733184" : 2384,
            "741376" : 2358,
            "749568" : 2524,
            "757760" : 2704,
            "765952" : 2786,
            "774144" : 2828,
            "782336" : 2841,
            "790528" : 2743,
            "798720" : 2985,
            "806912" : 3130,
            "815104" : 3309,
            "823296" : 3606,
            "831488" : 4051,
            "839680" : 4892,
            "847872" : 6333,
            "856064" : 7488,
            "864256" : 9443,
            "872448" : 11369,
            "880640" : 13216,
            "888832" : 15090,
            "897024" : 16156,
            "905216" : 16691,
            "913408" : 16523,
            "921600" : 16583,
            "929792" : 16702,
            "937984" : 16479,
            "946176" : 18104,
            "954368" : 18142,
            "962560" : 18997,
            "970752" : 20104,
            "978944" : 20634,
            "987136" : 21873,
            "995328" : 22865,
            "1003520" : 23468,
            "1011712" : 24199,
            "1019904" : 24254,
            "1028096" : 24287,
            "1036288" : 25387,
            "1044480" : 23896,
            "1056768" : 45655,
            "1073152" : 40863,
            "1089536" : 35872,
            "1105920" : 30437,
            "1122304" : 24107,
            "1138688" : 19188,
            "1155072" : 14786,
            "1171456" : 11552,
            "1187840" : 9668,
            "1204224" : 8148,
            "1220608" : 7663,
            "1236992" : 7493,
            "1253376" : 8282,
            "1269760" : 9067,
            "1286144" : 10072,
            "1302528" : 11493,
            "1318912" : 12957,
            "1335296" : 13990,
            "1351680" : 15256,
            "1368064" : 16183,
            "1384448" : 16650,
            "1400832" : 16733,
            "1417216" : 16823,
            "1433600" : 16147,
            "1449984" : 15599,
            "1466368" : 15115,
            "1482752" : 14331,
            "1499136" : 13930,
            "1515520" : 13773,
            "1531904" : 12673,
            "1548288" : 12183,
            "1564672" : 11954,
            "1581056" : 11501,
            "1597440" : 11285,
            "1613824" : 10424,
            "1630208" : 9792,
            "1646592" : 9342,