{
  "fio version" : "fio-3.8",
  "timestamp" : 1535748110,
  "timestamp_ms" : 1535748110110,
  "time" : "Fri Aug 31 20:41:50 2018",
  "jobs" : [
    {
      "jobname" : "wdpc",
      "groupid" : 0,
      "error" : 0,
      "eta" : 0,
      "elapsed" : 61,
      "job options" : {
        "ioengine" : "libaio",
        "group_reporting" : "1",
        "direct" : "1",
        "rw" : "randrw",
        "bs" : "64KB",
        "numjobs" : "2",
        "iodepth" : "16",
        "size" : "75%",
        "name" : "wdpc",
        "random_distribution" : "random",
        "random_generator" : "tausworthe",
        "allrandrepeat" : "1",
        "randseed" : "101",
        "rwmixread" : "0",
        "time_based" : "1",
        "runtime" : "60s",
        "filename" : "/dev/sda"
      },
      "read" : {
        "io_bytes" : 0,
        "io_kbytes" : 0,
        "bw_bytes" : 0,
        "bw" : 0,
        "iops" : 0.000000,
        "runtime" : 0,
        "total_ios" : 0,
        "short_ios" : 0,
        "drop_ios" : 0,
        "slat_ns" : {
          "min" : 0,
          "max" : 0,
          "mean" : 0.000000,
          "stddev" : 0.000000
        },
        "clat_ns" : {
          "min" : 0,
          "max" : 0,
          "mean" : 0.000000,
          "stddev" : 0.000000,
          "percentile" : {
            "1.000000" : 0,
            "5.000000" : 0,
            "10.000000" : 0,
            "20.000000" : 0,
            "30.000000" : 0,
            "40.000000" : 0,
            "50.000000" : 0,
            "60.000000" : 0,
            "70.000000" : 0,
            "80.000000" : 0,
            "90.000000" : 0,
            "95.000000" : 0,
            "99.000000" : 0,
            "99.500000" : 0,
            "99.900000" : 0,
            "99.950000" : 0,
            "99.990000" : 0
          },
          "bins" : {

          }
        },
        "lat_ns" : {
          "min" : 0,
          "max" : 0,
          "mean" : 0.000000,
          "stddev" : 0.000000
        },
        "bw_min" : 0,
        "bw_max" : 0,
        "bw_agg" : 0.000000,
        "bw_mean" : 0.000000,
        "bw_dev" : 0.000000,
        "bw_samples" : 0,
        "iops_min" : 0,
        "iops_max" : 0,
        "iops_mean" : 0.000000,
        "iops_stddev" : 0.000000,
        "iops_samples" : 0
      },
      "write" : {
        "io_bytes" : 12529500160,
        "io_kbytes" : 12235840,
        "bw_bytes" : 208724119,
        "bw" : 203832,
        "iops" : 3184.877309,
        "runtime" : 60029,
        "total_ios" : 191185,
        "short_ios" : 0,
        "drop_ios" : 0,
        "slat_ns" : {
          "min" : 22459,
          "max" : 18984583,
          "mean" : 166748.066260,
          "stddev" : 176287.977890
        },
        "clat_ns" : {
          "min" : 2018333,
          "max" : 69553750,
          "mean" : 9854295.374841,
          "stddev" : 4936179.480803,
          "percentile" : {
            "1.000000" : 6062080,
            "5.000000" : 7045120,
            "10.000000" : 7241728,
            "20.000000" : 7569408,
            "30.000000" : 7831552,
            "40.000000" : 8093696,
            "50.000000" : 8454144,
            "60.000000" : 8847360,
            "70.000000" : 9240576,
            "80.000000" : 9633792,
            "90.000000" : 12517376,
            "95.000000" : 21102592,
            "99.000000" : 30539776,
            "99.500000" : 33161216,
            "99.900000" : 45350912,
            "99.950000" : 52166656,
            "99.990000" : 57409536
          },
          "bins" : {
            "2023424" : 1,
            "2113536" : 2,
            "2342912" : 1,
            "2408448" : 2,
            "2441216" : 3,
            "2473984" : 4,
            "2506752" : 4,
            "2539520" : 4,
            "2572288" : 5,
            "2605056" : 14,
            "2637824" : 4,
            "2670592" : 2,
            "2703360" : 2,
            "2736128" : 1,
            "2801664" : 3,
            "2834432" : 2,
            "2899968" : 1,
            "2932736" : 2,
            "2998272" : 2,
            "3031040" : 6,
            "3063808" : 5,
            "3096576" : 9,
            "3129344" : 7,
            "3162112" : 2,
            "3194880" : 2,
            "3227648" : 2,
            "3260416" : 2,
            "3293184" : 8,
            "3325952" : 2,
            "3391488" : 1,
            "3424256" : 2,
            "3457024" : 4,
            "3489792" : 3,
            "3522560" : 1,
            "3555328" : 3,
            "3588096" : 2,
            "3620864" : 2,
            "3653632" : 5,
            "3686400" : 9,
            "3719168" : 3,
            "3751936" : 8,
            "3784704" : 13,
            "3817472" : 10,
            "3850240" : 10,
            "3883008" : 10,
            "3915776" : 9,
            "3948544" : 6,
            "3981312" : 14,
            "4014080" : 10,
            "4046848" : 9,
            "4079616" : 12,
            "4112384" : 12,
            "4145152" : 4,
            "4177920" : 4,
            "4227072" : 22,
            "4292608" : 21,
            "4358144" : 24,
            "4423680" : 34,
            "4489216" : 35,
            "4554752" : 35,
            "4620288" : 36,
            "4685824" : 37,
            "4751360" : 32,
            "4816896" : 43,
            "4882432" : 49,
            "4947968" : 58,
            "5013504" : 72,
            "5079040" : 79,
            "5144576" : 51,
            "5210112" : 63,
            "5275648" : 67,
            "5341184" : 60,
            "5406720" : 56,
            "5472256" : 65,
            "5537792" : 66,
            "5603328" : 78,
            "5668864" : 63,
            "5734400" : 73,
            "5799936" : 63,
            "5865472" : 99,
            "5931008" : 100,
            "5996544" : 132,
            "6062080" : 140,
            "6127616" : 139,
            "6193152" : 171,
            "6258688" : 187,
            "6324224" : 175,
            "6389760" : 204,
            "6455296" : 227,
            "6520832" : 298,
            "6586368" : 361,
            "6651904" : 479,
            "6717440" : 649,
            "6782976" : 771,
            "6848512" : 993,
            "6914048" : 1274,
            "6979584" : 1574,
            "7045120" : 1964,
            "7110656" : 2251,
            "7176192" : 2688,
            "7241728" : 2934,
            "7307264" : 3355,
            "7372800" : 3758,
            "7438336" : 3998,
            "7503872" : 4283,
            "7569408" : 4798,
            "7634944" : 5228,
            "7700480" : 5853,
            "7766016" : 5997,
            "7831552" : 5671,
            "7897088" : 5147,
            "7962624" : 4716,
            "8028160" : 4086,
            "8093696" : 3800,
            "8159232" : 3469,
            "8224768" : 3312,
            "8290304" : 3079,
            "8355840" : 2916,
            "8454144" : 5929,
            "8585216" : 5794,
            "8716288" : 5960,
            "8847360" : 6310,
            "8978432" : 7296,
            "9109504" : 7191,
            "9240576" : 6498,
            "9371648" : 5880,
            "9502720" : 5306,
            "9633792" : 4486,
            "9764864" : 3591,
            "9895936" : 2829,
            "10027008" : 2130,
            "10158080" : 1621,
            "10289152" : 1324,
            "10420224" : 1025,
            "10551296" : 828,
            "10682368" : 771,
            "10813440" : 680,
            "10944512" : 587,
            "11075584" : 525,
            "11206656" : 478,
            "11337728" : 395,
            "11468800" : 356,
            "11599872" : 295,
            "11730944" : 264,
            "11862016" : 227,
            "11993088" : 192,
            "12124160" : 193,
            "12255232" : 128,
            "12386304" : 128,
            "12517376" : 130,
            "12648448" : 143,
            "12779520" : 106,
            "12910592" : 81,
            "13041664" : 79,
            "13172736" : 95,
            "13303808" : 90,