{
  "fio version" : "fio-3.8",
  "timestamp" : 1535159883,
  "timestamp_ms" : 1535159883995,
  "time" : "Sat Aug 25 01:18:03 2018",
  "jobs" : [
    {
      "jobname" : "wipc",
      "groupid" : 0,
      "error" : 0,
      "eta" : 0,
      "elapsed" : 4445,
      "job options" : {
        "ioengine" : "libaio",
        "group_reporting" : "1",
        "direct" : "1",
        "rw" : "write",
        "bs" : "128KB",
        "numjobs" : "2",
        "iodepth" : "16",
        "size" : "75%",
        "name" : "wipc",
        "io_size" : "256060514304B",
        "filename" : "/dev/sda"
      },
      "read" : {
        "io_bytes" : 0,
        "io_kbytes" : 0,
        "bw_bytes" : 0,
        "bw" : 0,
        "iops" : 0.000000,
        "runtime" : 0,
        "total_ios" : 0,
        "short_ios" : 0,
        "drop_ios" : 0,
        "slat_ns" : {
          "min" : 0,
          "max" : 0,
          "mean" : 0.000000,
          "stddev" : 0.000000
        },
        "clat_ns" : {
          "min" : 0,
          "max" : 0,
          "mean" : 0.000000,
          "stddev" : 0.000000,
          "percentile" : {
            "1.000000" : 0,
            "5.000000" : 0,
            "10.000000" : 0,
            "20.000000" : 0,
            "30.000000" : 0,
            "40.000000" : 0,
            "50.000000" : 0,
            "60.000000" : 0,
            "70.000000" : 0,
            "80.000000" : 0,
            "90.000000" : 0,
            "95.000000" : 0,
            "99.000000" : 0,
            "99.500000" : 0,
            "99.900000" : 0,
            "99.950000" : 0,
            "99.990000" : 0
          },
          "bins" : {

          }
        },
        "lat_ns" : {
          "min" : 0,
          "max" : 0,
          "mean" : 0.000000,
          "stddev" : 0.000000
        },
        "bw_min" : 0,
        "bw_max" : 0,
        "bw_agg" : 0.000000,
        "bw_mean" : 0.000000,
        "bw_dev" : 0.000000,
        "bw_samples" : 0,
        "iops_min" : 0,
        "iops_max" : 0,
        "iops_mean" : 0.000000,
        "iops_stddev" : 0.000000,
        "iops_samples" : 0
      },
      "write" : {
        "io_bytes" : 512121110528,
        "io_kbytes" : 500118272,
        "bw_bytes" : 115220754,
        "bw" : 112520,
        "iops" : 879.064593,
        "runtime" : 4444695,
        "total_ios" : 3907174,
        "short_ios" : 0,
        "drop_ios" : 0,
        "slat_ns" : {
          "min" : 33250,
          "max" : 30095042,
          "mean" : 203059.537955,
          "stddev" : 187880.891251
        },
        "clat_ns" : {
          "min" : 2244667,
          "max" : 210992542,
          "mean" : 36168447.135206,
          "stddev" : 22110117.843816,
          "percentile" : {
            "1.000000" : 11862016,
            "5.000000" : 12648448,
            "10.000000" : 13041664,
            "20.000000" : 13565952,
            "30.000000" : 14352384,
            "40.000000" : 29229056,
            "50.000000" : 35389440,
            "60.000000" : 38535168,
            "70.000000" : 53739520,
            "80.000000" : 56360960,
            "90.000000" : 60555264,
            "95.000000" : 66322432,
            "99.000000" : 99090432,
            "99.500000" : 115867648,
            "99.900000" : 147849216,
            "99.950000" : 164626432,
            "99.990000" : 183500800
          },
          "bins" : {
            "2244608" : 1,
            "2277376" : 1,
            "2670592" : 3,
            "2736128" : 3,
            "2768896" : 1,
            "2834432" : 1,
            "2998272" : 1,
            "3162112" : 1,
            "3260416" : 1,
            "3293184" : 2,
            "3358720" : 1,
            "3391488" : 1,
            "3424256" : 1,
            "3457024" : 2,
            "3555328" : 4,
            "3588096" : 1,
            "3620864" : 1,
            "3686400" : 2,
            "3719168" : 2,
            "3751936" : 2,
            "3784704" : 4,
            "3817472" : 6,
            "3850240" : 6,
            "3883008" : 6,
            "3915776" : 8,
            "3948544" : 8,
            "3981312" : 6,
            "4014080" : 6,
            "4046848" : 3,
            "4079616" : 9,
            "4112384" : 4,
            "4145152" : 7,
            "4177920" : 9,
            "4227072" : 13,
            "4292608" : 3,
            "4358144" : 5,
            "4423680" : 3,
            "4489216" : 1,
            "4554752" : 4,
            "4620288" : 2,
            "4685824" : 3,
            "4751360" : 4,
            "4816896" : 1,
            "4882432" : 7,
            "4947968" : 9,
            "5013504" : 7,
            "5079040" : 6,
            "5144576" : 12,
            "5210112" : 12,
            "5275648" : 13,
            "5341184" : 13,
            "5406720" : 14,
            "5472256" : 12,
            "5537792" : 17,
            "5603328" : 20,
            "5668864" : 24,
            "5734400" : 30,
            "5799936" : 33,
            "5865472" : 44,
            "5931008" : 40,
            "5996544" : 42,
            "6062080" : 39,
            "6127616" : 51,
            "6193152" : 85,
            "6258688" : 82,
            "6324224" : 107,
            "6389760" : 116,
            "6455296" : 128,
            "6520832" : 124,
            "6586368" : 100,
            "6651904" : 117,
            "6717440" : 106,
            "6782976" : 98,
            "6848512" : 94,
            "6914048" : 89,
            "6979584" : 95,
            "7045120" : 96,
            "7110656" : 81,
            "7176192" : 86,
            "7241728" : 85,
            "7307264" : 89,
            "7372800" : 88,
            "7438336" : 80,
            "7503872" : 69,
            "7569408" : 92,
            "7634944" : 107,
            "7700480" : 95,
            "7766016" : 89,
            "7831552" : 115,
            "7897088" : 96,
            "7962624" : 109,
            "8028160" : 112,
            "8093696" : 130,
            "8159232" : 134,
            "8224768" : 120,
            "8290304" : 123,
            "8355840" : 131,
            "8454144" : 262,
            "8585216" : 310,
            "8716288" : 262,
            "8847360" : 290,
            "8978432" : 332,
            "9109504" : 368,
            "9240576" : 361,
            "9371648" : 398,
            "9502720" : 407,
            "9633792" : 452,
            "9764864" : 437,
            "9895936" : 522,
            "10027008" : 584,
            "10158080" : 663,
            "10289152" : 722,
            "10420224" : 751,
            "10551296" : 867,
            "10682368" : 913,
            "10813440" : 1085,
            "10944512" : 1296,
            "11075584" : 1479,
            "11206656" : 1885,
            "11337728" : 2314,
            "11468800" : 3072,
            "11599872" : 4102,
            "11730944" : 5598,
            "11862016" : 7976,
            "11993088" : 11870,
            "12124160" : 17070,
            "12255232" : 25072,
            "12386304" : 34944,
            "12517376" : 47246,
            "12648448" : 58273,
            "12779520" : 70006,
            "12910592" : 79934,
            "13041664" : 87329,
            "13172736" : 88110,
            "13303808" : 87481,
            "13434880" : 85803,
            "13565952" : 82896,
            "13697024" : 77435,
            "13828096" : 72949,
            "13959168" : 67722,
            "14090240" : 61726,
            "14221312" : 56539,
            "14352384" : 50460,
            "14483456" : 46017,
            "14614528" : 42147,
            "14745600" : 38489,
            "14876672" : 33964,
            "15007744" : 29340,
            "15138816" : 24789,
            "15269888" : 20435,
            "15400960" : 17091,
            "15532032" : 13881,
            "15663104" : 11593,
            "15794176" : 9286,
            "15925248" : 7528,
            "16056320" : 5944,
            "16187392" : 5000,
            "16318464" : 4197,
            "16449536" : 3244,
            "16580608" : 2767,