{
  "fio version" : "fio-3.8",
  "timestamp" : 1533720695,
  "timestamp_ms" : 1533720695540,
  "time" : "Wed Aug  8 02:31:35 2018",
  "global options" : {
    "offset" : "52200210432"
  },
  "jobs" : [
    {
      "jobname" : "wdpc",
      "groupid" : 0,
      "error" : 0,
      "eta" : 0,
      "elapsed" : 61,
      "job options" : {
        "ioengine" : "libaio",
        "group_reporting" : "1",
        "direct" : "1",
        "rw" : "readwrite",
        "bs" : "1024kB",
        "numjobs" : "1",
        "iodepth" : "32",
        "size" : "75%",
        "name" : "wdpc",
        "rwmixread" : "0",
        "time_based" : "1",
        "runtime" : "60s",
        "filename" : "/dev/sda"
      },
      "read" : {
        "io_bytes" : 0,
        "io_kbytes" : 0,
        "bw_bytes" : 0,
        "bw" : 0,
        "iops" : 0.000000,
        "runtime" : 0,
        "total_ios" : 0,
        "short_ios" : 0,
        "drop_ios" : 0,
        "slat_ns" : {
          "min" : 0,
          "max" : 0,
          "mean" : 0.000000,
          "stddev" : 0.000000
        },
        "clat_ns" : {
          "min" : 0,
          "max" : 0,
          "mean" : 0.000000,
          "stddev" : 0.000000,
          "percentile" : {
            "1.000000" : 0,
            "5.000000" : 0,
            "10.000000" : 0,
            "20.000000" : 0,
            "30.000000" : 0,
            "40.000000" : 0,
            "50.000000" : 0,
            "60.000000" : 0,
            "70.000000" : 0,
            "80.000000" : 0,
            "90.000000" : 0,
            "95.000000" : 0,
            "99.000000" : 0,
            "99.500000" : 0,
            "99.900000" : 0,
            "99.950000" : 0,
            "99.990000" : 0
          },
          "bins" : {

          }
        },
        "lat_ns" : {
          "min" : 0,
          "max" : 0,
          "mean" : 0.000000,
          "stddev" : 0.000000
        },
        "bw_min" : 0,
        "bw_max" : 0,
        "bw_agg" : 0.000000,
        "bw_mean" : 0.000000,
        "bw_dev" : 0.000000,
        "bw_samples" : 0,
        "iops_min" : 0,
        "iops_max" : 0,
        "iops_mean" : 0.000000,
        "iops_stddev" : 0.000000,
        "iops_samples" : 0
      },
      "write" : {
        "io_bytes" : 17359175680,
        "io_kbytes" : 16952320,
        "bw_bytes" : 288770929,
        "bw" : 282002,
        "iops" : 275.393419,
        "runtime" : 60114,
        "total_ios" : 16555,
        "short_ios" : 0,
        "drop_ios" : 0,
        "slat_ns" : {
          "min" : 65989,
          "max" : 4623947,
          "mean" : 159305.744186,
          "stddev" : 128705.332307
        },
        "clat_ns" : {
          "min" : 4602351,
          "max" : 228137187,
          "mean" : 116019247.217517,
          "stddev" : 6827071.399958,
          "percentile" : {
            "1.000000" : 106430464,
            "5.000000" : 108527616,
            "10.000000" : 109576192,
            "20.000000" : 111673344,
            "30.000000" : 112721920,
            "40.000000" : 113770496,
            "50.000000" : 114819072,
            "60.000000" : 115867648,
            "70.000000" : 116916224,
            "80.000000" : 119013376,
            "90.000000" : 124256256,
            "95.000000" : 127401984,
            "99.000000" : 131596288,
            "99.500000" : 135266304,
            "99.900000" : 170917888,
            "99.950000" : 198180864,
            "99.990000" : 223346688
          },
          "bins" : {
            "4620288" : 1,
            "9240576" : 1,
            "12124160" : 1,
            "16711680" : 1,
            "19529728" : 1,
            "23986176" : 1,
            "26869760" : 1,
            "30801920" : 1,
            "33816576" : 1,
            "37486592" : 1,
            "40632320" : 1,
            "44302336" : 1,
            "47448064" : 1,
            "51118080" : 1,
            "54263808" : 1,
            "58458112" : 1,
            "61603840" : 1,
            "65273856" : 1,
            "68681728" : 1,
            "71827456" : 1,
            "74973184" : 1,
            "78118912" : 1,
            "81264640" : 1,
            "84410368" : 1,
            "87556096" : 1,
            "91750400" : 1,
            "94896128" : 1,
            "98041856" : 1,
            "102236160" : 1,
            "103284736" : 2,
            "104333312" : 6,
            "105381888" : 40,
            "106430464" : 119,
            "107479040" : 257,
            "108527616" : 454,
            "109576192" : 793,
            "110624768" : 1045,
            "111673344" : 1254,
            "112721920" : 1511,
            "113770496" : 1623,
            "114819072" : 1656,
            "115867648" : 1487,
            "116916224" : 1396,
            "117964800" : 968,
            "119013376" : 678,
            "120061952" : 456,
            "121110528" : 347,
            "122159104" : 300,
            "123207680" : 241,
            "124256256" : 274,
            "125304832" : 262,
            "126353408" : 308,
            "127401984" : 279,
            "128450560" : 266,
            "129499136" : 145,
            "130547712" : 124,
            "131596288" : 73,
            "132644864" : 47,
            "133693440" : 26,
            "135266304" : 24,
            "137363456" : 8,
            "139460608" : 6,
            "141557760" : 17,
            "143654912" : 8,
            "145752064" : 3,
            "147849216" : 1,
            "152043520" : 1,
            "156237824" : 1,
            "160432128" : 1,
            "164626432" : 1,
            "168820736" : 1,
            "170917888" : 1,
            "175112192" : 1,
            "179306496" : 1,
            "181403648" : 1,
            "185597952" : 1,
            "189792256" : 1,
            "191889408" : 1,
            "196083712" : 1,
            "198180864" : 1,
            "202375168" : 1,
            "206569472" : 1,
            "208666624" : 1,
            "214958080" : 1,
            "217055232" : 1,
            "221249536" : 1,
            "223346688" : 1,
            "227540992" : 1
          }
        },
        "lat_ns" : {
          "min" : 4752085,
          "max" : 228291184,
          "mean" : 116179475.000845,
          "stddev" : 6825433.468159
        },
        "bw_min" : 264192,
        "bw_max" : 296367,
        "bw_agg" : 99.981602,
        "bw_mean" : 281950.116667,
        "bw_dev" : 6325.688540,
        "bw_samples" : 120,
        "iops_min" : 258,
        "iops_max" : 289,
        "iops_mean" : 275.308333,
        "iops_stddev" : 6.176393,
        "iops_samples" : 120
      },
      "trim" : {
        "io_bytes" : 0,
        "io_kbytes" : 0,
        "bw_bytes" : 0,
        "bw" : 0,
        "iops" : 0.000000,
        "runtime" : 0,
        "total_ios" : 0,
        "short_ios" : 0,
        "drop_ios" : 0,
        "slat_ns" : {
          "min" : 0,
          "max" : 0,
          "mean" : 0.000000,
          "stddev" : 0.000000
        },
        "clat_ns" : {
          "min" : 0,
          "max" : 0,
          "mean" : 0.000000,
          "stddev" : 0.000000,
          "percentile" : {
            "1.000000" : 0,
            "5.000000" : 0,
            "10.000000" : 0,
            "20.000000" : 0,
            "30.000000" : 0,
            "40.000000" : 0,
            "50.000000" : 0,
            "60.000000" : 0,
            "70.000000" : 0,
            "80.000000" : 0,
            "90.000000" : 0,
            "95.000000" : 0,
            "99.000000" : 0,
            "99.500000" : 0,
            "99.900000" : 0,
            "99.950000" : 0,
            "99.990000" : 0
          },
          "bins" : {

          }
        },
        "lat_ns" : {
          "min" : 0,
          "max" : 0,
          "mean" : 0.000000,
          "stddev" : 0.000000
        },
        "bw_min" : 0,
        "bw_max" : 0,
        "bw_agg" : 0.000000,
        "bw_mean" : 0.000000,
        "bw_dev" : 0.000000,
        "bw_samples" : 0,
        "iops_min" : 0,
        "iops_max" : 0,