{
  "fio version" : "fio-3.8",
  "timestamp" : 1533882052,
  "timestamp_ms" : 1533882052549,
  "time" : "Thu Aug  9 23:20:52 2018",
  "global options" : {
    "offset" : "67909713920"
  },
  "jobs" : [
    {
      "jobname" : "wdpc",
      "groupid" : 0,
      "error" : 0,
      "eta" : 0,
      "elapsed" : 61,
      "job options" : {
        "ioengine" : "libaio",
        "group_reporting" : "1",
        "direct" : "1",
        "rw" : "readwrite",
        "bs" : "128kB",
        "numjobs" : "1",
        "iodepth" : "32",
        "size" : "75%",
        "name" : "wdpc",
        "rwmixread" : "0",
        "time_based" : "1",
        "runtime" : "60s",
        "filename" : "/dev/sda"
      },
      "read" : {
        "io_bytes" : 0,
        "io_kbytes" : 0,
        "bw_bytes" : 0,
        "bw" : 0,
        "iops" : 0.000000,
        "runtime" : 0,
        "total_ios" : 0,
        "short_ios" : 0,
        "drop_ios" : 0,
        "slat_ns" : {
          "min" : 0,
          "max" : 0,
          "mean" : 0.000000,
          "stddev" : 0.000000
        },
        "clat_ns" : {
          "min" : 0,
          "max" : 0,
          "mean" : 0.000000,
          "stddev" : 0.000000,
          "percentile" : {
            "1.000000" : 0,
            "5.000000" : 0,
            "10.000000" : 0,
            "20.000000" : 0,
            "30.000000" : 0,
            "40.000000" : 0,
            "50.000000" : 0,
            "60.000000" : 0,
            "70.000000" : 0,
            "80.000000" : 0,
            "90.000000" : 0,
            "95.000000" : 0,
            "99.000000" : 0,
            "99.500000" : 0,
            "99.900000" : 0,
            "99.950000" : 0,
            "99.990000" : 0
          },
          "bins" : {

          }
        },
        "lat_ns" : {
          "min" : 0,
          "max" : 0,
          "mean" : 0.000000,
          "stddev" : 0.000000
        },
        "bw_min" : 0,
        "bw_max" : 0,
        "bw_agg" : 0.000000,
        "bw_mean" : 0.000000,
        "bw_dev" : 0.000000,
        "bw_samples" : 0,
        "iops_min" : 0,
        "iops_max" : 0,
        "iops_mean" : 0.000000,
        "iops_stddev" : 0.000000,
        "iops_samples" : 0
      },
      "write" : {
        "io_bytes" : 16918511616,
        "io_kbytes" : 16521984,
        "bw_bytes" : 281909414,
        "bw" : 275302,
        "iops" : 2150.798147,
        "runtime" : 60014,
        "total_ios" : 129078,
        "short_ios" : 0,
        "drop_ios" : 0,
        "slat_ns" : {
          "min" : 9027,
          "max" : 2297626,
          "mean" : 21599.796270,
          "stddev" : 25242.793626
        },
        "clat_ns" : {
          "min" : 924393,
          "max" : 43486603,
          "mean" : 14850831.516672,
          "stddev" : 2040941.441281,
          "percentile" : {
            "1.000000" : 12910592,
            "5.000000" : 13172736,
            "10.000000" : 13434880,
            "20.000000" : 13697024,
            "30.000000" : 13959168,
            "40.000000" : 14221312,
            "50.000000" : 14483456,
            "60.000000" : 14745600,
            "70.000000" : 15138816,
            "80.000000" : 15663104,
            "90.000000" : 16318464,
            "95.000000" : 16908288,
            "99.000000" : 27394048,
            "99.500000" : 28180480,
            "99.900000" : 29491200,
            "99.950000" : 29753344,
            "99.990000" : 42729472
          },
          "bins" : {
            "921600" : 1,
            "3391488" : 2,
            "4079616" : 1,
            "4489216" : 1,
            "4816896" : 1,
            "5144576" : 1,
            "5537792" : 1,
            "6127616" : 1,
            "6848512" : 2,
            "7045120" : 1,
            "7438336" : 1,
            "8093696" : 1,
            "8454144" : 1,
            "9764864" : 1,
            "10027008" : 1,
            "10420224" : 1,
            "10551296" : 1,
            "10682368" : 1,
            "11075584" : 2,
            "11337728" : 1,
            "11599872" : 1,
            "11730944" : 1,
            "11862016" : 3,
            "11993088" : 3,
            "12124160" : 9,
            "12255232" : 16,
            "12386304" : 20,
            "12517376" : 36,
            "12648448" : 115,
            "12779520" : 322,
            "12910592" : 819,
            "13041664" : 1781,
            "13172736" : 3528,
            "13303808" : 4966,
            "13434880" : 6076,
            "13565952" : 6635,
            "13697024" : 6665,
            "13828096" : 6237,
            "13959168" : 6427,
            "14090240" : 6808,
            "14221312" : 6719,
            "14352384" : 6126,
            "14483456" : 5759,
            "14614528" : 5125,
            "14745600" : 4994,
            "14876672" : 4564,
            "15007744" : 4224,
            "15138816" : 3915,
            "15269888" : 3404,
            "15400960" : 3278,
            "15532032" : 3084,
            "15663104" : 3217,
            "15794176" : 3182,
            "15925248" : 3075,
            "16056320" : 2684,
            "16187392" : 2327,
            "16318464" : 1972,
            "16449536" : 1366,
            "16580608" : 965,
            "16711680" : 974,
            "16908288" : 1645,
            "17170432" : 1300,
            "17432576" : 1206,
            "17694720" : 655,
            "17956864" : 303,
            "18219008" : 160,
            "18481152" : 91,
            "18743296" : 43,
            "19005440" : 23,
            "19267584" : 25,
            "19529728" : 26,
            "19791872" : 13,
            "20054016" : 5,
            "20316160" : 4,
            "20578304" : 3,
            "20840448" : 3,
            "21102592" : 1,
            "21364736" : 1,
            "21889024" : 1,
            "22151168" : 1,
            "22675456" : 1,
            "23199744" : 1,
            "23461888" : 3,
            "23986176" : 2,
            "24248320" : 1,
            "24510464" : 2,
            "25034752" : 2,
            "25296896" : 2,
            "25559040" : 1,
            "25821184" : 1,
            "26083328" : 2,
            "26345472" : 3,
            "26607616" : 11,
            "26869760" : 245,
            "27131904" : 290,
            "27394048" : 348,
            "27656192" : 241,
            "27918336" : 161,
            "28180480" : 183,
            "28442624" : 124,
            "28704768" : 135,
            "28966912" : 101,
            "29229056" : 124,
            "29491200" : 53,
            "29753344" : 37,
            "30015488" : 12,
            "30277632" : 5,
            "30539776" : 1,
            "42205184" : 10,
            "42729472" : 17,
            "43253760" : 5
          }
        },
        "lat_ns" : {
          "min" : 1009140,
          "max" : 43505026,
          "mean" : 14872934.404786,
          "stddev" : 2040682.706850
        },
        "bw_min" : 260608,
        "bw_max" : 288512,
        "bw_agg" : 99.992796,
        "bw_mean" : 275282.166667,
        "bw_dev" : 6142.576895,
        "bw_samples" : 120,
        "iops_min" : 2036,
        "iops_max" : 2254,
        "iops_mean" : 2150.616667,
        "iops_stddev" : 48.008260,
        "iops_samples" : 120
      },
      "trim" : {
        "io_bytes" : 0,
        "io_kbytes" : 0,
        "bw_bytes" : 0,
        "bw" : 0,
        "iops" : 0.000000,
        "runtime" : 0,
        "total_ios" : 0,
        "short_ios" : 0,
        "drop_ios" : 0,
        "slat_ns" : {
          "min" : 0,
          "max" : 0,
          "mean" : 0.000000,
          "stddev" : 0.000000
        },
        "clat_ns" : {
          "min" : 0,
          "max" : 0,
          "mean" : 0.000000,
          "stddev" : 0.000000,
          "percentile" : {
            "1.000000" : 0,
            "5.000000" : 0,
            "10.000000" : 0,
            "20.000000" : 0,
            "30.000000" : 0,
            "40.000000" : 0,
            "50.000000" : 0,
            "60.000000" : 0,
            "70.000000" : 0,