{
  "fio version" : "fio-3.8",
  "timestamp" : 1534112729,
  "timestamp_ms" : 1534112729940,
  "time" : "Sun Aug 12 15:25:29 2018",
  "global options" : {
    "offset" : "17410555904"
  },
  "jobs" : [
    {
      "jobname" : "wdpc",
      "groupid" : 0,
      "error" : 0,
      "eta" : 0,
      "elapsed" : 61,
      "job options" : {
        "ioengine" : "libaio",
        "group_reporting" : "1",
        "direct" : "1",
        "rw" : "readwrite",
        "bs" : "1024KB",
        "numjobs" : "1",
        "iodepth" : "32",
        "size" : "75%",
        "name" : "wdpc",
        "rwmixread" : "0",
        "time_based" : "1",
        "runtime" : "60s",
        "filename" : "/dev/sda"
      },
      "read" : {
        "io_bytes" : 0,
        "io_kbytes" : 0,
        "bw_bytes" : 0,
        "bw" : 0,
        "iops" : 0.000000,
        "runtime" : 0,
        "total_ios" : 0,
        "short_ios" : 0,
        "drop_ios" : 0,
        "slat_ns" : {
          "min" : 0,
          "max" : 0,
          "mean" : 0.000000,
          "stddev" : 0.000000
        },
        "clat_ns" : {
          "min" : 0,
          "max" : 0,
          "mean" : 0.000000,
          "stddev" : 0.000000,
          "percentile" : {
            "1.000000" : 0,
            "5.000000" : 0,
            "10.000000" : 0,
            "20.000000" : 0,
            "30.000000" : 0,
            "40.000000" : 0,
            "50.000000" : 0,
            "60.000000" : 0,
            "70.000000" : 0,
            "80.000000" : 0,
            "90.000000" : 0,
            "95.000000" : 0,
            "99.000000" : 0,
            "99.500000" : 0,
            "99.900000" : 0,
            "99.950000" : 0,
            "99.990000" : 0
          },
          "bins" : {

          }
        },
        "lat_ns" : {
          "min" : 0,
          "max" : 0,
          "mean" : 0.000000,
          "stddev" : 0.000000
        },
        "bw_min" : 0,
        "bw_max" : 0,
        "bw_agg" : 0.000000,
        "bw_mean" : 0.000000,
        "bw_dev" : 0.000000,
        "bw_samples" : 0,
        "iops_min" : 0,
        "iops_max" : 0,
        "iops_mean" : 0.000000,
        "iops_stddev" : 0.000000,
        "iops_samples" : 0
      },
      "write" : {
        "io_bytes" : 17371758592,
        "io_kbytes" : 16964608,
        "bw_bytes" : 288994669,
        "bw" : 282221,
        "iops" : 275.606794,
        "runtime" : 60111,
        "total_ios" : 16567,
        "short_ios" : 0,
        "drop_ios" : 0,
        "slat_ns" : {
          "min" : 62287,
          "max" : 1697122,
          "mean" : 156732.289008,
          "stddev" : 61402.553207
        },
        "clat_ns" : {
          "min" : 3178828,
          "max" : 232602915,
          "mean" : 115931435.927326,
          "stddev" : 6823072.458761,
          "percentile" : {
            "1.000000" : 106430464,
            "5.000000" : 108527616,
            "10.000000" : 109576192,
            "20.000000" : 111673344,
            "30.000000" : 112721920,
            "40.000000" : 113770496,
            "50.000000" : 114819072,
            "60.000000" : 115867648,
            "70.000000" : 117964800,
            "80.000000" : 120061952,
            "90.000000" : 124256256,
            "95.000000" : 127401984,
            "99.000000" : 131596288,
            "99.500000" : 132644864,
            "99.900000" : 166723584,
            "99.950000" : 191889408,
            "99.990000" : 227540992
          },
          "bins" : {
            "3194880" : 1,
            "8224768" : 1,
            "11337728" : 1,
            "14614528" : 1,
            "18743296" : 1,
            "21364736" : 1,
            "25034752" : 1,
            "27656192" : 1,
            "31588352" : 1,
            "33816576" : 1,
            "38010880" : 1,
            "40632320" : 1,
            "44302336" : 1,
            "46923776" : 1,
            "50069504" : 1,
            "52690944" : 1,
            "56885248" : 1,
            "60555264" : 1,
            "64225280" : 1,
            "67633152" : 1,
            "71827456" : 1,
            "74973184" : 1,
            "78118912" : 1,
            "82313216" : 1,
            "85458944" : 1,
            "88604672" : 1,
            "91750400" : 1,
            "94896128" : 1,
            "98041856" : 1,
            "102236160" : 1,
            "104333312" : 15,
            "105381888" : 62,
            "106430464" : 143,
            "107479040" : 316,
            "108527616" : 578,
            "109576192" : 836,
            "110624768" : 1080,
            "111673344" : 1314,
            "112721920" : 1425,
            "113770496" : 1452,
            "114819072" : 1461,
            "115867648" : 1434,
            "116916224" : 1204,
            "117964800" : 957,
            "119013376" : 744,
            "120061952" : 578,
            "121110528" : 409,
            "122159104" : 335,
            "123207680" : 341,
            "124256256" : 311,
            "125304832" : 282,
            "126353408" : 334,
            "127401984" : 264,
            "128450560" : 198,
            "129499136" : 169,
            "130547712" : 115,
            "131596288" : 61,
            "132644864" : 40,
            "133693440" : 18,
            "135266304" : 5,
            "137363456" : 1,
            "139460608" : 11,
            "141557760" : 17,
            "143654912" : 5,
            "145752064" : 1,
            "149946368" : 1,
            "154140672" : 1,
            "158334976" : 1,
            "162529280" : 1,
            "166723584" : 1,
            "170917888" : 1,
            "173015040" : 1,
            "177209344" : 1,
            "179306496" : 1,
            "183500800" : 1,
            "185597952" : 1,
            "189792256" : 1,
            "191889408" : 1,
            "196083712" : 1,
            "198180864" : 1,
            "202375168" : 1,
            "206569472" : 1,
            "208666624" : 1,
            "212860928" : 1,
            "227540992" : 1,
            "231735296" : 1
          }
        },
        "lat_ns" : {
          "min" : 3317250,
          "max" : 232753748,
          "mean" : 116089142.579103,
          "stddev" : 6823814.064791
        },
        "bw_min" : 265708,
        "bw_max" : 299008,
        "bw_agg" : 99.976632,
        "bw_mean" : 282155.050000,
        "bw_dev" : 6830.713595,
        "bw_samples" : 120,
        "iops_min" : 259,
        "iops_max" : 292,
        "iops_mean" : 275.508333,
        "iops_stddev" : 6.676178,
        "iops_samples" : 120
      },
      "trim" : {
        "io_bytes" : 0,
        "io_kbytes" : 0,
        "bw_bytes" : 0,
        "bw" : 0,
        "iops" : 0.000000,
        "runtime" : 0,
        "total_ios" : 0,
        "short_ios" : 0,
        "drop_ios" : 0,
        "slat_ns" : {
          "min" : 0,
          "max" : 0,
          "mean" : 0.000000,
          "stddev" : 0.000000
        },
        "clat_ns" : {
          "min" : 0,
          "max" : 0,
          "mean" : 0.000000,
          "stddev" : 0.000000,
          "percentile" : {
            "1.000000" : 0,
            "5.000000" : 0,
            "10.000000" : 0,
            "20.000000" : 0,
            "30.000000" : 0,
            "40.000000" : 0,
            "50.000000" : 0,
            "60.000000" : 0,
            "70.000000" : 0,
            "80.000000" : 0,
            "90.000000" : 0,
            "95.000000" : 0,
            "99.000000" : 0,
            "99.500000" : 0,
            "99.900000" : 0,
            "99.950000" : 0,
            "99.990000" : 0
          },
          "bins" : {

          }
        },
        "lat_ns" : {
          "min" : 0,
          "max" : 0,
          "mean" : 0.000000,
          "stddev" : 0.000000
        },
        "bw_min" : 0,
        "bw_max" : 0,
        "bw_agg" : 0.000000,
        "bw_mean" : 0.000000,
        "bw_dev" : 0.000000,
        "bw_samples" : 0,
        "iops_min" : 0,
        "iops_max" : 0,
        "iops_mean" : 0.000000,
        "iops_stddev" : 0.000000,