{
  "fio version" : "fio-3.8",
  "timestamp" : 1533886210,
  "timestamp_ms" : 1533886210486,
  "time" : "Fri Aug 10 00:30:10 2018",
  "global options" : {
    "offset" : "52064944128"
  },
  "jobs" : [
    {
      "jobname" : "wdpc",
      "groupid" : 0,
      "error" : 0,
      "eta" : 0,
      "elapsed" : 61,
      "job options" : {
        "ioengine" : "libaio",
        "group_reporting" : "1",
        "direct" : "1",
        "rw" : "readwrite",
        "bs" : "1024kB",
        "numjobs" : "1",
        "iodepth" : "32",
        "size" : "75%",
        "name" : "wdpc",
        "rwmixread" : "0",
        "time_based" : "1",
        "runtime" : "60s",
        "filename" : "/dev/sda"
      },
      "read" : {
        "io_bytes" : 0,
        "io_kbytes" : 0,
        "bw_bytes" : 0,
        "bw" : 0,
        "iops" : 0.000000,
        "runtime" : 0,
        "total_ios" : 0,
        "short_ios" : 0,
        "drop_ios" : 0,
        "slat_ns" : {
          "min" : 0,
          "max" : 0,
          "mean" : 0.000000,
          "stddev" : 0.000000
        },
        "clat_ns" : {
          "min" : 0,
          "max" : 0,
          "mean" : 0.000000,
          "stddev" : 0.000000,
          "percentile" : {
            "1.000000" : 0,
            "5.000000" : 0,
            "10.000000" : 0,
            "20.000000" : 0,
            "30.000000" : 0,
            "40.000000" : 0,
            "50.000000" : 0,
            "60.000000" : 0,
            "70.000000" : 0,
            "80.000000" : 0,
            "90.000000" : 0,
            "95.000000" : 0,
            "99.000000" : 0,
            "99.500000" : 0,
            "99.900000" : 0,
            "99.950000" : 0,
            "99.990000" : 0
          },
          "bins" : {

          }
        },
        "lat_ns" : {
          "min" : 0,
          "max" : 0,
          "mean" : 0.000000,
          "stddev" : 0.000000
        },
        "bw_min" : 0,
        "bw_max" : 0,
        "bw_agg" : 0.000000,
        "bw_mean" : 0.000000,
        "bw_dev" : 0.000000,
        "bw_samples" : 0,
        "iops_min" : 0,
        "iops_max" : 0,
        "iops_mean" : 0.000000,
        "iops_stddev" : 0.000000,
        "iops_samples" : 0
      },
      "write" : {
        "io_bytes" : 17393778688,
        "io_kbytes" : 16986112,
        "bw_bytes" : 289346553,
        "bw" : 282564,
        "iops" : 275.942376,
        "runtime" : 60114,
        "total_ios" : 16588,
        "short_ios" : 0,
        "drop_ios" : 0,
        "slat_ns" : {
          "min" : 59947,
          "max" : 1127403,
          "mean" : 162044.065288,
          "stddev" : 62669.557670
        },
        "clat_ns" : {
          "min" : 6511420,
          "max" : 226102650,
          "mean" : 115784967.309139,
          "stddev" : 6601484.704026,
          "percentile" : {
            "1.000000" : 107479040,
            "5.000000" : 108527616,
            "10.000000" : 109576192,
            "20.000000" : 111673344,
            "30.000000" : 112721920,
            "40.000000" : 113770496,
            "50.000000" : 114819072,
            "60.000000" : 115867648,
            "70.000000" : 116916224,
            "80.000000" : 119013376,
            "90.000000" : 124256256,
            "95.000000" : 127401984,
            "99.000000" : 130547712,
            "99.500000" : 131596288,
            "99.900000" : 168820736,
            "99.950000" : 198180864,
            "99.990000" : 223346688
          },
          "bins" : {
            "6520832" : 1,
            "9240576" : 1,
            "13828096" : 1,
            "16711680" : 1,
            "21102592" : 1,
            "23986176" : 1,
            "28442624" : 1,
            "31326208" : 1,
            "35389440" : 1,
            "38010880" : 1,
            "42205184" : 1,
            "44826624" : 1,
            "48496640" : 1,
            "52166656" : 1,
            "56360960" : 1,
            "59506688" : 1,
            "63700992" : 1,
            "66846720" : 1,
            "70778880" : 1,
            "73924608" : 1,
            "77070336" : 1,
            "80216064" : 1,
            "83361792" : 1,
            "87556096" : 1,
            "90701824" : 1,
            "93847552" : 1,
            "96993280" : 1,
            "100139008" : 1,
            "103284736" : 1,
            "104333312" : 1,
            "105381888" : 20,
            "106430464" : 80,
            "107479040" : 235,
            "108527616" : 497,
            "109576192" : 807,
            "110624768" : 1167,
            "111673344" : 1427,
            "112721920" : 1649,
            "113770496" : 1599,
            "114819072" : 1630,
            "115867648" : 1492,
            "116916224" : 1264,
            "117964800" : 930,
            "119013376" : 650,
            "120061952" : 484,
            "121110528" : 423,
            "122159104" : 288,
            "123207680" : 198,
            "124256256" : 202,
            "125304832" : 232,
            "126353408" : 277,
            "127401984" : 275,
            "128450560" : 232,
            "129499136" : 213,
            "130547712" : 129,
            "131596288" : 76,
            "132644864" : 27,
            "133693440" : 7,
            "135266304" : 21,
            "137363456" : 3,
            "141557760" : 1,
            "143654912" : 1,
            "147849216" : 1,
            "152043520" : 1,
            "156237824" : 1,
            "160432128" : 1,
            "164626432" : 1,
            "168820736" : 1,
            "173015040" : 1,
            "177209344" : 1,
            "181403648" : 1,
            "183500800" : 1,
            "187695104" : 1,
            "189792256" : 1,
            "196083712" : 1,
            "198180864" : 1,
            "202375168" : 1,
            "204472320" : 1,
            "208666624" : 1,
            "212860928" : 1,
            "214958080" : 1,
            "219152384" : 1,
            "223346688" : 1,
            "225443840" : 1
          }
        },
        "lat_ns" : {
          "min" : 6662922,
          "max" : 226275739,
          "mean" : 115947930.197311,
          "stddev" : 6601962.185363
        },
        "bw_min" : 270336,
        "bw_max" : 294912,
        "bw_agg" : 99.980459,
        "bw_mean" : 282508.783333,
        "bw_dev" : 5174.325113,
        "bw_samples" : 120,
        "iops_min" : 264,
        "iops_max" : 288,
        "iops_mean" : 275.850000,
        "iops_stddev" : 5.063712,
        "iops_samples" : 120
      },
      "trim" : {
        "io_bytes" : 0,
        "io_kbytes" : 0,
        "bw_bytes" : 0,
        "bw" : 0,
        "iops" : 0.000000,
        "runtime" : 0,
        "total_ios" : 0,
        "short_ios" : 0,
        "drop_ios" : 0,
        "slat_ns" : {
          "min" : 0,
          "max" : 0,
          "mean" : 0.000000,
          "stddev" : 0.000000
        },
        "clat_ns" : {
          "min" : 0,
          "max" : 0,
          "mean" : 0.000000,
          "stddev" : 0.000000,
          "percentile" : {
            "1.000000" : 0,
            "5.000000" : 0,
            "10.000000" : 0,
            "20.000000" : 0,
            "30.000000" : 0,
            "40.000000" : 0,
            "50.000000" : 0,
            "60.000000" : 0,
            "70.000000" : 0,
            "80.000000" : 0,
            "90.000000" : 0,
            "95.000000" : 0,
            "99.000000" : 0,
            "99.500000" : 0,
            "99.900000" : 0,
            "99.950000" : 0,
            "99.990000" : 0
          },
          "bins" : {

          }
        },
        "lat_ns" : {
          "min" : 0,
          "max" : 0,
          "mean" : 0.000000,
          "stddev" : 0.000000
        },
        "bw_min" : 0,
        "bw_max" : 0,
        "bw_agg" : 0.000000,
        "bw_mean" : 0.000000,
        "bw_dev" : 0.000000,
        "bw_samples" : 0,
        "iops_min" : 0,
        "iops_max" : 0,
        "iops_mean" : 0.000000,
        "iops_stddev" : 0.000000,
        "iops_samples" : 0
      },