{
  "fio version" : "fio-3.8",
  "timestamp" : 1534112792,
  "timestamp_ms" : 1534112792690,
  "time" : "Sun Aug 12 15:26:32 2018",
  "global options" : {
    "offset" : "34782314496"
  },
  "jobs" : [
    {
      "jobname" : "wdpc",
      "groupid" : 0,
      "error" : 0,
      "eta" : 0,
      "elapsed" : 61,
      "job options" : {
        "ioengine" : "libaio",
        "group_reporting" : "1",
        "direct" : "1",
        "rw" : "readwrite",
        "bs" : "1024KB",
        "numjobs" : "1",
        "iodepth" : "32",
        "size" : "75%",
        "name" : "wdpc",
        "rwmixread" : "0",
        "time_based" : "1",
        "runtime" : "60s",
        "filename" : "/dev/sda"
      },
      "read" : {
        "io_bytes" : 0,
        "io_kbytes" : 0,
        "bw_bytes" : 0,
        "bw" : 0,
        "iops" : 0.000000,
        "runtime" : 0,
        "total_ios" : 0,
        "short_ios" : 0,
        "drop_ios" : 0,
        "slat_ns" : {
          "min" : 0,
          "max" : 0,
          "mean" : 0.000000,
          "stddev" : 0.000000
        },
        "clat_ns" : {
          "min" : 0,
          "max" : 0,
          "mean" : 0.000000,
          "stddev" : 0.000000,
          "percentile" : {
            "1.000000" : 0,
            "5.000000" : 0,
            "10.000000" : 0,
            "20.000000" : 0,
            "30.000000" : 0,
            "40.000000" : 0,
            "50.000000" : 0,
            "60.000000" : 0,
            "70.000000" : 0,
            "80.000000" : 0,
            "90.000000" : 0,
            "95.000000" : 0,
            "99.000000" : 0,
            "99.500000" : 0,
            "99.900000" : 0,
            "99.950000" : 0,
            "99.990000" : 0
          },
          "bins" : {

          }
        },
        "lat_ns" : {
          "min" : 0,
          "max" : 0,
          "mean" : 0.000000,
          "stddev" : 0.000000
        },
        "bw_min" : 0,
        "bw_max" : 0,
        "bw_agg" : 0.000000,
        "bw_mean" : 0.000000,
        "bw_dev" : 0.000000,
        "bw_samples" : 0,
        "iops_min" : 0,
        "iops_max" : 0,
        "iops_mean" : 0.000000,
        "iops_stddev" : 0.000000,
        "iops_samples" : 0
      },
      "write" : {
        "io_bytes" : 17340301312,
        "io_kbytes" : 16933888,
        "bw_bytes" : 288480948,
        "bw" : 281719,
        "iops" : 275.116871,
        "runtime" : 60109,
        "total_ios" : 16537,
        "short_ios" : 0,
        "drop_ios" : 0,
        "slat_ns" : {
          "min" : 65740,
          "max" : 1474318,
          "mean" : 156706.361916,
          "stddev" : 65185.444748
        },
        "clat_ns" : {
          "min" : 6368046,
          "max" : 220698669,
          "mean" : 116138210.714216,
          "stddev" : 6571238.359717,
          "percentile" : {
            "1.000000" : 107479040,
            "5.000000" : 109576192,
            "10.000000" : 110624768,
            "20.000000" : 111673344,
            "30.000000" : 112721920,
            "40.000000" : 113770496,
            "50.000000" : 114819072,
            "60.000000" : 115867648,
            "70.000000" : 116916224,
            "80.000000" : 119013376,
            "90.000000" : 124256256,
            "95.000000" : 128450560,
            "99.000000" : 131596288,
            "99.500000" : 133693440,
            "99.900000" : 162529280,
            "99.950000" : 193986560,
            "99.990000" : 217055232
          },
          "bins" : {
            "6389760" : 1,
            "9240576" : 1,
            "13828096" : 1,
            "16580608" : 1,
            "21102592" : 1,
            "23986176" : 1,
            "28704768" : 1,
            "31588352" : 1,
            "35913728" : 1,
            "38535168" : 1,
            "42729472" : 1,
            "45875200" : 1,
            "49545216" : 1,
            "52690944" : 1,
            "57409536" : 1,
            "60555264" : 1,
            "64225280" : 1,
            "67633152" : 1,
            "70778880" : 1,
            "73924608" : 1,
            "78118912" : 1,
            "81264640" : 1,
            "84410368" : 1,
            "87556096" : 1,
            "90701824" : 1,
            "93847552" : 1,
            "96993280" : 1,
            "100139008" : 1,
            "104333312" : 4,
            "105381888" : 14,
            "106430464" : 67,
            "107479040" : 197,
            "108527616" : 387,
            "109576192" : 731,
            "110624768" : 979,
            "111673344" : 1224,
            "112721920" : 1439,
            "113770496" : 1697,
            "114819072" : 1958,
            "115867648" : 1736,
            "116916224" : 1262,
            "117964800" : 903,
            "119013376" : 669,
            "120061952" : 434,
            "121110528" : 383,
            "122159104" : 324,
            "123207680" : 259,
            "124256256" : 210,
            "125304832" : 236,
            "126353408" : 252,
            "127401984" : 269,
            "128450560" : 282,
            "129499136" : 257,
            "130547712" : 134,
            "131596288" : 71,
            "132644864" : 37,
            "133693440" : 31,
            "135266304" : 33,
            "137363456" : 6,
            "139460608" : 1,
            "141557760" : 1,
            "145752064" : 1,
            "149946368" : 1,
            "154140672" : 1,
            "156237824" : 1,
            "160432128" : 1,
            "162529280" : 1,
            "166723584" : 1,
            "170917888" : 1,
            "175112192" : 1,
            "179306496" : 1,
            "183500800" : 1,
            "185597952" : 1,
            "189792256" : 1,
            "193986560" : 1,
            "196083712" : 1,
            "200278016" : 1,
            "204472320" : 1,
            "206569472" : 1,
            "210763776" : 1,
            "212860928" : 1,
            "217055232" : 1,
            "221249536" : 1
          }
        },
        "lat_ns" : {
          "min" : 6515502,
          "max" : 220873263,
          "mean" : 116295947.911350,
          "stddev" : 6572281.236143
        },
        "bw_min" : 268288,
        "bw_max" : 294912,
        "bw_agg" : 99.976336,
        "bw_mean" : 281652.333333,
        "bw_dev" : 5825.634616,
        "bw_samples" : 120,
        "iops_min" : 262,
        "iops_max" : 288,
        "iops_mean" : 275.025000,
        "iops_stddev" : 5.687170,
        "iops_samples" : 120
      },
      "trim" : {
        "io_bytes" : 0,
        "io_kbytes" : 0,
        "bw_bytes" : 0,
        "bw" : 0,
        "iops" : 0.000000,
        "runtime" : 0,
        "total_ios" : 0,
        "short_ios" : 0,
        "drop_ios" : 0,
        "slat_ns" : {
          "min" : 0,
          "max" : 0,
          "mean" : 0.000000,
          "stddev" : 0.000000
        },
        "clat_ns" : {
          "min" : 0,
          "max" : 0,
          "mean" : 0.000000,
          "stddev" : 0.000000,
          "percentile" : {
            "1.000000" : 0,
            "5.000000" : 0,
            "10.000000" : 0,
            "20.000000" : 0,
            "30.000000" : 0,
            "40.000000" : 0,
            "50.000000" : 0,
            "60.000000" : 0,
            "70.000000" : 0,
            "80.000000" : 0,
            "90.000000" : 0,
            "95.000000" : 0,
            "99.000000" : 0,
            "99.500000" : 0,
            "99.900000" : 0,
            "99.950000" : 0,
            "99.990000" : 0
          },
          "bins" : {

          }
        },
        "lat_ns" : {
          "min" : 0,
          "max" : 0,
          "mean" : 0.000000,
          "stddev" : 0.000000
        },
        "bw_min" : 0,
        "bw_max" : 0,
        "bw_agg" : 0.000000,
        "bw_mean" : 0.000000,
        "bw_dev" : 0.000000,
        "bw_samples" : 0,
        "iops_min" : 0,
        "iops_max" : 0,
        "iops_mean" : 0.000000,
        "iops_stddev" : 0.000000,
        "iops_samples" : 0
      },
      "sync" : {
        "lat_ns" : {
          "min" : 0,