{
  "fio version" : "fio-3.8",
  "timestamp" : 1533720567,
  "timestamp_ms" : 1533720567180,
  "time" : "Wed Aug  8 02:29:27 2018",
  "global options" : {
    "offset" : "17446207488"
  },
  "jobs" : [
    {
      "jobname" : "wdpc",
      "groupid" : 0,
      "error" : 0,
      "eta" : 0,
      "elapsed" : 61,
      "job options" : {
        "ioengine" : "libaio",
        "group_reporting" : "1",
        "direct" : "1",
        "rw" : "readwrite",
        "bs" : "1024kB",
        "numjobs" : "1",
        "iodepth" : "32",
        "size" : "75%",
        "name" : "wdpc",
        "rwmixread" : "0",
        "time_based" : "1",
        "runtime" : "60s",
        "filename" : "/dev/sda"
      },
      "read" : {
        "io_bytes" : 0,
        "io_kbytes" : 0,
        "bw_bytes" : 0,
        "bw" : 0,
        "iops" : 0.000000,
        "runtime" : 0,
        "total_ios" : 0,
        "short_ios" : 0,
        "drop_ios" : 0,
        "slat_ns" : {
          "min" : 0,
          "max" : 0,
          "mean" : 0.000000,
          "stddev" : 0.000000
        },
        "clat_ns" : {
          "min" : 0,
          "max" : 0,
          "mean" : 0.000000,
          "stddev" : 0.000000,
          "percentile" : {
            "1.000000" : 0,
            "5.000000" : 0,
            "10.000000" : 0,
            "20.000000" : 0,
            "30.000000" : 0,
            "40.000000" : 0,
            "50.000000" : 0,
            "60.000000" : 0,
            "70.000000" : 0,
            "80.000000" : 0,
            "90.000000" : 0,
            "95.000000" : 0,
            "99.000000" : 0,
            "99.500000" : 0,
            "99.900000" : 0,
            "99.950000" : 0,
            "99.990000" : 0
          },
          "bins" : {

          }
        },
        "lat_ns" : {
          "min" : 0,
          "max" : 0,
          "mean" : 0.000000,
          "stddev" : 0.000000
        },
        "bw_min" : 0,
        "bw_max" : 0,
        "bw_agg" : 0.000000,
        "bw_mean" : 0.000000,
        "bw_dev" : 0.000000,
        "bw_samples" : 0,
        "iops_min" : 0,
        "iops_max" : 0,
        "iops_mean" : 0.000000,
        "iops_stddev" : 0.000000,
        "iops_samples" : 0
      },
      "write" : {
        "io_bytes" : 17380147200,
        "io_kbytes" : 16972800,
        "bw_bytes" : 289153462,
        "bw" : 282376,
        "iops" : 275.758231,
        "runtime" : 60107,
        "total_ios" : 16575,
        "short_ios" : 0,
        "drop_ios" : 0,
        "slat_ns" : {
          "min" : 55974,
          "max" : 3972056,
          "mean" : 156794.086516,
          "stddev" : 100815.423518
        },
        "clat_ns" : {
          "min" : 4949457,
          "max" : 229708117,
          "mean" : 115867151.446214,
          "stddev" : 6758736.251915,
          "percentile" : {
            "1.000000" : 106430464,
            "5.000000" : 108527616,
            "10.000000" : 109576192,
            "20.000000" : 111673344,
            "30.000000" : 112721920,
            "40.000000" : 113770496,
            "50.000000" : 114819072,
            "60.000000" : 115867648,
            "70.000000" : 116916224,
            "80.000000" : 119013376,
            "90.000000" : 124256256,
            "95.000000" : 128450560,
            "99.000000" : 131596288,
            "99.500000" : 132644864,
            "99.900000" : 170917888,
            "99.950000" : 200278016,
            "99.990000" : 225443840
          },
          "bins" : {
            "4947968" : 1,
            "8028160" : 1,
            "11599872" : 1,
            "14483456" : 1,
            "17956864" : 1,
            "20840448" : 1,
            "24248320" : 1,
            "27131904" : 1,
            "30801920" : 1,
            "34340864" : 1,
            "38010880" : 1,
            "42205184" : 1,
            "45350912" : 1,
            "63700992" : 1,
            "66322432" : 1,
            "70778880" : 1,
            "73924608" : 1,
            "78118912" : 1,
            "81264640" : 1,
            "85458944" : 1,
            "88604672" : 1,
            "92798976" : 1,
            "94896128" : 1,
            "99090432" : 1,
            "101187584" : 1,
            "102236160" : 1,
            "103284736" : 1,
            "104333312" : 4,
            "105381888" : 42,
            "106430464" : 102,
            "107479040" : 272,
            "108527616" : 558,
            "109576192" : 824,
            "110624768" : 1071,
            "111673344" : 1333,
            "112721920" : 1487,
            "113770496" : 1611,
            "114819072" : 1773,
            "115867648" : 1434,
            "116916224" : 1257,
            "117964800" : 930,
            "119013376" : 702,
            "120061952" : 499,
            "121110528" : 319,
            "122159104" : 252,
            "123207680" : 269,
            "124256256" : 268,
            "125304832" : 212,
            "126353408" : 263,
            "127401984" : 233,
            "128450560" : 206,
            "129499136" : 243,
            "130547712" : 168,
            "131596288" : 105,
            "132644864" : 46,
            "133693440" : 25,
            "135266304" : 14,
            "139460608" : 1,
            "143654912" : 1,
            "145752064" : 1,
            "149946368" : 1,
            "152043520" : 1,
            "158334976" : 1,
            "160432128" : 1,
            "164626432" : 1,
            "168820736" : 1,
            "170917888" : 1,
            "175112192" : 1,
            "179306496" : 1,
            "183500800" : 1,
            "187695104" : 1,
            "191889408" : 1,
            "193986560" : 1,
            "198180864" : 1,
            "200278016" : 1,
            "204472320" : 1,
            "208666624" : 1,
            "212860928" : 1,
            "214958080" : 1,
            "219152384" : 1,
            "223346688" : 1,
            "225443840" : 1,
            "229638144" : 1
          }
        },
        "lat_ns" : {
          "min" : 5098194,
          "max" : 229864071,
          "mean" : 116024968.070770,
          "stddev" : 6759808.853604
        },
        "bw_min" : 270336,
        "bw_max" : 296960,
        "bw_agg" : 99.969636,
        "bw_mean" : 282290.258333,
        "bw_dev" : 5503.189650,
        "bw_samples" : 120,
        "iops_min" : 264,
        "iops_max" : 290,
        "iops_mean" : 275.625000,
        "iops_stddev" : 5.400066,
        "iops_samples" : 120
      },
      "trim" : {
        "io_bytes" : 0,
        "io_kbytes" : 0,
        "bw_bytes" : 0,
        "bw" : 0,
        "iops" : 0.000000,
        "runtime" : 0,
        "total_ios" : 0,
        "short_ios" : 0,
        "drop_ios" : 0,
        "slat_ns" : {
          "min" : 0,
          "max" : 0,
          "mean" : 0.000000,
          "stddev" : 0.000000
        },
        "clat_ns" : {
          "min" : 0,
          "max" : 0,
          "mean" : 0.000000,
          "stddev" : 0.000000,
          "percentile" : {
            "1.000000" : 0,
            "5.000000" : 0,
            "10.000000" : 0,
            "20.000000" : 0,
            "30.000000" : 0,
            "40.000000" : 0,
            "50.000000" : 0,
            "60.000000" : 0,
            "70.000000" : 0,
            "80.000000" : 0,
            "90.000000" : 0,
            "95.000000" : 0,
            "99.000000" : 0,
            "99.500000" : 0,
            "99.900000" : 0,
            "99.950000" : 0,
            "99.990000" : 0
          },
          "bins" : {

          }
        },
        "lat_ns" : {
          "min" : 0,
          "max" : 0,
          "mean" : 0.000000,
          "stddev" : 0.000000
        },
        "bw_min" : 0,
        "bw_max" : 0,
        "bw_agg" : 0.000000,
        "bw_mean" : 0.000000,
        "bw_dev" : 0.000000,
        "bw_samples" : 0,
        "iops_min" : 0,
        "iops_max" : 0,
        "iops_mean" : 0.000000,
        "iops_stddev" : 0.000000,
        "iops_samples" : 0
      },
      "sync" : {
        "lat_ns" : {
          "min" : 0,