{
  "fio version" : "fio-3.8",
  "timestamp" : 1533717816,
  "timestamp_ms" : 1533717816985,
  "time" : "Wed Aug  8 01:43:36 2018",
  "jobs" : [
    {
      "jobname" : "wipc",
      "groupid" : 0,
      "error" : 0,
      "eta" : 0,
      "elapsed" : 2697,
      "job options" : {
        "ioengine" : "libaio",
        "group_reporting" : "1",
        "direct" : "1",
        "rw" : "write",
        "bs" : "128kB",
        "numjobs" : "1",
        "iodepth" : "32",
        "size" : "75%",
        "name" : "wipc",
        "io_size" : "512121028608B",
        "filename" : "/dev/sda"
      },
      "read" : {
        "io_bytes" : 0,
        "io_kbytes" : 0,
        "bw_bytes" : 0,
        "bw" : 0,
        "iops" : 0.000000,
        "runtime" : 0,
        "total_ios" : 0,
        "short_ios" : 0,
        "drop_ios" : 0,
        "slat_ns" : {
          "min" : 0,
          "max" : 0,
          "mean" : 0.000000,
          "stddev" : 0.000000
        },
        "clat_ns" : {
          "min" : 0,
          "max" : 0,
          "mean" : 0.000000,
          "stddev" : 0.000000,
          "percentile" : {
            "1.000000" : 0,
            "5.000000" : 0,
            "10.000000" : 0,
            "20.000000" : 0,
            "30.000000" : 0,
            "40.000000" : 0,
            "50.000000" : 0,
            "60.000000" : 0,
            "70.000000" : 0,
            "80.000000" : 0,
            "90.000000" : 0,
            "95.000000" : 0,
            "99.000000" : 0,
            "99.500000" : 0,
            "99.900000" : 0,
            "99.950000" : 0,
            "99.990000" : 0
          },
          "bins" : {

          }
        },
        "lat_ns" : {
          "min" : 0,
          "max" : 0,
          "mean" : 0.000000,
          "stddev" : 0.000000
        },
        "bw_min" : 0,
        "bw_max" : 0,
        "bw_agg" : 0.000000,
        "bw_mean" : 0.000000,
        "bw_dev" : 0.000000,
        "bw_samples" : 0,
        "iops_min" : 0,
        "iops_max" : 0,
        "iops_mean" : 0.000000,
        "iops_stddev" : 0.000000,
        "iops_samples" : 0
      },
      "write" : {
        "io_bytes" : 512121110528,
        "io_kbytes" : 500118272,
        "bw_bytes" : 189899058,
        "bw" : 185448,
        "iops" : 1448.814839,
        "runtime" : 2696807,
        "total_ios" : 3907174,
        "short_ios" : 0,
        "drop_ios" : 0,
        "slat_ns" : {
          "min" : 6586,
          "max" : 5830491,
          "mean" : 24119.478736,
          "stddev" : 52077.375224
        },
        "clat_ns" : {
          "min" : 799132,
          "max" : 124055146,
          "mean" : 22057722.145795,
          "stddev" : 16994171.566919,
          "percentile" : {
            "1.000000" : 12779520,
            "5.000000" : 13041664,
            "10.000000" : 13303808,
            "20.000000" : 13565952,
            "30.000000" : 13959168,
            "40.000000" : 14221312,
            "50.000000" : 14614528,
            "60.000000" : 15138816,
            "70.000000" : 15663104,
            "80.000000" : 17694720,
            "90.000000" : 55836672,
            "95.000000" : 61079552,
            "99.000000" : 81264640,
            "99.500000" : 84410368,
            "99.900000" : 94896128,
            "99.950000" : 98041856,
            "99.990000" : 107479040
          },
          "bins" : {
            "798720" : 1,
            "839680" : 1,
            "946176" : 1,
            "1204224" : 1,
            "1843200" : 1,
            "1859584" : 1,
            "2211840" : 1,
            "2244608" : 1,
            "2572288" : 1,
            "2899968" : 1,
            "2932736" : 1,
            "2965504" : 1,
            "3194880" : 1,
            "3293184" : 1,
            "3325952" : 1,
            "3522560" : 1,
            "3620864" : 1,
            "3653632" : 1,
            "3981312" : 1,
            "4292608" : 1,
            "4358144" : 1,
            "4554752" : 1,
            "4685824" : 1,
            "4882432" : 1,
            "5013504" : 2,
            "5275648" : 1,
            "5341184" : 1,
            "5603328" : 1,
            "5734400" : 1,
            "6127616" : 1,
            "6455296" : 1,
            "6717440" : 1,
            "7110656" : 1,
            "7372800" : 1,
            "7503872" : 1,
            "7569408" : 1,
            "7831552" : 3,
            "7962624" : 2,
            "8159232" : 2,
            "8355840" : 1,
            "8454144" : 9,
            "8585216" : 4,
            "8716288" : 5,
            "8847360" : 9,
            "8978432" : 15,
            "9109504" : 11,
            "9240576" : 21,
            "9371648" : 28,
            "9502720" : 59,
            "9633792" : 56,
            "9764864" : 52,
            "9895936" : 69,
            "10027008" : 85,
            "10158080" : 108,
            "10289152" : 134,
            "10420224" : 152,
            "10551296" : 172,
            "10682368" : 240,
            "10813440" : 279,
            "10944512" : 418,
            "11075584" : 370,
            "11206656" : 578,
            "11337728" : 636,
            "11468800" : 903,
            "11599872" : 1094,
            "11730944" : 1306,
            "11862016" : 1698,
            "11993088" : 1947,
            "12124160" : 2217,
            "12255232" : 2708,
            "12386304" : 3633,
            "12517376" : 5742,
            "12648448" : 12082,
            "12779520" : 25432,
            "12910592" : 51241,
            "13041664" : 86612,
            "13172736" : 120985,
            "13303808" : 147318,
            "13434880" : 160912,
            "13565952" : 164751,
            "13697024" : 170530,
            "13828096" : 175513,
            "13959168" : 175099,
            "14090240" : 166034,
            "14221312" : 154529,
            "14352384" : 139304,
            "14483456" : 129108,
            "14614528" : 122466,
            "14745600" : 116958,
            "14876672" : 105386,
            "15007744" : 93142,
            "15138816" : 84903,
            "15269888" : 83705,
            "15400960" : 84047,
            "15532032" : 81965,
            "15663104" : 72214,
            "15794176" : 61388,
            "15925248" : 50563,
            "16056320" : 41146,
            "16187392" : 33414,
            "16318464" : 27609,
            "16449536" : 23573,
            "16580608" : 21224,
            "16711680" : 20615,
            "16908288" : 39394,
            "17170432" : 30600,
            "17432576" : 18217,
            "17694720" : 10057,
            "17956864" : 5126,
            "18219008" : 3148,
            "18481152" : 1800,
            "18743296" : 1361,
            "19005440" : 1302,
            "19267584" : 1178,
            "19529728" : 952,
            "19791872" : 666,
            "20054016" : 405,
            "20316160" : 262,
            "20578304" : 196,
            "20840448" : 141,
            "21102592" : 126,
            "21364736" : 97,
            "21626880" : 67,
            "21889024" : 84,
            "22151168" : 61,
            "22413312" : 55,
            "22675456" : 61,
            "22937600" : 50,
            "23199744" : 47,
            "23461888" : 55,
            "23724032" : 64,
            "23986176" : 35,
            "24248320" : 39,
            "24510464" : 48,
            "24772608" : 63,
            "25034752" : 53,
            "25296896" : 107,
            "25559040" : 225,
            "25821184" : 352,
            "26083328" : 692,
            "26345472" : 2323,
            "26607616" : 4179,
            "26869760" : 5324,
            "27131904" : 5139,
            "27394048" : 4980,
            "27656192" : 4559,
            "27918336" : 4265,
            "28180480" : 3484,
            "28442624" : 2688,
            "28704768" : 2455,
            "28966912" : 2134,
            "29229056" : 1721,
            "29491200" : 1080,
            "29753344" : 862,
            "30015488" : 617,
            "30277632" : 618,