{
  "fio version" : "fio-3.8",
  "timestamp" : 1535094742,
  "timestamp_ms" : 1535094742957,
  "time" : "Fri Aug 24 07:12:22 2018",
  "jobs" : [
    {
      "jobname" : "wdpc",
      "groupid" : 0,
      "error" : 0,
      "eta" : 0,
      "elapsed" : 61,
      "job options" : {
        "ioengine" : "libaio",
        "group_reporting" : "1",
        "direct" : "1",
        "rw" : "randrw",
        "bs" : "128KB",
        "numjobs" : "2",
        "iodepth" : "16",
        "size" : "75%",
        "name" : "wdpc",
        "random_distribution" : "random",
        "random_generator" : "tausworthe",
        "allrandrepeat" : "1",
        "randseed" : "101",
        "rwmixread" : "0",
        "time_based" : "1",
        "runtime" : "60s",
        "filename" : "/dev/sda"
      },
      "read" : {
        "io_bytes" : 0,
        "io_kbytes" : 0,
        "bw_bytes" : 0,
        "bw" : 0,
        "iops" : 0.000000,
        "runtime" : 0,
        "total_ios" : 0,
        "short_ios" : 0,
        "drop_ios" : 0,
        "slat_ns" : {
          "min" : 0,
          "max" : 0,
          "mean" : 0.000000,
          "stddev" : 0.000000
        },
        "clat_ns" : {
          "min" : 0,
          "max" : 0,
          "mean" : 0.000000,
          "stddev" : 0.000000,
          "percentile" : {
            "1.000000" : 0,
            "5.000000" : 0,
            "10.000000" : 0,
            "20.000000" : 0,
            "30.000000" : 0,
            "40.000000" : 0,
            "50.000000" : 0,
            "60.000000" : 0,
            "70.000000" : 0,
            "80.000000" : 0,
            "90.000000" : 0,
            "95.000000" : 0,
            "99.000000" : 0,
            "99.500000" : 0,
            "99.900000" : 0,
            "99.950000" : 0,
            "99.990000" : 0
          },
          "bins" : {

          }
        },
        "lat_ns" : {
          "min" : 0,
          "max" : 0,
          "mean" : 0.000000,
          "stddev" : 0.000000
        },
        "bw_min" : 0,
        "bw_max" : 0,
        "bw_agg" : 0.000000,
        "bw_mean" : 0.000000,
        "bw_dev" : 0.000000,
        "bw_samples" : 0,
        "iops_min" : 0,
        "iops_max" : 0,
        "iops_mean" : 0.000000,
        "iops_stddev" : 0.000000,
        "iops_samples" : 0
      },
      "write" : {
        "io_bytes" : 15012593664,
        "io_kbytes" : 14660736,
        "bw_bytes" : 250055693,
        "bw" : 244195,
        "iops" : 1907.773540,
        "runtime" : 60037,
        "total_ios" : 114537,
        "short_ios" : 0,
        "drop_ios" : 0,
        "slat_ns" : {
          "min" : 42875,
          "max" : 4988958,
          "mean" : 198623.913844,
          "stddev" : 198129.446792
        },
        "clat_ns" : {
          "min" : 2124209,
          "max" : 72875250,
          "mean" : 16534567.010006,
          "stddev" : 3145207.606498,
          "percentile" : {
            "1.000000" : 13434880,
            "5.000000" : 14221312,
            "10.000000" : 14483456,
            "20.000000" : 15007744,
            "30.000000" : 15400960,
            "40.000000" : 15663104,
            "50.000000" : 16056320,
            "60.000000" : 16449536,
            "70.000000" : 16908288,
            "80.000000" : 17170432,
            "90.000000" : 17956864,
            "95.000000" : 18743296,
            "99.000000" : 32636928,
            "99.500000" : 37486592,
            "99.900000" : 43778048,
            "99.950000" : 54788096,
            "99.990000" : 65273856
          },
          "bins" : {
            "2113536" : 1,
            "4685824" : 1,
            "4751360" : 2,
            "5603328" : 1,
            "5734400" : 1,
            "7569408" : 1,
            "7766016" : 1,
            "7962624" : 1,
            "8093696" : 1,
            "8290304" : 1,
            "9109504" : 1,
            "9502720" : 2,
            "9764864" : 1,
            "9895936" : 1,
            "10027008" : 2,
            "10158080" : 2,
            "10289152" : 1,
            "10420224" : 2,
            "10551296" : 2,
            "10813440" : 8,
            "10944512" : 4,
            "11075584" : 6,
            "11206656" : 8,
            "11337728" : 14,
            "11468800" : 12,
            "11599872" : 27,
            "11730944" : 20,
            "11862016" : 25,
            "11993088" : 14,
            "12124160" : 45,
            "12255232" : 41,
            "12386304" : 36,
            "12517376" : 29,
            "12648448" : 33,
            "12779520" : 56,
            "12910592" : 87,
            "13041664" : 111,
            "13172736" : 134,
            "13303808" : 163,
            "13434880" : 279,
            "13565952" : 380,
            "13697024" : 531,
            "13828096" : 770,
            "13959168" : 1093,
            "14090240" : 1420,
            "14221312" : 1785,
            "14352384" : 2140,
            "14483456" : 2629,
            "14614528" : 2963,
            "14745600" : 3388,
            "14876672" : 3667,
            "15007744" : 3704,
            "15138816" : 3999,
            "15269888" : 4064,
            "15400960" : 4226,
            "15532032" : 4120,
            "15663104" : 4137,
            "15794176" : 4197,
            "15925248" : 4165,
            "16056320" : 4212,
            "16187392" : 4143,
            "16318464" : 4361,
            "16449536" : 4204,
            "16580608" : 3976,
            "16711680" : 3916,
            "16908288" : 7240,
            "17170432" : 5638,
            "17432576" : 4659,
            "17694720" : 3512,
            "17956864" : 2951,
            "18219008" : 2385,
            "18481152" : 1882,
            "18743296" : 1338,
            "19005440" : 873,
            "19267584" : 546,
            "19529728" : 381,
            "19791872" : 257,
            "20054016" : 184,
            "20316160" : 118,
            "20578304" : 82,
            "20840448" : 57,
            "21102592" : 24,
            "21364736" : 17,
            "21626880" : 12,
            "21889024" : 8,
            "22151168" : 6,
            "22413312" : 6,
            "22675456" : 3,
            "22937600" : 10,
            "23199744" : 14,
            "23461888" : 5,
            "23724032" : 8,
            "23986176" : 2,
            "24248320" : 1,
            "24510464" : 1,
            "24772608" : 3,
            "25296896" : 4,
            "25559040" : 7,
            "25821184" : 2,
            "26083328" : 5,
            "26345472" : 8,
            "26607616" : 17,
            "26869760" : 46,
            "27131904" : 61,
            "27394048" : 116,
            "27656192" : 108,
            "27918336" : 92,
            "28180480" : 105,
            "28442624" : 115,
            "28704768" : 93,
            "28966912" : 100,
            "29229056" : 149,
            "29491200" : 118,
            "29753344" : 107,
            "30015488" : 80,
            "30277632" : 78,
            "30539776" : 65,
            "30801920" : 65,
            "31064064" : 58,
            "31326208" : 59,
            "31588352" : 44,
            "31850496" : 40,
            "32112640" : 30,
            "32374784" : 18,
            "32636928" : 19,
            "32899072" : 13,
            "33161216" : 8,
            "33423360" : 9,
            "33816576" : 39,
            "34340864" : 28,
            "34865152" : 44,
            "35389440" : 83,
            "35913728" : 93,
            "36438016" : 104,
            "36962304" : 105,
            "37486592" : 85,
            "38010880" : 105,
            "38535168" : 65,
            "39059456" : 48,
            "39583744" : 42,
            "40108032" : 36,
            "40632320" : 26,
            "41156608" : 25,
            "41680896" : 22,
            "42205184" : 12,
            "42729472" : 11,
            "43253760" : 13,
            "43778048" : 9,
            "44302336" : 4,
            "44826624" : 8,
            "45350912" : 8,
            "45875200" : 3,
            "46399488" : 3,