{
  "fio version" : "fio-3.8",
  "timestamp" : 1535103207,
  "timestamp_ms" : 1535103207834,
  "time" : "Fri Aug 24 09:33:27 2018",
  "jobs" : [
    {
      "jobname" : "wdpc",
      "groupid" : 0,
      "error" : 0,
      "eta" : 0,
      "elapsed" : 61,
      "job options" : {
        "ioengine" : "libaio",
        "group_reporting" : "1",
        "direct" : "1",
        "rw" : "randrw",
        "bs" : "32KB",
        "numjobs" : "2",
        "iodepth" : "16",
        "size" : "75%",
        "name" : "wdpc",
        "random_distribution" : "random",
        "random_generator" : "tausworthe",
        "allrandrepeat" : "1",
        "randseed" : "101",
        "rwmixread" : "0",
        "time_based" : "1",
        "runtime" : "60s",
        "filename" : "/dev/sda"
      },
      "read" : {
        "io_bytes" : 0,
        "io_kbytes" : 0,
        "bw_bytes" : 0,
        "bw" : 0,
        "iops" : 0.000000,
        "runtime" : 0,
        "total_ios" : 0,
        "short_ios" : 0,
        "drop_ios" : 0,
        "slat_ns" : {
          "min" : 0,
          "max" : 0,
          "mean" : 0.000000,
          "stddev" : 0.000000
        },
        "clat_ns" : {
          "min" : 0,
          "max" : 0,
          "mean" : 0.000000,
          "stddev" : 0.000000,
          "percentile" : {
            "1.000000" : 0,
            "5.000000" : 0,
            "10.000000" : 0,
            "20.000000" : 0,
            "30.000000" : 0,
            "40.000000" : 0,
            "50.000000" : 0,
            "60.000000" : 0,
            "70.000000" : 0,
            "80.000000" : 0,
            "90.000000" : 0,
            "95.000000" : 0,
            "99.000000" : 0,
            "99.500000" : 0,
            "99.900000" : 0,
            "99.950000" : 0,
            "99.990000" : 0
          },
          "bins" : {

          }
        },
        "lat_ns" : {
          "min" : 0,
          "max" : 0,
          "mean" : 0.000000,
          "stddev" : 0.000000
        },
        "bw_min" : 0,
        "bw_max" : 0,
        "bw_agg" : 0.000000,
        "bw_mean" : 0.000000,
        "bw_dev" : 0.000000,
        "bw_samples" : 0,
        "iops_min" : 0,
        "iops_max" : 0,
        "iops_mean" : 0.000000,
        "iops_stddev" : 0.000000,
        "iops_samples" : 0
      },
      "write" : {
        "io_bytes" : 10914627584,
        "io_kbytes" : 10658816,
        "bw_bytes" : 181889239,
        "bw" : 177626,
        "iops" : 5550.819071,
        "runtime" : 60007,
        "total_ios" : 333088,
        "short_ios" : 0,
        "drop_ios" : 0,
        "slat_ns" : {
          "min" : 19250,
          "max" : 8607666,
          "mean" : 120778.097839,
          "stddev" : 130426.696753
        },
        "clat_ns" : {
          "min" : 1111250,
          "max" : 50870750,
          "mean" : 5626049.854654,
          "stddev" : 3310039.684370,
          "percentile" : {
            "1.000000" : 2088960,
            "5.000000" : 2637824,
            "10.000000" : 3096576,
            "20.000000" : 3588096,
            "30.000000" : 3850240,
            "40.000000" : 4177920,
            "50.000000" : 4620288,
            "60.000000" : 5079040,
            "70.000000" : 5603328,
            "80.000000" : 6717440,
            "90.000000" : 10420224,
            "95.000000" : 13041664,
            "99.000000" : 16908288,
            "99.500000" : 19529728,
            "99.900000" : 27656192,
            "99.950000" : 35389440,
            "99.990000" : 41680896
          },
          "bins" : {
            "1105920" : 1,
            "1122304" : 7,
            "1138688" : 14,
            "1155072" : 9,
            "1253376" : 1,
            "1286144" : 1,
            "1318912" : 1,
            "1335296" : 2,
            "1368064" : 1,
            "1384448" : 2,
            "1417216" : 1,
            "1433600" : 4,
            "1449984" : 3,
            "1466368" : 4,
            "1482752" : 4,
            "1499136" : 5,
            "1515520" : 3,
            "1531904" : 8,
            "1548288" : 8,
            "1564672" : 4,
            "1581056" : 12,
            "1597440" : 13,
            "1613824" : 22,
            "1630208" : 23,
            "1646592" : 33,
            "1662976" : 47,
            "1679360" : 34,
            "1695744" : 29,
            "1712128" : 29,
            "1728512" : 61,
            "1744896" : 47,
            "1761280" : 29,
            "1777664" : 27,
            "1794048" : 43,
            "1810432" : 43,
            "1826816" : 31,
            "1843200" : 45,
            "1859584" : 61,
            "1875968" : 58,
            "1892352" : 89,
            "1908736" : 81,
            "1925120" : 119,
            "1941504" : 108,
            "1957888" : 135,
            "1974272" : 192,
            "1990656" : 215,
            "2007040" : 268,
            "2023424" : 254,
            "2039808" : 250,
            "2056192" : 311,
            "2072576" : 342,
            "2088960" : 355,
            "2113536" : 690,
            "2146304" : 717,
            "2179072" : 717,
            "2211840" : 776,
            "2244608" : 776,
            "2277376" : 667,
            "2310144" : 723,
            "2342912" : 750,
            "2375680" : 725,
            "2408448" : 692,
            "2441216" : 791,
            "2473984" : 872,
            "2506752" : 1040,
            "2539520" : 1055,
            "2572288" : 1015,
            "2605056" : 1010,
            "2637824" : 935,
            "2670592" : 964,
            "2703360" : 1046,
            "2736128" : 1091,
            "2768896" : 1046,
            "2801664" : 1145,
            "2834432" : 1211,
            "2867200" : 1227,
            "2899968" : 1275,
            "2932736" : 1239,
            "2965504" : 1271,
            "2998272" : 1399,
            "3031040" : 1368,
            "3063808" : 1409,
            "3096576" : 1439,
            "3129344" : 1532,
            "3162112" : 1578,
            "3194880" : 1676,
            "3227648" : 1717,
            "3260416" : 1866,
            "3293184" : 2053,
            "3325952" : 2172,
            "3358720" : 2249,
            "3391488" : 2474,
            "3424256" : 2612,
            "3457024" : 2642,
            "3489792" : 2953,
            "3522560" : 3027,
            "3555328" : 3131,
            "3588096" : 3369,
            "3620864" : 3434,
            "3653632" : 3549,
            "3686400" : 3809,
            "3719168" : 3870,
            "3751936" : 4004,
            "3784704" : 4162,
            "3817472" : 4120,
            "3850240" : 4085,
            "3883008" : 4031,
            "3915776" : 3819,
            "3948544" : 3896,
            "3981312" : 3758,
            "4014080" : 3573,
            "4046848" : 3423,
            "4079616" : 3215,
            "4112384" : 2969,
            "4145152" : 2905,
            "4177920" : 2747,
            "4227072" : 5158,
            "4292608" : 4881,
            "4358144" : 4400,
            "4423680" : 4431,
            "4489216" : 4287,
            "4554752" : 4368,
            "4620288" : 4462,
            "4685824" : 4649,
            "4751360" : 4845,
            "4816896" : 5267,
            "4882432" : 5375,
            "4947968" : 5715,
            "5013504" : 5840,
            "5079040" : 5357,
            "5144576" : 4988,
            "5210112" : 4691,
            "5275648" : 4445,
            "5341184" : 4091,
            "5406720" : 3853,
            "5472256" : 3689,
            "5537792" : 3174,
            "5603328" : 2897,
            "5668864" : 2556,
            "5734400" : 2415,
            "5799936" : 2389,
            "5865472" : 2369,
            "5931008" : 2054,
            "5996544" : 2148,
            "6062080" : 2003,
            "6127616" : 1885,
            "6193152" : 1814,
            "6258688" : 1667,
            "6324224" : 1699,
            "6389760" : 1600,
            "6455296" : 1583,
            "6520832" : 1544,
            "6586368" : 1479,