{
  "fio version" : "fio-3.8",
  "timestamp" : 1535098792,
  "timestamp_ms" : 1535098792713,
  "time" : "Fri Aug 24 08:19:52 2018",
  "jobs" : [
    {
      "jobname" : "wdpc",
      "groupid" : 0,
      "error" : 0,
      "eta" : 0,
      "elapsed" : 61,
      "job options" : {
        "ioengine" : "libaio",
        "group_reporting" : "1",
        "direct" : "1",
        "rw" : "randrw",
        "bs" : "64KB",
        "numjobs" : "2",
        "iodepth" : "16",
        "size" : "75%",
        "name" : "wdpc",
        "random_distribution" : "random",
        "random_generator" : "tausworthe",
        "allrandrepeat" : "1",
        "randseed" : "101",
        "rwmixread" : "0",
        "time_based" : "1",
        "runtime" : "60s",
        "filename" : "/dev/sda"
      },
      "read" : {
        "io_bytes" : 0,
        "io_kbytes" : 0,
        "bw_bytes" : 0,
        "bw" : 0,
        "iops" : 0.000000,
        "runtime" : 0,
        "total_ios" : 0,
        "short_ios" : 0,
        "drop_ios" : 0,
        "slat_ns" : {
          "min" : 0,
          "max" : 0,
          "mean" : 0.000000,
          "stddev" : 0.000000
        },
        "clat_ns" : {
          "min" : 0,
          "max" : 0,
          "mean" : 0.000000,
          "stddev" : 0.000000,
          "percentile" : {
            "1.000000" : 0,
            "5.000000" : 0,
            "10.000000" : 0,
            "20.000000" : 0,
            "30.000000" : 0,
            "40.000000" : 0,
            "50.000000" : 0,
            "60.000000" : 0,
            "70.000000" : 0,
            "80.000000" : 0,
            "90.000000" : 0,
            "95.000000" : 0,
            "99.000000" : 0,
            "99.500000" : 0,
            "99.900000" : 0,
            "99.950000" : 0,
            "99.990000" : 0
          },
          "bins" : {

          }
        },
        "lat_ns" : {
          "min" : 0,
          "max" : 0,
          "mean" : 0.000000,
          "stddev" : 0.000000
        },
        "bw_min" : 0,
        "bw_max" : 0,
        "bw_agg" : 0.000000,
        "bw_mean" : 0.000000,
        "bw_dev" : 0.000000,
        "bw_samples" : 0,
        "iops_min" : 0,
        "iops_max" : 0,
        "iops_mean" : 0.000000,
        "iops_stddev" : 0.000000,
        "iops_samples" : 0
      },
      "write" : {
        "io_bytes" : 12678791168,
        "io_kbytes" : 12381632,
        "bw_bytes" : 211242771,
        "bw" : 206291,
        "iops" : 3223.308897,
        "runtime" : 60020,
        "total_ios" : 193463,
        "short_ios" : 0,
        "drop_ios" : 0,
        "slat_ns" : {
          "min" : 26834,
          "max" : 10346875,
          "mean" : 167181.159405,
          "stddev" : 152544.888443
        },
        "clat_ns" : {
          "min" : 1860542,
          "max" : 62537125,
          "mean" : 9733975.519996,
          "stddev" : 4107012.699790,
          "percentile" : {
            "1.000000" : 6520832,
            "5.000000" : 7110656,
            "10.000000" : 7307264,
            "20.000000" : 7634944,
            "30.000000" : 7831552,
            "40.000000" : 8093696,
            "50.000000" : 8454144,
            "60.000000" : 8847360,
            "70.000000" : 9240576,
            "80.000000" : 9633792,
            "90.000000" : 16187392,
            "95.000000" : 20054016,
            "99.000000" : 24772608,
            "99.500000" : 27656192,
            "99.900000" : 37486592,
            "99.950000" : 41156608,
            "99.990000" : 47972352
          },
          "bins" : {
            "1859584" : 1,
            "1875968" : 2,
            "1925120" : 2,
            "1941504" : 1,
            "1957888" : 2,
            "1990656" : 1,
            "2056192" : 1,
            "2072576" : 1,
            "2113536" : 1,
            "2146304" : 1,
            "2179072" : 1,
            "2441216" : 1,
            "2506752" : 1,
            "2539520" : 1,
            "2572288" : 1,
            "3129344" : 1,
            "3358720" : 1,
            "3457024" : 2,
            "3489792" : 1,
            "3686400" : 1,
            "3883008" : 3,
            "3981312" : 1,
            "4014080" : 2,
            "4079616" : 4,
            "4112384" : 7,
            "4145152" : 7,
            "4177920" : 2,
            "4227072" : 18,
            "4292608" : 27,
            "4358144" : 17,
            "4423680" : 22,
            "4489216" : 14,
            "4554752" : 31,
            "4620288" : 30,
            "4685824" : 20,
            "4751360" : 27,
            "4816896" : 32,
            "4882432" : 25,
            "4947968" : 34,
            "5013504" : 27,
            "5079040" : 38,
            "5144576" : 29,
            "5210112" : 28,
            "5275648" : 24,
            "5341184" : 29,
            "5406720" : 34,
            "5472256" : 33,
            "5537792" : 33,
            "5603328" : 33,
            "5668864" : 35,
            "5734400" : 39,
            "5799936" : 41,
            "5865472" : 51,
            "5931008" : 62,
            "5996544" : 73,
            "6062080" : 72,
            "6127616" : 100,
            "6193152" : 115,
            "6258688" : 114,
            "6324224" : 125,
            "6389760" : 135,
            "6455296" : 167,
            "6520832" : 240,
            "6586368" : 327,
            "6651904" : 379,
            "6717440" : 572,
            "6782976" : 761,
            "6848512" : 931,
            "6914048" : 1168,
            "6979584" : 1502,
            "7045120" : 1818,
            "7110656" : 2151,
            "7176192" : 2502,
            "7241728" : 2746,
            "7307264" : 3365,
            "7372800" : 3572,
            "7438336" : 3851,
            "7503872" : 4102,
            "7569408" : 4557,
            "7634944" : 5009,
            "7700480" : 5626,
            "7766016" : 6243,
            "7831552" : 6130,
            "7897088" : 5649,
            "7962624" : 4909,
            "8028160" : 4259,
            "8093696" : 3777,
            "8159232" : 3607,
            "8224768" : 3389,
            "8290304" : 3337,
            "8355840" : 3188,
            "8454144" : 6381,
            "8585216" : 6155,
            "8716288" : 6297,
            "8847360" : 6555,
            "8978432" : 7713,
            "9109504" : 7606,
            "9240576" : 6824,
            "9371648" : 5864,
            "9502720" : 5381,
            "9633792" : 4757,
            "9764864" : 3789,
            "9895936" : 2922,
            "10027008" : 2245,
            "10158080" : 1617,
            "10289152" : 1131,
            "10420224" : 913,
            "10551296" : 701,
            "10682368" : 629,
            "10813440" : 580,
            "10944512" : 542,
            "11075584" : 477,
            "11206656" : 422,
            "11337728" : 310,
            "11468800" : 240,
            "11599872" : 229,
            "11730944" : 152,
            "11862016" : 127,
            "11993088" : 110,
            "12124160" : 86,
            "12255232" : 96,
            "12386304" : 88,
            "12517376" : 80,
            "12648448" : 71,
            "12779520" : 90,
            "12910592" : 55,
            "13041664" : 68,
            "13172736" : 80,
            "13303808" : 94,
            "13434880" : 78,
            "13565952" : 75,
            "13697024" : 75,
            "13828096" : 62,
            "13959168" : 77,
            "14090240" : 68,
            "14221312" : 52,
            "14352384" : 39,
            "14483456" : 43,
            "14614528" : 37,
            "14745600" : 34,
            "14876672" : 36,
            "15007744" : 41,
            "15138816" : 29,
            "15269888" : 48,
            "15400960" : 56,
            "15532032" : 52,
            "15663104" : 60,
            "15794176" : 65,
            "15925248" : 56,
            "16056320" : 58,
            "16187392" : 51,
            "16318464" : 65,
            "16449536" : 90,
            "16580608" : 101,
            "16711680" : 126,