{
  "fio version" : "fio-3.8",
  "timestamp" : 1535107377,
  "timestamp_ms" : 1535107377554,
  "time" : "Fri Aug 24 10:42:57 2018",
  "jobs" : [
    {
      "jobname" : "wdpc",
      "groupid" : 0,
      "error" : 0,
      "eta" : 0,
      "elapsed" : 61,
      "job options" : {
        "ioengine" : "libaio",
        "group_reporting" : "1",
        "direct" : "1",
        "rw" : "randrw",
        "bs" : "16KB",
        "numjobs" : "2",
        "iodepth" : "16",
        "size" : "75%",
        "name" : "wdpc",
        "random_distribution" : "random",
        "random_generator" : "tausworthe",
        "allrandrepeat" : "1",
        "randseed" : "101",
        "rwmixread" : "0",
        "time_based" : "1",
        "runtime" : "60s",
        "filename" : "/dev/sda"
      },
      "read" : {
        "io_bytes" : 0,
        "io_kbytes" : 0,
        "bw_bytes" : 0,
        "bw" : 0,
        "iops" : 0.000000,
        "runtime" : 0,
        "total_ios" : 0,
        "short_ios" : 0,
        "drop_ios" : 0,
        "slat_ns" : {
          "min" : 0,
          "max" : 0,
          "mean" : 0.000000,
          "stddev" : 0.000000
        },
        "clat_ns" : {
          "min" : 0,
          "max" : 0,
          "mean" : 0.000000,
          "stddev" : 0.000000,
          "percentile" : {
            "1.000000" : 0,
            "5.000000" : 0,
            "10.000000" : 0,
            "20.000000" : 0,
            "30.000000" : 0,
            "40.000000" : 0,
            "50.000000" : 0,
            "60.000000" : 0,
            "70.000000" : 0,
            "80.000000" : 0,
            "90.000000" : 0,
            "95.000000" : 0,
            "99.000000" : 0,
            "99.500000" : 0,
            "99.900000" : 0,
            "99.950000" : 0,
            "99.990000" : 0
          },
          "bins" : {

          }
        },
        "lat_ns" : {
          "min" : 0,
          "max" : 0,
          "mean" : 0.000000,
          "stddev" : 0.000000
        },
        "bw_min" : 0,
        "bw_max" : 0,
        "bw_agg" : 0.000000,
        "bw_mean" : 0.000000,
        "bw_dev" : 0.000000,
        "bw_samples" : 0,
        "iops_min" : 0,
        "iops_max" : 0,
        "iops_mean" : 0.000000,
        "iops_stddev" : 0.000000,
        "iops_samples" : 0
      },
      "write" : {
        "io_bytes" : 11973672960,
        "io_kbytes" : 11693040,
        "bw_bytes" : 199547912,
        "bw" : 194871,
        "iops" : 12179.438037,
        "runtime" : 60004,
        "total_ios" : 730815,
        "short_ios" : 0,
        "drop_ios" : 0,
        "slat_ns" : {
          "min" : 11666,
          "max" : 3659833,
          "mean" : 66692.007761,
          "stddev" : 86945.319914
        },
        "clat_ns" : {
          "min" : 679584,
          "max" : 48857375,
          "mean" : 2549322.902049,
          "stddev" : 1686172.540626,
          "percentile" : {
            "1.000000" : 864256,
            "5.000000" : 946176,
            "10.000000" : 1028096,
            "20.000000" : 1384448,
            "30.000000" : 1794048,
            "40.000000" : 2113536,
            "50.000000" : 2342912,
            "60.000000" : 2572288,
            "70.000000" : 2801664,
            "80.000000" : 3227648,
            "90.000000" : 4145152,
            "95.000000" : 4816896,
            "99.000000" : 8093696,
            "99.500000" : 11206656,
            "99.900000" : 19529728,
            "99.950000" : 20578304,
            "99.990000" : 24772608
          },
          "bins" : {
            "675840" : 1,
            "684032" : 6,
            "692224" : 16,
            "700416" : 51,
            "708608" : 89,
            "716800" : 118,
            "724992" : 161,
            "733184" : 225,
            "741376" : 278,
            "749568" : 308,
            "757760" : 289,
            "765952" : 316,
            "774144" : 267,
            "782336" : 290,
            "790528" : 263,
            "798720" : 362,
            "806912" : 320,
            "815104" : 386,
            "823296" : 423,
            "831488" : 568,
            "839680" : 678,
            "847872" : 871,
            "856064" : 995,
            "864256" : 1303,
            "872448" : 1568,
            "880640" : 1678,
            "888832" : 1980,
            "897024" : 2435,
            "905216" : 2751,
            "913408" : 3303,
            "921600" : 3407,
            "929792" : 3456,
            "937984" : 3485,
            "946176" : 4009,
            "954368" : 4089,
            "962560" : 3987,
            "970752" : 3768,
            "978944" : 3610,
            "987136" : 3627,
            "995328" : 3697,
            "1003520" : 3977,
            "1011712" : 3862,
            "1019904" : 3684,
            "1028096" : 3410,
            "1036288" : 3455,
            "1044480" : 3328,
            "1056768" : 6422,
            "1073152" : 5351,
            "1089536" : 4456,
            "1105920" : 3901,
            "1122304" : 3085,
            "1138688" : 2716,
            "1155072" : 2403,
            "1171456" : 2148,
            "1187840" : 2175,
            "1204224" : 2265,
            "1220608" : 2185,
            "1236992" : 2215,
            "1253376" : 2406,
            "1269760" : 2317,
            "1286144" : 2523,
            "1302528" : 3018,
            "1318912" : 3265,
            "1335296" : 3582,
            "1351680" : 4032,
            "1368064" : 4232,
            "1384448" : 4553,
            "1400832" : 4728,
            "1417216" : 4817,
            "1433600" : 4174,
            "1449984" : 3939,
            "1466368" : 3720,
            "1482752" : 3308,
            "1499136" : 3061,
            "1515520" : 3093,
            "1531904" : 2969,
            "1548288" : 3093,
            "1564672" : 3189,
            "1581056" : 2980,
            "1597440" : 2704,
            "1613824" : 2342,
            "1630208" : 1966,
            "1646592" : 1732,
            "1662976" : 1739,
            "1679360" : 1688,
            "1695744" : 1816,
            "1712128" : 1797,
            "1728512" : 2006,
            "1744896" : 2097,
            "1761280" : 2267,
            "1777664" : 2497,
            "1794048" : 2806,
            "1810432" : 2847,
            "1826816" : 3116,
            "1843200" : 3248,
            "1859584" : 3489,
            "1875968" : 3517,
            "1892352" : 3667,
            "1908736" : 3611,
            "1925120" : 3866,
            "1941504" : 3948,
            "1957888" : 3901,
            "1974272" : 3962,
            "1990656" : 4019,
            "2007040" : 4059,
            "2023424" : 4339,
            "2039808" : 4107,
            "2056192" : 4242,
            "2072576" : 4366,
            "2088960" : 4282,
            "2113536" : 8703,
            "2146304" : 9242,
            "2179072" : 9815,
            "2211840" : 10370,
            "2244608" : 10742,
            "2277376" : 10975,
            "2310144" : 10857,
            "2342912" : 10688,
            "2375680" : 10732,
            "2408448" : 10623,
            "2441216" : 10441,
            "2473984" : 10315,
            "2506752" : 10424,
            "2539520" : 10740,
            "2572288" : 10464,
            "2605056" : 10877,
            "2637824" : 11041,
            "2670592" : 10859,
            "2703360" : 10284,
            "2736128" : 9965,
            "2768896" : 9515,
            "2801664" : 8880,
            "2834432" : 8362,
            "2867200" : 7795,
            "2899968" : 7145,
            "2932736" : 6492,
            "2965504" : 5975,
            "2998272" : 5561,
            "3031040" : 5189,
            "3063808" : 4988,
            "3096576" : 4542,
            "3129344" : 4189,
            "3162112" : 3842,
            "3194880" : 3663,
            "3227648" : 3520,
            "3260416" : 3321,
            "3293184" : 3100,
            "3325952" : 3088,
            "3358720" : 2930,
            "3391488" : 2943,
            "3424256" : 2832,