{
  "fio version" : "fio-3.8",
  "timestamp" : 1535110491,
  "timestamp_ms" : 1535110491098,
  "time" : "Fri Aug 24 11:34:51 2018",
  "jobs" : [
    {
      "jobname" : "wdpc",
      "groupid" : 0,
      "error" : 0,
      "eta" : 0,
      "elapsed" : 61,
      "job options" : {
        "ioengine" : "libaio",
        "group_reporting" : "1",
        "direct" : "1",
        "rw" : "randrw",
        "bs" : "8KB",
        "numjobs" : "2",
        "iodepth" : "16",
        "size" : "75%",
        "name" : "wdpc",
        "random_distribution" : "random",
        "random_generator" : "tausworthe",
        "allrandrepeat" : "1",
        "randseed" : "101",
        "rwmixread" : "0",
        "time_based" : "1",
        "runtime" : "60s",
        "filename" : "/dev/sda"
      },
      "read" : {
        "io_bytes" : 0,
        "io_kbytes" : 0,
        "bw_bytes" : 0,
        "bw" : 0,
        "iops" : 0.000000,
        "runtime" : 0,
        "total_ios" : 0,
        "short_ios" : 0,
        "drop_ios" : 0,
        "slat_ns" : {
          "min" : 0,
          "max" : 0,
          "mean" : 0.000000,
          "stddev" : 0.000000
        },
        "clat_ns" : {
          "min" : 0,
          "max" : 0,
          "mean" : 0.000000,
          "stddev" : 0.000000,
          "percentile" : {
            "1.000000" : 0,
            "5.000000" : 0,
            "10.000000" : 0,
            "20.000000" : 0,
            "30.000000" : 0,
            "40.000000" : 0,
            "50.000000" : 0,
            "60.000000" : 0,
            "70.000000" : 0,
            "80.000000" : 0,
            "90.000000" : 0,
            "95.000000" : 0,
            "99.000000" : 0,
            "99.500000" : 0,
            "99.900000" : 0,
            "99.950000" : 0,
            "99.990000" : 0
          },
          "bins" : {

          }
        },
        "lat_ns" : {
          "min" : 0,
          "max" : 0,
          "mean" : 0.000000,
          "stddev" : 0.000000
        },
        "bw_min" : 0,
        "bw_max" : 0,
        "bw_agg" : 0.000000,
        "bw_mean" : 0.000000,
        "bw_dev" : 0.000000,
        "bw_samples" : 0,
        "iops_min" : 0,
        "iops_max" : 0,
        "iops_mean" : 0.000000,
        "iops_stddev" : 0.000000,
        "iops_samples" : 0
      },
      "write" : {
        "io_bytes" : 8810422272,
        "io_kbytes" : 8603928,
        "bw_bytes" : 146833029,
        "bw" : 143391,
        "iops" : 17923.953802,
        "runtime" : 60003,
        "total_ios" : 1075491,
        "short_ios" : 0,
        "drop_ios" : 0,
        "slat_ns" : {
          "min" : 10208,
          "max" : 7877625,
          "mean" : 54396.434032,
          "stddev" : 58381.335665
        },
        "clat_ns" : {
          "min" : 114042,
          "max" : 54644166,
          "mean" : 1718690.177775,
          "stddev" : 1180595.981558,
          "percentile" : {
            "1.000000" : 593920,
            "5.000000" : 626688,
            "10.000000" : 684032,
            "20.000000" : 1138688,
            "30.000000" : 1220608,
            "40.000000" : 1318912,
            "50.000000" : 1531904,
            "60.000000" : 1777664,
            "70.000000" : 1990656,
            "80.000000" : 2179072,
            "90.000000" : 2441216,
            "95.000000" : 3031040,
            "99.000000" : 5537792,
            "99.500000" : 6520832,
            "99.900000" : 16908288,
            "99.950000" : 21102592,
            "99.990000" : 29491200
          },
          "bins" : {
            "114176" : 1,
            "183296" : 1,
            "261120" : 1,
            "321536" : 1,
            "387072" : 1,
            "456704" : 2,
            "481280" : 1,
            "493568" : 1,
            "497664" : 1,
            "501760" : 1,
            "505856" : 2,
            "509952" : 3,
            "514048" : 3,
            "518144" : 2,
            "522240" : 3,
            "528384" : 14,
            "536576" : 52,
            "544768" : 137,
            "552960" : 363,
            "561152" : 568,
            "569344" : 1001,
            "577536" : 1829,
            "585728" : 3468,
            "593920" : 5916,
            "602112" : 8858,
            "610304" : 11365,
            "618496" : 13743,
            "626688" : 14630,
            "634880" : 13276,
            "643072" : 10742,
            "651264" : 7748,
            "659456" : 5904,
            "667648" : 4053,
            "675840" : 2969,
            "684032" : 2274,
            "692224" : 1833,
            "700416" : 1470,
            "708608" : 1341,
            "716800" : 1201,
            "724992" : 1168,
            "733184" : 1072,
            "741376" : 1042,
            "749568" : 887,
            "757760" : 899,
            "765952" : 867,
            "774144" : 809,
            "782336" : 876,
            "790528" : 818,
            "798720" : 876,
            "806912" : 829,
            "815104" : 773,
            "823296" : 791,
            "831488" : 714,
            "839680" : 666,
            "847872" : 760,
            "856064" : 717,
            "864256" : 688,
            "872448" : 669,
            "880640" : 717,
            "888832" : 685,
            "897024" : 688,
            "905216" : 717,
            "913408" : 677,
            "921600" : 765,
            "929792" : 777,
            "937984" : 747,
            "946176" : 817,
            "954368" : 797,
            "962560" : 894,
            "970752" : 1013,
            "978944" : 1035,
            "987136" : 1121,
            "995328" : 1114,
            "1003520" : 1131,
            "1011712" : 1077,
            "1019904" : 1155,
            "1028096" : 1152,
            "1036288" : 1240,
            "1044480" : 1255,
            "1056768" : 3560,
            "1073152" : 7191,
            "1089536" : 13275,
            "1105920" : 18381,
            "1122304" : 20051,
            "1138688" : 20652,
            "1155072" : 20344,
            "1171456" : 21247,
            "1187840" : 22369,
            "1204224" : 22524,
            "1220608" : 22473,
            "1236992" : 20778,
            "1253376" : 19017,
            "1269760" : 17206,
            "1286144" : 15626,
            "1302528" : 13562,
            "1318912" : 12196,
            "1335296" : 10349,
            "1351680" : 8932,
            "1368064" : 8025,
            "1384448" : 7456,
            "1400832" : 7020,
            "1417216" : 7109,
            "1433600" : 7236,
            "1449984" : 7425,
            "1466368" : 7750,
            "1482752" : 7997,
            "1499136" : 8357,
            "1515520" : 8964,
            "1531904" : 9008,
            "1548288" : 8770,
            "1564672" : 8607,
            "1581056" : 8329,
            "1597440" : 7927,
            "1613824" : 7151,
            "1630208" : 7035,
            "1646592" : 6617,
            "1662976" : 6047,
            "1679360" : 5892,
            "1695744" : 5703,
            "1712128" : 5381,
            "1728512" : 5567,
            "1744896" : 5782,
            "1761280" : 5689,
            "1777664" : 6093,
            "1794048" : 6429,
            "1810432" : 6734,
            "1826816" : 6834,
            "1843200" : 7144,
            "1859584" : 7469,
            "1875968" : 7780,
            "1892352" : 8417,
            "1908736" : 8350,
            "1925120" : 9098,
            "1941504" : 9534,
            "1957888" : 10014,
            "1974272" : 10263,
            "1990656" : 10478,
            "2007040" : 11023,
            "2023424" : 10987,
            "2039808" : 10765,
            "2056192" : 10982,
            "2072576" : 11078,
            "2088960" : 10658,
            "2113536" : 20334,
            "2146304" : 18701,
            "2179072" : 17194,
            "2211840" : 15566,
            "2244608" : 13693,
            "2277376" : 12848,
            "2310144" : 11708,
            "2342912" : 11058,
            "2375680" : 9920,
            "2408448" : 8945,