{
  "fio version" : "fio-3.8",
  "timestamp" : 1535103141,
  "timestamp_ms" : 1535103141019,
  "time" : "Fri Aug 24 09:32:21 2018",
  "jobs" : [
    {
      "jobname" : "wdpc",
      "groupid" : 0,
      "error" : 0,
      "eta" : 0,
      "elapsed" : 61,
      "job options" : {
        "ioengine" : "libaio",
        "group_reporting" : "1",
        "direct" : "1",
        "rw" : "randrw",
        "bs" : "32KB",
        "numjobs" : "2",
        "iodepth" : "16",
        "size" : "75%",
        "name" : "wdpc",
        "random_distribution" : "random",
        "random_generator" : "tausworthe",
        "allrandrepeat" : "1",
        "randseed" : "101",
        "rwmixread" : "0",
        "time_based" : "1",
        "runtime" : "60s",
        "filename" : "/dev/sda"
      },
      "read" : {
        "io_bytes" : 0,
        "io_kbytes" : 0,
        "bw_bytes" : 0,
        "bw" : 0,
        "iops" : 0.000000,
        "runtime" : 0,
        "total_ios" : 0,
        "short_ios" : 0,
        "drop_ios" : 0,
        "slat_ns" : {
          "min" : 0,
          "max" : 0,
          "mean" : 0.000000,
          "stddev" : 0.000000
        },
        "clat_ns" : {
          "min" : 0,
          "max" : 0,
          "mean" : 0.000000,
          "stddev" : 0.000000,
          "percentile" : {
            "1.000000" : 0,
            "5.000000" : 0,
            "10.000000" : 0,
            "20.000000" : 0,
            "30.000000" : 0,
            "40.000000" : 0,
            "50.000000" : 0,
            "60.000000" : 0,
            "70.000000" : 0,
            "80.000000" : 0,
            "90.000000" : 0,
            "95.000000" : 0,
            "99.000000" : 0,
            "99.500000" : 0,
            "99.900000" : 0,
            "99.950000" : 0,
            "99.990000" : 0
          },
          "bins" : {

          }
        },
        "lat_ns" : {
          "min" : 0,
          "max" : 0,
          "mean" : 0.000000,
          "stddev" : 0.000000
        },
        "bw_min" : 0,
        "bw_max" : 0,
        "bw_agg" : 0.000000,
        "bw_mean" : 0.000000,
        "bw_dev" : 0.000000,
        "bw_samples" : 0,
        "iops_min" : 0,
        "iops_max" : 0,
        "iops_mean" : 0.000000,
        "iops_stddev" : 0.000000,
        "iops_samples" : 0
      },
      "write" : {
        "io_bytes" : 9403662336,
        "io_kbytes" : 9183264,
        "bw_bytes" : 156706811,
        "bw" : 153033,
        "iops" : 4782.312358,
        "runtime" : 60008,
        "total_ios" : 286977,
        "short_ios" : 0,
        "drop_ios" : 0,
        "slat_ns" : {
          "min" : 19250,
          "max" : 10409875,
          "mean" : 99132.599243,
          "stddev" : 138258.065772
        },
        "clat_ns" : {
          "min" : 1319500,
          "max" : 57788792,
          "mean" : 6573543.476634,
          "stddev" : 3695377.109480,
          "percentile" : {
            "1.000000" : 2375680,
            "5.000000" : 2998272,
            "10.000000" : 3391488,
            "20.000000" : 3883008,
            "30.000000" : 4227072,
            "40.000000" : 4685824,
            "50.000000" : 5210112,
            "60.000000" : 5734400,
            "70.000000" : 7110656,
            "80.000000" : 9633792,
            "90.000000" : 12124160,
            "95.000000" : 13828096,
            "99.000000" : 17170432,
            "99.500000" : 19005440,
            "99.900000" : 33816576,
            "99.950000" : 40108032,
            "99.990000" : 46399488
          },
          "bins" : {
            "1318912" : 2,
            "1335296" : 1,
            "1384448" : 3,
            "1400832" : 3,
            "1417216" : 1,
            "1449984" : 1,
            "1482752" : 2,
            "1515520" : 1,
            "1531904" : 1,
            "1548288" : 1,
            "1581056" : 2,
            "1630208" : 2,
            "1646592" : 3,
            "1662976" : 4,
            "1679360" : 9,
            "1695744" : 7,
            "1712128" : 6,
            "1728512" : 11,
            "1744896" : 14,
            "1761280" : 11,
            "1777664" : 16,
            "1794048" : 10,
            "1810432" : 9,
            "1826816" : 7,
            "1843200" : 20,
            "1859584" : 11,
            "1875968" : 18,
            "1892352" : 28,
            "1908736" : 46,
            "1925120" : 43,
            "1941504" : 44,
            "1957888" : 54,
            "1974272" : 61,
            "1990656" : 64,
            "2007040" : 65,
            "2023424" : 71,
            "2039808" : 61,
            "2056192" : 77,
            "2072576" : 91,
            "2088960" : 93,
            "2113536" : 207,
            "2146304" : 164,
            "2179072" : 206,
            "2211840" : 227,
            "2244608" : 224,
            "2277376" : 215,
            "2310144" : 214,
            "2342912" : 213,
            "2375680" : 243,
            "2408448" : 262,
            "2441216" : 270,
            "2473984" : 254,
            "2506752" : 314,
            "2539520" : 353,
            "2572288" : 365,
            "2605056" : 324,
            "2637824" : 274,
            "2670592" : 327,
            "2703360" : 318,
            "2736128" : 372,
            "2768896" : 364,
            "2801664" : 399,
            "2834432" : 563,
            "2867200" : 703,
            "2899968" : 1123,
            "2932736" : 1460,
            "2965504" : 2109,
            "2998272" : 2342,
            "3031040" : 2279,
            "3063808" : 1791,
            "3096576" : 1398,
            "3129344" : 1127,
            "3162112" : 959,
            "3194880" : 902,
            "3227648" : 840,
            "3260416" : 921,
            "3293184" : 913,
            "3325952" : 963,
            "3358720" : 972,
            "3391488" : 1076,
            "3424256" : 1138,
            "3457024" : 1318,
            "3489792" : 1443,
            "3522560" : 1447,
            "3555328" : 1561,
            "3588096" : 1634,
            "3620864" : 1701,
            "3653632" : 1919,
            "3686400" : 2146,
            "3719168" : 2363,
            "3751936" : 2702,
            "3784704" : 2735,
            "3817472" : 2801,
            "3850240" : 2727,
            "3883008" : 2724,
            "3915776" : 2663,
            "3948544" : 2562,
            "3981312" : 2547,
            "4014080" : 2457,
            "4046848" : 2324,
            "4079616" : 2287,
            "4112384" : 2347,
            "4145152" : 2470,
            "4177920" : 2567,
            "4227072" : 5811,
            "4292608" : 5654,
            "4358144" : 5096,
            "4423680" : 4029,
            "4489216" : 3321,
            "4554752" : 3115,
            "4620288" : 2903,
            "4685824" : 3034,
            "4751360" : 2823,
            "4816896" : 2990,
            "4882432" : 3341,
            "4947968" : 3678,
            "5013504" : 4160,
            "5079040" : 4280,
            "5144576" : 4425,
            "5210112" : 4502,
            "5275648" : 4326,
            "5341184" : 4065,
            "5406720" : 3818,
            "5472256" : 3615,
            "5537792" : 3715,
            "5603328" : 3441,
            "5668864" : 2952,
            "5734400" : 2453,
            "5799936" : 2129,
            "5865472" : 1853,
            "5931008" : 1722,
            "5996544" : 1597,
            "6062080" : 1440,
            "6127616" : 1286,
            "6193152" : 1234,
            "6258688" : 1237,
            "6324224" : 1130,
            "6389760" : 1253,
            "6455296" : 1176,
            "6520832" : 1187,
            "6586368" : 1225,
            "6651904" : 1130,
            "6717440" : 1165,
            "6782976" : 1139,
            "6848512" : 1215,
            "6914048" : 1138,
            "6979584" : 1083,
            "7045120" : 1123,
            "7110656" : 1012,
            "7176192" : 989,
            "7241728" : 1097,
            "7307264" : 904,
            "7372800" : 792,