{
  "fio version" : "fio-3.8",
  "timestamp" : 1535098659,
  "timestamp_ms" : 1535098659617,
  "time" : "Fri Aug 24 08:17:39 2018",
  "jobs" : [
    {
      "jobname" : "wdpc",
      "groupid" : 0,
      "error" : 0,
      "eta" : 0,
      "elapsed" : 61,
      "job options" : {
        "ioengine" : "libaio",
        "group_reporting" : "1",
        "direct" : "1",
        "rw" : "randrw",
        "bs" : "64KB",
        "numjobs" : "2",
        "iodepth" : "16",
        "size" : "75%",
        "name" : "wdpc",
        "random_distribution" : "random",
        "random_generator" : "tausworthe",
        "allrandrepeat" : "1",
        "randseed" : "101",
        "rwmixread" : "0",
        "time_based" : "1",
        "runtime" : "60s",
        "filename" : "/dev/sda"
      },
      "read" : {
        "io_bytes" : 0,
        "io_kbytes" : 0,
        "bw_bytes" : 0,
        "bw" : 0,
        "iops" : 0.000000,
        "runtime" : 0,
        "total_ios" : 0,
        "short_ios" : 0,
        "drop_ios" : 0,
        "slat_ns" : {
          "min" : 0,
          "max" : 0,
          "mean" : 0.000000,
          "stddev" : 0.000000
        },
        "clat_ns" : {
          "min" : 0,
          "max" : 0,
          "mean" : 0.000000,
          "stddev" : 0.000000,
          "percentile" : {
            "1.000000" : 0,
            "5.000000" : 0,
            "10.000000" : 0,
            "20.000000" : 0,
            "30.000000" : 0,
            "40.000000" : 0,
            "50.000000" : 0,
            "60.000000" : 0,
            "70.000000" : 0,
            "80.000000" : 0,
            "90.000000" : 0,
            "95.000000" : 0,
            "99.000000" : 0,
            "99.500000" : 0,
            "99.900000" : 0,
            "99.950000" : 0,
            "99.990000" : 0
          },
          "bins" : {

          }
        },
        "lat_ns" : {
          "min" : 0,
          "max" : 0,
          "mean" : 0.000000,
          "stddev" : 0.000000
        },
        "bw_min" : 0,
        "bw_max" : 0,
        "bw_agg" : 0.000000,
        "bw_mean" : 0.000000,
        "bw_dev" : 0.000000,
        "bw_samples" : 0,
        "iops_min" : 0,
        "iops_max" : 0,
        "iops_mean" : 0.000000,
        "iops_stddev" : 0.000000,
        "iops_samples" : 0
      },
      "write" : {
        "io_bytes" : 13975420928,
        "io_kbytes" : 13647872,
        "bw_bytes" : 232846066,
        "bw" : 227388,
        "iops" : 3552.949017,
        "runtime" : 60020,
        "total_ios" : 213248,
        "short_ios" : 0,
        "drop_ios" : 0,
        "slat_ns" : {
          "min" : 22166,
          "max" : 10224959,
          "mean" : 174026.590871,
          "stddev" : 154655.371706
        },
        "clat_ns" : {
          "min" : 1900208,
          "max" : 64903125,
          "mean" : 8806400.336472,
          "stddev" : 2717272.301953,
          "percentile" : {
            "1.000000" : 6455296,
            "5.000000" : 7045120,
            "10.000000" : 7241728,
            "20.000000" : 7569408,
            "30.000000" : 7766016,
            "40.000000" : 7962624,
            "50.000000" : 8290304,
            "60.000000" : 8585216,
            "70.000000" : 8978432,
            "80.000000" : 9371648,
            "90.000000" : 9764864,
            "95.000000" : 10682368,
            "99.000000" : 22675456,
            "99.500000" : 24772608,
            "99.900000" : 32899072,
            "99.950000" : 35913728,
            "99.990000" : 50593792
          },
          "bins" : {
            "1892352" : 1,
            "1908736" : 1,
            "1941504" : 1,
            "1957888" : 1,
            "1974272" : 1,
            "2007040" : 1,
            "2072576" : 1,
            "2088960" : 2,
            "2113536" : 1,
            "2146304" : 4,
            "2179072" : 3,
            "2375680" : 1,
            "2670592" : 1,
            "2998272" : 1,
            "3293184" : 1,
            "3358720" : 2,
            "3391488" : 2,
            "3424256" : 1,
            "3457024" : 1,
            "3555328" : 1,
            "3784704" : 1,
            "3817472" : 2,
            "3850240" : 1,
            "3915776" : 1,
            "3948544" : 3,
            "3981312" : 3,
            "4014080" : 1,
            "4046848" : 4,
            "4079616" : 3,
            "4112384" : 3,
            "4145152" : 4,
            "4177920" : 7,
            "4227072" : 17,
            "4292608" : 11,
            "4358144" : 14,
            "4423680" : 24,
            "4489216" : 39,
            "4554752" : 30,
            "4620288" : 26,
            "4685824" : 19,
            "4751360" : 30,
            "4816896" : 44,
            "4882432" : 41,
            "4947968" : 41,
            "5013504" : 34,
            "5079040" : 38,
            "5144576" : 44,
            "5210112" : 55,
            "5275648" : 38,
            "5341184" : 26,
            "5406720" : 38,
            "5472256" : 27,
            "5537792" : 34,
            "5603328" : 27,
            "5668864" : 27,
            "5734400" : 48,
            "5799936" : 48,
            "5865472" : 72,
            "5931008" : 83,
            "5996544" : 80,
            "6062080" : 95,
            "6127616" : 110,
            "6193152" : 153,
            "6258688" : 156,
            "6324224" : 159,
            "6389760" : 188,
            "6455296" : 235,
            "6520832" : 300,
            "6586368" : 415,
            "6651904" : 548,
            "6717440" : 701,
            "6782976" : 917,
            "6848512" : 1297,
            "6914048" : 1519,
            "6979584" : 1889,
            "7045120" : 2225,
            "7110656" : 2737,
            "7176192" : 3189,
            "7241728" : 3598,
            "7307264" : 4207,
            "7372800" : 4653,
            "7438336" : 5050,
            "7503872" : 5337,
            "7569408" : 6000,
            "7634944" : 6620,
            "7700480" : 7501,
            "7766016" : 7374,
            "7831552" : 7395,
            "7897088" : 6578,
            "7962624" : 5947,
            "8028160" : 5267,
            "8093696" : 4620,
            "8159232" : 4290,
            "8224768" : 3985,
            "8290304" : 3827,
            "8355840" : 3741,
            "8454144" : 7095,
            "8585216" : 7056,
            "8716288" : 7281,
            "8847360" : 7742,
            "8978432" : 8967,
            "9109504" : 8915,
            "9240576" : 7985,
            "9371648" : 6890,
            "9502720" : 6312,
            "9633792" : 5314,
            "9764864" : 4446,
            "9895936" : 3318,
            "10027008" : 2467,
            "10158080" : 1647,
            "10289152" : 1203,
            "10420224" : 936,
            "10551296" : 735,
            "10682368" : 673,
            "10813440" : 570,
            "10944512" : 548,
            "11075584" : 438,
            "11206656" : 399,
            "11337728" : 325,
            "11468800" : 263,
            "11599872" : 203,
            "11730944" : 118,
            "11862016" : 76,
            "11993088" : 58,
            "12124160" : 55,
            "12255232" : 41,
            "12386304" : 26,
            "12517376" : 28,
            "12648448" : 28,
            "12779520" : 26,
            "12910592" : 29,
            "13041664" : 18,
            "13172736" : 20,
            "13303808" : 16,
            "13434880" : 15,
            "13565952" : 15,
            "13697024" : 17,
            "13828096" : 17,
            "13959168" : 23,
            "14090240" : 18,
            "14221312" : 11,
            "14352384" : 10,
            "14483456" : 16,
            "14614528" : 10,
            "14745600" : 27,
            "14876672" : 18,
            "15007744" : 13,
            "15138816" : 18,
            "15269888" : 18,
            "15400960" : 22,
            "15532032" : 24,
            "15663104" : 17,
            "15794176" : 22,
            "15925248" : 31,
            "16056320" : 25,