{
  "fio version" : "fio-3.8",
  "timestamp" : 1535092084,
  "timestamp_ms" : 1535092084857,
  "time" : "Fri Aug 24 06:28:04 2018",
  "jobs" : [
    {
      "jobname" : "wdpc",
      "groupid" : 0,
      "error" : 0,
      "eta" : 0,
      "elapsed" : 61,
      "job options" : {
        "ioengine" : "libaio",
        "group_reporting" : "1",
        "direct" : "1",
        "rw" : "randrw",
        "bs" : "1024KB",
        "numjobs" : "2",
        "iodepth" : "16",
        "size" : "75%",
        "name" : "wdpc",
        "random_distribution" : "random",
        "random_generator" : "tausworthe",
        "allrandrepeat" : "1",
        "randseed" : "101",
        "rwmixread" : "0",
        "time_based" : "1",
        "runtime" : "60s",
        "filename" : "/dev/sda"
      },
      "read" : {
        "io_bytes" : 0,
        "io_kbytes" : 0,
        "bw_bytes" : 0,
        "bw" : 0,
        "iops" : 0.000000,
        "runtime" : 0,
        "total_ios" : 0,
        "short_ios" : 0,
        "drop_ios" : 0,
        "slat_ns" : {
          "min" : 0,
          "max" : 0,
          "mean" : 0.000000,
          "stddev" : 0.000000
        },
        "clat_ns" : {
          "min" : 0,
          "max" : 0,
          "mean" : 0.000000,
          "stddev" : 0.000000,
          "percentile" : {
            "1.000000" : 0,
            "5.000000" : 0,
            "10.000000" : 0,
            "20.000000" : 0,
            "30.000000" : 0,
            "40.000000" : 0,
            "50.000000" : 0,
            "60.000000" : 0,
            "70.000000" : 0,
            "80.000000" : 0,
            "90.000000" : 0,
            "95.000000" : 0,
            "99.000000" : 0,
            "99.500000" : 0,
            "99.900000" : 0,
            "99.950000" : 0,
            "99.990000" : 0
          },
          "bins" : {

          }
        },
        "lat_ns" : {
          "min" : 0,
          "max" : 0,
          "mean" : 0.000000,
          "stddev" : 0.000000
        },
        "bw_min" : 0,
        "bw_max" : 0,
        "bw_agg" : 0.000000,
        "bw_mean" : 0.000000,
        "bw_dev" : 0.000000,
        "bw_samples" : 0,
        "iops_min" : 0,
        "iops_max" : 0,
        "iops_mean" : 0.000000,
        "iops_stddev" : 0.000000,
        "iops_samples" : 0
      },
      "write" : {
        "io_bytes" : 17497587712,
        "io_kbytes" : 17087488,
        "bw_bytes" : 291058897,
        "bw" : 284237,
        "iops" : 277.575395,
        "runtime" : 60117,
        "total_ios" : 16687,
        "short_ios" : 0,
        "drop_ios" : 0,
        "slat_ns" : {
          "min" : 272708,
          "max" : 11216333,
          "mean" : 822275.433631,
          "stddev" : 318122.127795
        },
        "clat_ns" : {
          "min" : 12697125,
          "max" : 452498958,
          "mean" : 114375359.415174,
          "stddev" : 40801580.226697,
          "percentile" : {
            "1.000000" : 58982400,
            "5.000000" : 64225280,
            "10.000000" : 69730304,
            "20.000000" : 79167488,
            "30.000000" : 89653248,
            "40.000000" : 100139008,
            "50.000000" : 109576192,
            "60.000000" : 120061952,
            "70.000000" : 130547712,
            "80.000000" : 141557760,
            "90.000000" : 158334976,
            "95.000000" : 175112192,
            "99.000000" : 270532608,
            "99.500000" : 308281344,
            "99.900000" : 367001600,
            "99.950000" : 392167424,
            "99.990000" : 446693376
          },
          "bins" : {
            "12648448" : 2,
            "13041664" : 1,
            "13565952" : 1,
            "14090240" : 1,
            "17694720" : 1,
            "19267584" : 1,
            "22937600" : 1,
            "24510464" : 1,
            "28180480" : 1,
            "29491200" : 1,
            "35389440" : 1,
            "35913728" : 1,
            "40632320" : 1,
            "43778048" : 1,
            "46923776" : 1,
            "50593792" : 1,
            "53215232" : 1,
            "54263808" : 1,
            "54788096" : 2,
            "55312384" : 3,
            "55836672" : 4,
            "56360960" : 14,
            "56885248" : 14,
            "57409536" : 22,
            "57933824" : 31,
            "58458112" : 39,
            "58982400" : 39,
            "59506688" : 37,
            "60030976" : 53,
            "60555264" : 68,
            "61079552" : 65,
            "61603840" : 60,
            "62128128" : 72,
            "62652416" : 78,
            "63176704" : 71,
            "63700992" : 79,
            "64225280" : 96,
            "64749568" : 95,
            "65273856" : 77,
            "65798144" : 92,
            "66322432" : 89,
            "66846720" : 58,
            "67633152" : 190,
            "68681728" : 174,
            "69730304" : 170,
            "70778880" : 167,
            "71827456" : 151,
            "72876032" : 205,
            "73924608" : 177,
            "74973184" : 179,
            "76021760" : 152,
            "77070336" : 191,
            "78118912" : 163,
            "79167488" : 187,
            "80216064" : 169,
            "81264640" : 181,
            "82313216" : 161,
            "83361792" : 174,
            "84410368" : 162,
            "85458944" : 189,
            "86507520" : 156,
            "87556096" : 160,
            "88604672" : 189,
            "89653248" : 174,
            "90701824" : 176,
            "91750400" : 151,
            "92798976" : 185,
            "93847552" : 164,
            "94896128" : 186,
            "95944704" : 192,
            "96993280" : 154,
            "98041856" : 189,
            "99090432" : 163,
            "100139008" : 164,
            "101187584" : 182,
            "102236160" : 178,
            "103284736" : 165,
            "104333312" : 177,
            "105381888" : 167,
            "106430464" : 176,
            "107479040" : 166,
            "108527616" : 171,
            "109576192" : 169,
            "110624768" : 173,
            "111673344" : 166,
            "112721920" : 186,
            "113770496" : 176,
            "114819072" : 166,
            "115867648" : 182,
            "116916224" : 177,
            "117964800" : 192,
            "119013376" : 150,
            "120061952" : 181,
            "121110528" : 170,
            "122159104" : 169,
            "123207680" : 167,
            "124256256" : 195,
            "125304832" : 171,
            "126353408" : 192,
            "127401984" : 171,
            "128450560" : 160,
            "129499136" : 157,
            "130547712" : 152,
            "131596288" : 151,
            "132644864" : 161,
            "133693440" : 135,
            "135266304" : 343,
            "137363456" : 279,
            "139460608" : 276,
            "141557760" : 296,
            "143654912" : 273,
            "145752064" : 244,
            "147849216" : 237,
            "149946368" : 226,
            "152043520" : 193,
            "154140672" : 185,
            "156237824" : 182,
            "158334976" : 147,
            "160432128" : 130,
            "162529280" : 128,
            "164626432" : 86,
            "166723584" : 88,
            "168820736" : 79,
            "170917888" : 75,
            "173015040" : 72,
            "175112192" : 49,
            "177209344" : 54,
            "179306496" : 39,
            "181403648" : 35,
            "183500800" : 36,
            "185597952" : 35,
            "187695104" : 27,
            "189792256" : 19,
            "191889408" : 14,
            "193986560" : 22,
            "196083712" : 18,
            "198180864" : 18,
            "200278016" : 12,
            "202375168" : 17,
            "204472320" : 20,
            "206569472" : 15,
            "208666624" : 7,
            "210763776" : 13,
            "212860928" : 18,
            "214958080" : 15,
            "217055232" : 14,
            "219152384" : 10,
            "221249536" : 12,