{
  "fio version" : "fio-3.8",
  "timestamp" : 1535103542,
  "timestamp_ms" : 1535103542078,
  "time" : "Fri Aug 24 09:39:02 2018",
  "jobs" : [
    {
      "jobname" : "wdpc",
      "groupid" : 0,
      "error" : 0,
      "eta" : 0,
      "elapsed" : 61,
      "job options" : {
        "ioengine" : "libaio",
        "group_reporting" : "1",
        "direct" : "1",
        "rw" : "randrw",
        "bs" : "32KB",
        "numjobs" : "2",
        "iodepth" : "16",
        "size" : "75%",
        "name" : "wdpc",
        "random_distribution" : "random",
        "random_generator" : "tausworthe",
        "allrandrepeat" : "1",
        "randseed" : "101",
        "rwmixread" : "0",
        "time_based" : "1",
        "runtime" : "60s",
        "filename" : "/dev/sda"
      },
      "read" : {
        "io_bytes" : 0,
        "io_kbytes" : 0,
        "bw_bytes" : 0,
        "bw" : 0,
        "iops" : 0.000000,
        "runtime" : 0,
        "total_ios" : 0,
        "short_ios" : 0,
        "drop_ios" : 0,
        "slat_ns" : {
          "min" : 0,
          "max" : 0,
          "mean" : 0.000000,
          "stddev" : 0.000000
        },
        "clat_ns" : {
          "min" : 0,
          "max" : 0,
          "mean" : 0.000000,
          "stddev" : 0.000000,
          "percentile" : {
            "1.000000" : 0,
            "5.000000" : 0,
            "10.000000" : 0,
            "20.000000" : 0,
            "30.000000" : 0,
            "40.000000" : 0,
            "50.000000" : 0,
            "60.000000" : 0,
            "70.000000" : 0,
            "80.000000" : 0,
            "90.000000" : 0,
            "95.000000" : 0,
            "99.000000" : 0,
            "99.500000" : 0,
            "99.900000" : 0,
            "99.950000" : 0,
            "99.990000" : 0
          },
          "bins" : {

          }
        },
        "lat_ns" : {
          "min" : 0,
          "max" : 0,
          "mean" : 0.000000,
          "stddev" : 0.000000
        },
        "bw_min" : 0,
        "bw_max" : 0,
        "bw_agg" : 0.000000,
        "bw_mean" : 0.000000,
        "bw_dev" : 0.000000,
        "bw_samples" : 0,
        "iops_min" : 0,
        "iops_max" : 0,
        "iops_mean" : 0.000000,
        "iops_stddev" : 0.000000,
        "iops_samples" : 0
      },
      "write" : {
        "io_bytes" : 13776650240,
        "io_kbytes" : 13453760,
        "bw_bytes" : 229591704,
        "bw" : 224210,
        "iops" : 7006.582785,
        "runtime" : 60005,
        "total_ios" : 420430,
        "short_ios" : 0,
        "drop_ios" : 0,
        "slat_ns" : {
          "min" : 17791,
          "max" : 10262000,
          "mean" : 108865.848679,
          "stddev" : 108265.473773
        },
        "clat_ns" : {
          "min" : 1078292,
          "max" : 24914167,
          "mean" : 4442580.328606,
          "stddev" : 1555989.292013,
          "percentile" : {
            "1.000000" : 2072576,
            "5.000000" : 2572288,
            "10.000000" : 2965504,
            "20.000000" : 3457024,
            "30.000000" : 3719168,
            "40.000000" : 3948544,
            "50.000000" : 4227072,
            "60.000000" : 4620288,
            "70.000000" : 4947968,
            "80.000000" : 5275648,
            "90.000000" : 5931008,
            "95.000000" : 6586368,
            "99.000000" : 7766016,
            "99.500000" : 8847360,
            "99.900000" : 21364736,
            "99.950000" : 22151168,
            "99.990000" : 23199744
          },
          "bins" : {
            "1073152" : 3,
            "1089536" : 3,
            "1187840" : 1,
            "1220608" : 1,
            "1302528" : 1,
            "1318912" : 5,
            "1335296" : 4,
            "1351680" : 13,
            "1368064" : 15,
            "1384448" : 8,
            "1400832" : 6,
            "1417216" : 6,
            "1433600" : 6,
            "1449984" : 10,
            "1466368" : 10,
            "1482752" : 11,
            "1499136" : 9,
            "1515520" : 15,
            "1531904" : 7,
            "1548288" : 13,
            "1564672" : 13,
            "1581056" : 20,
            "1597440" : 29,
            "1613824" : 32,
            "1630208" : 46,
            "1646592" : 46,
            "1662976" : 50,
            "1679360" : 56,
            "1695744" : 59,
            "1712128" : 66,
            "1728512" : 74,
            "1744896" : 80,
            "1761280" : 83,
            "1777664" : 71,
            "1794048" : 67,
            "1810432" : 70,
            "1826816" : 67,
            "1843200" : 85,
            "1859584" : 85,
            "1875968" : 84,
            "1892352" : 117,
            "1908736" : 98,
            "1925120" : 128,
            "1941504" : 178,
            "1957888" : 189,
            "1974272" : 293,
            "1990656" : 283,
            "2007040" : 319,
            "2023424" : 341,
            "2039808" : 369,
            "2056192" : 429,
            "2072576" : 428,
            "2088960" : 427,
            "2113536" : 883,
            "2146304" : 981,
            "2179072" : 1032,
            "2211840" : 1034,
            "2244608" : 1003,
            "2277376" : 1037,
            "2310144" : 1023,
            "2342912" : 1073,
            "2375680" : 1081,
            "2408448" : 1061,
            "2441216" : 1161,
            "2473984" : 1349,
            "2506752" : 1402,
            "2539520" : 1593,
            "2572288" : 1489,
            "2605056" : 1490,
            "2637824" : 1532,
            "2670592" : 1521,
            "2703360" : 1592,
            "2736128" : 1610,
            "2768896" : 1636,
            "2801664" : 1724,
            "2834432" : 1805,
            "2867200" : 1805,
            "2899968" : 1832,
            "2932736" : 1835,
            "2965504" : 1947,
            "2998272" : 1941,
            "3031040" : 2103,
            "3063808" : 2191,
            "3096576" : 2205,
            "3129344" : 2356,
            "3162112" : 2432,
            "3194880" : 2605,
            "3227648" : 2703,
            "3260416" : 3000,
            "3293184" : 3137,
            "3325952" : 3286,
            "3358720" : 3496,
            "3391488" : 3840,
            "3424256" : 4052,
            "3457024" : 4346,
            "3489792" : 4412,
            "3522560" : 4661,
            "3555328" : 4929,
            "3588096" : 5212,
            "3620864" : 5513,
            "3653632" : 5645,
            "3686400" : 6044,
            "3719168" : 6169,
            "3751936" : 6239,
            "3784704" : 6355,
            "3817472" : 6328,
            "3850240" : 6408,
            "3883008" : 6298,
            "3915776" : 6009,
            "3948544" : 5914,
            "3981312" : 5673,
            "4014080" : 5567,
            "4046848" : 5324,
            "4079616" : 5035,
            "4112384" : 4856,
            "4145152" : 4672,
            "4177920" : 4512,
            "4227072" : 8265,
            "4292608" : 7438,
            "4358144" : 6879,
            "4423680" : 6750,
            "4489216" : 6527,
            "4554752" : 6713,
            "4620288" : 7008,
            "4685824" : 7325,
            "4751360" : 7819,
            "4816896" : 7939,
            "4882432" : 8396,
            "4947968" : 8355,
            "5013504" : 8843,
            "5079040" : 8088,
            "5144576" : 7891,
            "5210112" : 7594,
            "5275648" : 6911,
            "5341184" : 6404,
            "5406720" : 5796,
            "5472256" : 5196,
            "5537792" : 4546,
            "5603328" : 4078,
            "5668864" : 3640,
            "5734400" : 3357,
            "5799936" : 3034,
            "5865472" : 2860,
            "5931008" : 2835,
            "5996544" : 2602,
            "6062080" : 2536,
            "6127616" : 2458,
            "6193152" : 2228,
            "6258688" : 2228,
            "6324224" : 2158,
            "6389760" : 1963,
            "6455296" : 1912,