{
  "fio version" : "fio-3.8",
  "timestamp" : 1535094876,
  "timestamp_ms" : 1535094876683,
  "time" : "Fri Aug 24 07:14:36 2018",
  "jobs" : [
    {
      "jobname" : "wdpc",
      "groupid" : 0,
      "error" : 0,
      "eta" : 0,
      "elapsed" : 61,
      "job options" : {
        "ioengine" : "libaio",
        "group_reporting" : "1",
        "direct" : "1",
        "rw" : "randrw",
        "bs" : "128KB",
        "numjobs" : "2",
        "iodepth" : "16",
        "size" : "75%",
        "name" : "wdpc",
        "random_distribution" : "random",
        "random_generator" : "tausworthe",
        "allrandrepeat" : "1",
        "randseed" : "101",
        "rwmixread" : "0",
        "time_based" : "1",
        "runtime" : "60s",
        "filename" : "/dev/sda"
      },
      "read" : {
        "io_bytes" : 0,
        "io_kbytes" : 0,
        "bw_bytes" : 0,
        "bw" : 0,
        "iops" : 0.000000,
        "runtime" : 0,
        "total_ios" : 0,
        "short_ios" : 0,
        "drop_ios" : 0,
        "slat_ns" : {
          "min" : 0,
          "max" : 0,
          "mean" : 0.000000,
          "stddev" : 0.000000
        },
        "clat_ns" : {
          "min" : 0,
          "max" : 0,
          "mean" : 0.000000,
          "stddev" : 0.000000,
          "percentile" : {
            "1.000000" : 0,
            "5.000000" : 0,
            "10.000000" : 0,
            "20.000000" : 0,
            "30.000000" : 0,
            "40.000000" : 0,
            "50.000000" : 0,
            "60.000000" : 0,
            "70.000000" : 0,
            "80.000000" : 0,
            "90.000000" : 0,
            "95.000000" : 0,
            "99.000000" : 0,
            "99.500000" : 0,
            "99.900000" : 0,
            "99.950000" : 0,
            "99.990000" : 0
          },
          "bins" : {

          }
        },
        "lat_ns" : {
          "min" : 0,
          "max" : 0,
          "mean" : 0.000000,
          "stddev" : 0.000000
        },
        "bw_min" : 0,
        "bw_max" : 0,
        "bw_agg" : 0.000000,
        "bw_mean" : 0.000000,
        "bw_dev" : 0.000000,
        "bw_samples" : 0,
        "iops_min" : 0,
        "iops_max" : 0,
        "iops_mean" : 0.000000,
        "iops_stddev" : 0.000000,
        "iops_samples" : 0
      },
      "write" : {
        "io_bytes" : 14792261632,
        "io_kbytes" : 14445568,
        "bw_bytes" : 246463754,
        "bw" : 240687,
        "iops" : 1880.369223,
        "runtime" : 60018,
        "total_ios" : 112856,
        "short_ios" : 0,
        "drop_ios" : 0,
        "slat_ns" : {
          "min" : 45500,
          "max" : 5493250,
          "mean" : 187076.492132,
          "stddev" : 200172.723582
        },
        "clat_ns" : {
          "min" : 3259667,
          "max" : 92913917,
          "mean" : 16794311.029843,
          "stddev" : 3699505.426900,
          "percentile" : {
            "1.000000" : 13565952,
            "5.000000" : 14221312,
            "10.000000" : 14614528,
            "20.000000" : 15138816,
            "30.000000" : 15400960,
            "40.000000" : 15794176,
            "50.000000" : 16187392,
            "60.000000" : 16580608,
            "70.000000" : 16908288,
            "80.000000" : 17432576,
            "90.000000" : 18219008,
            "95.000000" : 19267584,
            "99.000000" : 36962304,
            "99.500000" : 39059456,
            "99.900000" : 44826624,
            "99.950000" : 53215232,
            "99.990000" : 72876032
          },
          "bins" : {
            "3260416" : 2,
            "3293184" : 1,
            "3358720" : 1,
            "3686400" : 1,
            "4079616" : 1,
            "4489216" : 1,
            "4620288" : 1,
            "6193152" : 1,
            "6258688" : 1,
            "6324224" : 1,
            "8093696" : 1,
            "8159232" : 2,
            "8224768" : 1,
            "8355840" : 1,
            "8454144" : 4,
            "8585216" : 2,
            "8716288" : 2,
            "9109504" : 1,
            "9240576" : 1,
            "9371648" : 1,
            "9633792" : 3,
            "9895936" : 2,
            "10289152" : 1,
            "10682368" : 2,
            "10944512" : 5,
            "11075584" : 3,
            "11206656" : 1,
            "11337728" : 8,
            "11468800" : 9,
            "11599872" : 18,
            "11730944" : 19,
            "11862016" : 14,
            "11993088" : 13,
            "12124160" : 14,
            "12255232" : 23,
            "12386304" : 26,
            "12517376" : 49,
            "12648448" : 48,
            "12779520" : 56,
            "12910592" : 74,
            "13041664" : 85,
            "13172736" : 101,
            "13303808" : 160,
            "13434880" : 247,
            "13565952" : 322,
            "13697024" : 464,
            "13828096" : 658,
            "13959168" : 890,
            "14090240" : 1206,
            "14221312" : 1423,
            "14352384" : 1818,
            "14483456" : 2239,
            "14614528" : 2521,
            "14745600" : 2893,
            "14876672" : 3368,
            "15007744" : 3626,
            "15138816" : 3775,
            "15269888" : 3973,
            "15400960" : 4075,
            "15532032" : 4291,
            "15663104" : 4109,
            "15794176" : 3959,
            "15925248" : 3906,
            "16056320" : 4192,
            "16187392" : 4118,
            "16318464" : 4103,
            "16449536" : 4216,
            "16580608" : 4108,
            "16711680" : 3937,
            "16908288" : 7355,
            "17170432" : 6215,
            "17432576" : 4791,
            "17694720" : 3597,
            "17956864" : 3155,
            "18219008" : 2325,
            "18481152" : 1987,
            "18743296" : 1484,
            "19005440" : 996,
            "19267584" : 691,
            "19529728" : 387,
            "19791872" : 265,
            "20054016" : 182,
            "20316160" : 154,
            "20578304" : 86,
            "20840448" : 51,
            "21102592" : 28,
            "21364736" : 18,
            "21626880" : 18,
            "21889024" : 9,
            "22151168" : 2,
            "22413312" : 6,
            "22675456" : 1,
            "22937600" : 2,
            "23199744" : 2,
            "23461888" : 2,
            "23724032" : 1,
            "23986176" : 1,
            "24248320" : 1,
            "24510464" : 4,
            "24772608" : 3,
            "25034752" : 10,
            "25296896" : 7,
            "25559040" : 9,
            "25821184" : 7,
            "26083328" : 11,
            "26345472" : 11,
            "26607616" : 25,
            "26869760" : 41,
            "27131904" : 45,
            "27394048" : 47,
            "27656192" : 40,
            "27918336" : 57,
            "28180480" : 87,
            "28442624" : 58,
            "28704768" : 83,
            "28966912" : 88,
            "29229056" : 109,
            "29491200" : 129,
            "29753344" : 113,
            "30015488" : 107,
            "30277632" : 104,
            "30539776" : 93,
            "30801920" : 88,
            "31064064" : 88,
            "31326208" : 82,
            "31588352" : 66,
            "31850496" : 50,
            "32112640" : 54,
            "32374784" : 51,
            "32636928" : 38,
            "32899072" : 44,
            "33161216" : 32,
            "33423360" : 48,
            "33816576" : 67,
            "34340864" : 119,
            "34865152" : 112,
            "35389440" : 155,
            "35913728" : 167,
            "36438016" : 164,
            "36962304" : 134,
            "37486592" : 132,
            "38010880" : 135,
            "38535168" : 121,
            "39059456" : 97,
            "39583744" : 88,
            "40108032" : 76,
            "40632320" : 52,
            "41156608" : 44,
            "41680896" : 25,
            "42205184" : 33,
            "42729472" : 27,
            "43253760" : 19,
            "43778048" : 20,