{
  "fio version" : "fio-3.8",
  "timestamp" : 1535690681,
  "timestamp_ms" : 1535690681339,
  "time" : "Fri Aug 31 04:44:41 2018",
  "jobs" : [
    {
      "jobname" : "wdpc",
      "groupid" : 0,
      "error" : 0,
      "eta" : 0,
      "elapsed" : 61,
      "job options" : {
        "ioengine" : "libaio",
        "group_reporting" : "1",
        "direct" : "1",
        "rw" : "randrw",
        "bs" : "1024KB",
        "numjobs" : "2",
        "iodepth" : "16",
        "size" : "75%",
        "name" : "wdpc",
        "random_distribution" : "random",
        "random_generator" : "tausworthe",
        "allrandrepeat" : "1",
        "randseed" : "101",
        "rwmixread" : "0",
        "time_based" : "1",
        "runtime" : "60s",
        "filename" : "/dev/sda"
      },
      "read" : {
        "io_bytes" : 0,
        "io_kbytes" : 0,
        "bw_bytes" : 0,
        "bw" : 0,
        "iops" : 0.000000,
        "runtime" : 0,
        "total_ios" : 0,
        "short_ios" : 0,
        "drop_ios" : 0,
        "slat_ns" : {
          "min" : 0,
          "max" : 0,
          "mean" : 0.000000,
          "stddev" : 0.000000
        },
        "clat_ns" : {
          "min" : 0,
          "max" : 0,
          "mean" : 0.000000,
          "stddev" : 0.000000,
          "percentile" : {
            "1.000000" : 0,
            "5.000000" : 0,
            "10.000000" : 0,
            "20.000000" : 0,
            "30.000000" : 0,
            "40.000000" : 0,
            "50.000000" : 0,
            "60.000000" : 0,
            "70.000000" : 0,
            "80.000000" : 0,
            "90.000000" : 0,
            "95.000000" : 0,
            "99.000000" : 0,
            "99.500000" : 0,
            "99.900000" : 0,
            "99.950000" : 0,
            "99.990000" : 0
          },
          "bins" : {

          }
        },
        "lat_ns" : {
          "min" : 0,
          "max" : 0,
          "mean" : 0.000000,
          "stddev" : 0.000000
        },
        "bw_min" : 0,
        "bw_max" : 0,
        "bw_agg" : 0.000000,
        "bw_mean" : 0.000000,
        "bw_dev" : 0.000000,
        "bw_samples" : 0,
        "iops_min" : 0,
        "iops_max" : 0,
        "iops_mean" : 0.000000,
        "iops_stddev" : 0.000000,
        "iops_samples" : 0
      },
      "write" : {
        "io_bytes" : 17338204160,
        "io_kbytes" : 16931840,
        "bw_bytes" : 288412471,
        "bw" : 281652,
        "iops" : 275.051567,
        "runtime" : 60116,
        "total_ios" : 16535,
        "short_ios" : 0,
        "drop_ios" : 0,
        "slat_ns" : {
          "min" : 268625,
          "max" : 2692958,
          "mean" : 680161.357061,
          "stddev" : 189971.302559
        },
        "clat_ns" : {
          "min" : 11762625,
          "max" : 534514750,
          "mean" : 115585576.471303,
          "stddev" : 41634042.527914,
          "percentile" : {
            "1.000000" : 58982400,
            "5.000000" : 64225280,
            "10.000000" : 69730304,
            "20.000000" : 80216064,
            "30.000000" : 90701824,
            "40.000000" : 101187584,
            "50.000000" : 110624768,
            "60.000000" : 121110528,
            "70.000000" : 132644864,
            "80.000000" : 143654912,
            "90.000000" : 160432128,
            "95.000000" : 177209344,
            "99.000000" : 267386880,
            "99.500000" : 308281344,
            "99.900000" : 396361728,
            "99.950000" : 417333248,
            "99.990000" : 484442112
          },
          "bins" : {
            "11730944" : 1,
            "12255232" : 1,
            "12517376" : 1,
            "13303808" : 1,
            "17170432" : 1,
            "18743296" : 1,
            "22675456" : 1,
            "24248320" : 1,
            "27656192" : 1,
            "29229056" : 1,
            "32636928" : 1,
            "35913728" : 1,
            "38535168" : 1,
            "41680896" : 1,
            "43778048" : 1,
            "47448064" : 1,
            "51118080" : 1,
            "53215232" : 1,
            "54263808" : 1,
            "54788096" : 1,
            "55312384" : 3,
            "55836672" : 3,
            "56360960" : 12,
            "56885248" : 20,
            "57409536" : 24,
            "57933824" : 32,
            "58458112" : 36,
            "58982400" : 60,
            "59506688" : 33,
            "60030976" : 71,
            "60555264" : 50,
            "61079552" : 73,
            "61603840" : 78,
            "62128128" : 67,
            "62652416" : 60,
            "63176704" : 76,
            "63700992" : 85,
            "64225280" : 83,
            "64749568" : 91,
            "65273856" : 89,
            "65798144" : 88,
            "66322432" : 90,
            "66846720" : 87,
            "67633152" : 124,
            "68681728" : 152,
            "69730304" : 167,
            "70778880" : 143,
            "71827456" : 177,
            "72876032" : 171,
            "73924608" : 163,
            "74973184" : 164,
            "76021760" : 172,
            "77070336" : 176,
            "78118912" : 172,
            "79167488" : 145,
            "80216064" : 179,
            "81264640" : 161,
            "82313216" : 143,
            "83361792" : 176,
            "84410368" : 153,
            "85458944" : 163,
            "86507520" : 161,
            "87556096" : 204,
            "88604672" : 154,
            "89653248" : 137,
            "90701824" : 171,
            "91750400" : 185,
            "92798976" : 184,
            "93847552" : 175,
            "94896128" : 193,
            "95944704" : 163,
            "96993280" : 158,
            "98041856" : 155,
            "99090432" : 146,
            "100139008" : 167,
            "101187584" : 200,
            "102236160" : 190,
            "103284736" : 170,
            "104333312" : 167,
            "105381888" : 188,
            "106430464" : 186,
            "107479040" : 169,
            "108527616" : 145,
            "109576192" : 168,
            "110624768" : 179,
            "111673344" : 153,
            "112721920" : 151,
            "113770496" : 159,
            "114819072" : 180,
            "115867648" : 157,
            "116916224" : 149,
            "117964800" : 170,
            "119013376" : 193,
            "120061952" : 168,
            "121110528" : 155,
            "122159104" : 158,
            "123207680" : 173,
            "124256256" : 164,
            "125304832" : 147,
            "126353408" : 166,
            "127401984" : 162,
            "128450560" : 146,
            "129499136" : 160,
            "130547712" : 147,
            "131596288" : 152,
            "132644864" : 136,
            "133693440" : 169,
            "135266304" : 298,
            "137363456" : 309,
            "139460608" : 271,
            "141557760" : 304,
            "143654912" : 262,
            "145752064" : 249,
            "147849216" : 239,
            "149946368" : 230,
            "152043520" : 213,
            "154140672" : 214,
            "156237824" : 183,
            "158334976" : 167,
            "160432128" : 117,
            "162529280" : 166,
            "164626432" : 128,
            "166723584" : 130,
            "168820736" : 103,
            "170917888" : 87,
            "173015040" : 74,
            "175112192" : 66,
            "177209344" : 57,
            "179306496" : 52,
            "181403648" : 48,
            "183500800" : 48,
            "185597952" : 33,
            "187695104" : 17,
            "189792256" : 22,
            "191889408" : 38,
            "193986560" : 15,
            "196083712" : 17,
            "198180864" : 16,
            "200278016" : 18,
            "202375168" : 14,
            "204472320" : 7,
            "206569472" : 14,
            "208666624" : 14,
            "210763776" : 17,
            "212860928" : 14,
            "214958080" : 12,
            "217055232" : 16,
            "219152384" : 17,