{
  "fio version" : "fio-3.8",
  "timestamp" : 1535698833,
  "timestamp_ms" : 1535698833308,
  "time" : "Fri Aug 31 07:00:33 2018",
  "jobs" : [
    {
      "jobname" : "wdpc",
      "groupid" : 0,
      "error" : 0,
      "eta" : 0,
      "elapsed" : 61,
      "job options" : {
        "ioengine" : "libaio",
        "group_reporting" : "1",
        "direct" : "1",
        "rw" : "randrw",
        "bs" : "32KB",
        "numjobs" : "2",
        "iodepth" : "16",
        "size" : "75%",
        "name" : "wdpc",
        "random_distribution" : "random",
        "random_generator" : "tausworthe",
        "allrandrepeat" : "1",
        "randseed" : "101",
        "rwmixread" : "0",
        "time_based" : "1",
        "runtime" : "60s",
        "filename" : "/dev/sda"
      },
      "read" : {
        "io_bytes" : 0,
        "io_kbytes" : 0,
        "bw_bytes" : 0,
        "bw" : 0,
        "iops" : 0.000000,
        "runtime" : 0,
        "total_ios" : 0,
        "short_ios" : 0,
        "drop_ios" : 0,
        "slat_ns" : {
          "min" : 0,
          "max" : 0,
          "mean" : 0.000000,
          "stddev" : 0.000000
        },
        "clat_ns" : {
          "min" : 0,
          "max" : 0,
          "mean" : 0.000000,
          "stddev" : 0.000000,
          "percentile" : {
            "1.000000" : 0,
            "5.000000" : 0,
            "10.000000" : 0,
            "20.000000" : 0,
            "30.000000" : 0,
            "40.000000" : 0,
            "50.000000" : 0,
            "60.000000" : 0,
            "70.000000" : 0,
            "80.000000" : 0,
            "90.000000" : 0,
            "95.000000" : 0,
            "99.000000" : 0,
            "99.500000" : 0,
            "99.900000" : 0,
            "99.950000" : 0,
            "99.990000" : 0
          },
          "bins" : {

          }
        },
        "lat_ns" : {
          "min" : 0,
          "max" : 0,
          "mean" : 0.000000,
          "stddev" : 0.000000
        },
        "bw_min" : 0,
        "bw_max" : 0,
        "bw_agg" : 0.000000,
        "bw_mean" : 0.000000,
        "bw_dev" : 0.000000,
        "bw_samples" : 0,
        "iops_min" : 0,
        "iops_max" : 0,
        "iops_mean" : 0.000000,
        "iops_stddev" : 0.000000,
        "iops_samples" : 0
      },
      "write" : {
        "io_bytes" : 12949979136,
        "io_kbytes" : 12646464,
        "bw_bytes" : 215815001,
        "bw" : 210756,
        "iops" : 6586.151154,
        "runtime" : 60005,
        "total_ios" : 395202,
        "short_ios" : 0,
        "drop_ios" : 0,
        "slat_ns" : {
          "min" : 16333,
          "max" : 5582208,
          "mean" : 112673.967136,
          "stddev" : 115603.865443
        },
        "clat_ns" : {
          "min" : 1469709,
          "max" : 42839417,
          "mean" : 4728576.825386,
          "stddev" : 2085000.315626,
          "percentile" : {
            "1.000000" : 2088960,
            "5.000000" : 2637824,
            "10.000000" : 3031040,
            "20.000000" : 3489792,
            "30.000000" : 3784704,
            "40.000000" : 4014080,
            "50.000000" : 4358144,
            "60.000000" : 4751360,
            "70.000000" : 5079040,
            "80.000000" : 5537792,
            "90.000000" : 6455296,
            "95.000000" : 7503872,
            "99.000000" : 13565952,
            "99.500000" : 16318464,
            "99.900000" : 21626880,
            "99.950000" : 23461888,
            "99.990000" : 35913728
          },
          "bins" : {
            "1466368" : 1,
            "1482752" : 4,
            "1499136" : 1,
            "1515520" : 10,
            "1531904" : 5,
            "1548288" : 1,
            "1564672" : 8,
            "1581056" : 9,
            "1597440" : 9,
            "1613824" : 20,
            "1630208" : 36,
            "1646592" : 49,
            "1662976" : 41,
            "1679360" : 58,
            "1695744" : 60,
            "1712128" : 47,
            "1728512" : 63,
            "1744896" : 54,
            "1761280" : 77,
            "1777664" : 58,
            "1794048" : 87,
            "1810432" : 65,
            "1826816" : 75,
            "1843200" : 86,
            "1859584" : 95,
            "1875968" : 111,
            "1892352" : 124,
            "1908736" : 170,
            "1925120" : 187,
            "1941504" : 178,
            "1957888" : 207,
            "1974272" : 240,
            "1990656" : 249,
            "2007040" : 245,
            "2023424" : 286,
            "2039808" : 280,
            "2056192" : 290,
            "2072576" : 320,
            "2088960" : 273,
            "2113536" : 653,
            "2146304" : 765,
            "2179072" : 762,
            "2211840" : 782,
            "2244608" : 821,
            "2277376" : 852,
            "2310144" : 880,
            "2342912" : 938,
            "2375680" : 952,
            "2408448" : 932,
            "2441216" : 1073,
            "2473984" : 1072,
            "2506752" : 1203,
            "2539520" : 1264,
            "2572288" : 1305,
            "2605056" : 1268,
            "2637824" : 1256,
            "2670592" : 1355,
            "2703360" : 1305,
            "2736128" : 1497,
            "2768896" : 1427,
            "2801664" : 1446,
            "2834432" : 1649,
            "2867200" : 1557,
            "2899968" : 1676,
            "2932736" : 1744,
            "2965504" : 1747,
            "2998272" : 1850,
            "3031040" : 1904,
            "3063808" : 2050,
            "3096576" : 2056,
            "3129344" : 2253,
            "3162112" : 2479,
            "3194880" : 2613,
            "3227648" : 2662,
            "3260416" : 2835,
            "3293184" : 3003,
            "3325952" : 3123,
            "3358720" : 3257,
            "3391488" : 3372,
            "3424256" : 3563,
            "3457024" : 3630,
            "3489792" : 3887,
            "3522560" : 3997,
            "3555328" : 4157,
            "3588096" : 4254,
            "3620864" : 4377,
            "3653632" : 4684,
            "3686400" : 5139,
            "3719168" : 5264,
            "3751936" : 5653,
            "3784704" : 5933,
            "3817472" : 5938,
            "3850240" : 5794,
            "3883008" : 5715,
            "3915776" : 5535,
            "3948544" : 5167,
            "3981312" : 4810,
            "4014080" : 4747,
            "4046848" : 4382,
            "4079616" : 4068,
            "4112384" : 3858,
            "4145152" : 3787,
            "4177920" : 3643,
            "4227072" : 7369,
            "4292608" : 6900,
            "4358144" : 6732,
            "4423680" : 6657,
            "4489216" : 6399,
            "4554752" : 6709,
            "4620288" : 6817,
            "4685824" : 6947,
            "4751360" : 7075,
            "4816896" : 7342,
            "4882432" : 7469,
            "4947968" : 8014,
            "5013504" : 8183,
            "5079040" : 7329,
            "5144576" : 6652,
            "5210112" : 5929,
            "5275648" : 5688,
            "5341184" : 5226,
            "5406720" : 4892,
            "5472256" : 4549,
            "5537792" : 4360,
            "5603328" : 3969,
            "5668864" : 3798,
            "5734400" : 3469,
            "5799936" : 3205,
            "5865472" : 2958,
            "5931008" : 2782,
            "5996544" : 2707,
            "6062080" : 2497,
            "6127616" : 2326,
            "6193152" : 2227,
            "6258688" : 2080,
            "6324224" : 2001,
            "6389760" : 1920,
            "6455296" : 1784,
            "6520832" : 1711,
            "6586368" : 1657,
            "6651904" : 1561,
            "6717440" : 1532,
            "6782976" : 1465,
            "6848512" : 1388,
            "6914048" : 1314,
            "6979584" : 1334,
            "7045120" : 1180,
            "7110656" : 1086,
            "7176192" : 998,
            "7241728" : 875,
            "7307264" : 851,
            "7372800" : 852,