{
  "fio version" : "fio-3.8",
  "timestamp" : 1535701964,
  "timestamp_ms" : 1535701964554,
  "time" : "Fri Aug 31 07:52:44 2018",
  "jobs" : [
    {
      "jobname" : "wdpc",
      "groupid" : 0,
      "error" : 0,
      "eta" : 0,
      "elapsed" : 61,
      "job options" : {
        "ioengine" : "libaio",
        "group_reporting" : "1",
        "direct" : "1",
        "rw" : "randrw",
        "bs" : "16KB",
        "numjobs" : "2",
        "iodepth" : "16",
        "size" : "75%",
        "name" : "wdpc",
        "random_distribution" : "random",
        "random_generator" : "tausworthe",
        "allrandrepeat" : "1",
        "randseed" : "101",
        "rwmixread" : "0",
        "time_based" : "1",
        "runtime" : "60s",
        "filename" : "/dev/sda"
      },
      "read" : {
        "io_bytes" : 0,
        "io_kbytes" : 0,
        "bw_bytes" : 0,
        "bw" : 0,
        "iops" : 0.000000,
        "runtime" : 0,
        "total_ios" : 0,
        "short_ios" : 0,
        "drop_ios" : 0,
        "slat_ns" : {
          "min" : 0,
          "max" : 0,
          "mean" : 0.000000,
          "stddev" : 0.000000
        },
        "clat_ns" : {
          "min" : 0,
          "max" : 0,
          "mean" : 0.000000,
          "stddev" : 0.000000,
          "percentile" : {
            "1.000000" : 0,
            "5.000000" : 0,
            "10.000000" : 0,
            "20.000000" : 0,
            "30.000000" : 0,
            "40.000000" : 0,
            "50.000000" : 0,
            "60.000000" : 0,
            "70.000000" : 0,
            "80.000000" : 0,
            "90.000000" : 0,
            "95.000000" : 0,
            "99.000000" : 0,
            "99.500000" : 0,
            "99.900000" : 0,
            "99.950000" : 0,
            "99.990000" : 0
          },
          "bins" : {

          }
        },
        "lat_ns" : {
          "min" : 0,
          "max" : 0,
          "mean" : 0.000000,
          "stddev" : 0.000000
        },
        "bw_min" : 0,
        "bw_max" : 0,
        "bw_agg" : 0.000000,
        "bw_mean" : 0.000000,
        "bw_dev" : 0.000000,
        "bw_samples" : 0,
        "iops_min" : 0,
        "iops_max" : 0,
        "iops_mean" : 0.000000,
        "iops_stddev" : 0.000000,
        "iops_samples" : 0
      },
      "write" : {
        "io_bytes" : 11586895872,
        "io_kbytes" : 11315328,
        "bw_bytes" : 193105275,
        "bw" : 188579,
        "iops" : 11786.210689,
        "runtime" : 60003,
        "total_ios" : 707208,
        "short_ios" : 0,
        "drop_ios" : 0,
        "slat_ns" : {
          "min" : 11375,
          "max" : 14765916,
          "mean" : 43706.278990,
          "stddev" : 75981.444179
        },
        "clat_ns" : {
          "min" : 681042,
          "max" : 45579333,
          "mean" : 2662187.821300,
          "stddev" : 1597757.375879,
          "percentile" : {
            "1.000000" : 847872,
            "5.000000" : 1073152,
            "10.000000" : 1482752,
            "20.000000" : 1974272,
            "30.000000" : 2113536,
            "40.000000" : 2211840,
            "50.000000" : 2310144,
            "60.000000" : 2441216,
            "70.000000" : 2670592,
            "80.000000" : 2998272,
            "90.000000" : 3948544,
            "95.000000" : 5210112,
            "99.000000" : 9109504,
            "99.500000" : 10551296,
            "99.900000" : 18481152,
            "99.950000" : 19529728,
            "99.990000" : 32374784
          },
          "bins" : {
            "684032" : 1,
            "692224" : 27,
            "700416" : 22,
            "708608" : 48,
            "716800" : 88,
            "724992" : 131,
            "733184" : 174,
            "741376" : 204,
            "749568" : 228,
            "757760" : 261,
            "765952" : 283,
            "774144" : 335,
            "782336" : 348,
            "790528" : 459,
            "798720" : 441,
            "806912" : 464,
            "815104" : 604,
            "823296" : 712,
            "831488" : 725,
            "839680" : 788,
            "847872" : 921,
            "856064" : 996,
            "864256" : 1012,
            "872448" : 1127,
            "880640" : 1203,
            "888832" : 1238,
            "897024" : 1217,
            "905216" : 1188,
            "913408" : 1244,
            "921600" : 1294,
            "929792" : 1139,
            "937984" : 1297,
            "946176" : 1206,
            "954368" : 1127,
            "962560" : 1078,
            "970752" : 1075,
            "978944" : 1118,
            "987136" : 1057,
            "995328" : 1039,
            "1003520" : 973,
            "1011712" : 916,
            "1019904" : 930,
            "1028096" : 844,
            "1036288" : 841,
            "1044480" : 898,
            "1056768" : 1612,
            "1073152" : 1503,
            "1089536" : 1498,
            "1105920" : 1403,
            "1122304" : 1216,
            "1138688" : 1156,
            "1155072" : 1058,
            "1171456" : 1175,
            "1187840" : 1199,
            "1204224" : 1309,
            "1220608" : 1316,
            "1236992" : 1232,
            "1253376" : 1144,
            "1269760" : 1304,
            "1286144" : 1300,
            "1302528" : 1402,
            "1318912" : 1520,
            "1335296" : 1636,
            "1351680" : 1534,
            "1368064" : 1687,
            "1384448" : 1814,
            "1400832" : 1635,
            "1417216" : 1535,
            "1433600" : 1445,
            "1449984" : 1439,
            "1466368" : 1354,
            "1482752" : 1279,
            "1499136" : 1287,
            "1515520" : 1392,
            "1531904" : 1290,
            "1548288" : 1246,
            "1564672" : 1193,
            "1581056" : 1239,
            "1597440" : 1180,
            "1613824" : 1188,
            "1630208" : 1142,
            "1646592" : 1024,
            "1662976" : 1091,
            "1679360" : 1123,
            "1695744" : 1194,
            "1712128" : 1250,
            "1728512" : 1408,
            "1744896" : 1540,
            "1761280" : 1757,
            "1777664" : 1975,
            "1794048" : 2258,
            "1810432" : 2493,
            "1826816" : 2783,
            "1843200" : 3018,
            "1859584" : 3489,
            "1875968" : 3882,
            "1892352" : 4249,
            "1908736" : 4842,
            "1925120" : 5456,
            "1941504" : 5930,
            "1957888" : 6454,
            "1974272" : 7330,
            "1990656" : 7302,
            "2007040" : 8076,
            "2023424" : 8533,
            "2039808" : 9005,
            "2056192" : 9409,
            "2072576" : 10033,
            "2088960" : 10164,
            "2113536" : 21340,
            "2146304" : 22197,
            "2179072" : 21645,
            "2211840" : 20892,
            "2244608" : 21146,
            "2277376" : 20521,
            "2310144" : 19730,
            "2342912" : 19312,
            "2375680" : 18152,
            "2408448" : 17010,
            "2441216" : 15968,
            "2473984" : 13930,
            "2506752" : 12052,
            "2539520" : 10813,
            "2572288" : 9523,
            "2605056" : 8998,
            "2637824" : 8414,
            "2670592" : 7888,
            "2703360" : 8155,
            "2736128" : 7803,
            "2768896" : 7489,
            "2801664" : 7248,
            "2834432" : 7168,
            "2867200" : 6743,
            "2899968" : 6587,
            "2932736" : 6423,
            "2965504" : 6133,
            "2998272" : 5919,
            "3031040" : 5486,
            "3063808" : 5131,
            "3096576" : 4844,
            "3129344" : 4287,
            "3162112" : 3920,
            "3194880" : 3476,
            "3227648" : 3226,
            "3260416" : 2898,
            "3293184" : 2710,
            "3325952" : 2437,
            "3358720" : 2227,
            "3391488" : 2085,
            "3424256" : 2044,
            "3457024" : 1906,