{
  "fio version" : "fio-3.8",
  "timestamp" : 1535696028,
  "timestamp_ms" : 1535696028065,
  "time" : "Fri Aug 31 06:13:48 2018",
  "jobs" : [
    {
      "jobname" : "wdpc",
      "groupid" : 0,
      "error" : 0,
      "eta" : 0,
      "elapsed" : 61,
      "job options" : {
        "ioengine" : "libaio",
        "group_reporting" : "1",
        "direct" : "1",
        "rw" : "randrw",
        "bs" : "64KB",
        "numjobs" : "2",
        "iodepth" : "16",
        "size" : "75%",
        "name" : "wdpc",
        "random_distribution" : "random",
        "random_generator" : "tausworthe",
        "allrandrepeat" : "1",
        "randseed" : "101",
        "rwmixread" : "0",
        "time_based" : "1",
        "runtime" : "60s",
        "filename" : "/dev/sda"
      },
      "read" : {
        "io_bytes" : 0,
        "io_kbytes" : 0,
        "bw_bytes" : 0,
        "bw" : 0,
        "iops" : 0.000000,
        "runtime" : 0,
        "total_ios" : 0,
        "short_ios" : 0,
        "drop_ios" : 0,
        "slat_ns" : {
          "min" : 0,
          "max" : 0,
          "mean" : 0.000000,
          "stddev" : 0.000000
        },
        "clat_ns" : {
          "min" : 0,
          "max" : 0,
          "mean" : 0.000000,
          "stddev" : 0.000000,
          "percentile" : {
            "1.000000" : 0,
            "5.000000" : 0,
            "10.000000" : 0,
            "20.000000" : 0,
            "30.000000" : 0,
            "40.000000" : 0,
            "50.000000" : 0,
            "60.000000" : 0,
            "70.000000" : 0,
            "80.000000" : 0,
            "90.000000" : 0,
            "95.000000" : 0,
            "99.000000" : 0,
            "99.500000" : 0,
            "99.900000" : 0,
            "99.950000" : 0,
            "99.990000" : 0
          },
          "bins" : {

          }
        },
        "lat_ns" : {
          "min" : 0,
          "max" : 0,
          "mean" : 0.000000,
          "stddev" : 0.000000
        },
        "bw_min" : 0,
        "bw_max" : 0,
        "bw_agg" : 0.000000,
        "bw_mean" : 0.000000,
        "bw_dev" : 0.000000,
        "bw_samples" : 0,
        "iops_min" : 0,
        "iops_max" : 0,
        "iops_mean" : 0.000000,
        "iops_stddev" : 0.000000,
        "iops_samples" : 0
      },
      "write" : {
        "io_bytes" : 14390722560,
        "io_kbytes" : 14053440,
        "bw_bytes" : 239813400,
        "bw" : 234192,
        "iops" : 3659.262098,
        "runtime" : 60008,
        "total_ios" : 219585,
        "short_ios" : 0,
        "drop_ios" : 0,
        "slat_ns" : {
          "min" : 28292,
          "max" : 9471875,
          "mean" : 172821.567143,
          "stddev" : 153623.092262
        },
        "clat_ns" : {
          "min" : 1768375,
          "max" : 27531583,
          "mean" : 8545949.241802,
          "stddev" : 1692479.453134,
          "percentile" : {
            "1.000000" : 6455296,
            "5.000000" : 7045120,
            "10.000000" : 7307264,
            "20.000000" : 7569408,
            "30.000000" : 7766016,
            "40.000000" : 7962624,
            "50.000000" : 8224768,
            "60.000000" : 8585216,
            "70.000000" : 8978432,
            "80.000000" : 9371648,
            "90.000000" : 9764864,
            "95.000000" : 10289152,
            "99.000000" : 13303808,
            "99.500000" : 22675456,
            "99.900000" : 24772608,
            "99.950000" : 25296896,
            "99.990000" : 26345472
          },
          "bins" : {
            "1761280" : 2,
            "1777664" : 1,
            "1794048" : 1,
            "1859584" : 1,
            "1957888" : 1,
            "2039808" : 1,
            "2113536" : 1,
            "2277376" : 1,
            "2342912" : 1,
            "2539520" : 1,
            "2605056" : 1,
            "2703360" : 1,
            "2801664" : 1,
            "2834432" : 1,
            "3031040" : 1,
            "3260416" : 1,
            "3325952" : 1,
            "3391488" : 1,
            "3489792" : 1,
            "3522560" : 1,
            "3620864" : 1,
            "3653632" : 1,
            "3719168" : 3,
            "3751936" : 4,
            "3817472" : 2,
            "3981312" : 2,
            "4014080" : 1,
            "4046848" : 1,
            "4079616" : 3,
            "4112384" : 3,
            "4145152" : 3,
            "4177920" : 2,
            "4227072" : 14,
            "4292608" : 14,
            "4358144" : 17,
            "4423680" : 20,
            "4489216" : 18,
            "4554752" : 29,
            "4620288" : 28,
            "4685824" : 40,
            "4751360" : 42,
            "4816896" : 36,
            "4882432" : 51,
            "4947968" : 49,
            "5013504" : 57,
            "5079040" : 29,
            "5144576" : 30,
            "5210112" : 44,
            "5275648" : 49,
            "5341184" : 43,
            "5406720" : 32,
            "5472256" : 23,
            "5537792" : 25,
            "5603328" : 35,
            "5668864" : 32,
            "5734400" : 62,
            "5799936" : 57,
            "5865472" : 71,
            "5931008" : 80,
            "5996544" : 91,
            "6062080" : 127,
            "6127616" : 160,
            "6193152" : 152,
            "6258688" : 185,
            "6324224" : 154,
            "6389760" : 176,
            "6455296" : 220,
            "6520832" : 300,
            "6586368" : 410,
            "6651904" : 508,
            "6717440" : 686,
            "6782976" : 888,
            "6848512" : 1145,
            "6914048" : 1451,
            "6979584" : 1766,
            "7045120" : 2369,
            "7110656" : 2631,
            "7176192" : 3309,
            "7241728" : 3779,
            "7307264" : 4160,
            "7372800" : 4630,
            "7438336" : 5123,
            "7503872" : 5431,
            "7569408" : 5884,
            "7634944" : 6356,
            "7700480" : 7049,
            "7766016" : 7853,
            "7831552" : 7827,
            "7897088" : 7581,
            "7962624" : 6548,
            "8028160" : 5859,
            "8093696" : 5193,
            "8159232" : 4559,
            "8224768" : 4188,
            "8290304" : 4224,
            "8355840" : 3994,
            "8454144" : 7852,
            "8585216" : 7654,
            "8716288" : 7516,
            "8847360" : 7717,
            "8978432" : 8823,
            "9109504" : 9027,
            "9240576" : 7986,
            "9371648" : 7111,
            "9502720" : 6375,
            "9633792" : 5680,
            "9764864" : 4836,
            "9895936" : 3979,
            "10027008" : 3091,
            "10158080" : 2327,
            "10289152" : 1722,
            "10420224" : 1338,
            "10551296" : 960,
            "10682368" : 879,
            "10813440" : 720,
            "10944512" : 659,
            "11075584" : 546,
            "11206656" : 502,
            "11337728" : 429,
            "11468800" : 335,
            "11599872" : 248,
            "11730944" : 176,
            "11862016" : 164,
            "11993088" : 115,
            "12124160" : 102,
            "12255232" : 78,
            "12386304" : 55,
            "12517376" : 63,
            "12648448" : 71,
            "12779520" : 51,
            "12910592" : 59,
            "13041664" : 50,
            "13172736" : 47,
            "13303808" : 32,
            "13434880" : 38,
            "13565952" : 39,
            "13697024" : 27,
            "13828096" : 21,
            "13959168" : 27,
            "14090240" : 24,
            "14221312" : 20,
            "14352384" : 15,
            "14483456" : 13,
            "14614528" : 16,
            "14745600" : 12,
            "14876672" : 9,
            "15007744" : 4,
            "15138816" : 3,
            "15269888" : 8,
            "15400960" : 2,
            "15532032" : 5,
            "15663104" : 2,
            "15794176" : 4,
            "15925248" : 3,
            "16056320" : 1,