{
  "fio version" : "fio-3.8",
  "timestamp" : 1535693418,
  "timestamp_ms" : 1535693418419,
  "time" : "Fri Aug 31 05:30:18 2018",
  "jobs" : [
    {
      "jobname" : "wdpc",
      "groupid" : 0,
      "error" : 0,
      "eta" : 0,
      "elapsed" : 61,
      "job options" : {
        "ioengine" : "libaio",
        "group_reporting" : "1",
        "direct" : "1",
        "rw" : "randrw",
        "bs" : "128KB",
        "numjobs" : "2",
        "iodepth" : "16",
        "size" : "75%",
        "name" : "wdpc",
        "random_distribution" : "random",
        "random_generator" : "tausworthe",
        "allrandrepeat" : "1",
        "randseed" : "101",
        "rwmixread" : "0",
        "time_based" : "1",
        "runtime" : "60s",
        "filename" : "/dev/sda"
      },
      "read" : {
        "io_bytes" : 0,
        "io_kbytes" : 0,
        "bw_bytes" : 0,
        "bw" : 0,
        "iops" : 0.000000,
        "runtime" : 0,
        "total_ios" : 0,
        "short_ios" : 0,
        "drop_ios" : 0,
        "slat_ns" : {
          "min" : 0,
          "max" : 0,
          "mean" : 0.000000,
          "stddev" : 0.000000
        },
        "clat_ns" : {
          "min" : 0,
          "max" : 0,
          "mean" : 0.000000,
          "stddev" : 0.000000,
          "percentile" : {
            "1.000000" : 0,
            "5.000000" : 0,
            "10.000000" : 0,
            "20.000000" : 0,
            "30.000000" : 0,
            "40.000000" : 0,
            "50.000000" : 0,
            "60.000000" : 0,
            "70.000000" : 0,
            "80.000000" : 0,
            "90.000000" : 0,
            "95.000000" : 0,
            "99.000000" : 0,
            "99.500000" : 0,
            "99.900000" : 0,
            "99.950000" : 0,
            "99.990000" : 0
          },
          "bins" : {

          }
        },
        "lat_ns" : {
          "min" : 0,
          "max" : 0,
          "mean" : 0.000000,
          "stddev" : 0.000000
        },
        "bw_min" : 0,
        "bw_max" : 0,
        "bw_agg" : 0.000000,
        "bw_mean" : 0.000000,
        "bw_dev" : 0.000000,
        "bw_samples" : 0,
        "iops_min" : 0,
        "iops_max" : 0,
        "iops_mean" : 0.000000,
        "iops_stddev" : 0.000000,
        "iops_samples" : 0
      },
      "write" : {
        "io_bytes" : 14922678272,
        "io_kbytes" : 14572928,
        "bw_bytes" : 248640856,
        "bw" : 242813,
        "iops" : 1896.979189,
        "runtime" : 60017,
        "total_ios" : 113851,
        "short_ios" : 0,
        "drop_ios" : 0,
        "slat_ns" : {
          "min" : 42292,
          "max" : 7821916,
          "mean" : 205514.419021,
          "stddev" : 199896.625933
        },
        "clat_ns" : {
          "min" : 2452333,
          "max" : 35217584,
          "mean" : 16625744.430501,
          "stddev" : 2242969.610182,
          "percentile" : {
            "1.000000" : 13697024,
            "5.000000" : 14352384,
            "10.000000" : 14745600,
            "20.000000" : 15138816,
            "30.000000" : 15532032,
            "40.000000" : 15925248,
            "50.000000" : 16318464,
            "60.000000" : 16711680,
            "70.000000" : 17170432,
            "80.000000" : 17694720,
            "90.000000" : 18481152,
            "95.000000" : 19267584,
            "99.000000" : 29229056,
            "99.500000" : 30801920,
            "99.900000" : 32636928,
            "99.950000" : 33423360,
            "99.990000" : 34865152
          },
          "bins" : {
            "2441216" : 2,
            "2506752" : 2,
            "4112384" : 1,
            "4554752" : 1,
            "5668864" : 1,
            "5799936" : 2,
            "5865472" : 3,
            "6782976" : 1,
            "6979584" : 1,
            "7110656" : 1,
            "7241728" : 7,
            "7438336" : 1,
            "7503872" : 1,
            "7569408" : 1,
            "8454144" : 1,
            "8847360" : 1,
            "8978432" : 1,
            "9240576" : 2,
            "9371648" : 1,
            "9502720" : 1,
            "9764864" : 1,
            "10027008" : 2,
            "10289152" : 2,
            "10420224" : 1,
            "10682368" : 1,
            "10813440" : 2,
            "10944512" : 1,
            "11075584" : 8,
            "11206656" : 4,
            "11337728" : 5,
            "11468800" : 9,
            "11599872" : 6,
            "11730944" : 8,
            "11862016" : 8,
            "11993088" : 10,
            "12124160" : 20,
            "12255232" : 12,
            "12386304" : 23,
            "12517376" : 36,
            "12648448" : 47,
            "12779520" : 47,
            "12910592" : 55,
            "13041664" : 73,
            "13172736" : 103,
            "13303808" : 148,
            "13434880" : 205,
            "13565952" : 261,
            "13697024" : 389,
            "13828096" : 562,
            "13959168" : 690,
            "14090240" : 975,
            "14221312" : 1185,
            "14352384" : 1566,
            "14483456" : 1892,
            "14614528" : 2328,
            "14745600" : 2639,
            "14876672" : 3128,
            "15007744" : 3450,
            "15138816" : 3453,
            "15269888" : 3621,
            "15400960" : 3653,
            "15532032" : 3818,
            "15663104" : 3864,
            "15794176" : 3836,
            "15925248" : 3929,
            "16056320" : 4095,
            "16187392" : 4096,
            "16318464" : 4104,
            "16449536" : 4068,
            "16580608" : 4097,
            "16711680" : 4020,
            "16908288" : 7504,
            "17170432" : 6617,
            "17432576" : 5361,
            "17694720" : 4671,
            "17956864" : 3761,
            "18219008" : 3156,
            "18481152" : 2533,
            "18743296" : 2125,
            "19005440" : 1578,
            "19267584" : 1085,
            "19529728" : 799,
            "19791872" : 590,
            "20054016" : 430,
            "20316160" : 321,
            "20578304" : 209,
            "20840448" : 169,
            "21102592" : 106,
            "21364736" : 107,
            "21626880" : 50,
            "21889024" : 48,
            "22151168" : 30,
            "22413312" : 26,
            "22675456" : 19,
            "22937600" : 18,
            "23199744" : 14,
            "23461888" : 5,
            "23724032" : 6,
            "23986176" : 8,
            "24248320" : 10,
            "24510464" : 10,
            "24772608" : 5,
            "25034752" : 1,
            "25296896" : 5,
            "25559040" : 3,
            "25821184" : 5,
            "26083328" : 9,
            "26345472" : 13,
            "26607616" : 23,
            "26869760" : 29,
            "27131904" : 30,
            "27394048" : 50,
            "27656192" : 45,
            "27918336" : 70,
            "28180480" : 72,
            "28442624" : 79,
            "28704768" : 81,
            "28966912" : 133,
            "29229056" : 136,
            "29491200" : 110,
            "29753344" : 107,
            "30015488" : 111,
            "30277632" : 77,
            "30539776" : 87,
            "30801920" : 106,
            "31064064" : 80,
            "31326208" : 89,
            "31588352" : 61,
            "31850496" : 51,
            "32112640" : 51,
            "32374784" : 38,
            "32636928" : 28,
            "32899072" : 23,
            "33161216" : 25,
            "33423360" : 10,
            "33816576" : 24,
            "34340864" : 14,
            "34865152" : 14,
            "35389440" : 2
          }
        },
        "lat_ns" : {
          "min" : 2596125,
          "max" : 35332209,
          "mean" : 16835610.342694,
          "stddev" : 2229601.604261
        },
        "bw_min" : 112128,
        "bw_max" : 131832,
        "bw_agg" : 49.975125,
        "bw_mean" : 121346.100000,
        "bw_dev" : 3369.066260,
        "bw_samples" : 240,
        "iops_min" : 876,
        "iops_max" : 1029,