{
  "fio version" : "fio-3.8",
  "timestamp" : 1535704762,
  "timestamp_ms" : 1535704762372,
  "time" : "Fri Aug 31 08:39:22 2018",
  "jobs" : [
    {
      "jobname" : "wdpc",
      "groupid" : 0,
      "error" : 0,
      "eta" : 0,
      "elapsed" : 61,
      "job options" : {
        "ioengine" : "libaio",
        "group_reporting" : "1",
        "direct" : "1",
        "rw" : "randrw",
        "bs" : "8KB",
        "numjobs" : "2",
        "iodepth" : "16",
        "size" : "75%",
        "name" : "wdpc",
        "random_distribution" : "random",
        "random_generator" : "tausworthe",
        "allrandrepeat" : "1",
        "randseed" : "101",
        "rwmixread" : "0",
        "time_based" : "1",
        "runtime" : "60s",
        "filename" : "/dev/sda"
      },
      "read" : {
        "io_bytes" : 0,
        "io_kbytes" : 0,
        "bw_bytes" : 0,
        "bw" : 0,
        "iops" : 0.000000,
        "runtime" : 0,
        "total_ios" : 0,
        "short_ios" : 0,
        "drop_ios" : 0,
        "slat_ns" : {
          "min" : 0,
          "max" : 0,
          "mean" : 0.000000,
          "stddev" : 0.000000
        },
        "clat_ns" : {
          "min" : 0,
          "max" : 0,
          "mean" : 0.000000,
          "stddev" : 0.000000,
          "percentile" : {
            "1.000000" : 0,
            "5.000000" : 0,
            "10.000000" : 0,
            "20.000000" : 0,
            "30.000000" : 0,
            "40.000000" : 0,
            "50.000000" : 0,
            "60.000000" : 0,
            "70.000000" : 0,
            "80.000000" : 0,
            "90.000000" : 0,
            "95.000000" : 0,
            "99.000000" : 0,
            "99.500000" : 0,
            "99.900000" : 0,
            "99.950000" : 0,
            "99.990000" : 0
          },
          "bins" : {

          }
        },
        "lat_ns" : {
          "min" : 0,
          "max" : 0,
          "mean" : 0.000000,
          "stddev" : 0.000000
        },
        "bw_min" : 0,
        "bw_max" : 0,
        "bw_agg" : 0.000000,
        "bw_mean" : 0.000000,
        "bw_dev" : 0.000000,
        "bw_samples" : 0,
        "iops_min" : 0,
        "iops_max" : 0,
        "iops_mean" : 0.000000,
        "iops_stddev" : 0.000000,
        "iops_samples" : 0
      },
      "write" : {
        "io_bytes" : 8713232384,
        "io_kbytes" : 8509016,
        "bw_bytes" : 145213279,
        "bw" : 141809,
        "iops" : 17726.230355,
        "runtime" : 60003,
        "total_ios" : 1063627,
        "short_ios" : 0,
        "drop_ios" : 0,
        "slat_ns" : {
          "min" : 10208,
          "max" : 4289833,
          "mean" : 50285.497997,
          "stddev" : 29410.541382
        },
        "clat_ns" : {
          "min" : 311500,
          "max" : 31149417,
          "mean" : 1742544.783964,
          "stddev" : 844555.521742,
          "percentile" : {
            "1.000000" : 765952,
            "5.000000" : 1122304,
            "10.000000" : 1155072,
            "20.000000" : 1236992,
            "30.000000" : 1318912,
            "40.000000" : 1482752,
            "50.000000" : 1630208,
            "60.000000" : 1826816,
            "70.000000" : 1974272,
            "80.000000" : 2113536,
            "90.000000" : 2342912,
            "95.000000" : 2572288,
            "99.000000" : 3784704,
            "99.500000" : 4489216,
            "99.900000" : 15794176,
            "99.950000" : 16580608,
            "99.990000" : 24248320
          },
          "bins" : {
            "313344" : 1,
            "528384" : 1,
            "536576" : 5,
            "544768" : 12,
            "552960" : 28,
            "561152" : 55,
            "569344" : 78,
            "577536" : 105,
            "585728" : 258,
            "593920" : 503,
            "602112" : 680,
            "610304" : 885,
            "618496" : 1191,
            "626688" : 1128,
            "634880" : 1018,
            "643072" : 948,
            "651264" : 777,
            "659456" : 501,
            "667648" : 404,
            "675840" : 359,
            "684032" : 280,
            "692224" : 242,
            "700416" : 239,
            "708608" : 159,
            "716800" : 180,
            "724992" : 133,
            "733184" : 134,
            "741376" : 92,
            "749568" : 81,
            "757760" : 81,
            "765952" : 89,
            "774144" : 78,
            "782336" : 70,
            "790528" : 84,
            "798720" : 112,
            "806912" : 110,
            "815104" : 98,
            "823296" : 97,
            "831488" : 93,
            "839680" : 99,
            "847872" : 116,
            "856064" : 85,
            "864256" : 114,
            "872448" : 97,
            "880640" : 122,
            "888832" : 123,
            "897024" : 112,
            "905216" : 149,
            "913408" : 143,
            "921600" : 185,
            "929792" : 174,
            "937984" : 192,
            "946176" : 229,
            "954368" : 202,
            "962560" : 226,
            "970752" : 247,
            "978944" : 299,
            "987136" : 313,
            "995328" : 323,
            "1003520" : 371,
            "1011712" : 400,
            "1019904" : 404,
            "1028096" : 428,
            "1036288" : 506,
            "1044480" : 650,
            "1056768" : 2055,
            "1073152" : 4965,
            "1089536" : 10867,
            "1105920" : 16818,
            "1122304" : 20119,
            "1138688" : 20955,
            "1155072" : 20256,
            "1171456" : 21685,
            "1187840" : 23786,
            "1204224" : 25544,
            "1220608" : 26253,
            "1236992" : 24597,
            "1253376" : 23049,
            "1269760" : 21002,
            "1286144" : 19319,
            "1302528" : 17241,
            "1318912" : 15534,
            "1335296" : 13390,
            "1351680" : 11703,
            "1368064" : 10447,
            "1384448" : 9662,
            "1400832" : 9038,
            "1417216" : 9059,
            "1433600" : 8776,
            "1449984" : 9095,
            "1466368" : 9603,
            "1482752" : 10375,
            "1499136" : 11217,
            "1515520" : 11652,
            "1531904" : 11867,
            "1548288" : 12192,
            "1564672" : 12003,
            "1581056" : 11522,
            "1597440" : 11327,
            "1613824" : 10664,
            "1630208" : 10023,
            "1646592" : 9513,
            "1662976" : 9176,
            "1679360" : 8965,
            "1695744" : 9073,
            "1712128" : 8883,
            "1728512" : 9043,
            "1744896" : 8829,
            "1761280" : 8999,
            "1777664" : 9216,
            "1794048" : 9710,
            "1810432" : 9659,
            "1826816" : 9802,
            "1843200" : 9889,
            "1859584" : 10271,
            "1875968" : 10785,
            "1892352" : 11007,
            "1908736" : 11104,
            "1925120" : 11213,
            "1941504" : 11559,
            "1957888" : 12046,
            "1974272" : 12542,
            "1990656" : 12529,
            "2007040" : 12913,
            "2023424" : 12549,
            "2039808" : 12538,
            "2056192" : 12440,
            "2072576" : 12506,
            "2088960" : 11591,
            "2113536" : 22227,
            "2146304" : 21021,
            "2179072" : 19110,
            "2211840" : 17048,
            "2244608" : 15132,
            "2277376" : 13574,
            "2310144" : 12151,
            "2342912" : 10732,
            "2375680" : 9580,
            "2408448" : 8676,
            "2441216" : 7810,
            "2473984" : 6901,
            "2506752" : 6029,
            "2539520" : 5053,
            "2572288" : 4426,
            "2605056" : 3846,
            "2637824" : 3460,
            "2670592" : 3138,
            "2703360" : 2698,
            "2736128" : 2281,
            "2768896" : 1846,
            "2801664" : 1647,
            "2834432" : 1448,