{
  "fio version" : "fio-3.8",
  "timestamp" : 1535563704,
  "timestamp_ms" : 1535563704739,
  "time" : "Wed Aug 29 17:28:24 2018",
  "global options" : {
    "offset" : "7191543808"
  },
  "jobs" : [
    {
      "jobname" : "wdpc",
      "groupid" : 0,
      "error" : 0,
      "eta" : 0,
      "elapsed" : 61,
      "job options" : {
        "ioengine" : "libaio",
        "group_reporting" : "1",
        "direct" : "1",
        "rw" : "readwrite",
        "bs" : "4KB",
        "numjobs" : "1",
        "iodepth" : "32",
        "size" : "75%",
        "name" : "wdpc",
        "rwmixread" : "0",
        "time_based" : "1",
        "runtime" : "60s",
        "filename" : "/dev/sda"
      },
      "read" : {
        "io_bytes" : 0,
        "io_kbytes" : 0,
        "bw_bytes" : 0,
        "bw" : 0,
        "iops" : 0.000000,
        "runtime" : 0,
        "total_ios" : 0,
        "short_ios" : 0,
        "drop_ios" : 0,
        "slat_ns" : {
          "min" : 0,
          "max" : 0,
          "mean" : 0.000000,
          "stddev" : 0.000000
        },
        "clat_ns" : {
          "min" : 0,
          "max" : 0,
          "mean" : 0.000000,
          "stddev" : 0.000000,
          "percentile" : {
            "1.000000" : 0,
            "5.000000" : 0,
            "10.000000" : 0,
            "20.000000" : 0,
            "30.000000" : 0,
            "40.000000" : 0,
            "50.000000" : 0,
            "60.000000" : 0,
            "70.000000" : 0,
            "80.000000" : 0,
            "90.000000" : 0,
            "95.000000" : 0,
            "99.000000" : 0,
            "99.500000" : 0,
            "99.900000" : 0,
            "99.950000" : 0,
            "99.990000" : 0
          },
          "bins" : {

          }
        },
        "lat_ns" : {
          "min" : 0,
          "max" : 0,
          "mean" : 0.000000,
          "stddev" : 0.000000
        },
        "bw_min" : 0,
        "bw_max" : 0,
        "bw_agg" : 0.000000,
        "bw_mean" : 0.000000,
        "bw_dev" : 0.000000,
        "bw_samples" : 0,
        "iops_min" : 0,
        "iops_max" : 0,
        "iops_mean" : 0.000000,
        "iops_stddev" : 0.000000,
        "iops_samples" : 0
      },
      "write" : {
        "io_bytes" : 7118778368,
        "io_kbytes" : 6951932,
        "bw_bytes" : 118644328,
        "bw" : 115863,
        "iops" : 28965.900568,
        "runtime" : 60001,
        "total_ios" : 1737983,
        "short_ios" : 0,
        "drop_ios" : 0,
        "slat_ns" : {
          "min" : 5541,
          "max" : 859542,
          "mean" : 27277.930762,
          "stddev" : 5566.542469
        },
        "clat_ns" : {
          "min" : 365959,
          "max" : 13821000,
          "mean" : 1073979.954466,
          "stddev" : 288609.404003,
          "percentile" : {
            "1.000000" : 995328,
            "5.000000" : 1019904,
            "10.000000" : 1028096,
            "20.000000" : 1044480,
            "30.000000" : 1056768,
            "40.000000" : 1056768,
            "50.000000" : 1056768,
            "60.000000" : 1073152,
            "70.000000" : 1073152,
            "80.000000" : 1089536,
            "90.000000" : 1105920,
            "95.000000" : 1105920,
            "99.000000" : 1138688,
            "99.500000" : 1204224,
            "99.900000" : 2039808,
            "99.950000" : 13172736,
            "99.990000" : 13565952
          },
          "bins" : {
            "366592" : 1,
            "395264" : 1,
            "428032" : 1,
            "460800" : 1,
            "485376" : 1,
            "518144" : 1,
            "544768" : 1,
            "585728" : 1,
            "634880" : 1,
            "675840" : 1,
            "708608" : 1,
            "749568" : 1,
            "774144" : 1,
            "806912" : 2,
            "815104" : 1,
            "839680" : 1,
            "847872" : 1,
            "856064" : 1,
            "864256" : 6,
            "872448" : 14,
            "880640" : 28,
            "888832" : 47,
            "897024" : 37,
            "905216" : 75,
            "913408" : 82,
            "921600" : 137,
            "929792" : 167,
            "937984" : 189,
            "946176" : 281,
            "954368" : 307,
            "962560" : 406,
            "970752" : 472,
            "978944" : 1058,
            "987136" : 3876,
            "995328" : 11658,
            "1003520" : 22585,
            "1011712" : 36017,
            "1019904" : 55367,
            "1028096" : 83682,
            "1036288" : 124249,
            "1044480" : 156721,
            "1056768" : 384300,
            "1073152" : 372374,
            "1089536" : 262274,
            "1105920" : 135267,
            "1122304" : 54956,
            "1138688" : 17438,
            "1155072" : 3819,
            "1171456" : 953,
            "1187840" : 364,
            "1204224" : 325,
            "1220608" : 332,
            "1236992" : 341,
            "1253376" : 283,
            "1269760" : 116,
            "1286144" : 70,
            "1302528" : 69,
            "1318912" : 45,
            "1335296" : 56,
            "1351680" : 109,
            "1368064" : 114,
            "1384448" : 104,
            "1400832" : 120,
            "1417216" : 147,
            "1433600" : 139,
            "1449984" : 105,
            "1466368" : 99,
            "1482752" : 136,
            "1499136" : 135,
            "1515520" : 145,
            "1531904" : 142,
            "1548288" : 135,
            "1564672" : 148,
            "1581056" : 161,
            "1597440" : 149,
            "1613824" : 159,
            "1630208" : 190,
            "1646592" : 246,
            "1662976" : 231,
            "1679360" : 180,
            "1695744" : 131,
            "1712128" : 98,
            "1728512" : 67,
            "1744896" : 88,
            "1761280" : 80,
            "1777664" : 86,
            "1794048" : 154,
            "1810432" : 95,
            "1826816" : 98,
            "1843200" : 64,
            "1859584" : 65,
            "1875968" : 65,
            "1892352" : 68,
            "1908736" : 78,
            "1925120" : 82,
            "1941504" : 112,
            "1957888" : 449,
            "1974272" : 203,
            "1990656" : 49,
            "2007040" : 57,
            "2023424" : 51,
            "2039808" : 58,
            "2056192" : 46,
            "2072576" : 42,
            "2088960" : 52,
            "2113536" : 89,
            "2146304" : 74,
            "2179072" : 38,
            "2211840" : 35,
            "2244608" : 19,
            "2277376" : 12,
            "2310144" : 5,
            "2342912" : 1,
            "2375680" : 1,
            "2441216" : 1,
            "2506752" : 2,
            "2539520" : 2,
            "2572288" : 1,
            "2605056" : 2,
            "2637824" : 1,
            "2670592" : 1,
            "2703360" : 2,
            "2736128" : 2,
            "2801664" : 2,
            "2834432" : 1,
            "2899968" : 3,
            "2932736" : 1,
            "2965504" : 2,
            "2998272" : 1,
            "3031040" : 2,
            "3063808" : 1,
            "3096576" : 2,
            "3129344" : 2,
            "3162112" : 6,
            "3194880" : 4,
            "3227648" : 1,
            "3260416" : 1,
            "3325952" : 2,
            "3391488" : 7,
            "3424256" : 19,
            "3457024" : 15,
            "3489792" : 11,
            "3522560" : 2,
            "3555328" : 5,
            "3588096" : 3,
            "3620864" : 14,
            "3653632" : 24,
            "3686400" : 45,
            "3719168" : 35,
            "3751936" : 27,
            "3784704" : 11,
            "3850240" : 2,
            "3915776" : 3,
            "3948544" : 2,
            "3981312" : 2,
            "4014080" : 1,
            "4046848" : 2,
            "4079616" : 6,
            "4112384" : 3,
            "4145152" : 1,
            "4177920" : 1,
            "4227072" : 6,
            "4292608" : 9,