{
  "fio version" : "fio-3.8",
  "timestamp" : 1535522429,
  "timestamp_ms" : 1535522429514,
  "time" : "Wed Aug 29 06:00:29 2018",
  "global options" : {
    "offset" : "0"
  },
  "jobs" : [
    {
      "jobname" : "wdpc",
      "groupid" : 0,
      "error" : 0,
      "eta" : 0,
      "elapsed" : 61,
      "job options" : {
        "ioengine" : "libaio",
        "group_reporting" : "1",
        "direct" : "1",
        "rw" : "readwrite",
        "bs" : "16KB",
        "numjobs" : "1",
        "iodepth" : "32",
        "size" : "75%",
        "name" : "wdpc",
        "rwmixread" : "0",
        "time_based" : "1",
        "runtime" : "60s",
        "filename" : "/dev/sda"
      },
      "read" : {
        "io_bytes" : 0,
        "io_kbytes" : 0,
        "bw_bytes" : 0,
        "bw" : 0,
        "iops" : 0.000000,
        "runtime" : 0,
        "total_ios" : 0,
        "short_ios" : 0,
        "drop_ios" : 0,
        "slat_ns" : {
          "min" : 0,
          "max" : 0,
          "mean" : 0.000000,
          "stddev" : 0.000000
        },
        "clat_ns" : {
          "min" : 0,
          "max" : 0,
          "mean" : 0.000000,
          "stddev" : 0.000000,
          "percentile" : {
            "1.000000" : 0,
            "5.000000" : 0,
            "10.000000" : 0,
            "20.000000" : 0,
            "30.000000" : 0,
            "40.000000" : 0,
            "50.000000" : 0,
            "60.000000" : 0,
            "70.000000" : 0,
            "80.000000" : 0,
            "90.000000" : 0,
            "95.000000" : 0,
            "99.000000" : 0,
            "99.500000" : 0,
            "99.900000" : 0,
            "99.950000" : 0,
            "99.990000" : 0
          },
          "bins" : {

          }
        },
        "lat_ns" : {
          "min" : 0,
          "max" : 0,
          "mean" : 0.000000,
          "stddev" : 0.000000
        },
        "bw_min" : 0,
        "bw_max" : 0,
        "bw_agg" : 0.000000,
        "bw_mean" : 0.000000,
        "bw_dev" : 0.000000,
        "bw_samples" : 0,
        "iops_min" : 0,
        "iops_max" : 0,
        "iops_mean" : 0.000000,
        "iops_stddev" : 0.000000,
        "iops_samples" : 0
      },
      "write" : {
        "io_bytes" : 16888856576,
        "io_kbytes" : 16493024,
        "bw_bytes" : 281466869,
        "bw" : 274869,
        "iops" : 17179.374365,
        "runtime" : 60003,
        "total_ios" : 1030814,
        "short_ios" : 0,
        "drop_ios" : 0,
        "slat_ns" : {
          "min" : 6125,
          "max" : 648375,
          "mean" : 19274.189284,
          "stddev" : 17730.907491
        },
        "clat_ns" : {
          "min" : 1216542,
          "max" : 17657792,
          "mean" : 1837552.415587,
          "stddev" : 753708.927083,
          "percentile" : {
            "1.000000" : 1482752,
            "5.000000" : 1515520,
            "10.000000" : 1531904,
            "20.000000" : 1564672,
            "30.000000" : 1581056,
            "40.000000" : 1597440,
            "50.000000" : 1630208,
            "60.000000" : 1712128,
            "70.000000" : 1810432,
            "80.000000" : 1974272,
            "90.000000" : 2375680,
            "95.000000" : 2637824,
            "99.000000" : 3555328,
            "99.500000" : 3751936,
            "99.900000" : 15794176,
            "99.950000" : 16580608,
            "99.990000" : 17170432
          },
          "bins" : {
            "1220608" : 5,
            "1236992" : 4,
            "1253376" : 10,
            "1269760" : 32,
            "1286144" : 43,
            "1302528" : 55,
            "1318912" : 70,
            "1335296" : 101,
            "1351680" : 141,
            "1368064" : 180,
            "1384448" : 254,
            "1400832" : 333,
            "1417216" : 555,
            "1433600" : 877,
            "1449984" : 1499,
            "1466368" : 2933,
            "1482752" : 8222,
            "1499136" : 19276,
            "1515520" : 30777,
            "1531904" : 40916,
            "1548288" : 68045,
            "1564672" : 69254,
            "1581056" : 95926,
            "1597440" : 85055,
            "1613824" : 59855,
            "1630208" : 43140,
            "1646592" : 23656,
            "1662976" : 18903,
            "1679360" : 18556,
            "1695744" : 19655,
            "1712128" : 20307,
            "1728512" : 21036,
            "1744896" : 20772,
            "1761280" : 17933,
            "1777664" : 14937,
            "1794048" : 14097,
            "1810432" : 13805,
            "1826816" : 12862,
            "1843200" : 12718,
            "1859584" : 13079,
            "1875968" : 11453,
            "1892352" : 9644,
            "1908736" : 8326,
            "1925120" : 8114,
            "1941504" : 8135,
            "1957888" : 7645,
            "1974272" : 7716,
            "1990656" : 7274,
            "2007040" : 6456,
            "2023424" : 5227,
            "2039808" : 4957,
            "2056192" : 4970,
            "2072576" : 4749,
            "2088960" : 4549,
            "2113536" : 9726,
            "2146304" : 7251,
            "2179072" : 7259,
            "2211840" : 7179,
            "2244608" : 6954,
            "2277376" : 5780,
            "2310144" : 6179,
            "2342912" : 7199,
            "2375680" : 7764,
            "2408448" : 6543,
            "2441216" : 6532,
            "2473984" : 6965,
            "2506752" : 6402,
            "2539520" : 5217,
            "2572288" : 4844,
            "2605056" : 4726,
            "2637824" : 3669,
            "2670592" : 2790,
            "2703360" : 2618,
            "2736128" : 2600,
            "2768896" : 1681,
            "2801664" : 1295,
            "2834432" : 1172,
            "2867200" : 1231,
            "2899968" : 1109,
            "2932736" : 1230,
            "2965504" : 1441,
            "2998272" : 1653,
            "3031040" : 1543,
            "3063808" : 1620,
            "3096576" : 1908,
            "3129344" : 2093,
            "3162112" : 1747,
            "3194880" : 1879,
            "3227648" : 1975,
            "3260416" : 1701,
            "3293184" : 1240,
            "3325952" : 1124,
            "3358720" : 880,
            "3391488" : 713,
            "3424256" : 572,
            "3457024" : 643,
            "3489792" : 921,
            "3522560" : 919,
            "3555328" : 1019,
            "3588096" : 1036,
            "3620864" : 1177,
            "3653632" : 839,
            "3686400" : 814,
            "3719168" : 745,
            "3751936" : 569,
            "3784704" : 424,
            "3817472" : 492,
            "3850240" : 523,
            "3883008" : 401,
            "3915776" : 249,
            "3948544" : 162,
            "3981312" : 129,
            "4014080" : 88,
            "4046848" : 59,
            "4079616" : 92,
            "4112384" : 69,
            "4145152" : 34,
            "4177920" : 21,
            "4227072" : 31,
            "4292608" : 10,
            "4358144" : 21,
            "4423680" : 24,
            "4489216" : 11,
            "4554752" : 2,
            "4620288" : 10,
            "4685824" : 3,
            "4751360" : 8,
            "4816896" : 1,
            "4882432" : 5,
            "4947968" : 7,
            "5013504" : 1,
            "5079040" : 8,
            "5144576" : 4,
            "5210112" : 29,
            "5275648" : 3,
            "5341184" : 29,
            "5406720" : 4,
            "5472256" : 4,
            "5668864" : 1,
            "14483456" : 3,
            "14614528" : 1,
            "14745600" : 1,
            "14876672" : 20,
            "15007744" : 17,
            "15138816" : 109,
            "15269888" : 181,
            "15400960" : 295,
            "15532032" : 202,
            "15663104" : 159,
            "15794176" : 139,
            "15925248" : 109,
            "16056320" : 130,
            "16187392" : 116,
            "16318464" : 53,
            "16449536" : 28,