{
  "fio version" : "fio-3.8",
  "timestamp" : 1534793111,
  "timestamp_ms" : 1534793111326,
  "time" : "Mon Aug 20 12:25:11 2018",
  "global options" : {
    "offset" : "33483653120"
  },
  "jobs" : [
    {
      "jobname" : "wdpc",
      "groupid" : 0,
      "error" : 0,
      "eta" : 0,
      "elapsed" : 61,
      "job options" : {
        "ioengine" : "libaio",
        "group_reporting" : "1",
        "direct" : "1",
        "rw" : "readwrite",
        "bs" : "128KB",
        "numjobs" : "1",
        "iodepth" : "32",
        "size" : "75%",
        "name" : "wdpc",
        "rwmixread" : "0",
        "time_based" : "1",
        "runtime" : "60s",
        "filename" : "/dev/sda"
      },
      "read" : {
        "io_bytes" : 0,
        "io_kbytes" : 0,
        "bw_bytes" : 0,
        "bw" : 0,
        "iops" : 0.000000,
        "runtime" : 0,
        "total_ios" : 0,
        "short_ios" : 0,
        "drop_ios" : 0,
        "slat_ns" : {
          "min" : 0,
          "max" : 0,
          "mean" : 0.000000,
          "stddev" : 0.000000
        },
        "clat_ns" : {
          "min" : 0,
          "max" : 0,
          "mean" : 0.000000,
          "stddev" : 0.000000,
          "percentile" : {
            "1.000000" : 0,
            "5.000000" : 0,
            "10.000000" : 0,
            "20.000000" : 0,
            "30.000000" : 0,
            "40.000000" : 0,
            "50.000000" : 0,
            "60.000000" : 0,
            "70.000000" : 0,
            "80.000000" : 0,
            "90.000000" : 0,
            "95.000000" : 0,
            "99.000000" : 0,
            "99.500000" : 0,
            "99.900000" : 0,
            "99.950000" : 0,
            "99.990000" : 0
          },
          "bins" : {

          }
        },
        "lat_ns" : {
          "min" : 0,
          "max" : 0,
          "mean" : 0.000000,
          "stddev" : 0.000000
        },
        "bw_min" : 0,
        "bw_max" : 0,
        "bw_agg" : 0.000000,
        "bw_mean" : 0.000000,
        "bw_dev" : 0.000000,
        "bw_samples" : 0,
        "iops_min" : 0,
        "iops_max" : 0,
        "iops_mean" : 0.000000,
        "iops_stddev" : 0.000000,
        "iops_samples" : 0
      },
      "write" : {
        "io_bytes" : 17100046336,
        "io_kbytes" : 16699264,
        "bw_bytes" : 284929539,
        "bw" : 278251,
        "iops" : 2173.839873,
        "runtime" : 60015,
        "total_ios" : 130463,
        "short_ios" : 0,
        "drop_ios" : 0,
        "slat_ns" : {
          "min" : 6685,
          "max" : 1403495,
          "mean" : 21263.820777,
          "stddev" : 25889.732406
        },
        "clat_ns" : {
          "min" : 883326,
          "max" : 32074561,
          "mean" : 14693485.968949,
          "stddev" : 2000684.744143,
          "percentile" : {
            "1.000000" : 12779520,
            "5.000000" : 13041664,
            "10.000000" : 13303808,
            "20.000000" : 13565952,
            "30.000000" : 13697024,
            "40.000000" : 13959168,
            "50.000000" : 14221312,
            "60.000000" : 14614528,
            "70.000000" : 15007744,
            "80.000000" : 15532032,
            "90.000000" : 16187392,
            "95.000000" : 16908288,
            "99.000000" : 27394048,
            "99.500000" : 27918336,
            "99.900000" : 28966912,
            "99.950000" : 29491200,
            "99.990000" : 31064064
          },
          "bins" : {
            "880640" : 1,
            "888832" : 1,
            "1302528" : 1,
            "2023424" : 1,
            "2637824" : 1,
            "2670592" : 1,
            "3031040" : 1,
            "3325952" : 1,
            "3686400" : 1,
            "4014080" : 1,
            "4358144" : 1,
            "4685824" : 1,
            "6717440" : 1,
            "6914048" : 1,
            "7241728" : 1,
            "7569408" : 1,
            "7897088" : 1,
            "8224768" : 1,
            "9109504" : 1,
            "9502720" : 1,
            "9764864" : 1,
            "10027008" : 1,
            "10420224" : 1,
            "10682368" : 1,
            "11075584" : 2,
            "11206656" : 1,
            "11337728" : 1,
            "11468800" : 5,
            "11599872" : 2,
            "11730944" : 16,
            "11862016" : 19,
            "11993088" : 16,
            "12124160" : 22,
            "12255232" : 30,
            "12386304" : 35,
            "12517376" : 155,
            "12648448" : 374,
            "12779520" : 937,
            "12910592" : 1776,
            "13041664" : 3524,
            "13172736" : 5076,
            "13303808" : 6283,
            "13434880" : 6609,
            "13565952" : 7015,
            "13697024" : 7259,
            "13828096" : 7132,
            "13959168" : 7022,
            "14090240" : 6231,
            "14221312" : 5987,
            "14352384" : 5508,
            "14483456" : 5145,
            "14614528" : 4682,
            "14745600" : 4572,
            "14876672" : 4322,
            "15007744" : 3964,
            "15138816" : 3565,
            "15269888" : 3432,
            "15400960" : 3132,
            "15532032" : 3104,
            "15663104" : 3113,
            "15794176" : 2825,
            "15925248" : 2311,
            "16056320" : 2045,
            "16187392" : 1658,
            "16318464" : 1465,
            "16449536" : 1169,
            "16580608" : 848,
            "16711680" : 871,
            "16908288" : 1776,
            "17170432" : 1431,
            "17432576" : 910,
            "17694720" : 427,
            "17956864" : 190,
            "18219008" : 49,
            "18481152" : 36,
            "18743296" : 26,
            "19005440" : 25,
            "19267584" : 35,
            "19529728" : 25,
            "19791872" : 32,
            "20054016" : 15,
            "20316160" : 2,
            "20578304" : 6,
            "20840448" : 21,
            "21102592" : 14,
            "21364736" : 22,
            "21626880" : 8,
            "21889024" : 1,
            "22151168" : 1,
            "22675456" : 1,
            "22937600" : 1,
            "23461888" : 1,
            "23724032" : 1,
            "25034752" : 1,
            "25296896" : 1,
            "25559040" : 2,
            "25821184" : 9,
            "26083328" : 19,
            "26345472" : 21,
            "26607616" : 86,
            "26869760" : 290,
            "27131904" : 377,
            "27394048" : 296,
            "27656192" : 300,
            "27918336" : 203,
            "28180480" : 104,
            "28442624" : 108,
            "28704768" : 89,
            "28966912" : 89,
            "29229056" : 38,
            "29491200" : 25,
            "29753344" : 22,
            "30015488" : 8,
            "30277632" : 3,
            "30539776" : 7,
            "30801920" : 11,
            "31064064" : 6,
            "31326208" : 6,
            "31850496" : 1,
            "32112640" : 1
          }
        },
        "lat_ns" : {
          "min" : 915661,
          "max" : 32092727,
          "mean" : 14715266.910519,
          "stddev" : 2000509.673541
        },
        "bw_min" : 258560,
        "bw_max" : 289792,
        "bw_agg" : 99.993094,
        "bw_mean" : 278231.783333,
        "bw_dev" : 5987.571019,
        "bw_samples" : 120,
        "iops_min" : 2020,
        "iops_max" : 2264,
        "iops_mean" : 2173.658333,
        "iops_stddev" : 46.783157,
        "iops_samples" : 120
      },
      "trim" : {
        "io_bytes" : 0,
        "io_kbytes" : 0,
        "bw_bytes" : 0,
        "bw" : 0,
        "iops" : 0.000000,
        "runtime" : 0,
        "total_ios" : 0,
        "short_ios" : 0,
        "drop_ios" : 0,
        "slat_ns" : {
          "min" : 0,
          "max" : 0,
          "mean" : 0.000000,
          "stddev" : 0.000000
        },
        "clat_ns" : {
          "min" : 0,
          "max" : 0,
          "mean" : 0.000000,
          "stddev" : 0.000000,
          "percentile" : {
            "1.000000" : 0,