{
  "fio version" : "fio-3.8",
  "timestamp" : 1534842209,
  "timestamp_ms" : 1534842209442,
  "time" : "Tue Aug 21 02:03:29 2018",
  "global options" : {
    "offset" : "27163320320"
  },
  "jobs" : [
    {
      "jobname" : "wdpc",
      "groupid" : 0,
      "error" : 0,
      "eta" : 0,
      "elapsed" : 61,
      "job options" : {
        "ioengine" : "libaio",
        "group_reporting" : "1",
        "direct" : "1",
        "rw" : "readwrite",
        "bs" : "8KB",
        "numjobs" : "1",
        "iodepth" : "32",
        "size" : "75%",
        "name" : "wdpc",
        "rwmixread" : "0",
        "time_based" : "1",
        "runtime" : "60s",
        "filename" : "/dev/sda"
      },
      "read" : {
        "io_bytes" : 0,
        "io_kbytes" : 0,
        "bw_bytes" : 0,
        "bw" : 0,
        "iops" : 0.000000,
        "runtime" : 0,
        "total_ios" : 0,
        "short_ios" : 0,
        "drop_ios" : 0,
        "slat_ns" : {
          "min" : 0,
          "max" : 0,
          "mean" : 0.000000,
          "stddev" : 0.000000
        },
        "clat_ns" : {
          "min" : 0,
          "max" : 0,
          "mean" : 0.000000,
          "stddev" : 0.000000,
          "percentile" : {
            "1.000000" : 0,
            "5.000000" : 0,
            "10.000000" : 0,
            "20.000000" : 0,
            "30.000000" : 0,
            "40.000000" : 0,
            "50.000000" : 0,
            "60.000000" : 0,
            "70.000000" : 0,
            "80.000000" : 0,
            "90.000000" : 0,
            "95.000000" : 0,
            "99.000000" : 0,
            "99.500000" : 0,
            "99.900000" : 0,
            "99.950000" : 0,
            "99.990000" : 0
          },
          "bins" : {

          }
        },
        "lat_ns" : {
          "min" : 0,
          "max" : 0,
          "mean" : 0.000000,
          "stddev" : 0.000000
        },
        "bw_min" : 0,
        "bw_max" : 0,
        "bw_agg" : 0.000000,
        "bw_mean" : 0.000000,
        "bw_dev" : 0.000000,
        "bw_samples" : 0,
        "iops_min" : 0,
        "iops_max" : 0,
        "iops_mean" : 0.000000,
        "iops_stddev" : 0.000000,
        "iops_samples" : 0
      },
      "write" : {
        "io_bytes" : 13612064768,
        "io_kbytes" : 13293032,
        "bw_bytes" : 226863965,
        "bw" : 221546,
        "iops" : 27693.355111,
        "runtime" : 60001,
        "total_ios" : 1661629,
        "short_ios" : 0,
        "drop_ios" : 0,
        "slat_ns" : {
          "min" : 2644,
          "max" : 2078919,
          "mean" : 6283.207934,
          "stddev" : 12631.650546
        },
        "clat_ns" : {
          "min" : 279479,
          "max" : 31004876,
          "mean" : 1147462.256064,
          "stddev" : 478953.017757,
          "percentile" : {
            "1.000000" : 798720,
            "5.000000" : 1011712,
            "10.000000" : 1056768,
            "20.000000" : 1073152,
            "30.000000" : 1073152,
            "40.000000" : 1089536,
            "50.000000" : 1105920,
            "60.000000" : 1122304,
            "70.000000" : 1122304,
            "80.000000" : 1138688,
            "90.000000" : 1187840,
            "95.000000" : 1400832,
            "99.000000" : 2007040,
            "99.500000" : 2605056,
            "99.900000" : 13565952,
            "99.950000" : 14352384,
            "99.990000" : 15269888
          },
          "bins" : {
            "280576" : 1,
            "317440" : 1,
            "325632" : 1,
            "329728" : 4,
            "337920" : 2,
            "346112" : 1,
            "354304" : 2,
            "358400" : 3,
            "362496" : 2,
            "366592" : 4,
            "370688" : 11,
            "374784" : 6,
            "378880" : 4,
            "382976" : 4,
            "387072" : 2,
            "391168" : 7,
            "395264" : 2,
            "399360" : 6,
            "403456" : 3,
            "407552" : 6,
            "411648" : 7,
            "415744" : 5,
            "419840" : 6,
            "423936" : 5,
            "428032" : 6,
            "432128" : 5,
            "436224" : 10,
            "440320" : 20,
            "444416" : 13,
            "448512" : 12,
            "452608" : 17,
            "456704" : 20,
            "460800" : 20,
            "464896" : 23,
            "468992" : 22,
            "473088" : 24,
            "477184" : 25,
            "481280" : 26,
            "485376" : 32,
            "489472" : 31,
            "493568" : 36,
            "497664" : 30,
            "501760" : 20,
            "505856" : 26,
            "509952" : 30,
            "514048" : 38,
            "518144" : 46,
            "522240" : 52,
            "528384" : 118,
            "536576" : 115,
            "544768" : 124,
            "552960" : 117,
            "561152" : 94,
            "569344" : 114,
            "577536" : 103,
            "585728" : 97,
            "593920" : 71,
            "602112" : 59,
            "610304" : 57,
            "618496" : 66,
            "626688" : 90,
            "634880" : 156,
            "643072" : 209,
            "651264" : 265,
            "659456" : 396,
            "667648" : 475,
            "675840" : 556,
            "684032" : 431,
            "692224" : 399,
            "700416" : 456,
            "708608" : 410,
            "716800" : 457,
            "724992" : 465,
            "733184" : 667,
            "741376" : 862,
            "749568" : 935,
            "757760" : 1127,
            "765952" : 1194,
            "774144" : 1436,
            "782336" : 1471,
            "790528" : 1618,
            "798720" : 1694,
            "806912" : 1769,
            "815104" : 1748,
            "823296" : 1568,
            "831488" : 1617,
            "839680" : 1847,
            "847872" : 1887,
            "856064" : 1837,
            "864256" : 1722,
            "872448" : 1826,
            "880640" : 2028,
            "888832" : 2054,
            "897024" : 1796,
            "905216" : 1891,
            "913408" : 2079,
            "921600" : 2337,
            "929792" : 2417,
            "937984" : 2342,
            "946176" : 2340,
            "954368" : 2831,
            "962560" : 2954,
            "970752" : 3317,
            "978944" : 3851,
            "987136" : 3754,
            "995328" : 4257,
            "1003520" : 4232,
            "1011712" : 5319,
            "1019904" : 9650,
            "1028096" : 14960,
            "1036288" : 19172,
            "1044480" : 29616,
            "1056768" : 76068,
            "1073152" : 286936,
            "1089536" : 214126,
            "1105920" : 240100,
            "1122304" : 318621,
            "1138688" : 90287,
            "1155072" : 72104,
            "1171456" : 38139,
            "1187840" : 12397,
            "1204224" : 9783,
            "1220608" : 8152,
            "1236992" : 7325,
            "1253376" : 6536,
            "1269760" : 5763,
            "1286144" : 5123,
            "1302528" : 4706,
            "1318912" : 4573,
            "1335296" : 4265,
            "1351680" : 4323,
            "1368064" : 4342,
            "1384448" : 4280,
            "1400832" : 4250,
            "1417216" : 3965,
            "1433600" : 3781,
            "1449984" : 3190,
            "1466368" : 2363,
            "1482752" : 1839,
            "1499136" : 1597,
            "1515520" : 1435,
            "1531904" : 1407,
            "1548288" : 1441,
            "1564672" : 1488,
            "1581056" : 1522,
            "1597440" : 1501,
            "1613824" : 1543,
            "1630208" : 1520,
            "1646592" : 1531,
            "1662976" : 1628,
            "1679360" : 1683,
            "1695744" : 1792,
            "1712128" : 1857,
            "1728512" : 2026,
            "1744896" : 1997,
            "1761280" : 1991,
            "1777664" : 2038,
            "1794048" : 2069,
            "1810432" : 2001,
            "1826816" : 2065,