{
  "fio version" : "fio-3.8",
  "timestamp" : 1534846734,
  "timestamp_ms" : 1534846734402,
  "time" : "Tue Aug 21 03:18:54 2018",
  "jobs" : [
    {
      "jobname" : "wipc",
      "groupid" : 0,
      "error" : 0,
      "eta" : 0,
      "elapsed" : 1811,
      "job options" : {
        "ioengine" : "libaio",
        "group_reporting" : "1",
        "direct" : "1",
        "rw" : "write",
        "bs" : "32KB",
        "numjobs" : "1",
        "iodepth" : "32",
        "size" : "75%",
        "name" : "wipc",
        "io_size" : "512121028608B",
        "filename" : "/dev/sda"
      },
      "read" : {
        "io_bytes" : 0,
        "io_kbytes" : 0,
        "bw_bytes" : 0,
        "bw" : 0,
        "iops" : 0.000000,
        "runtime" : 0,
        "total_ios" : 0,
        "short_ios" : 0,
        "drop_ios" : 0,
        "slat_ns" : {
          "min" : 0,
          "max" : 0,
          "mean" : 0.000000,
          "stddev" : 0.000000
        },
        "clat_ns" : {
          "min" : 0,
          "max" : 0,
          "mean" : 0.000000,
          "stddev" : 0.000000,
          "percentile" : {
            "1.000000" : 0,
            "5.000000" : 0,
            "10.000000" : 0,
            "20.000000" : 0,
            "30.000000" : 0,
            "40.000000" : 0,
            "50.000000" : 0,
            "60.000000" : 0,
            "70.000000" : 0,
            "80.000000" : 0,
            "90.000000" : 0,
            "95.000000" : 0,
            "99.000000" : 0,
            "99.500000" : 0,
            "99.900000" : 0,
            "99.950000" : 0,
            "99.990000" : 0
          },
          "bins" : {

          }
        },
        "lat_ns" : {
          "min" : 0,
          "max" : 0,
          "mean" : 0.000000,
          "stddev" : 0.000000
        },
        "bw_min" : 0,
        "bw_max" : 0,
        "bw_agg" : 0.000000,
        "bw_mean" : 0.000000,
        "bw_dev" : 0.000000,
        "bw_samples" : 0,
        "iops_min" : 0,
        "iops_max" : 0,
        "iops_mean" : 0.000000,
        "iops_stddev" : 0.000000,
        "iops_samples" : 0
      },
      "write" : {
        "io_bytes" : 512121044992,
        "io_kbytes" : 500118208,
        "bw_bytes" : 282904167,
        "bw" : 276273,
        "iops" : 8633.550028,
        "runtime" : 1810228,
        "total_ios" : 15628694,
        "short_ios" : 0,
        "drop_ios" : 0,
        "slat_ns" : {
          "min" : 3607,
          "max" : 4371324,
          "mean" : 10284.172700,
          "stddev" : 15602.249449
        },
        "clat_ns" : {
          "min" : 408821,
          "max" : 35681144,
          "mean" : 3693561.028242,
          "stddev" : 1076946.459144,
          "percentile" : {
            "1.000000" : 3063808,
            "5.000000" : 3063808,
            "10.000000" : 3063808,
            "20.000000" : 3162112,
            "30.000000" : 3260416,
            "40.000000" : 3325952,
            "50.000000" : 3457024,
            "60.000000" : 3588096,
            "70.000000" : 3817472,
            "80.000000" : 4046848,
            "90.000000" : 4554752,
            "95.000000" : 4882432,
            "99.000000" : 5472256,
            "99.500000" : 5931008,
            "99.900000" : 18481152,
            "99.950000" : 18743296,
            "99.990000" : 19529728
          },
          "bins" : {
            "407552" : 1,
            "415744" : 1,
            "423936" : 1,
            "444416" : 1,
            "448512" : 1,
            "452608" : 2,
            "456704" : 1,
            "464896" : 1,
            "468992" : 1,
            "473088" : 1,
            "477184" : 2,
            "481280" : 4,
            "485376" : 2,
            "493568" : 3,
            "497664" : 2,
            "501760" : 4,
            "505856" : 2,
            "509952" : 1,
            "514048" : 4,
            "518144" : 3,
            "522240" : 4,
            "528384" : 6,
            "536576" : 4,
            "544768" : 15,
            "552960" : 9,
            "561152" : 8,
            "569344" : 14,
            "577536" : 12,
            "585728" : 6,
            "593920" : 3,
            "602112" : 4,
            "610304" : 15,
            "618496" : 18,
            "626688" : 10,
            "634880" : 10,
            "643072" : 9,
            "651264" : 7,
            "659456" : 7,
            "667648" : 4,
            "675840" : 4,
            "684032" : 5,
            "692224" : 9,
            "700416" : 7,
            "708608" : 8,
            "716800" : 14,
            "724992" : 14,
            "733184" : 16,
            "741376" : 7,
            "749568" : 8,
            "757760" : 4,
            "765952" : 5,
            "774144" : 6,
            "782336" : 5,
            "790528" : 8,
            "798720" : 3,
            "806912" : 8,
            "815104" : 9,
            "823296" : 6,
            "831488" : 5,
            "839680" : 3,
            "847872" : 8,
            "856064" : 9,
            "864256" : 11,
            "872448" : 14,
            "880640" : 7,
            "888832" : 15,
            "897024" : 15,
            "905216" : 8,
            "913408" : 12,
            "921600" : 9,
            "929792" : 12,
            "937984" : 11,
            "946176" : 13,
            "954368" : 12,
            "962560" : 15,
            "970752" : 7,
            "978944" : 7,
            "987136" : 18,
            "995328" : 15,
            "1003520" : 5,
            "1011712" : 8,
            "1019904" : 9,
            "1028096" : 12,
            "1036288" : 11,
            "1044480" : 19,
            "1056768" : 26,
            "1073152" : 22,
            "1089536" : 30,
            "1105920" : 24,
            "1122304" : 30,
            "1138688" : 14,
            "1155072" : 23,
            "1171456" : 21,
            "1187840" : 19,
            "1204224" : 22,
            "1220608" : 28,
            "1236992" : 22,
            "1253376" : 35,
            "1269760" : 28,
            "1286144" : 30,
            "1302528" : 22,
            "1318912" : 29,
            "1335296" : 34,
            "1351680" : 33,
            "1368064" : 29,
            "1384448" : 26,
            "1400832" : 28,
            "1417216" : 28,
            "1433600" : 32,
            "1449984" : 35,
            "1466368" : 21,
            "1482752" : 26,
            "1499136" : 36,
            "1515520" : 29,
            "1531904" : 35,
            "1548288" : 25,
            "1564672" : 31,
            "1581056" : 34,
            "1597440" : 36,
            "1613824" : 36,
            "1630208" : 30,
            "1646592" : 27,
            "1662976" : 33,
            "1679360" : 36,
            "1695744" : 40,
            "1712128" : 33,
            "1728512" : 33,
            "1744896" : 32,
            "1761280" : 49,
            "1777664" : 47,
            "1794048" : 37,
            "1810432" : 36,
            "1826816" : 43,
            "1843200" : 50,
            "1859584" : 45,
            "1875968" : 45,
            "1892352" : 42,
            "1908736" : 49,
            "1925120" : 54,
            "1941504" : 53,
            "1957888" : 63,
            "1974272" : 46,
            "1990656" : 43,
            "2007040" : 52,
            "2023424" : 72,
            "2039808" : 59,
            "2056192" : 70,
            "2072576" : 60,
            "2088960" : 91,
            "2113536" : 235,
            "2146304" : 245,
            "2179072" : 1103,
            "2211840" : 909,
            "2244608" : 995,
            "2277376" : 1162,
            "2310144" : 638,
            "2342912" : 1481,
            "2375680" : 577,
            "2408448" : 1657,
            "2441216" : 1098,
            "2473984" : 1463,
            "2506752" : 1722,
            "2539520" : 1187,
            "2572288" : 2097,
            "2605056" : 1469,
            "2637824" : 2083,
            "2670592" : 2438,
            "2703360" : 5973,
            "2736128" : 6565,
            "2768896" : 9125,