{
  "fio version" : "fio-3.8",
  "timestamp" : 1534908399,
  "timestamp_ms" : 1534908399111,
  "time" : "Wed Aug 22 03:26:39 2018",
  "global options" : {
    "offset" : "28510756864"
  },
  "jobs" : [
    {
      "jobname" : "wdpc",
      "groupid" : 0,
      "error" : 0,
      "eta" : 0,
      "elapsed" : 61,
      "job options" : {
        "ioengine" : "libaio",
        "group_reporting" : "1",
        "direct" : "1",
        "rw" : "readwrite",
        "bs" : "4KB",
        "numjobs" : "1",
        "iodepth" : "32",
        "size" : "75%",
        "name" : "wdpc",
        "rwmixread" : "0",
        "time_based" : "1",
        "runtime" : "60s",
        "cpus_allowed" : "4,5",
        "filename" : "/dev/sda"
      },
      "read" : {
        "io_bytes" : 0,
        "io_kbytes" : 0,
        "bw_bytes" : 0,
        "bw" : 0,
        "iops" : 0.000000,
        "runtime" : 0,
        "total_ios" : 0,
        "short_ios" : 0,
        "drop_ios" : 0,
        "slat_ns" : {
          "min" : 0,
          "max" : 0,
          "mean" : 0.000000,
          "stddev" : 0.000000
        },
        "clat_ns" : {
          "min" : 0,
          "max" : 0,
          "mean" : 0.000000,
          "stddev" : 0.000000,
          "percentile" : {
            "1.000000" : 0,
            "5.000000" : 0,
            "10.000000" : 0,
            "20.000000" : 0,
            "30.000000" : 0,
            "40.000000" : 0,
            "50.000000" : 0,
            "60.000000" : 0,
            "70.000000" : 0,
            "80.000000" : 0,
            "90.000000" : 0,
            "95.000000" : 0,
            "99.000000" : 0,
            "99.500000" : 0,
            "99.900000" : 0,
            "99.950000" : 0,
            "99.990000" : 0
          },
          "bins" : {

          }
        },
        "lat_ns" : {
          "min" : 0,
          "max" : 0,
          "mean" : 0.000000,
          "stddev" : 0.000000
        },
        "bw_min" : 0,
        "bw_max" : 0,
        "bw_agg" : 0.000000,
        "bw_mean" : 0.000000,
        "bw_dev" : 0.000000,
        "bw_samples" : 0,
        "iops_min" : 0,
        "iops_max" : 0,
        "iops_mean" : 0.000000,
        "iops_stddev" : 0.000000,
        "iops_samples" : 0
      },
      "write" : {
        "io_bytes" : 6949031936,
        "io_kbytes" : 6786164,
        "bw_bytes" : 115815268,
        "bw" : 113100,
        "iops" : 28275.212080,
        "runtime" : 60001,
        "total_ios" : 1696541,
        "short_ios" : 0,
        "drop_ios" : 0,
        "slat_ns" : {
          "min" : 4958,
          "max" : 171500,
          "mean" : 27269.214043,
          "stddev" : 6180.543961
        },
        "clat_ns" : {
          "min" : 214084,
          "max" : 15282459,
          "mean" : 1100958.150539,
          "stddev" : 317944.065836,
          "percentile" : {
            "1.000000" : 995328,
            "5.000000" : 1019904,
            "10.000000" : 1028096,
            "20.000000" : 1044480,
            "30.000000" : 1056768,
            "40.000000" : 1056768,
            "50.000000" : 1073152,
            "60.000000" : 1073152,
            "70.000000" : 1089536,
            "80.000000" : 1105920,
            "90.000000" : 1122304,
            "95.000000" : 1253376,
            "99.000000" : 1892352,
            "99.500000" : 1957888,
            "99.900000" : 2113536,
            "99.950000" : 13172736,
            "99.990000" : 13697024
          },
          "bins" : {
            "214016" : 1,
            "238592" : 1,
            "276480" : 1,
            "317440" : 1,
            "354304" : 1,
            "382976" : 1,
            "415744" : 1,
            "452608" : 1,
            "489472" : 1,
            "522240" : 1,
            "552960" : 1,
            "593920" : 1,
            "643072" : 1,
            "684032" : 1,
            "708608" : 1,
            "749568" : 1,
            "774144" : 1,
            "815104" : 1,
            "831488" : 1,
            "847872" : 2,
            "856064" : 3,
            "864256" : 10,
            "872448" : 24,
            "880640" : 29,
            "888832" : 40,
            "897024" : 64,
            "905216" : 62,
            "913408" : 110,
            "921600" : 132,
            "929792" : 161,
            "937984" : 191,
            "946176" : 248,
            "954368" : 268,
            "962560" : 335,
            "970752" : 513,
            "978944" : 1210,
            "987136" : 4255,
            "995328" : 11062,
            "1003520" : 20470,
            "1011712" : 32067,
            "1019904" : 49352,
            "1028096" : 74743,
            "1036288" : 108527,
            "1044480" : 135631,
            "1056768" : 335299,
            "1073152" : 334224,
            "1089536" : 246556,
            "1105920" : 135947,
            "1122304" : 61138,
            "1138688" : 25047,
            "1155072" : 10345,
            "1171456" : 5659,
            "1187840" : 3872,
            "1204224" : 3220,
            "1220608" : 3315,
            "1236992" : 4041,
            "1253376" : 4535,
            "1269760" : 4958,
            "1286144" : 5060,
            "1302528" : 5094,
            "1318912" : 4571,
            "1335296" : 3920,
            "1351680" : 3302,
            "1368064" : 2763,
            "1384448" : 2513,
            "1400832" : 2209,
            "1417216" : 1942,
            "1433600" : 1659,
            "1449984" : 1363,
            "1466368" : 1148,
            "1482752" : 1165,
            "1499136" : 1118,
            "1515520" : 1124,
            "1531904" : 955,
            "1548288" : 774,
            "1564672" : 608,
            "1581056" : 443,
            "1597440" : 327,
            "1613824" : 326,
            "1630208" : 320,
            "1646592" : 318,
            "1662976" : 313,
            "1679360" : 356,
            "1695744" : 453,
            "1712128" : 561,
            "1728512" : 742,
            "1744896" : 850,
            "1761280" : 998,
            "1777664" : 1318,
            "1794048" : 1598,
            "1810432" : 1792,
            "1826816" : 1995,
            "1843200" : 2173,
            "1859584" : 2293,
            "1875968" : 2451,
            "1892352" : 2419,
            "1908736" : 2398,
            "1925120" : 2167,
            "1941504" : 1960,
            "1957888" : 1674,
            "1974272" : 1484,
            "1990656" : 1167,
            "2007040" : 1024,
            "2023424" : 647,
            "2039808" : 511,
            "2056192" : 329,
            "2072576" : 249,
            "2088960" : 144,
            "2113536" : 223,
            "2146304" : 146,
            "2179072" : 91,
            "2211840" : 33,
            "2244608" : 15,
            "2277376" : 5,
            "2310144" : 5,
            "2342912" : 8,
            "2375680" : 4,
            "2408448" : 3,
            "2441216" : 6,
            "2473984" : 5,
            "2506752" : 9,
            "2539520" : 4,
            "2572288" : 1,
            "2605056" : 2,
            "2670592" : 1,
            "2703360" : 4,
            "2736128" : 41,
            "2768896" : 63,
            "2801664" : 4,
            "2834432" : 3,
            "2867200" : 1,
            "2899968" : 1,
            "2932736" : 2,
            "2965504" : 1,
            "3063808" : 1,
            "3096576" : 6,
            "3129344" : 2,
            "3162112" : 10,
            "3194880" : 5,
            "3227648" : 9,
            "3260416" : 6,
            "3293184" : 3,
            "3325952" : 2,
            "3358720" : 5,
            "3391488" : 11,
            "3424256" : 3,
            "3457024" : 2,
            "4489216" : 3,
            "4554752" : 12,
            "4620288" : 10,
            "4685824" : 6,
            "4751360" : 1,
            "7962624" : 1,
            "8028160" : 7,
            "8093696" : 21,
            "8159232" : 2,
            "8224768" : 3,
            "8290304" : 1,
            "8355840" : 1,
            "8454144" : 21,