{
  "fio version" : "fio-3.8",
  "timestamp" : 1534887104,
  "timestamp_ms" : 1534887104072,
  "time" : "Tue Aug 21 21:31:44 2018",
  "jobs" : [
    {
      "jobname" : "wipc",
      "groupid" : 0,
      "error" : 0,
      "eta" : 0,
      "elapsed" : 1784,
      "job options" : {
        "ioengine" : "libaio",
        "group_reporting" : "1",
        "direct" : "1",
        "rw" : "write",
        "bs" : "32KB",
        "numjobs" : "1",
        "iodepth" : "32",
        "size" : "75%",
        "name" : "wipc",
        "io_size" : "512121028608B",
        "filename" : "/dev/sda"
      },
      "read" : {
        "io_bytes" : 0,
        "io_kbytes" : 0,
        "bw_bytes" : 0,
        "bw" : 0,
        "iops" : 0.000000,
        "runtime" : 0,
        "total_ios" : 0,
        "short_ios" : 0,
        "drop_ios" : 0,
        "slat_ns" : {
          "min" : 0,
          "max" : 0,
          "mean" : 0.000000,
          "stddev" : 0.000000
        },
        "clat_ns" : {
          "min" : 0,
          "max" : 0,
          "mean" : 0.000000,
          "stddev" : 0.000000,
          "percentile" : {
            "1.000000" : 0,
            "5.000000" : 0,
            "10.000000" : 0,
            "20.000000" : 0,
            "30.000000" : 0,
            "40.000000" : 0,
            "50.000000" : 0,
            "60.000000" : 0,
            "70.000000" : 0,
            "80.000000" : 0,
            "90.000000" : 0,
            "95.000000" : 0,
            "99.000000" : 0,
            "99.500000" : 0,
            "99.900000" : 0,
            "99.950000" : 0,
            "99.990000" : 0
          },
          "bins" : {

          }
        },
        "lat_ns" : {
          "min" : 0,
          "max" : 0,
          "mean" : 0.000000,
          "stddev" : 0.000000
        },
        "bw_min" : 0,
        "bw_max" : 0,
        "bw_agg" : 0.000000,
        "bw_mean" : 0.000000,
        "bw_dev" : 0.000000,
        "bw_samples" : 0,
        "iops_min" : 0,
        "iops_max" : 0,
        "iops_mean" : 0.000000,
        "iops_stddev" : 0.000000,
        "iops_samples" : 0
      },
      "write" : {
        "io_bytes" : 512121044992,
        "io_kbytes" : 500118208,
        "bw_bytes" : 287196983,
        "bw" : 280465,
        "iops" : 8764.556380,
        "runtime" : 1783170,
        "total_ios" : 15628694,
        "short_ios" : 0,
        "drop_ios" : 0,
        "slat_ns" : {
          "min" : 8750,
          "max" : 14157500,
          "mean" : 53369.635237,
          "stddev" : 39204.076944
        },
        "clat_ns" : {
          "min" : 1755834,
          "max" : 79493166,
          "mean" : 3588407.973613,
          "stddev" : 1205042.309562,
          "percentile" : {
            "1.000000" : 2670592,
            "5.000000" : 2801664,
            "10.000000" : 2834432,
            "20.000000" : 2998272,
            "30.000000" : 3129344,
            "40.000000" : 3227648,
            "50.000000" : 3358720,
            "60.000000" : 3522560,
            "70.000000" : 3719168,
            "80.000000" : 3981312,
            "90.000000" : 4423680,
            "95.000000" : 4882432,
            "99.000000" : 5668864,
            "99.500000" : 8224768,
            "99.900000" : 19529728,
            "99.950000" : 20840448,
            "99.990000" : 23986176
          },
          "bins" : {
            "1761280" : 1,
            "1777664" : 4,
            "1794048" : 3,
            "1810432" : 21,
            "1826816" : 26,
            "1843200" : 69,
            "1859584" : 106,
            "1875968" : 108,
            "1892352" : 98,
            "1908736" : 60,
            "1925120" : 64,
            "1941504" : 71,
            "1957888" : 94,
            "1974272" : 114,
            "1990656" : 190,
            "2007040" : 234,
            "2023424" : 320,
            "2039808" : 521,
            "2056192" : 752,
            "2072576" : 771,
            "2088960" : 776,
            "2113536" : 1403,
            "2146304" : 1255,
            "2179072" : 1476,
            "2211840" : 1775,
            "2244608" : 2887,
            "2277376" : 5231,
            "2310144" : 7854,
            "2342912" : 8649,
            "2375680" : 7972,
            "2408448" : 6246,
            "2441216" : 5820,
            "2473984" : 6113,
            "2506752" : 7709,
            "2539520" : 10897,
            "2572288" : 15448,
            "2605056" : 20881,
            "2637824" : 28626,
            "2670592" : 40437,
            "2703360" : 70554,
            "2736128" : 137604,
            "2768896" : 210128,
            "2801664" : 635024,
            "2834432" : 427189,
            "2867200" : 515954,
            "2899968" : 309511,
            "2932736" : 193182,
            "2965504" : 217116,
            "2998272" : 267831,
            "3031040" : 339201,
            "3063808" : 414313,
            "3096576" : 485695,
            "3129344" : 511933,
            "3162112" : 504980,
            "3194880" : 491289,
            "3227648" : 451735,
            "3260416" : 417284,
            "3293184" : 397689,
            "3325952" : 381846,
            "3358720" : 369974,
            "3391488" : 361343,
            "3424256" : 338537,
            "3457024" : 321391,
            "3489792" : 301082,
            "3522560" : 277908,
            "3555328" : 265990,
            "3588096" : 256184,
            "3620864" : 240399,
            "3653632" : 231785,
            "3686400" : 227975,
            "3719168" : 221542,
            "3751936" : 217679,
            "3784704" : 215182,
            "3817472" : 211166,
            "3850240" : 208993,
            "3883008" : 202920,
            "3915776" : 192006,
            "3948544" : 187116,
            "3981312" : 177396,
            "4014080" : 161837,
            "4046848" : 152257,
            "4079616" : 138207,
            "4112384" : 126757,
            "4145152" : 115803,
            "4177920" : 106195,
            "4227072" : 194011,
            "4292608" : 174125,
            "4358144" : 165037,
            "4423680" : 154599,
            "4489216" : 146291,
            "4554752" : 136813,
            "4620288" : 130111,
            "4685824" : 122450,
            "4751360" : 113464,
            "4816896" : 104123,
            "4882432" : 98964,
            "4947968" : 100242,
            "5013504" : 84620,
            "5079040" : 72877,
            "5144576" : 61836,
            "5210112" : 52777,
            "5275648" : 43569,
            "5341184" : 34642,
            "5406720" : 27336,
            "5472256" : 22406,
            "5537792" : 19428,
            "5603328" : 16391,
            "5668864" : 12704,
            "5734400" : 9817,
            "5799936" : 7613,
            "5865472" : 6177,
            "5931008" : 5442,
            "5996544" : 3817,
            "6062080" : 2465,
            "6127616" : 2250,
            "6193152" : 2017,
            "6258688" : 1636,
            "6324224" : 1277,
            "6389760" : 1079,
            "6455296" : 760,
            "6520832" : 914,
            "6586368" : 886,
            "6651904" : 637,
            "6717440" : 608,
            "6782976" : 563,
            "6848512" : 544,
            "6914048" : 515,
            "6979584" : 473,
            "7045120" : 480,
            "7110656" : 427,
            "7176192" : 421,
            "7241728" : 1716,
            "7307264" : 4644,
            "7372800" : 3362,
            "7438336" : 1325,
            "7503872" : 799,
            "7569408" : 637,
            "7634944" : 537,
            "7700480" : 462,
            "7766016" : 417,
            "7831552" : 378,
            "7897088" : 308,
            "7962624" : 263,
            "8028160" : 414,
            "8093696" : 1119,
            "8159232" : 1164,
            "8224768" : 696,
            "8290304" : 419,
            "8355840" : 321,
            "8454144" : 535,
            "8585216" : 583,
            "8716288" : 626,
            "8847360" : 452,