{
  "fio version" : "fio-3.8",
  "timestamp" : 1534572712,
  "timestamp_ms" : 1534572712716,
  "time" : "Sat Aug 18 06:11:52 2018",
  "jobs" : [
    {
      "jobname" : "wdpc",
      "groupid" : 0,
      "error" : 0,
      "eta" : 0,
      "elapsed" : 62,
      "job options" : {
        "ioengine" : "libaio",
        "group_reporting" : "1",
        "direct" : "1",
        "rw" : "randrw",
        "bs" : "1024KB",
        "numjobs" : "2",
        "iodepth" : "16",
        "size" : "75%",
        "name" : "wdpc",
        "random_distribution" : "random",
        "random_generator" : "tausworthe",
        "allrandrepeat" : "1",
        "randseed" : "101",
        "rwmixread" : "0",
        "time_based" : "1",
        "runtime" : "60s",
        "filename" : "/dev/sda"
      },
      "read" : {
        "io_bytes" : 0,
        "io_kbytes" : 0,
        "bw_bytes" : 0,
        "bw" : 0,
        "iops" : 0.000000,
        "runtime" : 0,
        "total_ios" : 0,
        "short_ios" : 0,
        "drop_ios" : 0,
        "slat_ns" : {
          "min" : 0,
          "max" : 0,
          "mean" : 0.000000,
          "stddev" : 0.000000
        },
        "clat_ns" : {
          "min" : 0,
          "max" : 0,
          "mean" : 0.000000,
          "stddev" : 0.000000,
          "percentile" : {
            "1.000000" : 0,
            "5.000000" : 0,
            "10.000000" : 0,
            "20.000000" : 0,
            "30.000000" : 0,
            "40.000000" : 0,
            "50.000000" : 0,
            "60.000000" : 0,
            "70.000000" : 0,
            "80.000000" : 0,
            "90.000000" : 0,
            "95.000000" : 0,
            "99.000000" : 0,
            "99.500000" : 0,
            "99.900000" : 0,
            "99.950000" : 0,
            "99.990000" : 0
          },
          "bins" : {

          }
        },
        "lat_ns" : {
          "min" : 0,
          "max" : 0,
          "mean" : 0.000000,
          "stddev" : 0.000000
        },
        "bw_min" : 0,
        "bw_max" : 0,
        "bw_agg" : 0.000000,
        "bw_mean" : 0.000000,
        "bw_dev" : 0.000000,
        "bw_samples" : 0,
        "iops_min" : 0,
        "iops_max" : 0,
        "iops_mean" : 0.000000,
        "iops_stddev" : 0.000000,
        "iops_samples" : 0
      },
      "write" : {
        "io_bytes" : 8561623040,
        "io_kbytes" : 8360960,
        "bw_bytes" : 139088994,
        "bw" : 135829,
        "iops" : 132.645601,
        "runtime" : 61555,
        "total_ios" : 8165,
        "short_ios" : 0,
        "drop_ios" : 0,
        "slat_ns" : {
          "min" : 295166,
          "max" : 2573667,
          "mean" : 803215.117208,
          "stddev" : 297369.797313
        },
        "clat_ns" : {
          "min" : 11620583,
          "max" : 4086753710,
          "mean" : 239936655.693080,
          "stddev" : 349265880.729482,
          "percentile" : {
            "1.000000" : 59506688,
            "5.000000" : 65273856,
            "10.000000" : 71827456,
            "20.000000" : 84410368,
            "30.000000" : 95944704,
            "40.000000" : 108527616,
            "50.000000" : 121110528,
            "60.000000" : 133693440,
            "70.000000" : 149946368,
            "80.000000" : 202375168,
            "90.000000" : 608174080,
            "95.000000" : 994050048,
            "99.000000" : 1769996288,
            "99.500000" : 2038431744,
            "99.900000" : 2868903936,
            "99.950000" : 3003121664,
            "99.990000" : 4076863488
          },
          "bins" : {
            "11599872" : 1,
            "12255232" : 1,
            "12517376" : 1,
            "14483456" : 1,
            "16187392" : 1,
            "19791872" : 1,
            "21364736" : 1,
            "26083328" : 1,
            "27394048" : 1,
            "32112640" : 1,
            "34340864" : 1,
            "38535168" : 1,
            "42729472" : 1,
            "44826624" : 1,
            "50069504" : 1,
            "51118080" : 1,
            "54263808" : 2,
            "55312384" : 2,
            "55836672" : 2,
            "56360960" : 3,
            "56885248" : 7,
            "57409536" : 7,
            "57933824" : 10,
            "58458112" : 18,
            "58982400" : 10,
            "59506688" : 17,
            "60030976" : 17,
            "60555264" : 28,
            "61079552" : 26,
            "61603840" : 29,
            "62128128" : 29,
            "62652416" : 27,
            "63176704" : 34,
            "63700992" : 22,
            "64225280" : 37,
            "64749568" : 33,
            "65273856" : 36,
            "65798144" : 24,
            "66322432" : 36,
            "66846720" : 32,
            "67633152" : 61,
            "68681728" : 72,
            "69730304" : 69,
            "70778880" : 73,
            "71827456" : 63,
            "72876032" : 70,
            "73924608" : 70,
            "74973184" : 72,
            "76021760" : 55,
            "77070336" : 72,
            "78118912" : 69,
            "79167488" : 74,
            "80216064" : 86,
            "81264640" : 72,
            "82313216" : 60,
            "83361792" : 67,
            "84410368" : 79,
            "85458944" : 70,
            "86507520" : 65,
            "87556096" : 75,
            "88604672" : 75,
            "89653248" : 69,
            "90701824" : 62,
            "91750400" : 84,
            "92798976" : 58,
            "93847552" : 76,
            "94896128" : 78,
            "95944704" : 70,
            "96993280" : 68,
            "98041856" : 77,
            "99090432" : 73,
            "100139008" : 82,
            "101187584" : 67,
            "102236160" : 65,
            "103284736" : 62,
            "104333312" : 78,
            "105381888" : 75,
            "106430464" : 78,
            "107479040" : 62,
            "108527616" : 57,
            "109576192" : 82,
            "110624768" : 59,
            "111673344" : 72,
            "112721920" : 66,
            "113770496" : 63,
            "114819072" : 59,
            "115867648" : 72,
            "116916224" : 74,
            "117964800" : 66,
            "119013376" : 68,
            "120061952" : 79,
            "121110528" : 87,
            "122159104" : 67,
            "123207680" : 69,
            "124256256" : 71,
            "125304832" : 55,
            "126353408" : 66,
            "127401984" : 62,
            "128450560" : 59,
            "129499136" : 67,
            "130547712" : 64,
            "131596288" : 57,
            "132644864" : 68,
            "133693440" : 57,
            "135266304" : 115,
            "137363456" : 114,
            "139460608" : 125,
            "141557760" : 133,
            "143654912" : 105,
            "145752064" : 109,
            "147849216" : 87,
            "149946368" : 91,
            "152043520" : 71,
            "154140672" : 67,
            "156237824" : 70,
            "158334976" : 65,
            "160432128" : 70,
            "162529280" : 63,
            "164626432" : 43,
            "166723584" : 31,
            "168820736" : 31,
            "170917888" : 18,
            "173015040" : 23,
            "175112192" : 28,
            "177209344" : 20,
            "179306496" : 16,
            "181403648" : 12,
            "183500800" : 12,
            "185597952" : 18,
            "187695104" : 7,
            "189792256" : 13,
            "191889408" : 9,
            "193986560" : 14,
            "196083712" : 6,
            "198180864" : 5,
            "200278016" : 7,
            "202375168" : 11,
            "204472320" : 2,
            "206569472" : 4,
            "208666624" : 7,
            "210763776" : 11,
            "212860928" : 7,
            "214958080" : 9,
            "217055232" : 3,
            "219152384" : 6,
            "221249536" : 10,
            "223346688" : 6,
            "225443840" : 7,
            "227540992" : 4,
            "229638144" : 9,
            "231735296" : 7,