{
  "fio version" : "fio-3.8",
  "timestamp" : 1536360985,
  "timestamp_ms" : 1536360985528,
  "time" : "Fri Sep  7 15:56:25 2018",
  "jobs" : [
    {
      "jobname" : "wipc",
      "groupid" : 0,
      "error" : 0,
      "eta" : 0,
      "elapsed" : 1784,
      "job options" : {
        "ioengine" : "libaio",
        "group_reporting" : "1",
        "direct" : "1",
        "rw" : "write",
        "bs" : "1024KB",
        "numjobs" : "1",
        "iodepth" : "32",
        "size" : "75%",
        "name" : "wipc",
        "io_size" : "512121028608B",
        "filename" : "/dev/sda"
      },
      "read" : {
        "io_bytes" : 0,
        "io_kbytes" : 0,
        "bw_bytes" : 0,
        "bw" : 0,
        "iops" : 0.000000,
        "runtime" : 0,
        "total_ios" : 0,
        "short_ios" : 0,
        "drop_ios" : 0,
        "slat_ns" : {
          "min" : 0,
          "max" : 0,
          "mean" : 0.000000,
          "stddev" : 0.000000
        },
        "clat_ns" : {
          "min" : 0,
          "max" : 0,
          "mean" : 0.000000,
          "stddev" : 0.000000,
          "percentile" : {
            "1.000000" : 0,
            "5.000000" : 0,
            "10.000000" : 0,
            "20.000000" : 0,
            "30.000000" : 0,
            "40.000000" : 0,
            "50.000000" : 0,
            "60.000000" : 0,
            "70.000000" : 0,
            "80.000000" : 0,
            "90.000000" : 0,
            "95.000000" : 0,
            "99.000000" : 0,
            "99.500000" : 0,
            "99.900000" : 0,
            "99.950000" : 0,
            "99.990000" : 0
          },
          "bins" : {

          }
        },
        "lat_ns" : {
          "min" : 0,
          "max" : 0,
          "mean" : 0.000000,
          "stddev" : 0.000000
        },
        "bw_min" : 0,
        "bw_max" : 0,
        "bw_agg" : 0.000000,
        "bw_mean" : 0.000000,
        "bw_dev" : 0.000000,
        "bw_samples" : 0,
        "iops_min" : 0,
        "iops_max" : 0,
        "iops_mean" : 0.000000,
        "iops_stddev" : 0.000000,
        "iops_samples" : 0
      },
      "write" : {
        "io_bytes" : 512121372672,
        "io_kbytes" : 500118528,
        "bw_bytes" : 287164314,
        "bw" : 280433,
        "iops" : 273.861232,
        "runtime" : 1783374,
        "total_ios" : 488397,
        "short_ios" : 0,
        "drop_ios" : 0,
        "slat_ns" : {
          "min" : 55797,
          "max" : 4822975,
          "mean" : 149407.395764,
          "stddev" : 61373.174871
        },
        "clat_ns" : {
          "min" : 4557717,
          "max" : 226650692,
          "mean" : 116689065.295038,
          "stddev" : 5942924.515333,
          "percentile" : {
            "1.000000" : 107479040,
            "5.000000" : 109576192,
            "10.000000" : 110624768,
            "20.000000" : 111673344,
            "30.000000" : 112721920,
            "40.000000" : 114819072,
            "50.000000" : 115867648,
            "60.000000" : 116916224,
            "70.000000" : 117964800,
            "80.000000" : 121110528,
            "90.000000" : 125304832,
            "95.000000" : 128450560,
            "99.000000" : 132644864,
            "99.500000" : 133693440,
            "99.900000" : 139460608,
            "99.950000" : 141557760,
            "99.990000" : 158334976
          },
          "bins" : {
            "4554752" : 1,
            "4947968" : 1,
            "5668864" : 1,
            "8716288" : 1,
            "9371648" : 1,
            "10289152" : 1,
            "11468800" : 1,
            "12779520" : 1,
            "15138816" : 2,
            "16908288" : 1,
            "17956864" : 1,
            "19267584" : 1,
            "20316160" : 1,
            "22151168" : 1,
            "23724032" : 1,
            "23986176" : 1,
            "24772608" : 1,
            "27394048" : 1,
            "27656192" : 1,
            "28180480" : 1,
            "30801920" : 1,
            "31064064" : 1,
            "31326208" : 1,
            "33816576" : 1,
            "34865152" : 1,
            "35913728" : 1,
            "37486592" : 1,
            "38010880" : 1,
            "38535168" : 1,
            "40632320" : 1,
            "41680896" : 1,
            "42205184" : 1,
            "44302336" : 1,
            "45350912" : 2,
            "46923776" : 1,
            "48496640" : 1,
            "50069504" : 1,
            "51642368" : 1,
            "52166656" : 1,
            "54788096" : 1,
            "56360960" : 1,
            "56885248" : 1,
            "60555264" : 1,
            "61079552" : 1,
            "62128128" : 1,
            "66322432" : 1,
            "67633152" : 2,
            "68681728" : 1,
            "69730304" : 1,
            "72876032" : 1,
            "73924608" : 1,
            "74973184" : 1,
            "76021760" : 2,
            "78118912" : 1,
            "79167488" : 1,
            "81264640" : 1,
            "82313216" : 2,
            "84410368" : 1,
            "85458944" : 2,
            "88604672" : 2,
            "89653248" : 1,
            "90701824" : 1,
            "91750400" : 1,
            "92798976" : 1,
            "94896128" : 1,
            "95944704" : 1,
            "96993280" : 3,
            "98041856" : 1,
            "101187584" : 2,
            "103284736" : 6,
            "104333312" : 95,
            "105381888" : 588,
            "106430464" : 2624,
            "107479040" : 7038,
            "108527616" : 13963,
            "109576192" : 21689,
            "110624768" : 27819,
            "111673344" : 33415,
            "112721920" : 39557,
            "113770496" : 44517,
            "114819072" : 46188,
            "115867648" : 42801,
            "116916224" : 35718,
            "117964800" : 28160,
            "119013376" : 21311,
            "120061952" : 16476,
            "121110528" : 13556,
            "122159104" : 12090,
            "123207680" : 11500,
            "124256256" : 11302,
            "125304832" : 11263,
            "126353408" : 9936,
            "127401984" : 8652,
            "128450560" : 7716,
            "129499136" : 6538,
            "130547712" : 4901,
            "131596288" : 3187,
            "132644864" : 2065,
            "133693440" : 1248,
            "135266304" : 1269,
            "137363456" : 484,
            "139460608" : 253,
            "141557760" : 178,
            "143654912" : 95,
            "145752064" : 23,
            "147849216" : 15,
            "149946368" : 19,
            "152043520" : 8,
            "154140672" : 3,
            "156237824" : 1,
            "158334976" : 3,
            "160432128" : 1,
            "162529280" : 1,
            "164626432" : 2,
            "166723584" : 2,
            "170917888" : 2,
            "173015040" : 1,
            "175112192" : 1,
            "177209344" : 1,
            "179306496" : 1,
            "181403648" : 2,
            "183500800" : 1,
            "185597952" : 3,
            "187695104" : 1,
            "189792256" : 2,
            "191889408" : 2,
            "193986560" : 2,
            "196083712" : 2,
            "198180864" : 2,
            "200278016" : 1,
            "202375168" : 3,
            "204472320" : 2,
            "206569472" : 1,
            "208666624" : 3,
            "212860928" : 3,
            "214958080" : 1,
            "217055232" : 1,
            "219152384" : 2,
            "221249536" : 1,
            "227540992" : 1
          }
        },
        "lat_ns" : {
          "min" : 4693803,
          "max" : 226792893,
          "mean" : 116839369.520215,
          "stddev" : 5942809.813932
        },
        "bw_min" : 243712,
        "bw_max" : 299008,
        "bw_agg" : 99.984347,
        "bw_mean" : 280389.104319,
        "bw_dev" : 7569.910050,
        "bw_samples" : 3566,
        "iops_min" : 238,
        "iops_max" : 292,
        "iops_mean" : 273.784352,
        "iops_stddev" : 7.400299,
        "iops_samples" : 3566
      },