{
  "fio version" : "fio-3.8",
  "timestamp" : 1536142323,
  "timestamp_ms" : 1536142323922,
  "time" : "Wed Sep  5 10:12:03 2018",
  "jobs" : [
    {
      "jobname" : "wdpc",
      "groupid" : 0,
      "error" : 0,
      "eta" : 0,
      "elapsed" : 61,
      "job options" : {
        "ioengine" : "libaio",
        "group_reporting" : "1",
        "direct" : "1",
        "rw" : "randrw",
        "bs" : "512B",
        "numjobs" : "2",
        "iodepth" : "16",
        "size" : "75%",
        "name" : "wdpc",
        "random_distribution" : "random",
        "random_generator" : "tausworthe",
        "allrandrepeat" : "1",
        "randseed" : "101",
        "rwmixread" : "0",
        "time_based" : "1",
        "runtime" : "60s",
        "filename" : "/dev/sda"
      },
      "read" : {
        "io_bytes" : 0,
        "io_kbytes" : 0,
        "bw_bytes" : 0,
        "bw" : 0,
        "iops" : 0.000000,
        "runtime" : 0,
        "total_ios" : 0,
        "short_ios" : 0,
        "drop_ios" : 0,
        "slat_ns" : {
          "min" : 0,
          "max" : 0,
          "mean" : 0.000000,
          "stddev" : 0.000000
        },
        "clat_ns" : {
          "min" : 0,
          "max" : 0,
          "mean" : 0.000000,
          "stddev" : 0.000000,
          "percentile" : {
            "1.000000" : 0,
            "5.000000" : 0,
            "10.000000" : 0,
            "20.000000" : 0,
            "30.000000" : 0,
            "40.000000" : 0,
            "50.000000" : 0,
            "60.000000" : 0,
            "70.000000" : 0,
            "80.000000" : 0,
            "90.000000" : 0,
            "95.000000" : 0,
            "99.000000" : 0,
            "99.500000" : 0,
            "99.900000" : 0,
            "99.950000" : 0,
            "99.990000" : 0
          },
          "bins" : {

          }
        },
        "lat_ns" : {
          "min" : 0,
          "max" : 0,
          "mean" : 0.000000,
          "stddev" : 0.000000
        },
        "bw_min" : 0,
        "bw_max" : 0,
        "bw_agg" : 0.000000,
        "bw_mean" : 0.000000,
        "bw_dev" : 0.000000,
        "bw_samples" : 0,
        "iops_min" : 0,
        "iops_max" : 0,
        "iops_mean" : 0.000000,
        "iops_stddev" : 0.000000,
        "iops_samples" : 0
      },
      "write" : {
        "io_bytes" : 743952896,
        "io_kbytes" : 726516,
        "bw_bytes" : 12399008,
        "bw" : 12108,
        "iops" : 24216.813053,
        "runtime" : 60001,
        "total_ios" : 1453033,
        "short_ios" : 0,
        "drop_ios" : 0,
        "slat_ns" : {
          "min" : 5541,
          "max" : 10172166,
          "mean" : 40785.388270,
          "stddev" : 26669.399705
        },
        "clat_ns" : {
          "min" : 103541,
          "max" : 25978750,
          "mean" : 1271608.419325,
          "stddev" : 658835.810915,
          "percentile" : {
            "1.000000" : 610304,
            "5.000000" : 790528,
            "10.000000" : 839680,
            "20.000000" : 888832,
            "30.000000" : 946176,
            "40.000000" : 1003520,
            "50.000000" : 1089536,
            "60.000000" : 1236992,
            "70.000000" : 1384448,
            "80.000000" : 1613824,
            "90.000000" : 1908736,
            "95.000000" : 2113536,
            "99.000000" : 3227648,
            "99.500000" : 3784704,
            "99.900000" : 9371648,
            "99.950000" : 14483456,
            "99.990000" : 16908288
          },
          "bins" : {
            "103936" : 1,
            "111104" : 1,
            "134144" : 2,
            "142336" : 1,
            "160768" : 1,
            "181248" : 1,
            "216064" : 1,
            "220160" : 1,
            "268288" : 1,
            "296960" : 1,
            "301056" : 1,
            "305152" : 1,
            "313344" : 1,
            "321536" : 1,
            "342016" : 4,
            "354304" : 2,
            "366592" : 1,
            "374784" : 1,
            "378880" : 1,
            "387072" : 2,
            "391168" : 1,
            "395264" : 1,
            "399360" : 1,
            "403456" : 1,
            "411648" : 1,
            "415744" : 2,
            "419840" : 2,
            "428032" : 3,
            "432128" : 4,
            "436224" : 3,
            "440320" : 4,
            "444416" : 2,
            "448512" : 5,
            "452608" : 2,
            "456704" : 8,
            "460800" : 7,
            "464896" : 4,
            "468992" : 9,
            "473088" : 16,
            "477184" : 9,
            "481280" : 16,
            "485376" : 25,
            "489472" : 46,
            "493568" : 41,
            "497664" : 41,
            "501760" : 52,
            "505856" : 49,
            "509952" : 65,
            "514048" : 86,
            "518144" : 101,
            "522240" : 131,
            "528384" : 413,
            "536576" : 582,
            "544768" : 710,
            "552960" : 853,
            "561152" : 1020,
            "569344" : 1096,
            "577536" : 1313,
            "585728" : 1488,
            "593920" : 1848,
            "602112" : 2322,
            "610304" : 2767,
            "618496" : 3115,
            "626688" : 3445,
            "634880" : 3304,
            "643072" : 3062,
            "651264" : 2683,
            "659456" : 2453,
            "667648" : 2028,
            "675840" : 1749,
            "684032" : 1691,
            "692224" : 1517,
            "700416" : 1532,
            "708608" : 1557,
            "716800" : 1666,
            "724992" : 1709,
            "733184" : 1876,
            "741376" : 2139,
            "749568" : 2591,
            "757760" : 3059,
            "765952" : 3641,
            "774144" : 4492,
            "782336" : 5257,
            "790528" : 6193,
            "798720" : 7437,
            "806912" : 9493,
            "815104" : 12053,
            "823296" : 15407,
            "831488" : 18611,
            "839680" : 21312,
            "847872" : 23393,
            "856064" : 23236,
            "864256" : 23954,
            "872448" : 23877,
            "880640" : 23663,
            "888832" : 22987,
            "897024" : 22004,
            "905216" : 21404,
            "913408" : 21266,
            "921600" : 21177,
            "929792" : 21054,
            "937984" : 20709,
            "946176" : 21013,
            "954368" : 20164,
            "962560" : 19799,
            "970752" : 19576,
            "978944" : 19437,
            "987136" : 18953,
            "995328" : 18860,
            "1003520" : 18326,
            "1011712" : 17923,
            "1019904" : 17398,
            "1028096" : 16763,
            "1036288" : 17068,
            "1044480" : 15651,
            "1056768" : 29200,
            "1073152" : 26060,
            "1089536" : 22976,
            "1105920" : 20277,
            "1122304" : 17774,
            "1138688" : 16087,
            "1155072" : 14436,
            "1171456" : 13284,
            "1187840" : 13143,
            "1204224" : 13104,
            "1220608" : 13669,
            "1236992" : 13760,
            "1253376" : 14294,
            "1269760" : 15043,
            "1286144" : 15744,
            "1302528" : 16699,
            "1318912" : 17438,
            "1335296" : 17516,
            "1351680" : 17275,
            "1368064" : 16455,
            "1384448" : 16059,
            "1400832" : 15093,
            "1417216" : 14207,
            "1433600" : 12447,
            "1449984" : 11197,
            "1466368" : 10262,
            "1482752" : 9092,
            "1499136" : 8593,
            "1515520" : 8178,
            "1531904" : 7992,
            "1548288" : 7726,
            "1564672" : 7767,
            "1581056" : 7593,
            "1597440" : 7778,
            "1613824" : 7758,
            "1630208" : 7776,
            "1646592" : 8090,
            "1662976" : 8299,
            "1679360" : 8355,
            "1695744" : 8439,
            "1712128" : 8253,