{
  "fio version" : "fio-3.8",
  "timestamp" : 1536123209,
  "timestamp_ms" : 1536123209443,
  "time" : "Wed Sep  5 04:53:29 2018",
  "jobs" : [
    {
      "jobname" : "wdpc",
      "groupid" : 0,
      "error" : 0,
      "eta" : 0,
      "elapsed" : 61,
      "job options" : {
        "ioengine" : "libaio",
        "group_reporting" : "1",
        "direct" : "1",
        "rw" : "randrw",
        "bs" : "64KB",
        "numjobs" : "2",
        "iodepth" : "16",
        "size" : "75%",
        "name" : "wdpc",
        "random_distribution" : "random",
        "random_generator" : "tausworthe",
        "allrandrepeat" : "1",
        "randseed" : "101",
        "rwmixread" : "0",
        "time_based" : "1",
        "runtime" : "60s",
        "filename" : "/dev/sda"
      },
      "read" : {
        "io_bytes" : 0,
        "io_kbytes" : 0,
        "bw_bytes" : 0,
        "bw" : 0,
        "iops" : 0.000000,
        "runtime" : 0,
        "total_ios" : 0,
        "short_ios" : 0,
        "drop_ios" : 0,
        "slat_ns" : {
          "min" : 0,
          "max" : 0,
          "mean" : 0.000000,
          "stddev" : 0.000000
        },
        "clat_ns" : {
          "min" : 0,
          "max" : 0,
          "mean" : 0.000000,
          "stddev" : 0.000000,
          "percentile" : {
            "1.000000" : 0,
            "5.000000" : 0,
            "10.000000" : 0,
            "20.000000" : 0,
            "30.000000" : 0,
            "40.000000" : 0,
            "50.000000" : 0,
            "60.000000" : 0,
            "70.000000" : 0,
            "80.000000" : 0,
            "90.000000" : 0,
            "95.000000" : 0,
            "99.000000" : 0,
            "99.500000" : 0,
            "99.900000" : 0,
            "99.950000" : 0,
            "99.990000" : 0
          },
          "bins" : {

          }
        },
        "lat_ns" : {
          "min" : 0,
          "max" : 0,
          "mean" : 0.000000,
          "stddev" : 0.000000
        },
        "bw_min" : 0,
        "bw_max" : 0,
        "bw_agg" : 0.000000,
        "bw_mean" : 0.000000,
        "bw_dev" : 0.000000,
        "bw_samples" : 0,
        "iops_min" : 0,
        "iops_max" : 0,
        "iops_mean" : 0.000000,
        "iops_stddev" : 0.000000,
        "iops_samples" : 0
      },
      "write" : {
        "io_bytes" : 14139981824,
        "io_kbytes" : 13808576,
        "bw_bytes" : 235623166,
        "bw" : 230100,
        "iops" : 3595.324191,
        "runtime" : 60011,
        "total_ios" : 215759,
        "short_ios" : 0,
        "drop_ios" : 0,
        "slat_ns" : {
          "min" : 25959,
          "max" : 10710291,
          "mean" : 163228.506769,
          "stddev" : 166518.798199
        },
        "clat_ns" : {
          "min" : 1319792,
          "max" : 44835875,
          "mean" : 8713009.416683,
          "stddev" : 2361683.915813,
          "percentile" : {
            "1.000000" : 6127616,
            "5.000000" : 6979584,
            "10.000000" : 7241728,
            "20.000000" : 7569408,
            "30.000000" : 7766016,
            "40.000000" : 7962624,
            "50.000000" : 8290304,
            "60.000000" : 8716288,
            "70.000000" : 8978432,
            "80.000000" : 9371648,
            "90.000000" : 9764864,
            "95.000000" : 10551296,
            "99.000000" : 21889024,
            "99.500000" : 23724032,
            "99.900000" : 27131904,
            "99.950000" : 32112640,
            "99.990000" : 39059456
          },
          "bins" : {
            "1318912" : 2,
            "1351680" : 1,
            "1925120" : 1,
            "1990656" : 4,
            "2007040" : 1,
            "2023424" : 1,
            "2146304" : 1,
            "2408448" : 1,
            "2473984" : 2,
            "2506752" : 1,
            "2539520" : 2,
            "2572288" : 2,
            "2605056" : 2,
            "2637824" : 1,
            "2670592" : 4,
            "2736128" : 1,
            "2768896" : 2,
            "2801664" : 2,
            "2834432" : 5,
            "2867200" : 5,
            "2899968" : 3,
            "2932736" : 1,
            "2965504" : 2,
            "2998272" : 3,
            "3031040" : 2,
            "3063808" : 3,
            "3096576" : 6,
            "3129344" : 8,
            "3162112" : 9,
            "3194880" : 13,
            "3227648" : 6,
            "3260416" : 4,
            "3293184" : 3,
            "3325952" : 7,
            "3358720" : 7,
            "3391488" : 4,
            "3424256" : 8,
            "3457024" : 5,
            "3489792" : 7,
            "3522560" : 4,
            "3555328" : 4,
            "3588096" : 4,
            "3620864" : 4,
            "3653632" : 3,
            "3686400" : 10,
            "3719168" : 6,
            "3751936" : 5,
            "3784704" : 5,
            "3817472" : 5,
            "3850240" : 12,
            "3883008" : 12,
            "3915776" : 7,
            "3948544" : 5,
            "3981312" : 7,
            "4014080" : 6,
            "4046848" : 8,
            "4079616" : 4,
            "4112384" : 9,
            "4145152" : 10,
            "4177920" : 10,
            "4227072" : 38,
            "4292608" : 30,
            "4358144" : 28,
            "4423680" : 36,
            "4489216" : 46,
            "4554752" : 33,
            "4620288" : 32,
            "4685824" : 39,
            "4751360" : 47,
            "4816896" : 44,
            "4882432" : 50,
            "4947968" : 45,
            "5013504" : 57,
            "5079040" : 69,
            "5144576" : 42,
            "5210112" : 53,
            "5275648" : 73,
            "5341184" : 55,
            "5406720" : 61,
            "5472256" : 48,
            "5537792" : 54,
            "5603328" : 70,
            "5668864" : 65,
            "5734400" : 84,
            "5799936" : 93,
            "5865472" : 99,
            "5931008" : 111,
            "5996544" : 132,
            "6062080" : 141,
            "6127616" : 158,
            "6193152" : 160,
            "6258688" : 179,
            "6324224" : 171,
            "6389760" : 213,
            "6455296" : 284,
            "6520832" : 306,
            "6586368" : 415,
            "6651904" : 571,
            "6717440" : 724,
            "6782976" : 1004,
            "6848512" : 1236,
            "6914048" : 1585,
            "6979584" : 1956,
            "7045120" : 2378,
            "7110656" : 2966,
            "7176192" : 3349,
            "7241728" : 3780,
            "7307264" : 4308,
            "7372800" : 4714,
            "7438336" : 4995,
            "7503872" : 5222,
            "7569408" : 5684,
            "7634944" : 6067,
            "7700480" : 6623,
            "7766016" : 6956,
            "7831552" : 6892,
            "7897088" : 6507,
            "7962624" : 5932,
            "8028160" : 5506,
            "8093696" : 4802,
            "8159232" : 4401,
            "8224768" : 4256,
            "8290304" : 4105,
            "8355840" : 3842,
            "8454144" : 7544,
            "8585216" : 7397,
            "8716288" : 7610,
            "8847360" : 7718,
            "8978432" : 8768,
            "9109504" : 9132,
            "9240576" : 8329,
            "9371648" : 7143,
            "9502720" : 6494,
            "9633792" : 5770,
            "9764864" : 4439,
            "9895936" : 3568,
            "10027008" : 2486,
            "10158080" : 1811,
            "10289152" : 1336,
            "10420224" : 1034,
            "10551296" : 776,
            "10682368" : 718,
            "10813440" : 652,
            "10944512" : 544,
            "11075584" : 434,
            "11206656" : 429,
            "11337728" : 324,
            "11468800" : 223,
            "11599872" : 188,
            "11730944" : 137,
            "11862016" : 89,
            "11993088" : 58,
            "12124160" : 62,
            "12255232" : 41,
            "12386304" : 33,
            "12517376" : 37,
            "12648448" : 31,