{
  "fio version" : "fio-3.8",
  "timestamp" : 1536163685,
  "timestamp_ms" : 1536163685831,
  "time" : "Wed Sep  5 16:08:05 2018",
  "jobs" : [
    {
      "jobname" : "wdpc",
      "groupid" : 0,
      "error" : 0,
      "eta" : 0,
      "elapsed" : 61,
      "job options" : {
        "ioengine" : "libaio",
        "group_reporting" : "1",
        "direct" : "1",
        "rw" : "randrw",
        "bs" : "32KB",
        "numjobs" : "2",
        "iodepth" : "16",
        "size" : "75%",
        "name" : "wdpc",
        "random_distribution" : "random",
        "random_generator" : "tausworthe",
        "allrandrepeat" : "1",
        "randseed" : "101",
        "rwmixread" : "0",
        "time_based" : "1",
        "runtime" : "60s",
        "filename" : "/dev/sda"
      },
      "read" : {
        "io_bytes" : 0,
        "io_kbytes" : 0,
        "bw_bytes" : 0,
        "bw" : 0,
        "iops" : 0.000000,
        "runtime" : 0,
        "total_ios" : 0,
        "short_ios" : 0,
        "drop_ios" : 0,
        "slat_ns" : {
          "min" : 0,
          "max" : 0,
          "mean" : 0.000000,
          "stddev" : 0.000000
        },
        "clat_ns" : {
          "min" : 0,
          "max" : 0,
          "mean" : 0.000000,
          "stddev" : 0.000000,
          "percentile" : {
            "1.000000" : 0,
            "5.000000" : 0,
            "10.000000" : 0,
            "20.000000" : 0,
            "30.000000" : 0,
            "40.000000" : 0,
            "50.000000" : 0,
            "60.000000" : 0,
            "70.000000" : 0,
            "80.000000" : 0,
            "90.000000" : 0,
            "95.000000" : 0,
            "99.000000" : 0,
            "99.500000" : 0,
            "99.900000" : 0,
            "99.950000" : 0,
            "99.990000" : 0
          },
          "bins" : {

          }
        },
        "lat_ns" : {
          "min" : 0,
          "max" : 0,
          "mean" : 0.000000,
          "stddev" : 0.000000
        },
        "bw_min" : 0,
        "bw_max" : 0,
        "bw_agg" : 0.000000,
        "bw_mean" : 0.000000,
        "bw_dev" : 0.000000,
        "bw_samples" : 0,
        "iops_min" : 0,
        "iops_max" : 0,
        "iops_mean" : 0.000000,
        "iops_stddev" : 0.000000,
        "iops_samples" : 0
      },
      "write" : {
        "io_bytes" : 13050150912,
        "io_kbytes" : 12744288,
        "bw_bytes" : 217484391,
        "bw" : 212387,
        "iops" : 6637.096909,
        "runtime" : 60005,
        "total_ios" : 398259,
        "short_ios" : 0,
        "drop_ios" : 0,
        "slat_ns" : {
          "min" : 15166,
          "max" : 26166292,
          "mean" : 96936.587294,
          "stddev" : 124098.031867
        },
        "clat_ns" : {
          "min" : 1255334,
          "max" : 107565500,
          "mean" : 4708861.478171,
          "stddev" : 2575679.667812,
          "percentile" : {
            "1.000000" : 2113536,
            "5.000000" : 2703360,
            "10.000000" : 3129344,
            "20.000000" : 3555328,
            "30.000000" : 3784704,
            "40.000000" : 4014080,
            "50.000000" : 4292608,
            "60.000000" : 4685824,
            "70.000000" : 5013504,
            "80.000000" : 5341184,
            "90.000000" : 6062080,
            "95.000000" : 7045120,
            "99.000000" : 14483456,
            "99.500000" : 19267584,
            "99.900000" : 42729472,
            "99.950000" : 45350912,
            "99.990000" : 69730304
          },
          "bins" : {
            "1253376" : 1,
            "1286144" : 4,
            "1302528" : 3,
            "1318912" : 1,
            "1335296" : 9,
            "1351680" : 5,
            "1368064" : 8,
            "1384448" : 23,
            "1400832" : 9,
            "1417216" : 11,
            "1433600" : 9,
            "1449984" : 3,
            "1466368" : 14,
            "1482752" : 5,
            "1499136" : 5,
            "1515520" : 7,
            "1531904" : 4,
            "1548288" : 9,
            "1564672" : 21,
            "1581056" : 9,
            "1597440" : 15,
            "1613824" : 20,
            "1630208" : 14,
            "1646592" : 21,
            "1662976" : 13,
            "1679360" : 14,
            "1695744" : 22,
            "1712128" : 14,
            "1728512" : 24,
            "1744896" : 19,
            "1761280" : 30,
            "1777664" : 32,
            "1794048" : 53,
            "1810432" : 77,
            "1826816" : 73,
            "1843200" : 68,
            "1859584" : 57,
            "1875968" : 99,
            "1892352" : 126,
            "1908736" : 99,
            "1925120" : 142,
            "1941504" : 175,
            "1957888" : 184,
            "1974272" : 181,
            "1990656" : 230,
            "2007040" : 253,
            "2023424" : 252,
            "2039808" : 256,
            "2056192" : 283,
            "2072576" : 277,
            "2088960" : 263,
            "2113536" : 581,
            "2146304" : 692,
            "2179072" : 637,
            "2211840" : 710,
            "2244608" : 713,
            "2277376" : 716,
            "2310144" : 762,
            "2342912" : 799,
            "2375680" : 726,
            "2408448" : 898,
            "2441216" : 905,
            "2473984" : 983,
            "2506752" : 1046,
            "2539520" : 1089,
            "2572288" : 1114,
            "2605056" : 1104,
            "2637824" : 1193,
            "2670592" : 1219,
            "2703360" : 1273,
            "2736128" : 1310,
            "2768896" : 1366,
            "2801664" : 1415,
            "2834432" : 1579,
            "2867200" : 1554,
            "2899968" : 1534,
            "2932736" : 1594,
            "2965504" : 1565,
            "2998272" : 1699,
            "3031040" : 1763,
            "3063808" : 1838,
            "3096576" : 1858,
            "3129344" : 2007,
            "3162112" : 2022,
            "3194880" : 2295,
            "3227648" : 2651,
            "3260416" : 2924,
            "3293184" : 3014,
            "3325952" : 2958,
            "3358720" : 3166,
            "3391488" : 3415,
            "3424256" : 3483,
            "3457024" : 3612,
            "3489792" : 3816,
            "3522560" : 3966,
            "3555328" : 4147,
            "3588096" : 4457,
            "3620864" : 4824,
            "3653632" : 4948,
            "3686400" : 5418,
            "3719168" : 5582,
            "3751936" : 6147,
            "3784704" : 6196,
            "3817472" : 6242,
            "3850240" : 6269,
            "3883008" : 6247,
            "3915776" : 5864,
            "3948544" : 5671,
            "3981312" : 5413,
            "4014080" : 5311,
            "4046848" : 5032,
            "4079616" : 4817,
            "4112384" : 4700,
            "4145152" : 4569,
            "4177920" : 4338,
            "4227072" : 8384,
            "4292608" : 7796,
            "4358144" : 7586,
            "4423680" : 7456,
            "4489216" : 7302,
            "4554752" : 7033,
            "4620288" : 6891,
            "4685824" : 7329,
            "4751360" : 7678,
            "4816896" : 8065,
            "4882432" : 8218,
            "4947968" : 8373,
            "5013504" : 8626,
            "5079040" : 7871,
            "5144576" : 7407,
            "5210112" : 6971,
            "5275648" : 6555,
            "5341184" : 5985,
            "5406720" : 5443,
            "5472256" : 4846,
            "5537792" : 4254,
            "5603328" : 3979,
            "5668864" : 3439,
            "5734400" : 3237,
            "5799936" : 2995,
            "5865472" : 2700,
            "5931008" : 2398,
            "5996544" : 2333,
            "6062080" : 2106,
            "6127616" : 2009,
            "6193152" : 1975,
            "6258688" : 1817,
            "6324224" : 1655,
            "6389760" : 1560,
            "6455296" : 1403,
            "6520832" : 1488,
            "6586368" : 1388,
            "6651904" : 1284,