{
  "fio version" : "fio-3.8",
  "timestamp" : 1536163886,
  "timestamp_ms" : 1536163886322,
  "time" : "Wed Sep  5 16:11:26 2018",
  "jobs" : [
    {
      "jobname" : "wdpc",
      "groupid" : 0,
      "error" : 0,
      "eta" : 0,
      "elapsed" : 61,
      "job options" : {
        "ioengine" : "libaio",
        "group_reporting" : "1",
        "direct" : "1",
        "rw" : "randrw",
        "bs" : "32KB",
        "numjobs" : "2",
        "iodepth" : "16",
        "size" : "75%",
        "name" : "wdpc",
        "random_distribution" : "random",
        "random_generator" : "tausworthe",
        "allrandrepeat" : "1",
        "randseed" : "101",
        "rwmixread" : "0",
        "time_based" : "1",
        "runtime" : "60s",
        "filename" : "/dev/sda"
      },
      "read" : {
        "io_bytes" : 0,
        "io_kbytes" : 0,
        "bw_bytes" : 0,
        "bw" : 0,
        "iops" : 0.000000,
        "runtime" : 0,
        "total_ios" : 0,
        "short_ios" : 0,
        "drop_ios" : 0,
        "slat_ns" : {
          "min" : 0,
          "max" : 0,
          "mean" : 0.000000,
          "stddev" : 0.000000
        },
        "clat_ns" : {
          "min" : 0,
          "max" : 0,
          "mean" : 0.000000,
          "stddev" : 0.000000,
          "percentile" : {
            "1.000000" : 0,
            "5.000000" : 0,
            "10.000000" : 0,
            "20.000000" : 0,
            "30.000000" : 0,
            "40.000000" : 0,
            "50.000000" : 0,
            "60.000000" : 0,
            "70.000000" : 0,
            "80.000000" : 0,
            "90.000000" : 0,
            "95.000000" : 0,
            "99.000000" : 0,
            "99.500000" : 0,
            "99.900000" : 0,
            "99.950000" : 0,
            "99.990000" : 0
          },
          "bins" : {

          }
        },
        "lat_ns" : {
          "min" : 0,
          "max" : 0,
          "mean" : 0.000000,
          "stddev" : 0.000000
        },
        "bw_min" : 0,
        "bw_max" : 0,
        "bw_agg" : 0.000000,
        "bw_mean" : 0.000000,
        "bw_dev" : 0.000000,
        "bw_samples" : 0,
        "iops_min" : 0,
        "iops_max" : 0,
        "iops_mean" : 0.000000,
        "iops_stddev" : 0.000000,
        "iops_samples" : 0
      },
      "write" : {
        "io_bytes" : 13782319104,
        "io_kbytes" : 13459296,
        "bw_bytes" : 229686177,
        "bw" : 224302,
        "iops" : 7009.465878,
        "runtime" : 60005,
        "total_ios" : 420603,
        "short_ios" : 0,
        "drop_ios" : 0,
        "slat_ns" : {
          "min" : 12833,
          "max" : 13665750,
          "mean" : 99540.672275,
          "stddev" : 129834.830822
        },
        "clat_ns" : {
          "min" : 1122625,
          "max" : 28130958,
          "mean" : 4450105.307680,
          "stddev" : 1594925.537883,
          "percentile" : {
            "1.000000" : 2039808,
            "5.000000" : 2572288,
            "10.000000" : 2998272,
            "20.000000" : 3489792,
            "30.000000" : 3751936,
            "40.000000" : 3948544,
            "50.000000" : 4227072,
            "60.000000" : 4620288,
            "70.000000" : 4947968,
            "80.000000" : 5275648,
            "90.000000" : 5865472,
            "95.000000" : 6520832,
            "99.000000" : 8093696,
            "99.500000" : 13697024,
            "99.900000" : 21364736,
            "99.950000" : 22413312,
            "99.990000" : 24248320
          },
          "bins" : {
            "1122304" : 1,
            "1138688" : 3,
            "1155072" : 8,
            "1171456" : 6,
            "1187840" : 10,
            "1204224" : 15,
            "1220608" : 15,
            "1236992" : 8,
            "1253376" : 10,
            "1269760" : 7,
            "1286144" : 13,
            "1302528" : 17,
            "1318912" : 16,
            "1335296" : 23,
            "1351680" : 47,
            "1368064" : 50,
            "1384448" : 49,
            "1400832" : 59,
            "1417216" : 44,
            "1433600" : 36,
            "1449984" : 34,
            "1466368" : 33,
            "1482752" : 31,
            "1499136" : 41,
            "1515520" : 32,
            "1531904" : 30,
            "1548288" : 20,
            "1564672" : 32,
            "1581056" : 37,
            "1597440" : 34,
            "1613824" : 52,
            "1630208" : 52,
            "1646592" : 39,
            "1662976" : 43,
            "1679360" : 63,
            "1695744" : 66,
            "1712128" : 70,
            "1728512" : 71,
            "1744896" : 68,
            "1761280" : 93,
            "1777664" : 94,
            "1794048" : 81,
            "1810432" : 78,
            "1826816" : 122,
            "1843200" : 107,
            "1859584" : 133,
            "1875968" : 127,
            "1892352" : 132,
            "1908736" : 156,
            "1925120" : 163,
            "1941504" : 196,
            "1957888" : 255,
            "1974272" : 244,
            "1990656" : 257,
            "2007040" : 267,
            "2023424" : 273,
            "2039808" : 286,
            "2056192" : 300,
            "2072576" : 308,
            "2088960" : 319,
            "2113536" : 676,
            "2146304" : 818,
            "2179072" : 828,
            "2211840" : 884,
            "2244608" : 942,
            "2277376" : 966,
            "2310144" : 968,
            "2342912" : 960,
            "2375680" : 1021,
            "2408448" : 1130,
            "2441216" : 1185,
            "2473984" : 1362,
            "2506752" : 1342,
            "2539520" : 1382,
            "2572288" : 1426,
            "2605056" : 1441,
            "2637824" : 1448,
            "2670592" : 1359,
            "2703360" : 1378,
            "2736128" : 1584,
            "2768896" : 1516,
            "2801664" : 1668,
            "2834432" : 1805,
            "2867200" : 1812,
            "2899968" : 1793,
            "2932736" : 1677,
            "2965504" : 1762,
            "2998272" : 1863,
            "3031040" : 1844,
            "3063808" : 2023,
            "3096576" : 2147,
            "3129344" : 2234,
            "3162112" : 2451,
            "3194880" : 2670,
            "3227648" : 2835,
            "3260416" : 3004,
            "3293184" : 3159,
            "3325952" : 3338,
            "3358720" : 3527,
            "3391488" : 3685,
            "3424256" : 3931,
            "3457024" : 4005,
            "3489792" : 4292,
            "3522560" : 4481,
            "3555328" : 4736,
            "3588096" : 5044,
            "3620864" : 5236,
            "3653632" : 5442,
            "3686400" : 5857,
            "3719168" : 6296,
            "3751936" : 6393,
            "3784704" : 6478,
            "3817472" : 6565,
            "3850240" : 6535,
            "3883008" : 6522,
            "3915776" : 6309,
            "3948544" : 6149,
            "3981312" : 6076,
            "4014080" : 5786,
            "4046848" : 5541,
            "4079616" : 5037,
            "4112384" : 5031,
            "4145152" : 4824,
            "4177920" : 4541,
            "4227072" : 8580,
            "4292608" : 7824,
            "4358144" : 7420,
            "4423680" : 7228,
            "4489216" : 7189,
            "4554752" : 7142,
            "4620288" : 7500,
            "4685824" : 7548,
            "4751360" : 7840,
            "4816896" : 8234,
            "4882432" : 8740,
            "4947968" : 9109,
            "5013504" : 9220,
            "5079040" : 8505,
            "5144576" : 8094,
            "5210112" : 7339,
            "5275648" : 7197,
            "5341184" : 6529,
            "5406720" : 5926,
            "5472256" : 5261,
            "5537792" : 4556,
            "5603328" : 4059,
            "5668864" : 3558,
            "5734400" : 3202,
            "5799936" : 2970,
            "5865472" : 2744,
            "5931008" : 2497,
            "5996544" : 2536,
            "6062080" : 2227,