{
  "fio version" : "fio-3.8",
  "timestamp" : 1536116027,
  "timestamp_ms" : 1536116027352,
  "time" : "Wed Sep  5 02:53:47 2018",
  "jobs" : [
    {
      "jobname" : "wdpc",
      "groupid" : 0,
      "error" : 0,
      "eta" : 0,
      "elapsed" : 61,
      "job options" : {
        "ioengine" : "libaio",
        "group_reporting" : "1",
        "direct" : "1",
        "rw" : "randrw",
        "bs" : "1024KB",
        "numjobs" : "2",
        "iodepth" : "16",
        "size" : "75%",
        "name" : "wdpc",
        "random_distribution" : "random",
        "random_generator" : "tausworthe",
        "allrandrepeat" : "1",
        "randseed" : "101",
        "rwmixread" : "0",
        "time_based" : "1",
        "runtime" : "60s",
        "filename" : "/dev/sda"
      },
      "read" : {
        "io_bytes" : 0,
        "io_kbytes" : 0,
        "bw_bytes" : 0,
        "bw" : 0,
        "iops" : 0.000000,
        "runtime" : 0,
        "total_ios" : 0,
        "short_ios" : 0,
        "drop_ios" : 0,
        "slat_ns" : {
          "min" : 0,
          "max" : 0,
          "mean" : 0.000000,
          "stddev" : 0.000000
        },
        "clat_ns" : {
          "min" : 0,
          "max" : 0,
          "mean" : 0.000000,
          "stddev" : 0.000000,
          "percentile" : {
            "1.000000" : 0,
            "5.000000" : 0,
            "10.000000" : 0,
            "20.000000" : 0,
            "30.000000" : 0,
            "40.000000" : 0,
            "50.000000" : 0,
            "60.000000" : 0,
            "70.000000" : 0,
            "80.000000" : 0,
            "90.000000" : 0,
            "95.000000" : 0,
            "99.000000" : 0,
            "99.500000" : 0,
            "99.900000" : 0,
            "99.950000" : 0,
            "99.990000" : 0
          },
          "bins" : {

          }
        },
        "lat_ns" : {
          "min" : 0,
          "max" : 0,
          "mean" : 0.000000,
          "stddev" : 0.000000
        },
        "bw_min" : 0,
        "bw_max" : 0,
        "bw_agg" : 0.000000,
        "bw_mean" : 0.000000,
        "bw_dev" : 0.000000,
        "bw_samples" : 0,
        "iops_min" : 0,
        "iops_max" : 0,
        "iops_mean" : 0.000000,
        "iops_stddev" : 0.000000,
        "iops_samples" : 0
      },
      "write" : {
        "io_bytes" : 17526947840,
        "io_kbytes" : 17116160,
        "bw_bytes" : 291590933,
        "bw" : 284756,
        "iops" : 278.082784,
        "runtime" : 60108,
        "total_ios" : 16715,
        "short_ios" : 0,
        "drop_ios" : 0,
        "slat_ns" : {
          "min" : 252000,
          "max" : 16290458,
          "mean" : 790577.415794,
          "stddev" : 352043.582755
        },
        "clat_ns" : {
          "min" : 18882208,
          "max" : 409170709,
          "mean" : 114190823.268441,
          "stddev" : 39782375.383401,
          "percentile" : {
            "1.000000" : 58982400,
            "5.000000" : 64225280,
            "10.000000" : 69730304,
            "20.000000" : 79167488,
            "30.000000" : 89653248,
            "40.000000" : 100139008,
            "50.000000" : 109576192,
            "60.000000" : 120061952,
            "70.000000" : 130547712,
            "80.000000" : 141557760,
            "90.000000" : 158334976,
            "95.000000" : 175112192,
            "99.000000" : 258998272,
            "99.500000" : 295698432,
            "99.900000" : 354418688,
            "99.950000" : 367001600,
            "99.990000" : 408944640
          },
          "bins" : {
            "19005440" : 1,
            "19267584" : 2,
            "19791872" : 1,
            "21364736" : 1,
            "21626880" : 1,
            "23724032" : 1,
            "23986176" : 1,
            "24510464" : 1,
            "25821184" : 1,
            "27918336" : 1,
            "31064064" : 1,
            "32636928" : 1,
            "35913728" : 1,
            "38010880" : 1,
            "41156608" : 1,
            "42205184" : 1,
            "46399488" : 1,
            "47448064" : 1,
            "52166656" : 1,
            "54788096" : 2,
            "55312384" : 4,
            "55836672" : 5,
            "56360960" : 9,
            "56885248" : 5,
            "57409536" : 36,
            "57933824" : 38,
            "58458112" : 39,
            "58982400" : 38,
            "59506688" : 42,
            "60030976" : 75,
            "60555264" : 70,
            "61079552" : 74,
            "61603840" : 68,
            "62128128" : 76,
            "62652416" : 69,
            "63176704" : 79,
            "63700992" : 61,
            "64225280" : 82,
            "64749568" : 83,
            "65273856" : 82,
            "65798144" : 87,
            "66322432" : 86,
            "66846720" : 73,
            "67633152" : 167,
            "68681728" : 179,
            "69730304" : 151,
            "70778880" : 165,
            "71827456" : 171,
            "72876032" : 180,
            "73924608" : 152,
            "74973184" : 194,
            "76021760" : 164,
            "77070336" : 166,
            "78118912" : 186,
            "79167488" : 168,
            "80216064" : 157,
            "81264640" : 174,
            "82313216" : 176,
            "83361792" : 188,
            "84410368" : 189,
            "85458944" : 165,
            "86507520" : 198,
            "87556096" : 194,
            "88604672" : 172,
            "89653248" : 158,
            "90701824" : 163,
            "91750400" : 166,
            "92798976" : 146,
            "93847552" : 168,
            "94896128" : 183,
            "95944704" : 177,
            "96993280" : 147,
            "98041856" : 171,
            "99090432" : 178,
            "100139008" : 163,
            "101187584" : 187,
            "102236160" : 174,
            "103284736" : 160,
            "104333312" : 162,
            "105381888" : 183,
            "106430464" : 194,
            "107479040" : 205,
            "108527616" : 201,
            "109576192" : 177,
            "110624768" : 171,
            "111673344" : 168,
            "112721920" : 198,
            "113770496" : 178,
            "114819072" : 191,
            "115867648" : 155,
            "116916224" : 175,
            "117964800" : 167,
            "119013376" : 155,
            "120061952" : 169,
            "121110528" : 169,
            "122159104" : 178,
            "123207680" : 163,
            "124256256" : 157,
            "125304832" : 166,
            "126353408" : 155,
            "127401984" : 148,
            "128450560" : 169,
            "129499136" : 179,
            "130547712" : 173,
            "131596288" : 141,
            "132644864" : 154,
            "133693440" : 159,
            "135266304" : 295,
            "137363456" : 332,
            "139460608" : 284,
            "141557760" : 281,
            "143654912" : 287,
            "145752064" : 253,
            "147849216" : 227,
            "149946368" : 217,
            "152043520" : 234,
            "154140672" : 181,
            "156237824" : 159,
            "158334976" : 157,
            "160432128" : 133,
            "162529280" : 126,
            "164626432" : 108,
            "166723584" : 106,
            "168820736" : 79,
            "170917888" : 51,
            "173015040" : 63,
            "175112192" : 55,
            "177209344" : 54,
            "179306496" : 51,
            "181403648" : 39,
            "183500800" : 29,
            "185597952" : 33,
            "187695104" : 24,
            "189792256" : 30,
            "191889408" : 19,
            "193986560" : 23,
            "196083712" : 20,
            "198180864" : 21,
            "200278016" : 16,
            "202375168" : 17,
            "204472320" : 20,
            "206569472" : 15,
            "208666624" : 15,
            "210763776" : 17,
            "212860928" : 11,
            "214958080" : 14,
            "217055232" : 13,
            "219152384" : 11,