{
  "fio version" : "fio-3.8",
  "timestamp" : 1536348462,
  "timestamp_ms" : 1536348462135,
  "time" : "Fri Sep  7 12:27:42 2018",
  "global options" : {
    "offset" : "0"
  },
  "jobs" : [
    {
      "jobname" : "wdpc",
      "groupid" : 0,
      "error" : 0,
      "eta" : 0,
      "elapsed" : 61,
      "job options" : {
        "ioengine" : "libaio",
        "group_reporting" : "1",
        "direct" : "1",
        "rw" : "readwrite",
        "bs" : "4KB",
        "numjobs" : "1",
        "iodepth" : "32",
        "size" : "75%",
        "name" : "wdpc",
        "rwmixread" : "0",
        "time_based" : "1",
        "runtime" : "60s",
        "filename" : "/dev/sda"
      },
      "read" : {
        "io_bytes" : 0,
        "io_kbytes" : 0,
        "bw_bytes" : 0,
        "bw" : 0,
        "iops" : 0.000000,
        "runtime" : 0,
        "total_ios" : 0,
        "short_ios" : 0,
        "drop_ios" : 0,
        "slat_ns" : {
          "min" : 0,
          "max" : 0,
          "mean" : 0.000000,
          "stddev" : 0.000000
        },
        "clat_ns" : {
          "min" : 0,
          "max" : 0,
          "mean" : 0.000000,
          "stddev" : 0.000000,
          "percentile" : {
            "1.000000" : 0,
            "5.000000" : 0,
            "10.000000" : 0,
            "20.000000" : 0,
            "30.000000" : 0,
            "40.000000" : 0,
            "50.000000" : 0,
            "60.000000" : 0,
            "70.000000" : 0,
            "80.000000" : 0,
            "90.000000" : 0,
            "95.000000" : 0,
            "99.000000" : 0,
            "99.500000" : 0,
            "99.900000" : 0,
            "99.950000" : 0,
            "99.990000" : 0
          },
          "bins" : {

          }
        },
        "lat_ns" : {
          "min" : 0,
          "max" : 0,
          "mean" : 0.000000,
          "stddev" : 0.000000
        },
        "bw_min" : 0,
        "bw_max" : 0,
        "bw_agg" : 0.000000,
        "bw_mean" : 0.000000,
        "bw_dev" : 0.000000,
        "bw_samples" : 0,
        "iops_min" : 0,
        "iops_max" : 0,
        "iops_mean" : 0.000000,
        "iops_stddev" : 0.000000,
        "iops_samples" : 0
      },
      "write" : {
        "io_bytes" : 9673736192,
        "io_kbytes" : 9447008,
        "bw_bytes" : 161226249,
        "bw" : 157447,
        "iops" : 39361.877302,
        "runtime" : 60001,
        "total_ios" : 2361752,
        "short_ios" : 0,
        "drop_ios" : 0,
        "slat_ns" : {
          "min" : 2551,
          "max" : 2249067,
          "mean" : 10445.787172,
          "stddev" : 14656.715667
        },
        "clat_ns" : {
          "min" : 263648,
          "max" : 14618207,
          "mean" : 801020.674459,
          "stddev" : 326825.172115,
          "percentile" : {
            "1.000000" : 460800,
            "5.000000" : 536576,
            "10.000000" : 602112,
            "20.000000" : 733184,
            "30.000000" : 749568,
            "40.000000" : 765952,
            "50.000000" : 774144,
            "60.000000" : 798720,
            "70.000000" : 831488,
            "80.000000" : 880640,
            "90.000000" : 954368,
            "95.000000" : 1019904,
            "99.000000" : 1302528,
            "99.500000" : 1531904,
            "99.900000" : 2179072,
            "99.950000" : 13041664,
            "99.990000" : 13565952
          },
          "bins" : {
            "264192" : 2,
            "272384" : 1,
            "276480" : 2,
            "280576" : 1,
            "284672" : 2,
            "288768" : 2,
            "292864" : 1,
            "296960" : 4,
            "305152" : 6,
            "309248" : 4,
            "313344" : 8,
            "317440" : 5,
            "321536" : 6,
            "325632" : 15,
            "329728" : 10,
            "333824" : 8,
            "337920" : 24,
            "342016" : 11,
            "346112" : 21,
            "350208" : 49,
            "354304" : 74,
            "358400" : 110,
            "362496" : 100,
            "366592" : 151,
            "370688" : 136,
            "374784" : 123,
            "378880" : 104,
            "382976" : 87,
            "387072" : 83,
            "391168" : 133,
            "395264" : 170,
            "399360" : 197,
            "403456" : 369,
            "407552" : 764,
            "411648" : 987,
            "415744" : 1023,
            "419840" : 1304,
            "423936" : 1670,
            "428032" : 1585,
            "432128" : 1229,
            "436224" : 1181,
            "440320" : 1408,
            "444416" : 1786,
            "448512" : 2062,
            "452608" : 2476,
            "456704" : 2586,
            "460800" : 2633,
            "464896" : 2902,
            "468992" : 3692,
            "473088" : 3417,
            "477184" : 2799,
            "481280" : 3747,
            "485376" : 3457,
            "489472" : 4270,
            "493568" : 4076,
            "497664" : 3682,
            "501760" : 4062,
            "505856" : 4637,
            "509952" : 4411,
            "514048" : 4816,
            "518144" : 5632,
            "522240" : 7057,
            "528384" : 16628,
            "536576" : 21278,
            "544768" : 17878,
            "552960" : 19419,
            "561152" : 16841,
            "569344" : 16165,
            "577536" : 12624,
            "585728" : 10929,
            "593920" : 10052,
            "602112" : 9926,
            "610304" : 10804,
            "618496" : 10447,
            "626688" : 8780,
            "634880" : 7600,
            "643072" : 9310,
            "651264" : 12606,
            "659456" : 10388,
            "667648" : 8778,
            "675840" : 8882,
            "684032" : 11012,
            "692224" : 15326,
            "700416" : 14321,
            "708608" : 13135,
            "716800" : 15632,
            "724992" : 34997,
            "733184" : 115411,
            "741376" : 140093,
            "749568" : 113393,
            "757760" : 123310,
            "765952" : 136081,
            "774144" : 149860,
            "782336" : 104161,
            "790528" : 82340,
            "798720" : 69706,
            "806912" : 64745,
            "815104" : 58772,
            "823296" : 51504,
            "831488" : 47383,
            "839680" : 40789,
            "847872" : 39625,
            "856064" : 41096,
            "864256" : 34894,
            "872448" : 30742,
            "880640" : 31575,
            "888832" : 30612,
            "897024" : 28232,
            "905216" : 25183,
            "913408" : 24585,
            "921600" : 25536,
            "929792" : 25555,
            "937984" : 24762,
            "946176" : 24887,
            "954368" : 25338,
            "962560" : 25050,
            "970752" : 20304,
            "978944" : 15749,
            "987136" : 12565,
            "995328" : 9834,
            "1003520" : 8370,
            "1011712" : 7121,
            "1019904" : 6152,
            "1028096" : 5330,
            "1036288" : 4689,
            "1044480" : 4322,
            "1056768" : 7057,
            "1073152" : 6770,
            "1089536" : 7706,
            "1105920" : 8168,
            "1122304" : 7590,
            "1138688" : 7623,
            "1155072" : 6297,
            "1171456" : 5547,
            "1187840" : 4266,
            "1204224" : 3215,
            "1220608" : 3186,
            "1236992" : 2717,
            "1253376" : 2194,
            "1269760" : 1986,
            "1286144" : 1589,
            "1302528" : 1469,
            "1318912" : 1193,
            "1335296" : 971,
            "1351680" : 990,
            "1368064" : 956,
            "1384448" : 1066,
            "1400832" : 1064,
            "1417216" : 961,
            "1433600" : 854,
            "1449984" : 887,
            "1466368" : 726,
            "1482752" : 669,
            "1499136" : 752,
            "1515520" : 683,
            "1531904" : 548,
            "1548288" : 451,