{
  "fio version" : "fio-3.8",
  "timestamp" : 1536356474,
  "timestamp_ms" : 1536356474260,
  "time" : "Fri Sep  7 14:41:14 2018",
  "global options" : {
    "offset" : "0"
  },
  "jobs" : [
    {
      "jobname" : "wdpc",
      "groupid" : 0,
      "error" : 0,
      "eta" : 0,
      "elapsed" : 61,
      "job options" : {
        "ioengine" : "libaio",
        "group_reporting" : "1",
        "direct" : "1",
        "rw" : "readwrite",
        "bs" : "32KB",
        "numjobs" : "1",
        "iodepth" : "32",
        "size" : "75%",
        "name" : "wdpc",
        "rwmixread" : "0",
        "time_based" : "1",
        "runtime" : "60s",
        "filename" : "/dev/sda"
      },
      "read" : {
        "io_bytes" : 0,
        "io_kbytes" : 0,
        "bw_bytes" : 0,
        "bw" : 0,
        "iops" : 0.000000,
        "runtime" : 0,
        "total_ios" : 0,
        "short_ios" : 0,
        "drop_ios" : 0,
        "slat_ns" : {
          "min" : 0,
          "max" : 0,
          "mean" : 0.000000,
          "stddev" : 0.000000
        },
        "clat_ns" : {
          "min" : 0,
          "max" : 0,
          "mean" : 0.000000,
          "stddev" : 0.000000,
          "percentile" : {
            "1.000000" : 0,
            "5.000000" : 0,
            "10.000000" : 0,
            "20.000000" : 0,
            "30.000000" : 0,
            "40.000000" : 0,
            "50.000000" : 0,
            "60.000000" : 0,
            "70.000000" : 0,
            "80.000000" : 0,
            "90.000000" : 0,
            "95.000000" : 0,
            "99.000000" : 0,
            "99.500000" : 0,
            "99.900000" : 0,
            "99.950000" : 0,
            "99.990000" : 0
          },
          "bins" : {

          }
        },
        "lat_ns" : {
          "min" : 0,
          "max" : 0,
          "mean" : 0.000000,
          "stddev" : 0.000000
        },
        "bw_min" : 0,
        "bw_max" : 0,
        "bw_agg" : 0.000000,
        "bw_mean" : 0.000000,
        "bw_dev" : 0.000000,
        "bw_samples" : 0,
        "iops_min" : 0,
        "iops_max" : 0,
        "iops_mean" : 0.000000,
        "iops_stddev" : 0.000000,
        "iops_samples" : 0
      },
      "write" : {
        "io_bytes" : 16899833856,
        "io_kbytes" : 16503744,
        "bw_bytes" : 281645121,
        "bw" : 275044,
        "iops" : 8595.126992,
        "runtime" : 60004,
        "total_ios" : 515742,
        "short_ios" : 0,
        "drop_ios" : 0,
        "slat_ns" : {
          "min" : 3920,
          "max" : 1679314,
          "mean" : 8420.060782,
          "stddev" : 15647.620117
        },
        "clat_ns" : {
          "min" : 486027,
          "max" : 21031609,
          "mean" : 3711866.356832,
          "stddev" : 1063693.174097,
          "percentile" : {
            "1.000000" : 3031040,
            "5.000000" : 3031040,
            "10.000000" : 3031040,
            "20.000000" : 3162112,
            "30.000000" : 3260416,
            "40.000000" : 3358720,
            "50.000000" : 3489792,
            "60.000000" : 3653632,
            "70.000000" : 3850240,
            "80.000000" : 4112384,
            "90.000000" : 4554752,
            "95.000000" : 4947968,
            "99.000000" : 5537792,
            "99.500000" : 5931008,
            "99.900000" : 17956864,
            "99.950000" : 18743296,
            "99.990000" : 19267584
          },
          "bins" : {
            "485376" : 2,
            "493568" : 1,
            "569344" : 1,
            "651264" : 1,
            "741376" : 1,
            "798720" : 1,
            "864256" : 1,
            "888832" : 1,
            "970752" : 1,
            "1028096" : 1,
            "1056768" : 1,
            "1073152" : 1,
            "1089536" : 1,
            "1105920" : 1,
            "1122304" : 1,
            "1155072" : 2,
            "1187840" : 1,
            "1220608" : 2,
            "1236992" : 1,
            "1269760" : 1,
            "1302528" : 1,
            "1318912" : 1,
            "1335296" : 1,
            "1400832" : 2,
            "1417216" : 1,
            "1449984" : 1,
            "1482752" : 1,
            "1499136" : 2,
            "1515520" : 1,
            "1564672" : 1,
            "1581056" : 2,
            "1613824" : 1,
            "1646592" : 1,
            "1662976" : 1,
            "1679360" : 1,
            "1744896" : 1,
            "1761280" : 1,
            "1777664" : 1,
            "1826816" : 1,
            "1843200" : 1,
            "1859584" : 1,
            "1892352" : 1,
            "1908736" : 1,
            "1925120" : 2,
            "1957888" : 1,
            "1990656" : 2,
            "2007040" : 2,
            "2056192" : 1,
            "2072576" : 5,
            "2088960" : 1,
            "2113536" : 2,
            "2146304" : 10,
            "2179072" : 5,
            "2211840" : 9,
            "2244608" : 8,
            "2277376" : 5,
            "2310144" : 9,
            "2342912" : 17,
            "2375680" : 17,
            "2408448" : 20,
            "2441216" : 29,
            "2473984" : 24,
            "2506752" : 31,
            "2539520" : 28,
            "2572288" : 39,
            "2605056" : 24,
            "2637824" : 101,
            "2670592" : 173,
            "2703360" : 190,
            "2736128" : 225,
            "2768896" : 223,
            "2801664" : 253,
            "2834432" : 258,
            "2867200" : 316,
            "2899968" : 333,
            "2932736" : 405,
            "2965504" : 358,
            "2998272" : 527,
            "3031040" : 73156,
            "3063808" : 13520,
            "3096576" : 4836,
            "3129344" : 7591,
            "3162112" : 10459,
            "3194880" : 13656,
            "3227648" : 17156,
            "3260416" : 19302,
            "3293184" : 16242,
            "3325952" : 16526,
            "3358720" : 16402,
            "3391488" : 14345,
            "3424256" : 12668,
            "3457024" : 11969,
            "3489792" : 11236,
            "3522560" : 10281,
            "3555328" : 10330,
            "3588096" : 10712,
            "3620864" : 11048,
            "3653632" : 10363,
            "3686400" : 8607,
            "3719168" : 7770,
            "3751936" : 8141,
            "3784704" : 8157,
            "3817472" : 7611,
            "3850240" : 7979,
            "3883008" : 7670,
            "3915776" : 8043,
            "3948544" : 6910,
            "3981312" : 6635,
            "4014080" : 6194,
            "4046848" : 5954,
            "4079616" : 6369,
            "4112384" : 6002,
            "4145152" : 5500,
            "4177920" : 5167,
            "4227072" : 7963,
            "4292608" : 7702,
            "4358144" : 5718,
            "4423680" : 5509,
            "4489216" : 5005,
            "4554752" : 5217,
            "4620288" : 5200,
            "4685824" : 5311,
            "4751360" : 4521,
            "4816896" : 4223,
            "4882432" : 3662,
            "4947968" : 3359,
            "5013504" : 3037,
            "5079040" : 2985,
            "5144576" : 3393,
            "5210112" : 2789,
            "5275648" : 1910,
            "5341184" : 1901,
            "5406720" : 1301,
            "5472256" : 950,
            "5537792" : 774,
            "5603328" : 745,
            "5668864" : 670,
            "5734400" : 422,
            "5799936" : 386,
            "5865472" : 212,
            "5931008" : 130,
            "5996544" : 60,
            "6062080" : 92,
            "6127616" : 47,
            "6193152" : 58,
            "6258688" : 80,
            "6324224" : 40,
            "6389760" : 32,
            "6455296" : 11,
            "6520832" : 5,
            "6586368" : 9,
            "6651904" : 10,
            "6782976" : 11,
            "6848512" : 1,
            "6914048" : 1,
            "7045120" : 1,
            "15794176" : 5,
            "15925248" : 4,
            "16056320" : 6,
            "16187392" : 21,