{
  "fio version" : "fio-3.8",
  "timestamp" : 1536361377,
  "timestamp_ms" : 1536361377856,
  "time" : "Fri Sep  7 16:02:57 2018",
  "global options" : {
    "offset" : "0"
  },
  "jobs" : [
    {
      "jobname" : "wdpc",
      "groupid" : 0,
      "error" : 0,
      "eta" : 0,
      "elapsed" : 61,
      "job options" : {
        "ioengine" : "libaio",
        "group_reporting" : "1",
        "direct" : "1",
        "rw" : "readwrite",
        "bs" : "1024KB",
        "numjobs" : "1",
        "iodepth" : "32",
        "size" : "75%",
        "name" : "wdpc",
        "rwmixread" : "0",
        "time_based" : "1",
        "runtime" : "60s",
        "filename" : "/dev/sda"
      },
      "read" : {
        "io_bytes" : 0,
        "io_kbytes" : 0,
        "bw_bytes" : 0,
        "bw" : 0,
        "iops" : 0.000000,
        "runtime" : 0,
        "total_ios" : 0,
        "short_ios" : 0,
        "drop_ios" : 0,
        "slat_ns" : {
          "min" : 0,
          "max" : 0,
          "mean" : 0.000000,
          "stddev" : 0.000000
        },
        "clat_ns" : {
          "min" : 0,
          "max" : 0,
          "mean" : 0.000000,
          "stddev" : 0.000000,
          "percentile" : {
            "1.000000" : 0,
            "5.000000" : 0,
            "10.000000" : 0,
            "20.000000" : 0,
            "30.000000" : 0,
            "40.000000" : 0,
            "50.000000" : 0,
            "60.000000" : 0,
            "70.000000" : 0,
            "80.000000" : 0,
            "90.000000" : 0,
            "95.000000" : 0,
            "99.000000" : 0,
            "99.500000" : 0,
            "99.900000" : 0,
            "99.950000" : 0,
            "99.990000" : 0
          },
          "bins" : {

          }
        },
        "lat_ns" : {
          "min" : 0,
          "max" : 0,
          "mean" : 0.000000,
          "stddev" : 0.000000
        },
        "bw_min" : 0,
        "bw_max" : 0,
        "bw_agg" : 0.000000,
        "bw_mean" : 0.000000,
        "bw_dev" : 0.000000,
        "bw_samples" : 0,
        "iops_min" : 0,
        "iops_max" : 0,
        "iops_mean" : 0.000000,
        "iops_stddev" : 0.000000,
        "iops_samples" : 0
      },
      "write" : {
        "io_bytes" : 17314086912,
        "io_kbytes" : 16908288,
        "bw_bytes" : 287992130,
        "bw" : 281242,
        "iops" : 274.650699,
        "runtime" : 60120,
        "total_ios" : 16512,
        "short_ios" : 0,
        "drop_ios" : 0,
        "slat_ns" : {
          "min" : 66872,
          "max" : 1973975,
          "mean" : 145921.879906,
          "stddev" : 62588.862924
        },
        "clat_ns" : {
          "min" : 4463226,
          "max" : 228240556,
          "mean" : 116346981.960393,
          "stddev" : 7183448.878227,
          "percentile" : {
            "1.000000" : 106430464,
            "5.000000" : 108527616,
            "10.000000" : 109576192,
            "20.000000" : 111673344,
            "30.000000" : 112721920,
            "40.000000" : 113770496,
            "50.000000" : 114819072,
            "60.000000" : 116916224,
            "70.000000" : 117964800,
            "80.000000" : 121110528,
            "90.000000" : 125304832,
            "95.000000" : 128450560,
            "99.000000" : 133693440,
            "99.500000" : 135266304,
            "99.900000" : 168820736,
            "99.950000" : 198180864,
            "99.990000" : 225443840
          },
          "bins" : {
            "4489216" : 1,
            "7241728" : 1,
            "10289152" : 1,
            "13172736" : 1,
            "16449536" : 1,
            "19529728" : 1,
            "23461888" : 1,
            "26083328" : 1,
            "29753344" : 1,
            "32374784" : 1,
            "35913728" : 1,
            "38535168" : 1,
            "42205184" : 1,
            "44826624" : 1,
            "48496640" : 1,
            "51118080" : 1,
            "54788096" : 1,
            "57933824" : 1,
            "61079552" : 1,
            "65798144" : 1,
            "68681728" : 1,
            "73924608" : 1,
            "77070336" : 1,
            "82313216" : 1,
            "85458944" : 1,
            "90701824" : 1,
            "93847552" : 1,
            "98041856" : 1,
            "100139008" : 1,
            "103284736" : 7,
            "104333312" : 9,
            "105381888" : 47,
            "106430464" : 127,
            "107479040" : 342,
            "108527616" : 560,
            "109576192" : 767,
            "110624768" : 978,
            "111673344" : 1177,
            "112721920" : 1368,
            "113770496" : 1484,
            "114819072" : 1554,
            "115867648" : 1426,
            "116916224" : 1162,
            "117964800" : 802,
            "119013376" : 619,
            "120061952" : 541,
            "121110528" : 510,
            "122159104" : 592,
            "123207680" : 420,
            "124256256" : 332,
            "125304832" : 246,
            "126353408" : 251,
            "127401984" : 201,
            "128450560" : 183,
            "129499136" : 187,
            "130547712" : 202,
            "131596288" : 131,
            "132644864" : 82,
            "133693440" : 65,
            "135266304" : 57,
            "137363456" : 15,
            "139460608" : 5,
            "141557760" : 6,
            "143654912" : 4,
            "145752064" : 1,
            "147849216" : 1,
            "152043520" : 1,
            "156237824" : 1,
            "160432128" : 1,
            "162529280" : 1,
            "166723584" : 1,
            "168820736" : 1,
            "173015040" : 1,
            "177209344" : 1,
            "179306496" : 1,
            "183500800" : 1,
            "187695104" : 1,
            "189792256" : 1,
            "193986560" : 1,
            "198180864" : 1,
            "202375168" : 1,
            "206569472" : 1,
            "212860928" : 1,
            "214958080" : 1,
            "219152384" : 1,
            "221249536" : 1,
            "225443840" : 1,
            "227540992" : 1
          }
        },
        "lat_ns" : {
          "min" : 4621681,
          "max" : 228381883,
          "mean" : 116493756.398982,
          "stddev" : 7183189.505615
        },
        "bw_min" : 249856,
        "bw_max" : 292864,
        "bw_agg" : 99.991185,
        "bw_mean" : 281217.208333,
        "bw_dev" : 7611.649561,
        "bw_samples" : 120,
        "iops_min" : 244,
        "iops_max" : 286,
        "iops_mean" : 274.591667,
        "iops_stddev" : 7.458001,
        "iops_samples" : 120
      },
      "trim" : {
        "io_bytes" : 0,
        "io_kbytes" : 0,
        "bw_bytes" : 0,
        "bw" : 0,
        "iops" : 0.000000,
        "runtime" : 0,
        "total_ios" : 0,
        "short_ios" : 0,
        "drop_ios" : 0,
        "slat_ns" : {
          "min" : 0,
          "max" : 0,
          "mean" : 0.000000,
          "stddev" : 0.000000
        },
        "clat_ns" : {
          "min" : 0,
          "max" : 0,
          "mean" : 0.000000,
          "stddev" : 0.000000,
          "percentile" : {
            "1.000000" : 0,
            "5.000000" : 0,
            "10.000000" : 0,
            "20.000000" : 0,
            "30.000000" : 0,
            "40.000000" : 0,
            "50.000000" : 0,
            "60.000000" : 0,
            "70.000000" : 0,
            "80.000000" : 0,
            "90.000000" : 0,
            "95.000000" : 0,
            "99.000000" : 0,
            "99.500000" : 0,
            "99.900000" : 0,
            "99.950000" : 0,
            "99.990000" : 0
          },
          "bins" : {

          }
        },
        "lat_ns" : {
          "min" : 0,
          "max" : 0,
          "mean" : 0.000000,
          "stddev" : 0.000000
        },
        "bw_min" : 0,
        "bw_max" : 0,
        "bw_agg" : 0.000000,
        "bw_mean" : 0.000000,
        "bw_dev" : 0.000000,
        "bw_samples" : 0,
        "iops_min" : 0,
        "iops_max" : 0,
        "iops_mean" : 0.000000,