{
  "fio version" : "fio-3.8",
  "timestamp" : 1536358544,
  "timestamp_ms" : 1536358544775,
  "time" : "Fri Sep  7 15:15:44 2018",
  "jobs" : [
    {
      "jobname" : "wipc",
      "groupid" : 0,
      "error" : 0,
      "eta" : 0,
      "elapsed" : 1805,
      "job options" : {
        "ioengine" : "libaio",
        "group_reporting" : "1",
        "direct" : "1",
        "rw" : "write",
        "bs" : "128KB",
        "numjobs" : "1",
        "iodepth" : "32",
        "size" : "75%",
        "name" : "wipc",
        "io_size" : "512121028608B",
        "filename" : "/dev/sda"
      },
      "read" : {
        "io_bytes" : 0,
        "io_kbytes" : 0,
        "bw_bytes" : 0,
        "bw" : 0,
        "iops" : 0.000000,
        "runtime" : 0,
        "total_ios" : 0,
        "short_ios" : 0,
        "drop_ios" : 0,
        "slat_ns" : {
          "min" : 0,
          "max" : 0,
          "mean" : 0.000000,
          "stddev" : 0.000000
        },
        "clat_ns" : {
          "min" : 0,
          "max" : 0,
          "mean" : 0.000000,
          "stddev" : 0.000000,
          "percentile" : {
            "1.000000" : 0,
            "5.000000" : 0,
            "10.000000" : 0,
            "20.000000" : 0,
            "30.000000" : 0,
            "40.000000" : 0,
            "50.000000" : 0,
            "60.000000" : 0,
            "70.000000" : 0,
            "80.000000" : 0,
            "90.000000" : 0,
            "95.000000" : 0,
            "99.000000" : 0,
            "99.500000" : 0,
            "99.900000" : 0,
            "99.950000" : 0,
            "99.990000" : 0
          },
          "bins" : {

          }
        },
        "lat_ns" : {
          "min" : 0,
          "max" : 0,
          "mean" : 0.000000,
          "stddev" : 0.000000
        },
        "bw_min" : 0,
        "bw_max" : 0,
        "bw_agg" : 0.000000,
        "bw_mean" : 0.000000,
        "bw_dev" : 0.000000,
        "bw_samples" : 0,
        "iops_min" : 0,
        "iops_max" : 0,
        "iops_mean" : 0.000000,
        "iops_stddev" : 0.000000,
        "iops_samples" : 0
      },
      "write" : {
        "io_bytes" : 512121110528,
        "io_kbytes" : 500118272,
        "bw_bytes" : 283897877,
        "bw" : 277244,
        "iops" : 2165.968916,
        "runtime" : 1803892,
        "total_ios" : 3907174,
        "short_ios" : 0,
        "drop_ios" : 0,
        "slat_ns" : {
          "min" : 6453,
          "max" : 4650675,
          "mean" : 24131.729770,
          "stddev" : 27886.740351
        },
        "clat_ns" : {
          "min" : 748548,
          "max" : 45621323,
          "mean" : 14744549.176347,
          "stddev" : 1993333.666486,
          "percentile" : {
            "1.000000" : 12779520,
            "5.000000" : 13172736,
            "10.000000" : 13303808,
            "20.000000" : 13565952,
            "30.000000" : 13828096,
            "40.000000" : 14090240,
            "50.000000" : 14352384,
            "60.000000" : 14614528,
            "70.000000" : 15007744,
            "80.000000" : 15532032,
            "90.000000" : 16187392,
            "95.000000" : 16908288,
            "99.000000" : 27131904,
            "99.500000" : 27918336,
            "99.900000" : 29229056,
            "99.950000" : 29491200,
            "99.990000" : 31064064
          },
          "bins" : {
            "749568" : 1,
            "856064" : 1,
            "1105920" : 1,
            "1171456" : 1,
            "1351680" : 2,
            "1531904" : 1,
            "1925120" : 1,
            "2023424" : 1,
            "2244608" : 1,
            "2408448" : 1,
            "2703360" : 1,
            "2932736" : 1,
            "2965504" : 1,
            "3129344" : 1,
            "3162112" : 1,
            "3391488" : 1,
            "3489792" : 1,
            "3522560" : 1,
            "3850240" : 1,
            "3883008" : 1,
            "4177920" : 1,
            "4227072" : 2,
            "4554752" : 3,
            "4882432" : 3,
            "5275648" : 3,
            "5603328" : 1,
            "5668864" : 1,
            "5931008" : 2,
            "6127616" : 1,
            "6258688" : 2,
            "6455296" : 1,
            "6520832" : 1,
            "6651904" : 1,
            "6848512" : 1,
            "6914048" : 1,
            "6979584" : 1,
            "7241728" : 1,
            "7307264" : 1,
            "7569408" : 2,
            "7634944" : 1,
            "7831552" : 1,
            "8028160" : 1,
            "8224768" : 1,
            "8355840" : 1,
            "8585216" : 1,
            "8716288" : 1,
            "8847360" : 1,
            "9109504" : 1,
            "9240576" : 2,
            "9371648" : 2,
            "9502720" : 2,
            "9633792" : 7,
            "9764864" : 9,
            "9895936" : 3,
            "10027008" : 12,
            "10158080" : 3,
            "10289152" : 8,
            "10420224" : 6,
            "10551296" : 15,
            "10682368" : 23,
            "10813440" : 10,
            "10944512" : 27,
            "11075584" : 12,
            "11206656" : 21,
            "11337728" : 32,
            "11468800" : 116,
            "11599872" : 173,
            "11730944" : 244,
            "11862016" : 526,
            "11993088" : 845,
            "12124160" : 1083,
            "12255232" : 1422,
            "12386304" : 2945,
            "12517376" : 5951,
            "12648448" : 13090,
            "12779520" : 26046,
            "12910592" : 48947,
            "13041664" : 82694,
            "13172736" : 124682,
            "13303808" : 158326,
            "13434880" : 180314,
            "13565952" : 202990,
            "13697024" : 216602,
            "13828096" : 221085,
            "13959168" : 214146,
            "14090240" : 196791,
            "14221312" : 179716,
            "14352384" : 168925,
            "14483456" : 156369,
            "14614528" : 147296,
            "14745600" : 137378,
            "14876672" : 127830,
            "15007744" : 123622,
            "15138816" : 122187,
            "15269888" : 119504,
            "15400960" : 114154,
            "15532032" : 104110,
            "15663104" : 91790,
            "15794176" : 80002,
            "15925248" : 68913,
            "16056320" : 59604,
            "16187392" : 50385,
            "16318464" : 42165,
            "16449536" : 36137,
            "16580608" : 32583,
            "16711680" : 30066,
            "16908288" : 50202,
            "17170432" : 37680,
            "17432576" : 25391,
            "17694720" : 15589,
            "17956864" : 7985,
            "18219008" : 4188,
            "18481152" : 2781,
            "18743296" : 1736,
            "19005440" : 1188,
            "19267584" : 1029,
            "19529728" : 879,
            "19791872" : 650,
            "20054016" : 487,
            "20316160" : 359,
            "20578304" : 259,
            "20840448" : 158,
            "21102592" : 132,
            "21364736" : 112,
            "21626880" : 90,
            "21889024" : 80,
            "22151168" : 54,
            "22413312" : 54,
            "22675456" : 40,
            "22937600" : 47,
            "23199744" : 33,
            "23461888" : 39,
            "23724032" : 29,
            "23986176" : 17,
            "24248320" : 20,
            "24510464" : 71,
            "24772608" : 214,
            "25034752" : 317,
            "25296896" : 354,
            "25559040" : 371,
            "25821184" : 535,
            "26083328" : 1188,
            "26345472" : 2753,
            "26607616" : 6003,
            "26869760" : 7286,
            "27131904" : 6841,
            "27394048" : 7153,
            "27656192" : 5963,
            "27918336" : 5490,
            "28180480" : 4830,
            "28442624" : 4080,
            "28704768" : 3593,
            "28966912" : 2389,
            "29229056" : 1501,
            "29491200" : 987,
            "29753344" : 516,
            "30015488" : 374,