{
  "fio version" : "fio-3.8",
  "timestamp" : 1539856432,
  "timestamp_ms" : 1539856432663,
  "time" : "Thu Oct 18 02:53:52 2018",
  "jobs" : [
    {
      "jobname" : "wdpc",
      "groupid" : 0,
      "error" : 0,
      "eta" : 0,
      "elapsed" : 61,
      "job options" : {
        "ioengine" : "libaio",
        "group_reporting" : "1",
        "direct" : "1",
        "rw" : "randrw",
        "bssplit" : "64KB",
        "numjobs" : "2",
        "iodepth" : "16",
        "size" : "75%",
        "name" : "wdpc",
        "random_distribution" : "random",
        "random_generator" : "tausworthe",
        "allrandrepeat" : "1",
        "randseed" : "101",
        "rwmixread" : "0",
        "time_based" : "1",
        "runtime" : "60s",
        "filename" : "/dev/sdb"
      },
      "read" : {
        "io_bytes" : 0,
        "io_kbytes" : 0,
        "bw_bytes" : 0,
        "bw" : 0,
        "iops" : 0.000000,
        "runtime" : 0,
        "total_ios" : 0,
        "short_ios" : 0,
        "drop_ios" : 0,
        "slat_ns" : {
          "min" : 0,
          "max" : 0,
          "mean" : 0.000000,
          "stddev" : 0.000000
        },
        "clat_ns" : {
          "min" : 0,
          "max" : 0,
          "mean" : 0.000000,
          "stddev" : 0.000000,
          "percentile" : {
            "1.000000" : 0,
            "5.000000" : 0,
            "10.000000" : 0,
            "20.000000" : 0,
            "30.000000" : 0,
            "40.000000" : 0,
            "50.000000" : 0,
            "60.000000" : 0,
            "70.000000" : 0,
            "80.000000" : 0,
            "90.000000" : 0,
            "95.000000" : 0,
            "99.000000" : 0,
            "99.500000" : 0,
            "99.900000" : 0,
            "99.950000" : 0,
            "99.990000" : 0
          },
          "bins" : {

          }
        },
        "lat_ns" : {
          "min" : 0,
          "max" : 0,
          "mean" : 0.000000,
          "stddev" : 0.000000
        },
        "bw_min" : 0,
        "bw_max" : 0,
        "bw_agg" : 0.000000,
        "bw_mean" : 0.000000,
        "bw_dev" : 0.000000,
        "bw_samples" : 0,
        "iops_min" : 0,
        "iops_max" : 0,
        "iops_mean" : 0.000000,
        "iops_stddev" : 0.000000,
        "iops_samples" : 0
      },
      "write" : {
        "io_bytes" : 10890117120,
        "io_kbytes" : 10634880,
        "bw_bytes" : 181471706,
        "bw" : 177218,
        "iops" : 2769.038494,
        "runtime" : 60010,
        "total_ios" : 166170,
        "short_ios" : 0,
        "drop_ios" : 0,
        "slat_ns" : {
          "min" : 3914,
          "max" : 193882,
          "mean" : 8068.501811,
          "stddev" : 3678.999205
        },
        "clat_ns" : {
          "min" : 453052,
          "max" : 138418983,
          "mean" : 11545006.763513,
          "stddev" : 9540622.579753,
          "percentile" : {
            "1.000000" : 7634944,
            "5.000000" : 8028160,
            "10.000000" : 8290304,
            "20.000000" : 8585216,
            "30.000000" : 8978432,
            "40.000000" : 9371648,
            "50.000000" : 9502720,
            "60.000000" : 9764864,
            "70.000000" : 10027008,
            "80.000000" : 10420224,
            "90.000000" : 12124160,
            "95.000000" : 21102592,
            "99.000000" : 76021760,
            "99.500000" : 82313216,
            "99.900000" : 90701824,
            "99.950000" : 96993280,
            "99.990000" : 127401984
          },
          "bins" : {
            "452608" : 1,
            "634880" : 1,
            "790528" : 1,
            "1253376" : 1,
            "1286144" : 1,
            "1335296" : 1,
            "1662976" : 1,
            "1843200" : 1,
            "2007040" : 1,
            "3358720" : 1,
            "3522560" : 1,
            "3686400" : 1,
            "3850240" : 1,
            "4046848" : 1,
            "4227072" : 1,
            "5406720" : 1,
            "5472256" : 5,
            "5537792" : 5,
            "5603328" : 1,
            "5668864" : 9,
            "5734400" : 7,
            "5799936" : 7,
            "5865472" : 11,
            "5931008" : 9,
            "5996544" : 14,
            "6062080" : 30,
            "6127616" : 50,
            "6193152" : 14,
            "6258688" : 30,
            "6324224" : 11,
            "6389760" : 19,
            "6455296" : 26,
            "6520832" : 21,
            "6586368" : 24,
            "6651904" : 21,
            "6717440" : 35,
            "6782976" : 33,
            "6848512" : 44,
            "6914048" : 50,
            "6979584" : 61,
            "7045120" : 55,
            "7110656" : 72,
            "7176192" : 53,
            "7241728" : 77,
            "7307264" : 71,
            "7372800" : 73,
            "7438336" : 150,
            "7503872" : 229,
            "7569408" : 213,
            "7634944" : 415,
            "7700480" : 521,
            "7766016" : 646,
            "7831552" : 911,
            "7897088" : 1446,
            "7962624" : 1500,
            "8028160" : 1765,
            "8093696" : 2367,
            "8159232" : 2424,
            "8224768" : 3039,
            "8290304" : 3359,
            "8355840" : 3440,
            "8454144" : 6926,
            "8585216" : 6293,
            "8716288" : 5344,
            "8847360" : 4783,
            "8978432" : 4888,
            "9109504" : 5698,
            "9240576" : 7455,
            "9371648" : 8901,
            "9502720" : 10131,
            "9633792" : 10824,
            "9764864" : 10710,
            "9895936" : 9772,
            "10027008" : 8551,
            "10158080" : 5535,
            "10289152" : 3324,
            "10420224" : 1948,
            "10551296" : 1607,
            "10682368" : 1623,
            "10813440" : 1584,
            "10944512" : 1662,
            "11075584" : 1706,
            "11206656" : 1672,
            "11337728" : 1616,
            "11468800" : 1137,
            "11599872" : 793,
            "11730944" : 642,
            "11862016" : 422,
            "11993088" : 357,
            "12124160" : 314,
            "12255232" : 278,
            "12386304" : 237,
            "12517376" : 206,
            "12648448" : 169,
            "12779520" : 183,
            "12910592" : 220,
            "13041664" : 206,
            "13172736" : 259,
            "13303808" : 198,
            "13434880" : 208,
            "13565952" : 179,
            "13697024" : 149,
            "13828096" : 115,
            "13959168" : 96,
            "14090240" : 53,
            "14221312" : 51,
            "14352384" : 54,
            "14483456" : 35,
            "14614528" : 31,
            "14745600" : 39,
            "14876672" : 55,
            "15007744" : 35,
            "15138816" : 33,
            "15269888" : 37,
            "15400960" : 27,
            "15532032" : 21,
            "15663104" : 27,
            "15794176" : 36,
            "15925248" : 16,
            "16056320" : 26,
            "16187392" : 17,
            "16318464" : 19,
            "16449536" : 20,
            "16580608" : 25,
            "16711680" : 30,
            "16908288" : 104,
            "17170432" : 113,
            "17432576" : 138,
            "17694720" : 216,
            "17956864" : 252,
            "18219008" : 320,
            "18481152" : 269,
            "18743296" : 369,
            "19005440" : 447,
            "19267584" : 507,
            "19529728" : 399,
            "19791872" : 389,
            "20054016" : 356,
            "20316160" : 331,
            "20578304" : 328,
            "20840448" : 273,
            "21102592" : 196,
            "21364736" : 192,
            "21626880" : 209,
            "21889024" : 240,
            "22151168" : 176,
            "22413312" : 191,
            "22675456" : 202,
            "22937600" : 168,
            "23199744" : 158,
            "23461888" : 151,
            "23724032" : 189,
            "23986176" : 160,