{
  "fio version" : "fio-3.8",
  "timestamp" : 1539863388,
  "timestamp_ms" : 1539863388926,
  "time" : "Thu Oct 18 04:49:48 2018",
  "jobs" : [
    {
      "jobname" : "wdpc",
      "groupid" : 0,
      "error" : 0,
      "eta" : 0,
      "elapsed" : 61,
      "job options" : {
        "ioengine" : "libaio",
        "group_reporting" : "1",
        "direct" : "1",
        "rw" : "randrw",
        "bssplit" : "16KB",
        "numjobs" : "2",
        "iodepth" : "16",
        "size" : "75%",
        "name" : "wdpc",
        "random_distribution" : "random",
        "random_generator" : "tausworthe",
        "allrandrepeat" : "1",
        "randseed" : "101",
        "rwmixread" : "0",
        "time_based" : "1",
        "runtime" : "60s",
        "filename" : "/dev/sdb"
      },
      "read" : {
        "io_bytes" : 0,
        "io_kbytes" : 0,
        "bw_bytes" : 0,
        "bw" : 0,
        "iops" : 0.000000,
        "runtime" : 0,
        "total_ios" : 0,
        "short_ios" : 0,
        "drop_ios" : 0,
        "slat_ns" : {
          "min" : 0,
          "max" : 0,
          "mean" : 0.000000,
          "stddev" : 0.000000
        },
        "clat_ns" : {
          "min" : 0,
          "max" : 0,
          "mean" : 0.000000,
          "stddev" : 0.000000,
          "percentile" : {
            "1.000000" : 0,
            "5.000000" : 0,
            "10.000000" : 0,
            "20.000000" : 0,
            "30.000000" : 0,
            "40.000000" : 0,
            "50.000000" : 0,
            "60.000000" : 0,
            "70.000000" : 0,
            "80.000000" : 0,
            "90.000000" : 0,
            "95.000000" : 0,
            "99.000000" : 0,
            "99.500000" : 0,
            "99.900000" : 0,
            "99.950000" : 0,
            "99.990000" : 0
          },
          "bins" : {

          }
        },
        "lat_ns" : {
          "min" : 0,
          "max" : 0,
          "mean" : 0.000000,
          "stddev" : 0.000000
        },
        "bw_min" : 0,
        "bw_max" : 0,
        "bw_agg" : 0.000000,
        "bw_mean" : 0.000000,
        "bw_dev" : 0.000000,
        "bw_samples" : 0,
        "iops_min" : 0,
        "iops_max" : 0,
        "iops_mean" : 0.000000,
        "iops_stddev" : 0.000000,
        "iops_samples" : 0
      },
      "write" : {
        "io_bytes" : 9983557632,
        "io_kbytes" : 9749568,
        "bw_bytes" : 166384307,
        "bw" : 162484,
        "iops" : 10155.292235,
        "runtime" : 60003,
        "total_ios" : 609348,
        "short_ios" : 0,
        "drop_ios" : 0,
        "slat_ns" : {
          "min" : 2500,
          "max" : 99250,
          "mean" : 4357.574993,
          "stddev" : 1194.407415
        },
        "clat_ns" : {
          "min" : 274537,
          "max" : 63132959,
          "mean" : 3144786.465698,
          "stddev" : 3066977.029250,
          "percentile" : {
            "1.000000" : 1728512,
            "5.000000" : 1728512,
            "10.000000" : 1761280,
            "20.000000" : 1761280,
            "30.000000" : 1761280,
            "40.000000" : 2506752,
            "50.000000" : 2736128,
            "60.000000" : 2834432,
            "70.000000" : 2932736,
            "80.000000" : 3096576,
            "90.000000" : 4079616,
            "95.000000" : 5275648,
            "99.000000" : 21889024,
            "99.500000" : 24248320,
            "99.900000" : 30015488,
            "99.950000" : 32112640,
            "99.990000" : 42729472
          },
          "bins" : {
            "276480" : 1,
            "292864" : 1,
            "350208" : 1,
            "370688" : 1,
            "501760" : 3,
            "602112" : 2,
            "733184" : 4,
            "741376" : 2,
            "749568" : 4,
            "757760" : 12,
            "765952" : 8,
            "774144" : 3,
            "782336" : 8,
            "790528" : 12,
            "798720" : 14,
            "806912" : 7,
            "815104" : 3,
            "823296" : 12,
            "831488" : 19,
            "839680" : 24,
            "847872" : 9,
            "856064" : 3,
            "864256" : 15,
            "872448" : 25,
            "880640" : 19,
            "888832" : 7,
            "897024" : 8,
            "905216" : 9,
            "913408" : 19,
            "921600" : 13,
            "929792" : 11,
            "937984" : 10,
            "946176" : 25,
            "954368" : 9,
            "962560" : 13,
            "970752" : 19,
            "978944" : 18,
            "987136" : 13,
            "995328" : 11,
            "1003520" : 8,
            "1011712" : 13,
            "1019904" : 15,
            "1028096" : 10,
            "1036288" : 21,
            "1044480" : 15,
            "1056768" : 26,
            "1073152" : 29,
            "1089536" : 39,
            "1105920" : 37,
            "1122304" : 50,
            "1138688" : 11,
            "1155072" : 25,
            "1171456" : 29,
            "1187840" : 37,
            "1204224" : 35,
            "1220608" : 28,
            "1236992" : 54,
            "1253376" : 22,
            "1269760" : 51,
            "1286144" : 29,
            "1302528" : 24,
            "1318912" : 36,
            "1335296" : 46,
            "1351680" : 39,
            "1368064" : 45,
            "1384448" : 33,
            "1400832" : 52,
            "1417216" : 29,
            "1433600" : 64,
            "1449984" : 39,
            "1466368" : 49,
            "1482752" : 73,
            "1499136" : 46,
            "1515520" : 72,
            "1531904" : 39,
            "1548288" : 84,
            "1564672" : 81,
            "1581056" : 78,
            "1597440" : 106,
            "1613824" : 64,
            "1630208" : 142,
            "1646592" : 121,
            "1662976" : 100,
            "1679360" : 232,
            "1695744" : 137,
            "1712128" : 1617,
            "1728512" : 54230,
            "1744896" : 1387,
            "1761280" : 127028,
            "1777664" : 1075,
            "1794048" : 1904,
            "1810432" : 675,
            "1826816" : 386,
            "1843200" : 608,
            "1859584" : 412,
            "1875968" : 453,
            "1892352" : 240,
            "1908736" : 307,
            "1925120" : 358,
            "1941504" : 293,
            "1957888" : 373,
            "1974272" : 378,
            "1990656" : 241,
            "2007040" : 515,
            "2023424" : 389,
            "2039808" : 369,
            "2056192" : 478,
            "2072576" : 476,
            "2088960" : 581,
            "2113536" : 1322,
            "2146304" : 1345,
            "2179072" : 1452,
            "2211840" : 1911,
            "2244608" : 2606,
            "2277376" : 3270,
            "2310144" : 3489,
            "2342912" : 4171,
            "2375680" : 4535,
            "2408448" : 5008,
            "2441216" : 5919,
            "2473984" : 6736,
            "2506752" : 7289,
            "2539520" : 7509,
            "2572288" : 8260,
            "2605056" : 7744,
            "2637824" : 7897,
            "2670592" : 7888,
            "2703360" : 9760,
            "2736128" : 11685,
            "2768896" : 15971,
            "2801664" : 20179,
            "2834432" : 24283,
            "2867200" : 25530,
            "2899968" : 24856,
            "2932736" : 22373,
            "2965504" : 16765,
            "2998272" : 12988,
            "3031040" : 9208,
            "3063808" : 6108,
            "3096576" : 3909,
            "3129344" : 2731,
            "3162112" : 2044,
            "3194880" : 1072,
            "3227648" : 841,
            "3260416" : 828,
            "3293184" : 682,
            "3325952" : 725,
            "3358720" : 727,
            "3391488" : 803,
            "3424256" : 875,
            "3457024" : 945,
            "3489792" : 1016,
            "3522560" : 1216,
            "3555328" : 1501,
            "3588096" : 1600,
            "3620864" : 1783,
            "3653632" : 1868,