{
  "fio version" : "fio-3.8",
  "timestamp" : 1539863451,
  "timestamp_ms" : 1539863451489,
  "time" : "Thu Oct 18 04:50:51 2018",
  "jobs" : [
    {
      "jobname" : "wdpc",
      "groupid" : 0,
      "error" : 0,
      "eta" : 0,
      "elapsed" : 61,
      "job options" : {
        "ioengine" : "libaio",
        "group_reporting" : "1",
        "direct" : "1",
        "rw" : "randrw",
        "bssplit" : "16KB",
        "numjobs" : "2",
        "iodepth" : "16",
        "size" : "75%",
        "name" : "wdpc",
        "random_distribution" : "random",
        "random_generator" : "tausworthe",
        "allrandrepeat" : "1",
        "randseed" : "101",
        "rwmixread" : "0",
        "time_based" : "1",
        "runtime" : "60s",
        "filename" : "/dev/sdb"
      },
      "read" : {
        "io_bytes" : 0,
        "io_kbytes" : 0,
        "bw_bytes" : 0,
        "bw" : 0,
        "iops" : 0.000000,
        "runtime" : 0,
        "total_ios" : 0,
        "short_ios" : 0,
        "drop_ios" : 0,
        "slat_ns" : {
          "min" : 0,
          "max" : 0,
          "mean" : 0.000000,
          "stddev" : 0.000000
        },
        "clat_ns" : {
          "min" : 0,
          "max" : 0,
          "mean" : 0.000000,
          "stddev" : 0.000000,
          "percentile" : {
            "1.000000" : 0,
            "5.000000" : 0,
            "10.000000" : 0,
            "20.000000" : 0,
            "30.000000" : 0,
            "40.000000" : 0,
            "50.000000" : 0,
            "60.000000" : 0,
            "70.000000" : 0,
            "80.000000" : 0,
            "90.000000" : 0,
            "95.000000" : 0,
            "99.000000" : 0,
            "99.500000" : 0,
            "99.900000" : 0,
            "99.950000" : 0,
            "99.990000" : 0
          },
          "bins" : {

          }
        },
        "lat_ns" : {
          "min" : 0,
          "max" : 0,
          "mean" : 0.000000,
          "stddev" : 0.000000
        },
        "bw_min" : 0,
        "bw_max" : 0,
        "bw_agg" : 0.000000,
        "bw_mean" : 0.000000,
        "bw_dev" : 0.000000,
        "bw_samples" : 0,
        "iops_min" : 0,
        "iops_max" : 0,
        "iops_mean" : 0.000000,
        "iops_stddev" : 0.000000,
        "iops_samples" : 0
      },
      "write" : {
        "io_bytes" : 11167039488,
        "io_kbytes" : 10905312,
        "bw_bytes" : 186108019,
        "bw" : 181746,
        "iops" : 11359.132043,
        "runtime" : 60003,
        "total_ios" : 681582,
        "short_ios" : 0,
        "drop_ios" : 0,
        "slat_ns" : {
          "min" : 2551,
          "max" : 130090,
          "mean" : 4492.642109,
          "stddev" : 1543.535062
        },
        "clat_ns" : {
          "min" : 206101,
          "max" : 60908295,
          "mean" : 2810721.701574,
          "stddev" : 1673616.296417,
          "percentile" : {
            "1.000000" : 1728512,
            "5.000000" : 1728512,
            "10.000000" : 1761280,
            "20.000000" : 1761280,
            "30.000000" : 1794048,
            "40.000000" : 2506752,
            "50.000000" : 2736128,
            "60.000000" : 2834432,
            "70.000000" : 2932736,
            "80.000000" : 3063808,
            "90.000000" : 3981312,
            "95.000000" : 4423680,
            "99.000000" : 8585216,
            "99.500000" : 15138816,
            "99.900000" : 19529728,
            "99.950000" : 21626880,
            "99.990000" : 42205184
          },
          "bins" : {
            "205824" : 1,
            "374784" : 1,
            "391168" : 2,
            "411648" : 1,
            "432128" : 1,
            "544768" : 1,
            "651264" : 1,
            "708608" : 1,
            "733184" : 5,
            "741376" : 5,
            "749568" : 3,
            "757760" : 8,
            "765952" : 7,
            "774144" : 4,
            "782336" : 5,
            "790528" : 10,
            "798720" : 20,
            "806912" : 9,
            "815104" : 10,
            "823296" : 9,
            "831488" : 26,
            "839680" : 25,
            "847872" : 20,
            "856064" : 8,
            "864256" : 15,
            "872448" : 24,
            "880640" : 19,
            "888832" : 9,
            "897024" : 8,
            "905216" : 12,
            "913408" : 13,
            "921600" : 15,
            "929792" : 12,
            "937984" : 23,
            "946176" : 14,
            "954368" : 20,
            "962560" : 13,
            "970752" : 18,
            "978944" : 16,
            "987136" : 21,
            "995328" : 19,
            "1003520" : 12,
            "1011712" : 5,
            "1019904" : 8,
            "1028096" : 11,
            "1036288" : 22,
            "1044480" : 16,
            "1056768" : 35,
            "1073152" : 32,
            "1089536" : 53,
            "1105920" : 30,
            "1122304" : 41,
            "1138688" : 23,
            "1155072" : 33,
            "1171456" : 21,
            "1187840" : 38,
            "1204224" : 34,
            "1220608" : 24,
            "1236992" : 51,
            "1253376" : 28,
            "1269760" : 37,
            "1286144" : 45,
            "1302528" : 29,
            "1318912" : 51,
            "1335296" : 41,
            "1351680" : 43,
            "1368064" : 55,
            "1384448" : 47,
            "1400832" : 41,
            "1417216" : 37,
            "1433600" : 63,
            "1449984" : 38,
            "1466368" : 51,
            "1482752" : 62,
            "1499136" : 58,
            "1515520" : 83,
            "1531904" : 39,
            "1548288" : 86,
            "1564672" : 80,
            "1581056" : 79,
            "1597440" : 119,
            "1613824" : 92,
            "1630208" : 134,
            "1646592" : 137,
            "1662976" : 175,
            "1679360" : 253,
            "1695744" : 244,
            "1712128" : 1863,
            "1728512" : 50799,
            "1744896" : 1813,
            "1761280" : 134808,
            "1777664" : 5322,
            "1794048" : 11010,
            "1810432" : 6323,
            "1826816" : 1318,
            "1843200" : 1592,
            "1859584" : 903,
            "1875968" : 565,
            "1892352" : 537,
            "1908736" : 532,
            "1925120" : 571,
            "1941504" : 305,
            "1957888" : 317,
            "1974272" : 370,
            "1990656" : 398,
            "2007040" : 364,
            "2023424" : 356,
            "2039808" : 408,
            "2056192" : 491,
            "2072576" : 526,
            "2088960" : 691,
            "2113536" : 1283,
            "2146304" : 1781,
            "2179072" : 1802,
            "2211840" : 2170,
            "2244608" : 2834,
            "2277376" : 3124,
            "2310144" : 3677,
            "2342912" : 4311,
            "2375680" : 5342,
            "2408448" : 5824,
            "2441216" : 6627,
            "2473984" : 7980,
            "2506752" : 8507,
            "2539520" : 8459,
            "2572288" : 8886,
            "2605056" : 9211,
            "2637824" : 9073,
            "2670592" : 8787,
            "2703360" : 10391,
            "2736128" : 13683,
            "2768896" : 17346,
            "2801664" : 22999,
            "2834432" : 26493,
            "2867200" : 27993,
            "2899968" : 28182,
            "2932736" : 24270,
            "2965504" : 20211,
            "2998272" : 16087,
            "3031040" : 12203,
            "3063808" : 7930,
            "3096576" : 5075,
            "3129344" : 3006,
            "3162112" : 2140,
            "3194880" : 1562,
            "3227648" : 960,
            "3260416" : 821,
            "3293184" : 731,
            "3325952" : 868,
            "3358720" : 755,
            "3391488" : 799,
            "3424256" : 940,
            "3457024" : 976,
            "3489792" : 1381,
            "3522560" : 1501,
            "3555328" : 1745,
            "3588096" : 1914,