{
  "fio version" : "fio-3.8",
  "timestamp" : 1537043753,
  "timestamp_ms" : 1537043753298,
  "time" : "Sat Sep 15 20:35:53 2018",
  "jobs" : [
    {
      "jobname" : "wdpc",
      "groupid" : 0,
      "error" : 0,
      "eta" : 0,
      "elapsed" : 61,
      "job options" : {
        "ioengine" : "libaio",
        "group_reporting" : "1",
        "direct" : "1",
        "rw" : "randrw",
        "bs" : "8KB",
        "numjobs" : "2",
        "iodepth" : "16",
        "size" : "75%",
        "name" : "wdpc",
        "random_distribution" : "random",
        "random_generator" : "tausworthe",
        "allrandrepeat" : "1",
        "randseed" : "101",
        "rwmixread" : "0",
        "time_based" : "1",
        "runtime" : "60s",
        "filename" : "/dev/sda"
      },
      "read" : {
        "io_bytes" : 0,
        "io_kbytes" : 0,
        "bw_bytes" : 0,
        "bw" : 0,
        "iops" : 0.000000,
        "runtime" : 0,
        "total_ios" : 0,
        "short_ios" : 0,
        "drop_ios" : 0,
        "slat_ns" : {
          "min" : 0,
          "max" : 0,
          "mean" : 0.000000,
          "stddev" : 0.000000
        },
        "clat_ns" : {
          "min" : 0,
          "max" : 0,
          "mean" : 0.000000,
          "stddev" : 0.000000,
          "percentile" : {
            "1.000000" : 0,
            "5.000000" : 0,
            "10.000000" : 0,
            "20.000000" : 0,
            "30.000000" : 0,
            "40.000000" : 0,
            "50.000000" : 0,
            "60.000000" : 0,
            "70.000000" : 0,
            "80.000000" : 0,
            "90.000000" : 0,
            "95.000000" : 0,
            "99.000000" : 0,
            "99.500000" : 0,
            "99.900000" : 0,
            "99.950000" : 0,
            "99.990000" : 0
          },
          "bins" : {

          }
        },
        "lat_ns" : {
          "min" : 0,
          "max" : 0,
          "mean" : 0.000000,
          "stddev" : 0.000000
        },
        "bw_min" : 0,
        "bw_max" : 0,
        "bw_agg" : 0.000000,
        "bw_mean" : 0.000000,
        "bw_dev" : 0.000000,
        "bw_samples" : 0,
        "iops_min" : 0,
        "iops_max" : 0,
        "iops_mean" : 0.000000,
        "iops_stddev" : 0.000000,
        "iops_samples" : 0
      },
      "write" : {
        "io_bytes" : 9805635584,
        "io_kbytes" : 9575816,
        "bw_bytes" : 163419088,
        "bw" : 159588,
        "iops" : 19948.619236,
        "runtime" : 60003,
        "total_ios" : 1196977,
        "short_ios" : 0,
        "drop_ios" : 0,
        "slat_ns" : {
          "min" : 5833,
          "max" : 5084334,
          "mean" : 13809.741561,
          "stddev" : 20466.607058
        },
        "clat_ns" : {
          "min" : 289625,
          "max" : 33089000,
          "mean" : 1585779.587672,
          "stddev" : 910665.616724,
          "percentile" : {
            "1.000000" : 448512,
            "5.000000" : 929792,
            "10.000000" : 962560,
            "20.000000" : 995328,
            "30.000000" : 1028096,
            "40.000000" : 1073152,
            "50.000000" : 1220608,
            "60.000000" : 1761280,
            "70.000000" : 2039808,
            "80.000000" : 2179072,
            "90.000000" : 2342912,
            "95.000000" : 2605056,
            "99.000000" : 3915776,
            "99.500000" : 4620288,
            "99.900000" : 15794176,
            "99.950000" : 16318464,
            "99.990000" : 17432576
          },
          "bins" : {
            "288768" : 1,
            "296960" : 1,
            "309248" : 1,
            "313344" : 3,
            "317440" : 3,
            "321536" : 3,
            "329728" : 1,
            "333824" : 2,
            "337920" : 8,
            "342016" : 4,
            "346112" : 10,
            "350208" : 2,
            "354304" : 3,
            "358400" : 18,
            "362496" : 35,
            "366592" : 52,
            "370688" : 40,
            "374784" : 42,
            "378880" : 48,
            "382976" : 60,
            "387072" : 85,
            "391168" : 148,
            "395264" : 208,
            "399360" : 214,
            "403456" : 269,
            "407552" : 246,
            "411648" : 302,
            "415744" : 521,
            "419840" : 750,
            "423936" : 1085,
            "428032" : 1256,
            "432128" : 1302,
            "436224" : 1448,
            "440320" : 1541,
            "444416" : 1476,
            "448512" : 1370,
            "452608" : 1360,
            "456704" : 1178,
            "460800" : 993,
            "464896" : 852,
            "468992" : 612,
            "473088" : 514,
            "477184" : 401,
            "481280" : 297,
            "485376" : 259,
            "489472" : 219,
            "493568" : 183,
            "497664" : 167,
            "501760" : 128,
            "505856" : 124,
            "509952" : 107,
            "514048" : 99,
            "518144" : 104,
            "522240" : 86,
            "528384" : 166,
            "536576" : 161,
            "544768" : 165,
            "552960" : 136,
            "561152" : 113,
            "569344" : 114,
            "577536" : 100,
            "585728" : 93,
            "593920" : 112,
            "602112" : 75,
            "610304" : 110,
            "618496" : 94,
            "626688" : 108,
            "634880" : 112,
            "643072" : 109,
            "651264" : 104,
            "659456" : 118,
            "667648" : 112,
            "675840" : 137,
            "684032" : 126,
            "692224" : 113,
            "700416" : 108,
            "708608" : 112,
            "716800" : 124,
            "724992" : 112,
            "733184" : 115,
            "741376" : 118,
            "749568" : 167,
            "757760" : 193,
            "765952" : 191,
            "774144" : 185,
            "782336" : 244,
            "790528" : 258,
            "798720" : 279,
            "806912" : 283,
            "815104" : 392,
            "823296" : 441,
            "831488" : 589,
            "839680" : 663,
            "847872" : 837,
            "856064" : 1079,
            "864256" : 1408,
            "872448" : 1707,
            "880640" : 2235,
            "888832" : 2816,
            "897024" : 3365,
            "905216" : 4317,
            "913408" : 5703,
            "921600" : 6975,
            "929792" : 9133,
            "937984" : 12622,
            "946176" : 17149,
            "954368" : 19587,
            "962560" : 21830,
            "970752" : 24221,
            "978944" : 26928,
            "987136" : 29666,
            "995328" : 31889,
            "1003520" : 32808,
            "1011712" : 32736,
            "1019904" : 31789,
            "1028096" : 29743,
            "1036288" : 28540,
            "1044480" : 24771,
            "1056768" : 41721,
            "1073152" : 32125,
            "1089536" : 23804,
            "1105920" : 17354,
            "1122304" : 12843,
            "1138688" : 9916,
            "1155072" : 7766,
            "1171456" : 6768,
            "1187840" : 5971,
            "1204224" : 5236,
            "1220608" : 4867,
            "1236992" : 4420,
            "1253376" : 4272,
            "1269760" : 3795,
            "1286144" : 3604,
            "1302528" : 3579,
            "1318912" : 3449,
            "1335296" : 3134,
            "1351680" : 3018,
            "1368064" : 2942,
            "1384448" : 2989,
            "1400832" : 2902,
            "1417216" : 2938,
            "1433600" : 2822,
            "1449984" : 3041,
            "1466368" : 2999,
            "1482752" : 2989,
            "1499136" : 3274,
            "1515520" : 3325,
            "1531904" : 3208,
            "1548288" : 3408,
            "1564672" : 3607,
            "1581056" : 3697,
            "1597440" : 3852,
            "1613824" : 3945,
            "1630208" : 4196,
            "1646592" : 4237,
            "1662976" : 4254,