{
  "fio version" : "fio-3.8",
  "timestamp" : 1537032992,
  "timestamp_ms" : 1537032992229,
  "time" : "Sat Sep 15 17:36:32 2018",
  "jobs" : [
    {
      "jobname" : "wdpc",
      "groupid" : 0,
      "error" : 0,
      "eta" : 0,
      "elapsed" : 61,
      "job options" : {
        "ioengine" : "libaio",
        "group_reporting" : "1",
        "direct" : "1",
        "rw" : "randrw",
        "bs" : "128KB",
        "numjobs" : "2",
        "iodepth" : "16",
        "size" : "75%",
        "name" : "wdpc",
        "random_distribution" : "random",
        "random_generator" : "tausworthe",
        "allrandrepeat" : "1",
        "randseed" : "101",
        "rwmixread" : "0",
        "time_based" : "1",
        "runtime" : "60s",
        "filename" : "/dev/sda"
      },
      "read" : {
        "io_bytes" : 0,
        "io_kbytes" : 0,
        "bw_bytes" : 0,
        "bw" : 0,
        "iops" : 0.000000,
        "runtime" : 0,
        "total_ios" : 0,
        "short_ios" : 0,
        "drop_ios" : 0,
        "slat_ns" : {
          "min" : 0,
          "max" : 0,
          "mean" : 0.000000,
          "stddev" : 0.000000
        },
        "clat_ns" : {
          "min" : 0,
          "max" : 0,
          "mean" : 0.000000,
          "stddev" : 0.000000,
          "percentile" : {
            "1.000000" : 0,
            "5.000000" : 0,
            "10.000000" : 0,
            "20.000000" : 0,
            "30.000000" : 0,
            "40.000000" : 0,
            "50.000000" : 0,
            "60.000000" : 0,
            "70.000000" : 0,
            "80.000000" : 0,
            "90.000000" : 0,
            "95.000000" : 0,
            "99.000000" : 0,
            "99.500000" : 0,
            "99.900000" : 0,
            "99.950000" : 0,
            "99.990000" : 0
          },
          "bins" : {

          }
        },
        "lat_ns" : {
          "min" : 0,
          "max" : 0,
          "mean" : 0.000000,
          "stddev" : 0.000000
        },
        "bw_min" : 0,
        "bw_max" : 0,
        "bw_agg" : 0.000000,
        "bw_mean" : 0.000000,
        "bw_dev" : 0.000000,
        "bw_samples" : 0,
        "iops_min" : 0,
        "iops_max" : 0,
        "iops_mean" : 0.000000,
        "iops_stddev" : 0.000000,
        "iops_samples" : 0
      },
      "write" : {
        "io_bytes" : 14537588736,
        "io_kbytes" : 14196864,
        "bw_bytes" : 242224515,
        "bw" : 236547,
        "iops" : 1848.026393,
        "runtime" : 60017,
        "total_ios" : 110913,
        "short_ios" : 0,
        "drop_ios" : 0,
        "slat_ns" : {
          "min" : 20417,
          "max" : 5789875,
          "mean" : 46065.924094,
          "stddev" : 26791.551708
        },
        "clat_ns" : {
          "min" : 1635959,
          "max" : 35993125,
          "mean" : 17262439.283835,
          "stddev" : 2106866.883203,
          "percentile" : {
            "1.000000" : 14483456,
            "5.000000" : 15138816,
            "10.000000" : 15400960,
            "20.000000" : 15925248,
            "30.000000" : 16318464,
            "40.000000" : 16711680,
            "50.000000" : 16908288,
            "60.000000" : 17432576,
            "70.000000" : 17694720,
            "80.000000" : 18219008,
            "90.000000" : 19005440,
            "95.000000" : 19529728,
            "99.000000" : 29491200,
            "99.500000" : 30539776,
            "99.900000" : 32374784,
            "99.950000" : 32899072,
            "99.990000" : 33816576
          },
          "bins" : {
            "1630208" : 1,
            "3424256" : 1,
            "3620864" : 1,
            "3883008" : 1,
            "4079616" : 1,
            "4620288" : 1,
            "4882432" : 1,
            "5013504" : 1,
            "5275648" : 1,
            "6193152" : 1,
            "6258688" : 6,
            "6324224" : 4,
            "6651904" : 1,
            "6914048" : 1,
            "7110656" : 1,
            "7372800" : 1,
            "8847360" : 1,
            "9109504" : 1,
            "9371648" : 1,
            "10289152" : 1,
            "10420224" : 1,
            "10682368" : 1,
            "10944512" : 1,
            "11075584" : 1,
            "11337728" : 1,
            "11599872" : 2,
            "11862016" : 2,
            "11993088" : 1,
            "12124160" : 2,
            "12255232" : 6,
            "12386304" : 1,
            "12517376" : 3,
            "12648448" : 7,
            "12779520" : 5,
            "12910592" : 8,
            "13041664" : 15,
            "13172736" : 26,
            "13303808" : 35,
            "13434880" : 17,
            "13565952" : 33,
            "13697024" : 31,
            "13828096" : 51,
            "13959168" : 88,
            "14090240" : 124,
            "14221312" : 177,
            "14352384" : 196,
            "14483456" : 372,
            "14614528" : 554,
            "14745600" : 811,
            "14876672" : 1109,
            "15007744" : 1414,
            "15138816" : 1748,
            "15269888" : 2088,
            "15400960" : 2557,
            "15532032" : 3003,
            "15663104" : 3187,
            "15794176" : 3228,
            "15925248" : 3564,
            "16056320" : 3574,
            "16187392" : 3740,
            "16318464" : 3686,
            "16449536" : 3905,
            "16580608" : 4087,
            "16711680" : 4219,
            "16908288" : 8959,
            "17170432" : 8571,
            "17432576" : 8341,
            "17694720" : 6773,
            "17956864" : 6036,
            "18219008" : 4874,
            "18481152" : 4206,
            "18743296" : 3560,
            "19005440" : 2978,
            "19267584" : 2159,
            "19529728" : 1613,
            "19791872" : 1114,
            "20054016" : 713,
            "20316160" : 459,
            "20578304" : 361,
            "20840448" : 248,
            "21102592" : 165,
            "21364736" : 74,
            "21626880" : 55,
            "21889024" : 24,
            "22151168" : 12,
            "22413312" : 14,
            "22675456" : 13,
            "22937600" : 8,
            "23199744" : 3,
            "23461888" : 1,
            "23724032" : 2,
            "23986176" : 2,
            "24510464" : 2,
            "24772608" : 1,
            "25034752" : 1,
            "25296896" : 9,
            "25559040" : 11,
            "25821184" : 12,
            "26083328" : 1,
            "26345472" : 6,
            "26607616" : 5,
            "26869760" : 13,
            "27131904" : 11,
            "27394048" : 8,
            "27656192" : 20,
            "27918336" : 75,
            "28180480" : 76,
            "28442624" : 117,
            "28704768" : 112,
            "28966912" : 99,
            "29229056" : 132,
            "29491200" : 148,
            "29753344" : 159,
            "30015488" : 150,
            "30277632" : 107,
            "30539776" : 110,
            "30801920" : 77,
            "31064064" : 67,
            "31326208" : 45,
            "31588352" : 68,
            "31850496" : 63,
            "32112640" : 45,
            "32374784" : 24,
            "32636928" : 27,
            "32899072" : 23,
            "33161216" : 11,
            "33423360" : 14,
            "33816576" : 8,
            "34340864" : 4,
            "35389440" : 1,
            "35913728" : 4
          }
        },
        "lat_ns" : {
          "min" : 3605292,
          "max" : 36039209,
          "mean" : 17309263.963611,
          "stddev" : 2106121.095715
        },
        "bw_min" : 112384,
        "bw_max" : 123392,
        "bw_agg" : 49.993537,
        "bw_mean" : 118258.212500,
        "bw_dev" : 2368.791838,
        "bw_samples" : 240,
        "iops_min" : 878,
        "iops_max" : 964,
        "iops_mean" : 923.883333,
        "iops_stddev" : 18.505312,
        "iops_samples" : 240
      },
      "trim" : {
        "io_bytes" : 0,
        "io_kbytes" : 0,
        "bw_bytes" : 0,
        "bw" : 0,
        "iops" : 0.000000,