{
  "fio version" : "fio-3.8",
  "timestamp" : 1537041282,
  "timestamp_ms" : 1537041282785,
  "time" : "Sat Sep 15 19:54:42 2018",
  "jobs" : [
    {
      "jobname" : "wdpc",
      "groupid" : 0,
      "error" : 0,
      "eta" : 0,
      "elapsed" : 61,
      "job options" : {
        "ioengine" : "libaio",
        "group_reporting" : "1",
        "direct" : "1",
        "rw" : "randrw",
        "bs" : "16KB",
        "numjobs" : "2",
        "iodepth" : "16",
        "size" : "75%",
        "name" : "wdpc",
        "random_distribution" : "random",
        "random_generator" : "tausworthe",
        "allrandrepeat" : "1",
        "randseed" : "101",
        "rwmixread" : "0",
        "time_based" : "1",
        "runtime" : "60s",
        "filename" : "/dev/sda"
      },
      "read" : {
        "io_bytes" : 0,
        "io_kbytes" : 0,
        "bw_bytes" : 0,
        "bw" : 0,
        "iops" : 0.000000,
        "runtime" : 0,
        "total_ios" : 0,
        "short_ios" : 0,
        "drop_ios" : 0,
        "slat_ns" : {
          "min" : 0,
          "max" : 0,
          "mean" : 0.000000,
          "stddev" : 0.000000
        },
        "clat_ns" : {
          "min" : 0,
          "max" : 0,
          "mean" : 0.000000,
          "stddev" : 0.000000,
          "percentile" : {
            "1.000000" : 0,
            "5.000000" : 0,
            "10.000000" : 0,
            "20.000000" : 0,
            "30.000000" : 0,
            "40.000000" : 0,
            "50.000000" : 0,
            "60.000000" : 0,
            "70.000000" : 0,
            "80.000000" : 0,
            "90.000000" : 0,
            "95.000000" : 0,
            "99.000000" : 0,
            "99.500000" : 0,
            "99.900000" : 0,
            "99.950000" : 0,
            "99.990000" : 0
          },
          "bins" : {

          }
        },
        "lat_ns" : {
          "min" : 0,
          "max" : 0,
          "mean" : 0.000000,
          "stddev" : 0.000000
        },
        "bw_min" : 0,
        "bw_max" : 0,
        "bw_agg" : 0.000000,
        "bw_mean" : 0.000000,
        "bw_dev" : 0.000000,
        "bw_samples" : 0,
        "iops_min" : 0,
        "iops_max" : 0,
        "iops_mean" : 0.000000,
        "iops_stddev" : 0.000000,
        "iops_samples" : 0
      },
      "write" : {
        "io_bytes" : 12666732544,
        "io_kbytes" : 12369856,
        "bw_bytes" : 211098135,
        "bw" : 206150,
        "iops" : 12884.407706,
        "runtime" : 60004,
        "total_ios" : 773116,
        "short_ios" : 0,
        "drop_ios" : 0,
        "slat_ns" : {
          "min" : 6708,
          "max" : 2112833,
          "mean" : 13952.244805,
          "stddev" : 6891.038223
        },
        "clat_ns" : {
          "min" : 494084,
          "max" : 34044208,
          "mean" : 2464766.168751,
          "stddev" : 1111811.437568,
          "percentile" : {
            "1.000000" : 1466368,
            "5.000000" : 1548288,
            "10.000000" : 1564672,
            "20.000000" : 1581056,
            "30.000000" : 1597440,
            "40.000000" : 2244608,
            "50.000000" : 2506752,
            "60.000000" : 2703360,
            "70.000000" : 2834432,
            "80.000000" : 2932736,
            "90.000000" : 3293184,
            "95.000000" : 4014080,
            "99.000000" : 5275648,
            "99.500000" : 6520832,
            "99.900000" : 17170432,
            "99.950000" : 17956864,
            "99.990000" : 19529728
          },
          "bins" : {
            "493568" : 1,
            "497664" : 2,
            "501760" : 8,
            "505856" : 10,
            "509952" : 13,
            "514048" : 13,
            "518144" : 8,
            "522240" : 9,
            "528384" : 39,
            "536576" : 33,
            "544768" : 17,
            "552960" : 10,
            "561152" : 8,
            "569344" : 12,
            "577536" : 7,
            "585728" : 6,
            "593920" : 2,
            "602112" : 1,
            "610304" : 1,
            "634880" : 1,
            "724992" : 1,
            "749568" : 2,
            "765952" : 1,
            "774144" : 1,
            "790528" : 2,
            "806912" : 1,
            "839680" : 1,
            "880640" : 1,
            "905216" : 1,
            "913408" : 2,
            "921600" : 1,
            "946176" : 1,
            "954368" : 1,
            "962560" : 1,
            "970752" : 1,
            "978944" : 2,
            "987136" : 1,
            "995328" : 1,
            "1003520" : 1,
            "1011712" : 4,
            "1019904" : 9,
            "1028096" : 12,
            "1036288" : 24,
            "1044480" : 20,
            "1056768" : 107,
            "1073152" : 192,
            "1089536" : 245,
            "1105920" : 329,
            "1122304" : 432,
            "1138688" : 348,
            "1155072" : 370,
            "1171456" : 303,
            "1187840" : 249,
            "1204224" : 205,
            "1220608" : 221,
            "1236992" : 187,
            "1253376" : 203,
            "1269760" : 205,
            "1286144" : 200,
            "1302528" : 188,
            "1318912" : 213,
            "1335296" : 220,
            "1351680" : 264,
            "1368064" : 299,
            "1384448" : 360,
            "1400832" : 362,
            "1417216" : 482,
            "1433600" : 463,
            "1449984" : 492,
            "1466368" : 529,
            "1482752" : 577,
            "1499136" : 1071,
            "1515520" : 3069,
            "1531904" : 12947,
            "1548288" : 35605,
            "1564672" : 58378,
            "1581056" : 70685,
            "1597440" : 48190,
            "1613824" : 19660,
            "1630208" : 7512,
            "1646592" : 3905,
            "1662976" : 3103,
            "1679360" : 2477,
            "1695744" : 1949,
            "1712128" : 1746,
            "1728512" : 1781,
            "1744896" : 1402,
            "1761280" : 1174,
            "1777664" : 1014,
            "1794048" : 1012,
            "1810432" : 994,
            "1826816" : 811,
            "1843200" : 758,
            "1859584" : 674,
            "1875968" : 590,
            "1892352" : 529,
            "1908736" : 584,
            "1925120" : 531,
            "1941504" : 485,
            "1957888" : 517,
            "1974272" : 558,
            "1990656" : 603,
            "2007040" : 623,
            "2023424" : 595,
            "2039808" : 641,
            "2056192" : 610,
            "2072576" : 632,
            "2088960" : 720,
            "2113536" : 1817,
            "2146304" : 2358,
            "2179072" : 3133,
            "2211840" : 3749,
            "2244608" : 4854,
            "2277376" : 6050,
            "2310144" : 6907,
            "2342912" : 8656,
            "2375680" : 9521,
            "2408448" : 10492,
            "2441216" : 11482,
            "2473984" : 12642,
            "2506752" : 11993,
            "2539520" : 12532,
            "2572288" : 12619,
            "2605056" : 13644,
            "2637824" : 14396,
            "2670592" : 15981,
            "2703360" : 17126,
            "2736128" : 20258,
            "2768896" : 20611,
            "2801664" : 20861,
            "2834432" : 22008,
            "2867200" : 21172,
            "2899968" : 19343,
            "2932736" : 18242,
            "2965504" : 15644,
            "2998272" : 13330,
            "3031040" : 10384,
            "3063808" : 8952,
            "3096576" : 7457,
            "3129344" : 5350,
            "3162112" : 4467,
            "3194880" : 3727,
            "3227648" : 3188,
            "3260416" : 2422,
            "3293184" : 2165,
            "3325952" : 1926,
            "3358720" : 1766,
            "3391488" : 1374,
            "3424256" : 1121,
            "3457024" : 1112,
            "3489792" : 1387,
            "3522560" : 1311,
            "3555328" : 1422,
            "3588096" : 1602,
            "3620864" : 1666,