{
  "fio version" : "fio-3.8",
  "timestamp" : 1537066156,
  "timestamp_ms" : 1537066156854,
  "time" : "Sun Sep 16 02:49:16 2018",
  "jobs" : [
    {
      "jobname" : "wdpc",
      "groupid" : 0,
      "error" : 0,
      "eta" : 0,
      "elapsed" : 61,
      "job options" : {
        "ioengine" : "libaio",
        "group_reporting" : "1",
        "direct" : "1",
        "rw" : "readwrite",
        "bs" : "8KB",
        "numjobs" : "1",
        "iodepth" : "1",
        "size" : "75%",
        "name" : "wdpc",
        "random_distribution" : "random",
        "random_generator" : "tausworthe",
        "allrandrepeat" : "1",
        "randseed" : "101",
        "rwmixread" : "0",
        "time_based" : "1",
        "runtime" : "60s",
        "filename" : "/dev/sda"
      },
      "read" : {
        "io_bytes" : 0,
        "io_kbytes" : 0,
        "bw_bytes" : 0,
        "bw" : 0,
        "iops" : 0.000000,
        "runtime" : 0,
        "total_ios" : 0,
        "short_ios" : 0,
        "drop_ios" : 0,
        "slat_ns" : {
          "min" : 0,
          "max" : 0,
          "mean" : 0.000000,
          "stddev" : 0.000000
        },
        "clat_ns" : {
          "min" : 0,
          "max" : 0,
          "mean" : 0.000000,
          "stddev" : 0.000000,
          "percentile" : {
            "1.000000" : 0,
            "5.000000" : 0,
            "10.000000" : 0,
            "20.000000" : 0,
            "30.000000" : 0,
            "40.000000" : 0,
            "50.000000" : 0,
            "60.000000" : 0,
            "70.000000" : 0,
            "80.000000" : 0,
            "90.000000" : 0,
            "95.000000" : 0,
            "99.000000" : 0,
            "99.500000" : 0,
            "99.900000" : 0,
            "99.950000" : 0,
            "99.990000" : 0
          },
          "bins" : {

          }
        },
        "lat_ns" : {
          "min" : 0,
          "max" : 0,
          "mean" : 0.000000,
          "stddev" : 0.000000
        },
        "bw_min" : 0,
        "bw_max" : 0,
        "bw_agg" : 0.000000,
        "bw_mean" : 0.000000,
        "bw_dev" : 0.000000,
        "bw_samples" : 0,
        "iops_min" : 0,
        "iops_max" : 0,
        "iops_mean" : 0.000000,
        "iops_stddev" : 0.000000,
        "iops_samples" : 0
      },
      "write" : {
        "io_bytes" : 4132249600,
        "io_kbytes" : 4035400,
        "bw_bytes" : 68869678,
        "bw" : 67255,
        "iops" : 8406.943218,
        "runtime" : 60001,
        "total_ios" : 504425,
        "short_ios" : 0,
        "drop_ios" : 0,
        "slat_ns" : {
          "min" : 20416,
          "max" : 5008792,
          "mean" : 22473.569264,
          "stddev" : 16630.411801
        },
        "clat_ns" : {
          "min" : 1750,
          "max" : 13367667,
          "mean" : 92876.024638,
          "stddev" : 77635.475210,
          "percentile" : {
            "1.000000" : 88576,
            "5.000000" : 89600,
            "10.000000" : 89600,
            "20.000000" : 90624,
            "30.000000" : 90624,
            "40.000000" : 90624,
            "50.000000" : 90624,
            "60.000000" : 91648,
            "70.000000" : 92672,
            "80.000000" : 94720,
            "90.000000" : 95744,
            "95.000000" : 96768,
            "99.000000" : 100864,
            "99.500000" : 107008,
            "99.900000" : 185344,
            "99.950000" : 244736,
            "99.990000" : 2637824
          },
          "bins" : {
            "1752" : 1,
            "2040" : 5,
            "2320" : 17,
            "2640" : 28,
            "2928" : 23,
            "3216" : 17,
            "3504" : 7,
            "3792" : 11,
            "4080" : 5,
            "4384" : 4,
            "4640" : 6,
            "4960" : 2,
            "5280" : 1,
            "5536" : 1,
            "5856" : 1,
            "6112" : 1,
            "7264" : 2,
            "8512" : 3,
            "8768" : 2,
            "9024" : 3,
            "9280" : 1,
            "14912" : 1,
            "25472" : 1,
            "29824" : 1,
            "32384" : 1,
            "34560" : 1,
            "37120" : 1,
            "38144" : 1,
            "40192" : 1,
            "40704" : 3,
            "41216" : 2,
            "42240" : 2,
            "42752" : 1,
            "43264" : 3,
            "43776" : 1,
            "44288" : 2,
            "44800" : 2,
            "45312" : 4,
            "45824" : 1,
            "46336" : 2,
            "46848" : 2,
            "47360" : 4,
            "47872" : 1,
            "48384" : 3,
            "48896" : 3,
            "49408" : 4,
            "49920" : 7,
            "50432" : 5,
            "50944" : 2,
            "51456" : 2,
            "51968" : 2,
            "52480" : 4,
            "52992" : 3,
            "53504" : 1,
            "54016" : 4,
            "54528" : 1,
            "55040" : 3,
            "55552" : 2,
            "56064" : 4,
            "56576" : 2,
            "57088" : 6,
            "57600" : 2,
            "58112" : 5,
            "58624" : 4,
            "59136" : 6,
            "59648" : 12,
            "60160" : 16,
            "60672" : 9,
            "61184" : 12,
            "61696" : 16,
            "62208" : 17,
            "62720" : 8,
            "63232" : 22,
            "63744" : 22,
            "64256" : 23,
            "64768" : 11,
            "65280" : 24,
            "66048" : 60,
            "67072" : 74,
            "68096" : 126,
            "69120" : 91,
            "70144" : 105,
            "71168" : 46,
            "72192" : 89,
            "73216" : 53,
            "74240" : 72,
            "75264" : 38,
            "76288" : 49,
            "77312" : 49,
            "78336" : 133,
            "79360" : 142,
            "80384" : 355,
            "81408" : 690,
            "82432" : 1035,
            "83456" : 189,
            "84480" : 186,
            "85504" : 178,
            "86528" : 346,
            "87552" : 223,
            "88576" : 1753,
            "89600" : 90535,
            "90624" : 179647,
            "91648" : 40554,
            "92672" : 35969,
            "93696" : 25254,
            "94720" : 45832,
            "95744" : 44113,
            "96768" : 12601,
            "97792" : 10258,
            "98816" : 4956,
            "99840" : 2615,
            "100864" : 963,
            "101888" : 802,
            "102912" : 395,
            "103936" : 365,
            "104960" : 226,
            "105984" : 262,
            "107008" : 153,
            "108032" : 161,
            "109056" : 113,
            "110080" : 143,
            "111104" : 81,
            "112128" : 104,
            "113152" : 70,
            "114176" : 73,
            "115200" : 66,
            "116224" : 65,
            "117248" : 43,
            "118272" : 58,
            "119296" : 24,
            "120320" : 34,
            "121344" : 26,
            "122368" : 35,
            "123392" : 25,
            "124416" : 36,
            "125440" : 29,
            "126464" : 44,
            "127488" : 18,
            "128512" : 30,
            "129536" : 26,
            "130560" : 30,
            "132096" : 72,
            "134144" : 48,
            "136192" : 42,
            "138240" : 36,
            "140288" : 47,
            "142336" : 52,
            "144384" : 35,
            "146432" : 15,
            "148480" : 11,
            "150528" : 8,
            "152576" : 14,
            "154624" : 12,
            "156672" : 16,
            "158720" : 13,
            "160768" : 13,
            "162816" : 7,
            "164864" : 9,
            "166912" : 16,
            "168960" : 11,
            "171008" : 8,
            "173056" : 7,
            "175104" : 9,
            "177152" : 15,
            "179200" : 11,
            "181248" : 10,
            "183296" : 12,
            "185344" : 15,
            "187392" : 5,
            "189440" : 9,
            "191488" : 6,
            "193536" : 7,