{
  "fio version" : "fio-3.8",
  "timestamp" : 1537067335,
  "timestamp_ms" : 1537067335785,
  "time" : "Sun Sep 16 03:08:55 2018",
  "jobs" : [
    {
      "jobname" : "wdpc",
      "groupid" : 0,
      "error" : 0,
      "eta" : 0,
      "elapsed" : 61,
      "job options" : {
        "ioengine" : "libaio",
        "group_reporting" : "1",
        "direct" : "1",
        "rw" : "readwrite",
        "bs" : "4KB",
        "numjobs" : "1",
        "iodepth" : "1",
        "size" : "75%",
        "name" : "wdpc",
        "random_distribution" : "random",
        "random_generator" : "tausworthe",
        "allrandrepeat" : "1",
        "randseed" : "101",
        "rwmixread" : "0",
        "time_based" : "1",
        "runtime" : "60s",
        "filename" : "/dev/sda"
      },
      "read" : {
        "io_bytes" : 0,
        "io_kbytes" : 0,
        "bw_bytes" : 0,
        "bw" : 0,
        "iops" : 0.000000,
        "runtime" : 0,
        "total_ios" : 0,
        "short_ios" : 0,
        "drop_ios" : 0,
        "slat_ns" : {
          "min" : 0,
          "max" : 0,
          "mean" : 0.000000,
          "stddev" : 0.000000
        },
        "clat_ns" : {
          "min" : 0,
          "max" : 0,
          "mean" : 0.000000,
          "stddev" : 0.000000,
          "percentile" : {
            "1.000000" : 0,
            "5.000000" : 0,
            "10.000000" : 0,
            "20.000000" : 0,
            "30.000000" : 0,
            "40.000000" : 0,
            "50.000000" : 0,
            "60.000000" : 0,
            "70.000000" : 0,
            "80.000000" : 0,
            "90.000000" : 0,
            "95.000000" : 0,
            "99.000000" : 0,
            "99.500000" : 0,
            "99.900000" : 0,
            "99.950000" : 0,
            "99.990000" : 0
          },
          "bins" : {

          }
        },
        "lat_ns" : {
          "min" : 0,
          "max" : 0,
          "mean" : 0.000000,
          "stddev" : 0.000000
        },
        "bw_min" : 0,
        "bw_max" : 0,
        "bw_agg" : 0.000000,
        "bw_mean" : 0.000000,
        "bw_dev" : 0.000000,
        "bw_samples" : 0,
        "iops_min" : 0,
        "iops_max" : 0,
        "iops_mean" : 0.000000,
        "iops_stddev" : 0.000000,
        "iops_samples" : 0
      },
      "write" : {
        "io_bytes" : 2122735616,
        "io_kbytes" : 2072984,
        "bw_bytes" : 35378337,
        "bw" : 34549,
        "iops" : 8637.289379,
        "runtime" : 60001,
        "total_ios" : 518246,
        "short_ios" : 0,
        "drop_ios" : 0,
        "slat_ns" : {
          "min" : 18666,
          "max" : 8422750,
          "mean" : 21308.091431,
          "stddev" : 24775.310486
        },
        "clat_ns" : {
          "min" : 1458,
          "max" : 20309625,
          "mean" : 90798.444316,
          "stddev" : 67587.724876,
          "percentile" : {
            "1.000000" : 80384,
            "5.000000" : 88576,
            "10.000000" : 88576,
            "20.000000" : 88576,
            "30.000000" : 88576,
            "40.000000" : 88576,
            "50.000000" : 89600,
            "60.000000" : 89600,
            "70.000000" : 89600,
            "80.000000" : 90624,
            "90.000000" : 91648,
            "95.000000" : 92672,
            "99.000000" : 103936,
            "99.500000" : 132096,
            "99.900000" : 248832,
            "99.950000" : 333824,
            "99.990000" : 2539520
          },
          "bins" : {
            "1464" : 1,
            "1752" : 11,
            "2040" : 20,
            "2320" : 28,
            "2640" : 20,
            "2928" : 25,
            "3216" : 28,
            "3504" : 45,
            "3792" : 55,
            "4080" : 57,
            "4384" : 48,
            "4640" : 33,
            "4960" : 22,
            "5280" : 24,
            "5536" : 9,
            "5856" : 5,
            "6112" : 5,
            "6432" : 5,
            "6688" : 3,
            "7008" : 3,
            "7264" : 5,
            "7584" : 5,
            "7904" : 4,
            "8160" : 2,
            "8512" : 3,
            "8768" : 3,
            "9024" : 2,
            "9280" : 3,
            "9664" : 3,
            "10176" : 1,
            "10560" : 3,
            "10816" : 1,
            "11328" : 2,
            "13120" : 1,
            "13760" : 1,
            "15168" : 1,
            "15808" : 1,
            "16320" : 1,
            "16512" : 1,
            "17280" : 1,
            "17536" : 1,
            "20096" : 1,
            "20352" : 1,
            "21120" : 1,
            "21888" : 1,
            "22400" : 1,
            "23168" : 2,
            "23424" : 1,
            "23680" : 1,
            "23936" : 1,
            "24192" : 1,
            "24704" : 1,
            "25472" : 1,
            "26496" : 1,
            "26752" : 4,
            "27520" : 2,
            "27776" : 1,
            "28032" : 1,
            "28288" : 2,
            "28544" : 1,
            "29056" : 2,
            "29568" : 2,
            "29824" : 4,
            "30080" : 2,
            "30336" : 2,
            "30592" : 3,
            "30848" : 1,
            "31104" : 5,
            "31616" : 2,
            "31872" : 3,
            "32128" : 4,
            "32384" : 6,
            "32640" : 5,
            "33024" : 9,
            "33536" : 2,
            "34048" : 11,
            "34560" : 12,
            "35072" : 6,
            "35584" : 7,
            "36096" : 13,
            "36608" : 6,
            "37120" : 13,
            "37632" : 2,
            "38144" : 12,
            "38656" : 8,
            "39168" : 7,
            "39680" : 3,
            "40192" : 4,
            "40704" : 6,
            "41216" : 5,
            "41728" : 1,
            "42240" : 5,
            "42752" : 5,
            "43264" : 5,
            "43776" : 1,
            "44288" : 11,
            "44800" : 2,
            "45312" : 4,
            "45824" : 6,
            "46336" : 9,
            "46848" : 10,
            "47360" : 5,
            "47872" : 11,
            "48384" : 7,
            "48896" : 15,
            "49408" : 12,
            "49920" : 12,
            "50432" : 16,
            "50944" : 12,
            "51456" : 14,
            "51968" : 24,
            "52480" : 7,
            "52992" : 24,
            "53504" : 24,
            "54016" : 23,
            "54528" : 9,
            "55040" : 17,
            "55552" : 16,
            "56064" : 20,
            "56576" : 9,
            "57088" : 17,
            "57600" : 15,
            "58112" : 14,
            "58624" : 7,
            "59136" : 19,
            "59648" : 20,
            "60160" : 26,
            "60672" : 5,
            "61184" : 25,
            "61696" : 23,
            "62208" : 29,
            "62720" : 8,
            "63232" : 36,
            "63744" : 35,
            "64256" : 45,
            "64768" : 24,
            "65280" : 72,
            "66048" : 178,
            "67072" : 150,
            "68096" : 160,
            "69120" : 85,
            "70144" : 117,
            "71168" : 75,
            "72192" : 86,
            "73216" : 56,
            "74240" : 74,
            "75264" : 73,
            "76288" : 178,
            "77312" : 234,
            "78336" : 668,
            "79360" : 1131,
            "80384" : 2308,
            "81408" : 687,
            "82432" : 334,
            "83456" : 280,
            "84480" : 510,
            "85504" : 217,
            "86528" : 260,
            "87552" : 4215,
            "88576" : 225377,
            "89600" : 131153,
            "90624" : 65400,
            "91648" : 34924,
            "92672" : 23767,
            "93696" : 6681,
            "94720" : 4699,
            "95744" : 2769,
            "96768" : 1254,
            "97792" : 1081,
            "98816" : 564,
            "99840" : 620,
            "100864" : 375,
            "101888" : 373,
            "102912" : 257,
            "103936" : 298,
            "104960" : 180,