{
  "fio version" : "fio-3.8",
  "timestamp" : 1537067203,
  "timestamp_ms" : 1537067203881,
  "time" : "Sun Sep 16 03:06:43 2018",
  "jobs" : [
    {
      "jobname" : "wdpc",
      "groupid" : 0,
      "error" : 0,
      "eta" : 0,
      "elapsed" : 61,
      "job options" : {
        "ioengine" : "libaio",
        "group_reporting" : "1",
        "direct" : "1",
        "rw" : "readwrite",
        "bs" : "4KB",
        "numjobs" : "1",
        "iodepth" : "1",
        "size" : "75%",
        "name" : "wdpc",
        "random_distribution" : "random",
        "random_generator" : "tausworthe",
        "allrandrepeat" : "1",
        "randseed" : "101",
        "rwmixread" : "0",
        "time_based" : "1",
        "runtime" : "60s",
        "filename" : "/dev/sda"
      },
      "read" : {
        "io_bytes" : 0,
        "io_kbytes" : 0,
        "bw_bytes" : 0,
        "bw" : 0,
        "iops" : 0.000000,
        "runtime" : 0,
        "total_ios" : 0,
        "short_ios" : 0,
        "drop_ios" : 0,
        "slat_ns" : {
          "min" : 0,
          "max" : 0,
          "mean" : 0.000000,
          "stddev" : 0.000000
        },
        "clat_ns" : {
          "min" : 0,
          "max" : 0,
          "mean" : 0.000000,
          "stddev" : 0.000000,
          "percentile" : {
            "1.000000" : 0,
            "5.000000" : 0,
            "10.000000" : 0,
            "20.000000" : 0,
            "30.000000" : 0,
            "40.000000" : 0,
            "50.000000" : 0,
            "60.000000" : 0,
            "70.000000" : 0,
            "80.000000" : 0,
            "90.000000" : 0,
            "95.000000" : 0,
            "99.000000" : 0,
            "99.500000" : 0,
            "99.900000" : 0,
            "99.950000" : 0,
            "99.990000" : 0
          },
          "bins" : {

          }
        },
        "lat_ns" : {
          "min" : 0,
          "max" : 0,
          "mean" : 0.000000,
          "stddev" : 0.000000
        },
        "bw_min" : 0,
        "bw_max" : 0,
        "bw_agg" : 0.000000,
        "bw_mean" : 0.000000,
        "bw_dev" : 0.000000,
        "bw_samples" : 0,
        "iops_min" : 0,
        "iops_max" : 0,
        "iops_mean" : 0.000000,
        "iops_stddev" : 0.000000,
        "iops_samples" : 0
      },
      "write" : {
        "io_bytes" : 2148077568,
        "io_kbytes" : 2097732,
        "bw_bytes" : 35800696,
        "bw" : 34961,
        "iops" : 8740.404327,
        "runtime" : 60001,
        "total_ios" : 524433,
        "short_ios" : 0,
        "drop_ios" : 0,
        "slat_ns" : {
          "min" : 18958,
          "max" : 4835541,
          "mean" : 20849.633210,
          "stddev" : 8145.507603
        },
        "clat_ns" : {
          "min" : 1750,
          "max" : 16577459,
          "mean" : 89957.083633,
          "stddev" : 56004.778132,
          "percentile" : {
            "1.000000" : 80384,
            "5.000000" : 88576,
            "10.000000" : 88576,
            "20.000000" : 88576,
            "30.000000" : 88576,
            "40.000000" : 88576,
            "50.000000" : 88576,
            "60.000000" : 89600,
            "70.000000" : 89600,
            "80.000000" : 90624,
            "90.000000" : 91648,
            "95.000000" : 92672,
            "99.000000" : 96768,
            "99.500000" : 101888,
            "99.900000" : 162816,
            "99.950000" : 209920,
            "99.990000" : 313344
          },
          "bins" : {
            "1752" : 4,
            "2040" : 13,
            "2320" : 15,
            "2640" : 11,
            "2928" : 6,
            "3216" : 1,
            "3504" : 5,
            "3792" : 8,
            "4080" : 11,
            "4384" : 10,
            "4640" : 14,
            "4960" : 10,
            "5280" : 7,
            "5536" : 4,
            "5856" : 1,
            "6112" : 2,
            "6432" : 2,
            "8160" : 1,
            "9024" : 1,
            "9920" : 1,
            "11712" : 1,
            "13376" : 1,
            "13760" : 2,
            "15424" : 1,
            "16064" : 2,
            "17280" : 1,
            "20352" : 1,
            "21888" : 1,
            "23168" : 2,
            "23936" : 2,
            "24448" : 1,
            "24704" : 1,
            "24960" : 1,
            "25472" : 1,
            "26240" : 4,
            "26496" : 3,
            "27776" : 1,
            "28288" : 1,
            "28544" : 3,
            "28800" : 1,
            "29568" : 2,
            "29824" : 1,
            "30080" : 1,
            "30336" : 5,
            "30848" : 2,
            "31104" : 5,
            "31616" : 5,
            "31872" : 2,
            "32128" : 4,
            "32384" : 3,
            "32640" : 3,
            "33024" : 9,
            "33536" : 1,
            "34048" : 6,
            "34560" : 11,
            "35072" : 10,
            "35584" : 2,
            "36096" : 8,
            "36608" : 4,
            "37632" : 2,
            "38144" : 3,
            "38656" : 3,
            "39168" : 5,
            "39680" : 1,
            "40192" : 2,
            "40704" : 2,
            "41216" : 1,
            "41728" : 1,
            "42240" : 4,
            "42752" : 2,
            "43264" : 3,
            "43776" : 2,
            "44288" : 1,
            "44800" : 2,
            "45312" : 3,
            "46848" : 7,
            "47360" : 2,
            "47872" : 6,
            "48384" : 1,
            "48896" : 8,
            "49408" : 5,
            "49920" : 6,
            "50432" : 5,
            "50944" : 17,
            "51456" : 12,
            "51968" : 11,
            "52480" : 4,
            "52992" : 11,
            "53504" : 8,
            "54016" : 12,
            "54528" : 7,
            "55040" : 10,
            "55552" : 11,
            "56064" : 9,
            "56576" : 3,
            "57088" : 10,
            "57600" : 15,
            "58112" : 15,
            "58624" : 7,
            "59136" : 22,
            "59648" : 23,
            "60160" : 24,
            "60672" : 13,
            "61184" : 23,
            "61696" : 36,
            "62208" : 27,
            "62720" : 25,
            "63232" : 44,
            "63744" : 49,
            "64256" : 56,
            "64768" : 36,
            "65280" : 81,
            "66048" : 238,
            "67072" : 160,
            "68096" : 180,
            "69120" : 85,
            "70144" : 110,
            "71168" : 61,
            "72192" : 67,
            "73216" : 31,
            "74240" : 41,
            "75264" : 63,
            "76288" : 160,
            "77312" : 239,
            "78336" : 870,
            "79360" : 1655,
            "80384" : 1955,
            "81408" : 431,
            "82432" : 321,
            "83456" : 279,
            "84480" : 756,
            "85504" : 302,
            "86528" : 390,
            "87552" : 4648,
            "88576" : 248554,
            "89600" : 118545,
            "90624" : 64076,
            "91648" : 33928,
            "92672" : 24521,
            "93696" : 6972,
            "94720" : 4962,
            "95744" : 2700,
            "96768" : 1355,
            "97792" : 869,
            "98816" : 461,
            "99840" : 459,
            "100864" : 282,
            "101888" : 279,
            "102912" : 127,
            "103936" : 147,
            "104960" : 110,
            "105984" : 114,
            "107008" : 75,
            "108032" : 106,
            "109056" : 88,
            "110080" : 123,
            "111104" : 70,
            "112128" : 115,
            "113152" : 78,
            "114176" : 80,
            "115200" : 53,
            "116224" : 59,
            "117248" : 29,
            "118272" : 33,
            "119296" : 31,
            "120320" : 29,
            "121344" : 22,
            "122368" : 16,
            "123392" : 12,
            "124416" : 20,
            "125440" : 10,
            "126464" : 20,
            "127488" : 16,
            "128512" : 13,