{
  "fio version" : "fio-3.8",
  "timestamp" : 1535592105,
  "timestamp_ms" : 1535592105102,
  "time" : "Thu Aug 30 01:21:45 2018",
  "jobs" : [
    {
      "jobname" : "wdpc",
      "groupid" : 0,
      "error" : 0,
      "eta" : 0,
      "elapsed" : 61,
      "job options" : {
        "ioengine" : "libaio",
        "group_reporting" : "1",
        "direct" : "1",
        "rw" : "randrw",
        "bs" : "16KB",
        "numjobs" : "2",
        "iodepth" : "16",
        "size" : "75%",
        "name" : "wdpc",
        "random_distribution" : "random",
        "random_generator" : "tausworthe",
        "allrandrepeat" : "1",
        "randseed" : "101",
        "rwmixread" : "0",
        "time_based" : "1",
        "runtime" : "60s",
        "filename" : "/dev/sda"
      },
      "read" : {
        "io_bytes" : 0,
        "io_kbytes" : 0,
        "bw_bytes" : 0,
        "bw" : 0,
        "iops" : 0.000000,
        "runtime" : 0,
        "total_ios" : 0,
        "short_ios" : 0,
        "drop_ios" : 0,
        "slat_ns" : {
          "min" : 0,
          "max" : 0,
          "mean" : 0.000000,
          "stddev" : 0.000000
        },
        "clat_ns" : {
          "min" : 0,
          "max" : 0,
          "mean" : 0.000000,
          "stddev" : 0.000000,
          "percentile" : {
            "1.000000" : 0,
            "5.000000" : 0,
            "10.000000" : 0,
            "20.000000" : 0,
            "30.000000" : 0,
            "40.000000" : 0,
            "50.000000" : 0,
            "60.000000" : 0,
            "70.000000" : 0,
            "80.000000" : 0,
            "90.000000" : 0,
            "95.000000" : 0,
            "99.000000" : 0,
            "99.500000" : 0,
            "99.900000" : 0,
            "99.950000" : 0,
            "99.990000" : 0
          },
          "bins" : {

          }
        },
        "lat_ns" : {
          "min" : 0,
          "max" : 0,
          "mean" : 0.000000,
          "stddev" : 0.000000
        },
        "bw_min" : 0,
        "bw_max" : 0,
        "bw_agg" : 0.000000,
        "bw_mean" : 0.000000,
        "bw_dev" : 0.000000,
        "bw_samples" : 0,
        "iops_min" : 0,
        "iops_max" : 0,
        "iops_mean" : 0.000000,
        "iops_stddev" : 0.000000,
        "iops_samples" : 0
      },
      "write" : {
        "io_bytes" : 11029413888,
        "io_kbytes" : 10770912,
        "bw_bytes" : 183805184,
        "bw" : 179497,
        "iops" : 11218.578142,
        "runtime" : 60006,
        "total_ios" : 673182,
        "short_ios" : 0,
        "drop_ios" : 0,
        "slat_ns" : {
          "min" : 11666,
          "max" : 10437875,
          "mean" : 47301.768327,
          "stddev" : 83730.327296
        },
        "clat_ns" : {
          "min" : 24791,
          "max" : 50161125,
          "mean" : 2795201.339302,
          "stddev" : 1912836.795917,
          "percentile" : {
            "1.000000" : 880640,
            "5.000000" : 1073152,
            "10.000000" : 1499136,
            "20.000000" : 1941504,
            "30.000000" : 2088960,
            "40.000000" : 2211840,
            "50.000000" : 2310144,
            "60.000000" : 2473984,
            "70.000000" : 2736128,
            "80.000000" : 3096576,
            "90.000000" : 4554752,
            "95.000000" : 6127616,
            "99.000000" : 9764864,
            "99.500000" : 12255232,
            "99.900000" : 19791872,
            "99.950000" : 22937600,
            "99.990000" : 45875200
          },
          "bins" : {
            "24704" : 1,
            "675840" : 4,
            "684032" : 14,
            "692224" : 24,
            "700416" : 47,
            "708608" : 66,
            "716800" : 95,
            "724992" : 140,
            "733184" : 126,
            "741376" : 115,
            "749568" : 129,
            "757760" : 139,
            "765952" : 148,
            "774144" : 119,
            "782336" : 156,
            "790528" : 157,
            "798720" : 259,
            "806912" : 282,
            "815104" : 311,
            "823296" : 365,
            "831488" : 413,
            "839680" : 479,
            "847872" : 623,
            "856064" : 681,
            "864256" : 786,
            "872448" : 905,
            "880640" : 1027,
            "888832" : 1196,
            "897024" : 1291,
            "905216" : 1449,
            "913408" : 1395,
            "921600" : 1362,
            "929792" : 1433,
            "937984" : 1410,
            "946176" : 1390,
            "954368" : 1412,
            "962560" : 1190,
            "970752" : 1173,
            "978944" : 1176,
            "987136" : 1112,
            "995328" : 1101,
            "1003520" : 1034,
            "1011712" : 976,
            "1019904" : 999,
            "1028096" : 891,
            "1036288" : 873,
            "1044480" : 744,
            "1056768" : 1399,
            "1073152" : 1220,
            "1089536" : 1124,
            "1105920" : 952,
            "1122304" : 910,
            "1138688" : 940,
            "1155072" : 976,
            "1171456" : 1122,
            "1187840" : 974,
            "1204224" : 968,
            "1220608" : 1041,
            "1236992" : 1049,
            "1253376" : 1050,
            "1269760" : 1117,
            "1286144" : 1225,
            "1302528" : 1254,
            "1318912" : 1440,
            "1335296" : 1615,
            "1351680" : 1730,
            "1368064" : 1685,
            "1384448" : 1789,
            "1400832" : 1722,
            "1417216" : 1665,
            "1433600" : 1679,
            "1449984" : 1600,
            "1466368" : 1484,
            "1482752" : 1500,
            "1499136" : 1478,
            "1515520" : 1638,
            "1531904" : 1687,
            "1548288" : 1777,
            "1564672" : 1623,
            "1581056" : 1508,
            "1597440" : 1401,
            "1613824" : 1288,
            "1630208" : 1213,
            "1646592" : 1236,
            "1662976" : 1260,
            "1679360" : 1338,
            "1695744" : 1404,
            "1712128" : 1437,
            "1728512" : 1589,
            "1744896" : 1816,
            "1761280" : 2118,
            "1777664" : 2251,
            "1794048" : 2572,
            "1810432" : 2711,
            "1826816" : 3229,
            "1843200" : 3403,
            "1859584" : 3748,
            "1875968" : 4136,
            "1892352" : 4746,
            "1908736" : 5183,
            "1925120" : 5444,
            "1941504" : 5840,
            "1957888" : 6385,
            "1974272" : 6829,
            "1990656" : 7112,
            "2007040" : 7503,
            "2023424" : 8130,
            "2039808" : 8378,
            "2056192" : 8651,
            "2072576" : 9337,
            "2088960" : 9262,
            "2113536" : 19512,
            "2146304" : 19471,
            "2179072" : 19429,
            "2211840" : 18895,
            "2244608" : 18624,
            "2277376" : 17754,
            "2310144" : 16819,
            "2342912" : 17138,
            "2375680" : 15790,
            "2408448" : 14573,
            "2441216" : 13276,
            "2473984" : 11515,
            "2506752" : 10303,
            "2539520" : 9369,
            "2572288" : 8436,
            "2605056" : 8201,
            "2637824" : 8094,
            "2670592" : 7840,
            "2703360" : 7836,
            "2736128" : 7564,
            "2768896" : 7157,
            "2801664" : 6922,
            "2834432" : 6717,
            "2867200" : 6410,
            "2899968" : 6213,
            "2932736" : 5940,
            "2965504" : 5408,
            "2998272" : 5259,
            "3031040" : 4690,
            "3063808" : 4379,
            "3096576" : 3881,
            "3129344" : 3448,
            "3162112" : 3096,
            "3194880" : 2694,
            "3227648" : 2463,
            "3260416" : 2360,
            "3293184" : 2094,
            "3325952" : 1897,
            "3358720" : 1800,
            "3391488" : 1728,