{
  "fio version" : "fio-3.8",
  "timestamp" : 1535580803,
  "timestamp_ms" : 1535580803439,
  "time" : "Wed Aug 29 22:13:23 2018",
  "jobs" : [
    {
      "jobname" : "wdpc",
      "groupid" : 0,
      "error" : 0,
      "eta" : 0,
      "elapsed" : 61,
      "job options" : {
        "ioengine" : "libaio",
        "group_reporting" : "1",
        "direct" : "1",
        "rw" : "randrw",
        "bs" : "128KB",
        "numjobs" : "2",
        "iodepth" : "16",
        "size" : "75%",
        "name" : "wdpc",
        "random_distribution" : "random",
        "random_generator" : "tausworthe",
        "allrandrepeat" : "1",
        "randseed" : "101",
        "rwmixread" : "0",
        "time_based" : "1",
        "runtime" : "60s",
        "filename" : "/dev/sda"
      },
      "read" : {
        "io_bytes" : 0,
        "io_kbytes" : 0,
        "bw_bytes" : 0,
        "bw" : 0,
        "iops" : 0.000000,
        "runtime" : 0,
        "total_ios" : 0,
        "short_ios" : 0,
        "drop_ios" : 0,
        "slat_ns" : {
          "min" : 0,
          "max" : 0,
          "mean" : 0.000000,
          "stddev" : 0.000000
        },
        "clat_ns" : {
          "min" : 0,
          "max" : 0,
          "mean" : 0.000000,
          "stddev" : 0.000000,
          "percentile" : {
            "1.000000" : 0,
            "5.000000" : 0,
            "10.000000" : 0,
            "20.000000" : 0,
            "30.000000" : 0,
            "40.000000" : 0,
            "50.000000" : 0,
            "60.000000" : 0,
            "70.000000" : 0,
            "80.000000" : 0,
            "90.000000" : 0,
            "95.000000" : 0,
            "99.000000" : 0,
            "99.500000" : 0,
            "99.900000" : 0,
            "99.950000" : 0,
            "99.990000" : 0
          },
          "bins" : {

          }
        },
        "lat_ns" : {
          "min" : 0,
          "max" : 0,
          "mean" : 0.000000,
          "stddev" : 0.000000
        },
        "bw_min" : 0,
        "bw_max" : 0,
        "bw_agg" : 0.000000,
        "bw_mean" : 0.000000,
        "bw_dev" : 0.000000,
        "bw_samples" : 0,
        "iops_min" : 0,
        "iops_max" : 0,
        "iops_mean" : 0.000000,
        "iops_stddev" : 0.000000,
        "iops_samples" : 0
      },
      "write" : {
        "io_bytes" : 14734852096,
        "io_kbytes" : 14389504,
        "bw_bytes" : 245507216,
        "bw" : 239753,
        "iops" : 1873.071412,
        "runtime" : 60018,
        "total_ios" : 112418,
        "short_ios" : 0,
        "drop_ios" : 0,
        "slat_ns" : {
          "min" : 42583,
          "max" : 4374417,
          "mean" : 183491.373775,
          "stddev" : 183932.317807
        },
        "clat_ns" : {
          "min" : 4149250,
          "max" : 37021250,
          "mean" : 16863955.373837,
          "stddev" : 2153121.488797,
          "percentile" : {
            "1.000000" : 14090240,
            "5.000000" : 14614528,
            "10.000000" : 15007744,
            "20.000000" : 15532032,
            "30.000000" : 15925248,
            "40.000000" : 16318464,
            "50.000000" : 16580608,
            "60.000000" : 16908288,
            "70.000000" : 17432576,
            "80.000000" : 17694720,
            "90.000000" : 18481152,
            "95.000000" : 19005440,
            "99.000000" : 29491200,
            "99.500000" : 30801920,
            "99.900000" : 32636928,
            "99.950000" : 33161216,
            "99.990000" : 34340864
          },
          "bins" : {
            "4145152" : 2,
            "4177920" : 1,
            "4358144" : 1,
            "4489216" : 1,
            "4554752" : 1,
            "4620288" : 1,
            "5537792" : 1,
            "5996544" : 1,
            "6127616" : 1,
            "7372800" : 1,
            "7766016" : 1,
            "8159232" : 1,
            "8224768" : 1,
            "8585216" : 1,
            "8978432" : 2,
            "9371648" : 1,
            "9502720" : 1,
            "9633792" : 1,
            "10551296" : 1,
            "10944512" : 1,
            "11337728" : 2,
            "11599872" : 1,
            "11730944" : 4,
            "11993088" : 2,
            "12124160" : 3,
            "12255232" : 6,
            "12386304" : 8,
            "12517376" : 7,
            "12648448" : 7,
            "12779520" : 16,
            "12910592" : 10,
            "13041664" : 29,
            "13172736" : 31,
            "13303808" : 58,
            "13434880" : 75,
            "13565952" : 93,
            "13697024" : 153,
            "13828096" : 220,
            "13959168" : 343,
            "14090240" : 459,
            "14221312" : 687,
            "14352384" : 827,
            "14483456" : 1175,
            "14614528" : 1487,
            "14745600" : 1738,
            "14876672" : 2055,
            "15007744" : 2602,
            "15138816" : 2861,
            "15269888" : 2915,
            "15400960" : 3240,
            "15532032" : 3436,
            "15663104" : 3685,
            "15794176" : 3718,
            "15925248" : 3926,
            "16056320" : 3889,
            "16187392" : 4036,
            "16318464" : 4222,
            "16449536" : 4393,
            "16580608" : 4494,
            "16711680" : 4458,
            "16908288" : 8801,
            "17170432" : 7951,
            "17432576" : 6883,
            "17694720" : 5788,
            "17956864" : 4799,
            "18219008" : 3923,
            "18481152" : 3238,
            "18743296" : 2486,
            "19005440" : 1826,
            "19267584" : 1225,
            "19529728" : 784,
            "19791872" : 517,
            "20054016" : 329,
            "20316160" : 221,
            "20578304" : 146,
            "20840448" : 98,
            "21102592" : 42,
            "21364736" : 28,
            "21626880" : 15,
            "21889024" : 6,
            "22151168" : 7,
            "22413312" : 3,
            "22675456" : 3,
            "22937600" : 1,
            "23199744" : 1,
            "23724032" : 1,
            "23986176" : 2,
            "24248320" : 5,
            "24510464" : 2,
            "24772608" : 3,
            "25034752" : 3,
            "25296896" : 6,
            "25559040" : 11,
            "25821184" : 9,
            "26083328" : 6,
            "26345472" : 11,
            "26607616" : 11,
            "26869760" : 15,
            "27131904" : 22,
            "27394048" : 58,
            "27656192" : 36,
            "27918336" : 59,
            "28180480" : 74,
            "28442624" : 67,
            "28704768" : 108,
            "28966912" : 81,
            "29229056" : 112,
            "29491200" : 107,
            "29753344" : 87,
            "30015488" : 103,
            "30277632" : 112,
            "30539776" : 133,
            "30801920" : 116,
            "31064064" : 82,
            "31326208" : 90,
            "31588352" : 62,
            "31850496" : 80,
            "32112640" : 60,
            "32374784" : 36,
            "32636928" : 38,
            "32899072" : 31,
            "33161216" : 23,
            "33423360" : 12,
            "33816576" : 15,
            "34340864" : 5,
            "34865152" : 3,
            "35913728" : 1,
            "36438016" : 4,
            "36962304" : 2
          }
        },
        "lat_ns" : {
          "min" : 4432750,
          "max" : 37276166,
          "mean" : 17052126.706559,
          "stddev" : 2145507.304491
        },
        "bw_min" : 109824,
        "bw_max" : 126976,
        "bw_agg" : 49.989630,
        "bw_mean" : 119851.637500,
        "bw_dev" : 2960.055328,
        "bw_samples" : 240,
        "iops_min" : 858,
        "iops_max" : 992,
        "iops_mean" : 936.325000,
        "iops_stddev" : 23.133834,
        "iops_samples" : 240
      },
      "trim" : {
        "io_bytes" : 0,
        "io_kbytes" : 0,
        "bw_bytes" : 0,
        "bw" : 0,
        "iops" : 0.000000,
        "runtime" : 0,
        "total_ios" : 0,