{
  "fio version" : "fio-3.8",
  "timestamp" : 1535592237,
  "timestamp_ms" : 1535592237760,
  "time" : "Thu Aug 30 01:23:57 2018",
  "jobs" : [
    {
      "jobname" : "wdpc",
      "groupid" : 0,
      "error" : 0,
      "eta" : 0,
      "elapsed" : 61,
      "job options" : {
        "ioengine" : "libaio",
        "group_reporting" : "1",
        "direct" : "1",
        "rw" : "randrw",
        "bs" : "16KB",
        "numjobs" : "2",
        "iodepth" : "16",
        "size" : "75%",
        "name" : "wdpc",
        "random_distribution" : "random",
        "random_generator" : "tausworthe",
        "allrandrepeat" : "1",
        "randseed" : "101",
        "rwmixread" : "0",
        "time_based" : "1",
        "runtime" : "60s",
        "filename" : "/dev/sda"
      },
      "read" : {
        "io_bytes" : 0,
        "io_kbytes" : 0,
        "bw_bytes" : 0,
        "bw" : 0,
        "iops" : 0.000000,
        "runtime" : 0,
        "total_ios" : 0,
        "short_ios" : 0,
        "drop_ios" : 0,
        "slat_ns" : {
          "min" : 0,
          "max" : 0,
          "mean" : 0.000000,
          "stddev" : 0.000000
        },
        "clat_ns" : {
          "min" : 0,
          "max" : 0,
          "mean" : 0.000000,
          "stddev" : 0.000000,
          "percentile" : {
            "1.000000" : 0,
            "5.000000" : 0,
            "10.000000" : 0,
            "20.000000" : 0,
            "30.000000" : 0,
            "40.000000" : 0,
            "50.000000" : 0,
            "60.000000" : 0,
            "70.000000" : 0,
            "80.000000" : 0,
            "90.000000" : 0,
            "95.000000" : 0,
            "99.000000" : 0,
            "99.500000" : 0,
            "99.900000" : 0,
            "99.950000" : 0,
            "99.990000" : 0
          },
          "bins" : {

          }
        },
        "lat_ns" : {
          "min" : 0,
          "max" : 0,
          "mean" : 0.000000,
          "stddev" : 0.000000
        },
        "bw_min" : 0,
        "bw_max" : 0,
        "bw_agg" : 0.000000,
        "bw_mean" : 0.000000,
        "bw_dev" : 0.000000,
        "bw_samples" : 0,
        "iops_min" : 0,
        "iops_max" : 0,
        "iops_mean" : 0.000000,
        "iops_stddev" : 0.000000,
        "iops_samples" : 0
      },
      "write" : {
        "io_bytes" : 11342446592,
        "io_kbytes" : 11076608,
        "bw_bytes" : 189034475,
        "bw" : 184603,
        "iops" : 11537.748742,
        "runtime" : 60002,
        "total_ios" : 692288,
        "short_ios" : 0,
        "drop_ios" : 0,
        "slat_ns" : {
          "min" : 11375,
          "max" : 10156125,
          "mean" : 44668.872583,
          "stddev" : 76621.792118
        },
        "clat_ns" : {
          "min" : 669959,
          "max" : 47972167,
          "mean" : 2719569.618988,
          "stddev" : 1696470.129929,
          "percentile" : {
            "1.000000" : 872448,
            "5.000000" : 1122304,
            "10.000000" : 1548288,
            "20.000000" : 1957888,
            "30.000000" : 2088960,
            "40.000000" : 2211840,
            "50.000000" : 2310144,
            "60.000000" : 2441216,
            "70.000000" : 2703360,
            "80.000000" : 3031040,
            "90.000000" : 4227072,
            "95.000000" : 5537792,
            "99.000000" : 9240576,
            "99.500000" : 10682368,
            "99.900000" : 19267584,
            "99.950000" : 20840448,
            "99.990000" : 34340864
          },
          "bins" : {
            "667648" : 2,
            "675840" : 12,
            "684032" : 23,
            "692224" : 41,
            "700416" : 86,
            "708608" : 107,
            "716800" : 147,
            "724992" : 223,
            "733184" : 222,
            "741376" : 188,
            "749568" : 166,
            "757760" : 171,
            "765952" : 141,
            "774144" : 138,
            "782336" : 177,
            "790528" : 194,
            "798720" : 207,
            "806912" : 318,
            "815104" : 384,
            "823296" : 361,
            "831488" : 437,
            "839680" : 499,
            "847872" : 672,
            "856064" : 684,
            "864256" : 741,
            "872448" : 858,
            "880640" : 953,
            "888832" : 929,
            "897024" : 1146,
            "905216" : 1174,
            "913408" : 1200,
            "921600" : 1173,
            "929792" : 1163,
            "937984" : 1278,
            "946176" : 1228,
            "954368" : 1213,
            "962560" : 1087,
            "970752" : 953,
            "978944" : 996,
            "987136" : 954,
            "995328" : 953,
            "1003520" : 887,
            "1011712" : 811,
            "1019904" : 812,
            "1028096" : 851,
            "1036288" : 915,
            "1044480" : 830,
            "1056768" : 1556,
            "1073152" : 1363,
            "1089536" : 1313,
            "1105920" : 1170,
            "1122304" : 1124,
            "1138688" : 990,
            "1155072" : 980,
            "1171456" : 1036,
            "1187840" : 1009,
            "1204224" : 1008,
            "1220608" : 1059,
            "1236992" : 1017,
            "1253376" : 1089,
            "1269760" : 1145,
            "1286144" : 1209,
            "1302528" : 1312,
            "1318912" : 1470,
            "1335296" : 1630,
            "1351680" : 1730,
            "1368064" : 1817,
            "1384448" : 1637,
            "1400832" : 1709,
            "1417216" : 1691,
            "1433600" : 1575,
            "1449984" : 1443,
            "1466368" : 1428,
            "1482752" : 1296,
            "1499136" : 1348,
            "1515520" : 1478,
            "1531904" : 1512,
            "1548288" : 1543,
            "1564672" : 1480,
            "1581056" : 1349,
            "1597440" : 1325,
            "1613824" : 1195,
            "1630208" : 1244,
            "1646592" : 1200,
            "1662976" : 1154,
            "1679360" : 1228,
            "1695744" : 1357,
            "1712128" : 1368,
            "1728512" : 1583,
            "1744896" : 1703,
            "1761280" : 1985,
            "1777664" : 2171,
            "1794048" : 2576,
            "1810432" : 2857,
            "1826816" : 3155,
            "1843200" : 3462,
            "1859584" : 3932,
            "1875968" : 4380,
            "1892352" : 4913,
            "1908736" : 5159,
            "1925120" : 5732,
            "1941504" : 6249,
            "1957888" : 6675,
            "1974272" : 7330,
            "1990656" : 7613,
            "2007040" : 8320,
            "2023424" : 8511,
            "2039808" : 8918,
            "2056192" : 9168,
            "2072576" : 9996,
            "2088960" : 10025,
            "2113536" : 21016,
            "2146304" : 21113,
            "2179072" : 20577,
            "2211840" : 20349,
            "2244608" : 19455,
            "2277376" : 19262,
            "2310144" : 18795,
            "2342912" : 18592,
            "2375680" : 17425,
            "2408448" : 15981,
            "2441216" : 14617,
            "2473984" : 12224,
            "2506752" : 10745,
            "2539520" : 9748,
            "2572288" : 8986,
            "2605056" : 8422,
            "2637824" : 8623,
            "2670592" : 8050,
            "2703360" : 7819,
            "2736128" : 7914,
            "2768896" : 7447,
            "2801664" : 7378,
            "2834432" : 7042,
            "2867200" : 6521,
            "2899968" : 6213,
            "2932736" : 5980,
            "2965504" : 5612,
            "2998272" : 5333,
            "3031040" : 5133,
            "3063808" : 4596,
            "3096576" : 4249,
            "3129344" : 3626,
            "3162112" : 3291,
            "3194880" : 2959,
            "3227648" : 2581,
            "3260416" : 2428,
            "3293184" : 2378,
            "3325952" : 2204,
            "3358720" : 2077,
            "3391488" : 1969,