{
  "fio version" : "fio-3.8",
  "timestamp" : 1535583784,
  "timestamp_ms" : 1535583784215,
  "time" : "Wed Aug 29 23:03:04 2018",
  "jobs" : [
    {
      "jobname" : "wdpc",
      "groupid" : 0,
      "error" : 0,
      "eta" : 0,
      "elapsed" : 61,
      "job options" : {
        "ioengine" : "libaio",
        "group_reporting" : "1",
        "direct" : "1",
        "rw" : "randrw",
        "bs" : "64KB",
        "numjobs" : "2",
        "iodepth" : "16",
        "size" : "75%",
        "name" : "wdpc",
        "random_distribution" : "random",
        "random_generator" : "tausworthe",
        "allrandrepeat" : "1",
        "randseed" : "101",
        "rwmixread" : "0",
        "time_based" : "1",
        "runtime" : "60s",
        "filename" : "/dev/sda"
      },
      "read" : {
        "io_bytes" : 0,
        "io_kbytes" : 0,
        "bw_bytes" : 0,
        "bw" : 0,
        "iops" : 0.000000,
        "runtime" : 0,
        "total_ios" : 0,
        "short_ios" : 0,
        "drop_ios" : 0,
        "slat_ns" : {
          "min" : 0,
          "max" : 0,
          "mean" : 0.000000,
          "stddev" : 0.000000
        },
        "clat_ns" : {
          "min" : 0,
          "max" : 0,
          "mean" : 0.000000,
          "stddev" : 0.000000,
          "percentile" : {
            "1.000000" : 0,
            "5.000000" : 0,
            "10.000000" : 0,
            "20.000000" : 0,
            "30.000000" : 0,
            "40.000000" : 0,
            "50.000000" : 0,
            "60.000000" : 0,
            "70.000000" : 0,
            "80.000000" : 0,
            "90.000000" : 0,
            "95.000000" : 0,
            "99.000000" : 0,
            "99.500000" : 0,
            "99.900000" : 0,
            "99.950000" : 0,
            "99.990000" : 0
          },
          "bins" : {

          }
        },
        "lat_ns" : {
          "min" : 0,
          "max" : 0,
          "mean" : 0.000000,
          "stddev" : 0.000000
        },
        "bw_min" : 0,
        "bw_max" : 0,
        "bw_agg" : 0.000000,
        "bw_mean" : 0.000000,
        "bw_dev" : 0.000000,
        "bw_samples" : 0,
        "iops_min" : 0,
        "iops_max" : 0,
        "iops_mean" : 0.000000,
        "iops_stddev" : 0.000000,
        "iops_samples" : 0
      },
      "write" : {
        "io_bytes" : 13329170432,
        "io_kbytes" : 13016768,
        "bw_bytes" : 222115821,
        "bw" : 216909,
        "iops" : 3389.218464,
        "runtime" : 60010,
        "total_ios" : 203387,
        "short_ios" : 0,
        "drop_ios" : 0,
        "slat_ns" : {
          "min" : 21875,
          "max" : 7576625,
          "mean" : 169728.876541,
          "stddev" : 159709.207264
        },
        "clat_ns" : {
          "min" : 2105541,
          "max" : 62125875,
          "mean" : 9244313.512466,
          "stddev" : 3223024.731006,
          "percentile" : {
            "1.000000" : 6586368,
            "5.000000" : 7110656,
            "10.000000" : 7372800,
            "20.000000" : 7700480,
            "30.000000" : 7897088,
            "40.000000" : 8159232,
            "50.000000" : 8454144,
            "60.000000" : 8847360,
            "70.000000" : 9109504,
            "80.000000" : 9502720,
            "90.000000" : 10158080,
            "95.000000" : 18219008,
            "99.000000" : 23461888,
            "99.500000" : 24772608,
            "99.900000" : 31588352,
            "99.950000" : 38535168,
            "99.990000" : 46399488
          },
          "bins" : {
            "2113536" : 1,
            "3031040" : 1,
            "3063808" : 2,
            "3096576" : 2,
            "3129344" : 2,
            "3194880" : 3,
            "3391488" : 1,
            "3457024" : 2,
            "3489792" : 1,
            "3522560" : 4,
            "3588096" : 5,
            "3620864" : 2,
            "3653632" : 1,
            "3686400" : 2,
            "3751936" : 1,
            "3784704" : 2,
            "3850240" : 2,
            "3915776" : 2,
            "3948544" : 3,
            "3981312" : 1,
            "4079616" : 2,
            "4112384" : 3,
            "4145152" : 6,
            "4177920" : 1,
            "4227072" : 11,
            "4292608" : 17,
            "4358144" : 6,
            "4423680" : 18,
            "4489216" : 18,
            "4554752" : 16,
            "4620288" : 14,
            "4685824" : 13,
            "4751360" : 17,
            "4816896" : 19,
            "4882432" : 19,
            "4947968" : 20,
            "5013504" : 22,
            "5079040" : 32,
            "5144576" : 34,
            "5210112" : 41,
            "5275648" : 39,
            "5341184" : 32,
            "5406720" : 40,
            "5472256" : 44,
            "5537792" : 32,
            "5603328" : 43,
            "5668864" : 33,
            "5734400" : 40,
            "5799936" : 33,
            "5865472" : 60,
            "5931008" : 72,
            "5996544" : 64,
            "6062080" : 91,
            "6127616" : 74,
            "6193152" : 105,
            "6258688" : 98,
            "6324224" : 122,
            "6389760" : 143,
            "6455296" : 156,
            "6520832" : 221,
            "6586368" : 283,
            "6651904" : 322,
            "6717440" : 482,
            "6782976" : 611,
            "6848512" : 837,
            "6914048" : 1029,
            "6979584" : 1343,
            "7045120" : 1629,
            "7110656" : 1912,
            "7176192" : 2364,
            "7241728" : 2714,
            "7307264" : 3126,
            "7372800" : 3590,
            "7438336" : 3875,
            "7503872" : 4183,
            "7569408" : 4639,
            "7634944" : 5003,
            "7700480" : 5877,
            "7766016" : 6279,
            "7831552" : 6193,
            "7897088" : 5943,
            "7962624" : 5487,
            "8028160" : 5036,
            "8093696" : 4661,
            "8159232" : 4337,
            "8224768" : 4188,
            "8290304" : 3990,
            "8355840" : 3945,
            "8454144" : 7397,
            "8585216" : 7288,
            "8716288" : 7317,
            "8847360" : 7576,
            "8978432" : 8884,
            "9109504" : 8826,
            "9240576" : 7939,
            "9371648" : 7071,
            "9502720" : 6531,
            "9633792" : 5683,
            "9764864" : 4710,
            "9895936" : 3715,
            "10027008" : 2640,
            "10158080" : 1751,
            "10289152" : 1317,
            "10420224" : 987,
            "10551296" : 839,
            "10682368" : 705,
            "10813440" : 644,
            "10944512" : 583,
            "11075584" : 467,
            "11206656" : 430,
            "11337728" : 340,
            "11468800" : 253,
            "11599872" : 212,
            "11730944" : 156,
            "11862016" : 107,
            "11993088" : 79,
            "12124160" : 62,
            "12255232" : 63,
            "12386304" : 67,
            "12517376" : 51,
            "12648448" : 46,
            "12779520" : 64,
            "12910592" : 56,
            "13041664" : 48,
            "13172736" : 34,
            "13303808" : 43,
            "13434880" : 34,
            "13565952" : 32,
            "13697024" : 33,
            "13828096" : 26,
            "13959168" : 26,
            "14090240" : 26,
            "14221312" : 23,
            "14352384" : 24,
            "14483456" : 22,
            "14614528" : 14,
            "14745600" : 21,
            "14876672" : 10,
            "15007744" : 17,
            "15138816" : 10,
            "15269888" : 14,
            "15400960" : 10,
            "15532032" : 26,
            "15663104" : 23,
            "15794176" : 30,
            "15925248" : 29,
            "16056320" : 35,
            "16187392" : 45,
            "16318464" : 63,
            "16449536" : 57,
            "16580608" : 92,
            "16711680" : 81,
            "16908288" : 176,
            "17170432" : 216,
            "17432576" : 280,