{
  "fio version" : "fio-3.8",
  "timestamp" : 1535605443,
  "timestamp_ms" : 1535605443098,
  "time" : "Thu Aug 30 05:04:03 2018",
  "jobs" : [
    {
      "jobname" : "wdpc",
      "groupid" : 0,
      "error" : 0,
      "eta" : 0,
      "elapsed" : 61,
      "job options" : {
        "ioengine" : "libaio",
        "group_reporting" : "1",
        "direct" : "1",
        "rw" : "randrw",
        "bs" : "32KB",
        "numjobs" : "2",
        "iodepth" : "16",
        "size" : "75%",
        "name" : "wdpc",
        "random_distribution" : "random",
        "random_generator" : "tausworthe",
        "allrandrepeat" : "1",
        "randseed" : "101",
        "rwmixread" : "0",
        "time_based" : "1",
        "runtime" : "60s",
        "filename" : "/dev/sda"
      },
      "read" : {
        "io_bytes" : 0,
        "io_kbytes" : 0,
        "bw_bytes" : 0,
        "bw" : 0,
        "iops" : 0.000000,
        "runtime" : 0,
        "total_ios" : 0,
        "short_ios" : 0,
        "drop_ios" : 0,
        "slat_ns" : {
          "min" : 0,
          "max" : 0,
          "mean" : 0.000000,
          "stddev" : 0.000000
        },
        "clat_ns" : {
          "min" : 0,
          "max" : 0,
          "mean" : 0.000000,
          "stddev" : 0.000000,
          "percentile" : {
            "1.000000" : 0,
            "5.000000" : 0,
            "10.000000" : 0,
            "20.000000" : 0,
            "30.000000" : 0,
            "40.000000" : 0,
            "50.000000" : 0,
            "60.000000" : 0,
            "70.000000" : 0,
            "80.000000" : 0,
            "90.000000" : 0,
            "95.000000" : 0,
            "99.000000" : 0,
            "99.500000" : 0,
            "99.900000" : 0,
            "99.950000" : 0,
            "99.990000" : 0
          },
          "bins" : {

          }
        },
        "lat_ns" : {
          "min" : 0,
          "max" : 0,
          "mean" : 0.000000,
          "stddev" : 0.000000
        },
        "bw_min" : 0,
        "bw_max" : 0,
        "bw_agg" : 0.000000,
        "bw_mean" : 0.000000,
        "bw_dev" : 0.000000,
        "bw_samples" : 0,
        "iops_min" : 0,
        "iops_max" : 0,
        "iops_mean" : 0.000000,
        "iops_stddev" : 0.000000,
        "iops_samples" : 0
      },
      "write" : {
        "io_bytes" : 13330776064,
        "io_kbytes" : 13018336,
        "bw_bytes" : 222124070,
        "bw" : 216918,
        "iops" : 6778.688661,
        "runtime" : 60015,
        "total_ios" : 406823,
        "short_ios" : 0,
        "drop_ios" : 0,
        "slat_ns" : {
          "min" : 19250,
          "max" : 7777875,
          "mean" : 107200.462164,
          "stddev" : 111741.046576
        },
        "clat_ns" : {
          "min" : 1278084,
          "max" : 85149458,
          "mean" : 4596761.184282,
          "stddev" : 2012932.217488,
          "percentile" : {
            "1.000000" : 2113536,
            "5.000000" : 2637824,
            "10.000000" : 3031040,
            "20.000000" : 3457024,
            "30.000000" : 3719168,
            "40.000000" : 3948544,
            "50.000000" : 4227072,
            "60.000000" : 4620288,
            "70.000000" : 4947968,
            "80.000000" : 5341184,
            "90.000000" : 6127616,
            "95.000000" : 6914048,
            "99.000000" : 13565952,
            "99.500000" : 17170432,
            "99.900000" : 21364736,
            "99.950000" : 22675456,
            "99.990000" : 44826624
          },
          "bins" : {
            "1286144" : 2,
            "1302528" : 5,
            "1318912" : 7,
            "1335296" : 10,
            "1351680" : 8,
            "1368064" : 12,
            "1384448" : 4,
            "1400832" : 1,
            "1417216" : 3,
            "1433600" : 4,
            "1449984" : 2,
            "1466368" : 1,
            "1515520" : 3,
            "1531904" : 4,
            "1548288" : 6,
            "1564672" : 9,
            "1581056" : 18,
            "1597440" : 21,
            "1613824" : 22,
            "1630208" : 47,
            "1646592" : 31,
            "1662976" : 22,
            "1679360" : 27,
            "1695744" : 26,
            "1712128" : 35,
            "1728512" : 55,
            "1744896" : 60,
            "1761280" : 57,
            "1777664" : 74,
            "1794048" : 40,
            "1810432" : 60,
            "1826816" : 60,
            "1843200" : 62,
            "1859584" : 80,
            "1875968" : 107,
            "1892352" : 120,
            "1908736" : 151,
            "1925120" : 171,
            "1941504" : 154,
            "1957888" : 179,
            "1974272" : 191,
            "1990656" : 264,
            "2007040" : 243,
            "2023424" : 313,
            "2039808" : 308,
            "2056192" : 285,
            "2072576" : 301,
            "2088960" : 284,
            "2113536" : 717,
            "2146304" : 771,
            "2179072" : 800,
            "2211840" : 912,
            "2244608" : 829,
            "2277376" : 916,
            "2310144" : 929,
            "2342912" : 927,
            "2375680" : 885,
            "2408448" : 986,
            "2441216" : 1029,
            "2473984" : 1147,
            "2506752" : 1245,
            "2539520" : 1328,
            "2572288" : 1379,
            "2605056" : 1334,
            "2637824" : 1390,
            "2670592" : 1440,
            "2703360" : 1465,
            "2736128" : 1486,
            "2768896" : 1517,
            "2801664" : 1707,
            "2834432" : 1871,
            "2867200" : 1873,
            "2899968" : 1832,
            "2932736" : 1868,
            "2965504" : 1911,
            "2998272" : 1932,
            "3031040" : 2172,
            "3063808" : 2247,
            "3096576" : 2272,
            "3129344" : 2506,
            "3162112" : 2651,
            "3194880" : 2703,
            "3227648" : 2857,
            "3260416" : 3155,
            "3293184" : 3321,
            "3325952" : 3222,
            "3358720" : 3459,
            "3391488" : 3633,
            "3424256" : 3822,
            "3457024" : 3916,
            "3489792" : 4138,
            "3522560" : 4251,
            "3555328" : 4537,
            "3588096" : 4831,
            "3620864" : 5209,
            "3653632" : 5502,
            "3686400" : 5940,
            "3719168" : 6099,
            "3751936" : 6464,
            "3784704" : 6321,
            "3817472" : 6130,
            "3850240" : 6104,
            "3883008" : 6299,
            "3915776" : 5809,
            "3948544" : 5696,
            "3981312" : 5356,
            "4014080" : 5051,
            "4046848" : 4892,
            "4079616" : 4435,
            "4112384" : 4266,
            "4145152" : 4174,
            "4177920" : 3980,
            "4227072" : 7904,
            "4292608" : 7147,
            "4358144" : 6881,
            "4423680" : 6511,
            "4489216" : 6553,
            "4554752" : 6674,
            "4620288" : 7020,
            "4685824" : 7020,
            "4751360" : 7325,
            "4816896" : 7786,
            "4882432" : 8431,
            "4947968" : 8563,
            "5013504" : 8753,
            "5079040" : 8060,
            "5144576" : 7398,
            "5210112" : 6977,
            "5275648" : 6224,
            "5341184" : 5661,
            "5406720" : 5294,
            "5472256" : 4625,
            "5537792" : 4007,
            "5603328" : 3747,
            "5668864" : 3456,
            "5734400" : 3105,
            "5799936" : 2836,
            "5865472" : 2783,
            "5931008" : 2633,
            "5996544" : 2500,
            "6062080" : 2247,
            "6127616" : 2108,
            "6193152" : 2033,
            "6258688" : 1931,
            "6324224" : 1961,
            "6389760" : 1831,
            "6455296" : 1690,
            "6520832" : 1633,
            "6586368" : 1527,
            "6651904" : 1388,
            "6717440" : 1369,
            "6782976" : 1232,