{
  "fio version" : "fio-3.8",
  "timestamp" : 1535597872,
  "timestamp_ms" : 1535597872249,
  "time" : "Thu Aug 30 02:57:52 2018",
  "jobs" : [
    {
      "jobname" : "wdpc",
      "groupid" : 0,
      "error" : 0,
      "eta" : 0,
      "elapsed" : 61,
      "job options" : {
        "ioengine" : "libaio",
        "group_reporting" : "1",
        "direct" : "1",
        "rw" : "randrw",
        "bs" : "4KB",
        "numjobs" : "2",
        "iodepth" : "16",
        "size" : "75%",
        "name" : "wdpc",
        "random_distribution" : "random",
        "random_generator" : "tausworthe",
        "allrandrepeat" : "1",
        "randseed" : "101",
        "rwmixread" : "0",
        "time_based" : "1",
        "runtime" : "60s",
        "filename" : "/dev/sda"
      },
      "read" : {
        "io_bytes" : 0,
        "io_kbytes" : 0,
        "bw_bytes" : 0,
        "bw" : 0,
        "iops" : 0.000000,
        "runtime" : 0,
        "total_ios" : 0,
        "short_ios" : 0,
        "drop_ios" : 0,
        "slat_ns" : {
          "min" : 0,
          "max" : 0,
          "mean" : 0.000000,
          "stddev" : 0.000000
        },
        "clat_ns" : {
          "min" : 0,
          "max" : 0,
          "mean" : 0.000000,
          "stddev" : 0.000000,
          "percentile" : {
            "1.000000" : 0,
            "5.000000" : 0,
            "10.000000" : 0,
            "20.000000" : 0,
            "30.000000" : 0,
            "40.000000" : 0,
            "50.000000" : 0,
            "60.000000" : 0,
            "70.000000" : 0,
            "80.000000" : 0,
            "90.000000" : 0,
            "95.000000" : 0,
            "99.000000" : 0,
            "99.500000" : 0,
            "99.900000" : 0,
            "99.950000" : 0,
            "99.990000" : 0
          },
          "bins" : {

          }
        },
        "lat_ns" : {
          "min" : 0,
          "max" : 0,
          "mean" : 0.000000,
          "stddev" : 0.000000
        },
        "bw_min" : 0,
        "bw_max" : 0,
        "bw_agg" : 0.000000,
        "bw_mean" : 0.000000,
        "bw_dev" : 0.000000,
        "bw_samples" : 0,
        "iops_min" : 0,
        "iops_max" : 0,
        "iops_mean" : 0.000000,
        "iops_stddev" : 0.000000,
        "iops_samples" : 0
      },
      "write" : {
        "io_bytes" : 6110605312,
        "io_kbytes" : 5967388,
        "bw_bytes" : 101840027,
        "bw" : 99453,
        "iops" : 24863.287890,
        "runtime" : 60002,
        "total_ios" : 1491847,
        "short_ios" : 0,
        "drop_ios" : 0,
        "slat_ns" : {
          "min" : 6416,
          "max" : 10343375,
          "mean" : 41321.895796,
          "stddev" : 20499.475050
        },
        "clat_ns" : {
          "min" : 351750,
          "max" : 18043375,
          "mean" : 1235899.559072,
          "stddev" : 511317.352375,
          "percentile" : {
            "1.000000" : 782336,
            "5.000000" : 872448,
            "10.000000" : 905216,
            "20.000000" : 962560,
            "30.000000" : 1011712,
            "40.000000" : 1044480,
            "50.000000" : 1089536,
            "60.000000" : 1204224,
            "70.000000" : 1368064,
            "80.000000" : 1482752,
            "90.000000" : 1662976,
            "95.000000" : 1810432,
            "99.000000" : 2310144,
            "99.500000" : 2670592,
            "99.900000" : 8159232,
            "99.950000" : 14614528,
            "99.990000" : 15925248
          },
          "bins" : {
            "350208" : 1,
            "366592" : 1,
            "378880" : 1,
            "411648" : 1,
            "428032" : 2,
            "432128" : 1,
            "448512" : 1,
            "452608" : 1,
            "456704" : 2,
            "460800" : 2,
            "468992" : 1,
            "473088" : 1,
            "477184" : 1,
            "481280" : 1,
            "485376" : 4,
            "489472" : 4,
            "493568" : 5,
            "497664" : 10,
            "501760" : 12,
            "505856" : 12,
            "509952" : 16,
            "514048" : 18,
            "518144" : 21,
            "522240" : 22,
            "528384" : 61,
            "536576" : 89,
            "544768" : 133,
            "552960" : 188,
            "561152" : 221,
            "569344" : 287,
            "577536" : 254,
            "585728" : 254,
            "593920" : 247,
            "602112" : 315,
            "610304" : 301,
            "618496" : 209,
            "626688" : 173,
            "634880" : 177,
            "643072" : 156,
            "651264" : 166,
            "659456" : 150,
            "667648" : 166,
            "675840" : 203,
            "684032" : 239,
            "692224" : 259,
            "700416" : 345,
            "708608" : 417,
            "716800" : 464,
            "724992" : 649,
            "733184" : 856,
            "741376" : 1000,
            "749568" : 1149,
            "757760" : 1466,
            "765952" : 1485,
            "774144" : 1710,
            "782336" : 1963,
            "790528" : 2271,
            "798720" : 2575,
            "806912" : 2791,
            "815104" : 3183,
            "823296" : 3777,
            "831488" : 4551,
            "839680" : 5433,
            "847872" : 7173,
            "856064" : 8840,
            "864256" : 10817,
            "872448" : 13401,
            "880640" : 15722,
            "888832" : 17586,
            "897024" : 19287,
            "905216" : 19690,
            "913408" : 20075,
            "921600" : 20166,
            "929792" : 20197,
            "937984" : 20390,
            "946176" : 22287,
            "954368" : 22423,
            "962560" : 24001,
            "970752" : 25271,
            "978944" : 26841,
            "987136" : 28125,
            "995328" : 29663,
            "1003520" : 30547,
            "1011712" : 31608,
            "1019904" : 31209,
            "1028096" : 32042,
            "1036288" : 32624,
            "1044480" : 30676,
            "1056768" : 57543,
            "1073152" : 51501,
            "1089536" : 44381,
            "1105920" : 36907,
            "1122304" : 29028,
            "1138688" : 23310,
            "1155072" : 17274,
            "1171456" : 13853,
            "1187840" : 11556,
            "1204224" : 9986,
            "1220608" : 9634,
            "1236992" : 9906,
            "1253376" : 10730,
            "1269760" : 12677,
            "1286144" : 13945,
            "1302528" : 16315,
            "1318912" : 18058,
            "1335296" : 19286,
            "1351680" : 20553,
            "1368064" : 21231,
            "1384448" : 21667,
            "1400832" : 22005,
            "1417216" : 21972,
            "1433600" : 21271,
            "1449984" : 20527,
            "1466368" : 19545,
            "1482752" : 18673,
            "1499136" : 17623,
            "1515520" : 17399,
            "1531904" : 16248,
            "1548288" : 15393,
            "1564672" : 14749,
            "1581056" : 14036,
            "1597440" : 13666,
            "1613824" : 12954,
            "1630208" : 12177,
            "1646592" : 11392,
            "1662976" : 10613,
            "1679360" : 10082,
            "1695744" : 9657,
            "1712128" : 8796,
            "1728512" : 7907,
            "1744896" : 7403,
            "1761280" : 6616,
            "1777664" : 6152,
            "1794048" : 5666,
            "1810432" : 5209,
            "1826816" : 4669,
            "1843200" : 4406,
            "1859584" : 3966,
            "1875968" : 3508,
            "1892352" : 3286,
            "1908736" : 3086,
            "1925120" : 2784,
            "1941504" : 2469,
            "1957888" : 2422,
            "1974272" : 2372,
            "1990656" : 2017,
            "2007040" : 1947,
            "2023424" : 1956,
            "2039808" : 1826,
            "2056192" : 1714,
            "2072576" : 1749,
            "2088960" : 1469,
            "2113536" : 2870,