{
  "fio version" : "fio-3.8",
  "timestamp" : 1536179114,
  "timestamp_ms" : 1536179114788,
  "time" : "Wed Sep  5 20:25:14 2018",
  "global options" : {
    "offset" : "39963082752"
  },
  "jobs" : [
    {
      "jobname" : "wdpc",
      "groupid" : 0,
      "error" : 0,
      "eta" : 0,
      "elapsed" : 61,
      "job options" : {
        "ioengine" : "libaio",
        "group_reporting" : "1",
        "direct" : "1",
        "rw" : "readwrite",
        "bs" : "8KB",
        "numjobs" : "1",
        "iodepth" : "32",
        "size" : "75%",
        "name" : "wdpc",
        "rwmixread" : "0",
        "time_based" : "1",
        "runtime" : "60s",
        "filename" : "/dev/sda"
      },
      "read" : {
        "io_bytes" : 0,
        "io_kbytes" : 0,
        "bw_bytes" : 0,
        "bw" : 0,
        "iops" : 0.000000,
        "runtime" : 0,
        "total_ios" : 0,
        "short_ios" : 0,
        "drop_ios" : 0,
        "slat_ns" : {
          "min" : 0,
          "max" : 0,
          "mean" : 0.000000,
          "stddev" : 0.000000
        },
        "clat_ns" : {
          "min" : 0,
          "max" : 0,
          "mean" : 0.000000,
          "stddev" : 0.000000,
          "percentile" : {
            "1.000000" : 0,
            "5.000000" : 0,
            "10.000000" : 0,
            "20.000000" : 0,
            "30.000000" : 0,
            "40.000000" : 0,
            "50.000000" : 0,
            "60.000000" : 0,
            "70.000000" : 0,
            "80.000000" : 0,
            "90.000000" : 0,
            "95.000000" : 0,
            "99.000000" : 0,
            "99.500000" : 0,
            "99.900000" : 0,
            "99.950000" : 0,
            "99.990000" : 0
          },
          "bins" : {

          }
        },
        "lat_ns" : {
          "min" : 0,
          "max" : 0,
          "mean" : 0.000000,
          "stddev" : 0.000000
        },
        "bw_min" : 0,
        "bw_max" : 0,
        "bw_agg" : 0.000000,
        "bw_mean" : 0.000000,
        "bw_dev" : 0.000000,
        "bw_samples" : 0,
        "iops_min" : 0,
        "iops_max" : 0,
        "iops_mean" : 0.000000,
        "iops_stddev" : 0.000000,
        "iops_samples" : 0
      },
      "write" : {
        "io_bytes" : 13237485568,
        "io_kbytes" : 12927232,
        "bw_bytes" : 220621082,
        "bw" : 215450,
        "iops" : 26931.284479,
        "runtime" : 60001,
        "total_ios" : 1615904,
        "short_ios" : 0,
        "drop_ios" : 0,
        "slat_ns" : {
          "min" : 5833,
          "max" : 8131334,
          "mean" : 29572.531565,
          "stddev" : 8231.446730
        },
        "clat_ns" : {
          "min" : 414709,
          "max" : 17908916,
          "mean" : 1155141.177606,
          "stddev" : 414848.378549,
          "percentile" : {
            "1.000000" : 1019904,
            "5.000000" : 1073152,
            "10.000000" : 1089536,
            "20.000000" : 1105920,
            "30.000000" : 1122304,
            "40.000000" : 1122304,
            "50.000000" : 1138688,
            "60.000000" : 1138688,
            "70.000000" : 1155072,
            "80.000000" : 1155072,
            "90.000000" : 1187840,
            "95.000000" : 1204224,
            "99.000000" : 1499136,
            "99.500000" : 2007040,
            "99.900000" : 13172736,
            "99.950000" : 13565952,
            "99.990000" : 14090240
          },
          "bins" : {
            "415744" : 1,
            "448512" : 1,
            "481280" : 1,
            "518144" : 1,
            "552960" : 1,
            "593920" : 1,
            "626688" : 1,
            "667648" : 1,
            "716800" : 1,
            "757760" : 1,
            "782336" : 1,
            "815104" : 1,
            "856064" : 1,
            "872448" : 1,
            "888832" : 2,
            "897024" : 3,
            "905216" : 9,
            "913408" : 28,
            "921600" : 44,
            "929792" : 86,
            "937984" : 191,
            "946176" : 346,
            "954368" : 479,
            "962560" : 694,
            "970752" : 1040,
            "978944" : 1565,
            "987136" : 2100,
            "995328" : 2715,
            "1003520" : 3142,
            "1011712" : 3278,
            "1019904" : 3692,
            "1028096" : 3806,
            "1036288" : 4242,
            "1044480" : 4802,
            "1056768" : 16829,
            "1073152" : 38653,
            "1089536" : 110932,
            "1105920" : 241098,
            "1122304" : 321270,
            "1138688" : 309651,
            "1155072" : 225895,
            "1171456" : 143413,
            "1187840" : 79113,
            "1204224" : 37481,
            "1220608" : 16953,
            "1236992" : 8549,
            "1253376" : 5565,
            "1269760" : 3633,
            "1286144" : 2201,
            "1302528" : 1408,
            "1318912" : 1037,
            "1335296" : 902,
            "1351680" : 711,
            "1368064" : 413,
            "1384448" : 330,
            "1400832" : 289,
            "1417216" : 224,
            "1433600" : 215,
            "1449984" : 199,
            "1466368" : 271,
            "1482752" : 203,
            "1499136" : 129,
            "1515520" : 87,
            "1531904" : 95,
            "1548288" : 110,
            "1564672" : 124,
            "1581056" : 132,
            "1597440" : 154,
            "1613824" : 153,
            "1630208" : 176,
            "1646592" : 167,
            "1662976" : 189,
            "1679360" : 237,
            "1695744" : 299,
            "1712128" : 407,
            "1728512" : 455,
            "1744896" : 458,
            "1761280" : 341,
            "1777664" : 259,
            "1794048" : 283,
            "1810432" : 281,
            "1826816" : 285,
            "1843200" : 286,
            "1859584" : 280,
            "1875968" : 324,
            "1892352" : 311,
            "1908736" : 308,
            "1925120" : 303,
            "1941504" : 296,
            "1957888" : 300,
            "1974272" : 319,
            "1990656" : 321,
            "2007040" : 311,
            "2023424" : 361,
            "2039808" : 386,
            "2056192" : 384,
            "2072576" : 468,
            "2088960" : 427,
            "2113536" : 690,
            "2146304" : 488,
            "2179072" : 391,
            "2211840" : 351,
            "2244608" : 296,
            "2277376" : 236,
            "2310144" : 227,
            "2342912" : 195,
            "2375680" : 268,
            "2408448" : 348,
            "2441216" : 124,
            "2473984" : 39,
            "2506752" : 10,
            "2539520" : 5,
            "2572288" : 1,
            "2605056" : 4,
            "2637824" : 2,
            "2670592" : 6,
            "2703360" : 1,
            "2736128" : 27,
            "2768896" : 345,
            "2801664" : 48,
            "2834432" : 6,
            "2899968" : 1,
            "2965504" : 1,
            "3031040" : 1,
            "3063808" : 1,
            "3129344" : 1,
            "3194880" : 1,
            "3325952" : 1,
            "3358720" : 1,
            "3424256" : 1,
            "3457024" : 1,
            "3522560" : 2,
            "3555328" : 1,
            "3588096" : 1,
            "3620864" : 2,
            "3686400" : 2,
            "3719168" : 1,
            "3751936" : 5,
            "3784704" : 19,
            "3817472" : 20,
            "3850240" : 3,
            "3883008" : 3,
            "3915776" : 4,
            "3948544" : 2,
            "3981312" : 1,
            "4014080" : 3,
            "4046848" : 1,
            "4079616" : 1,
            "4112384" : 2,
            "4145152" : 1,
            "4177920" : 1,
            "4227072" : 8,
            "4292608" : 8,
            "4358144" : 2,
            "4423680" : 19,
            "4489216" : 53,
            "4554752" : 30,
            "4620288" : 5,
            "4685824" : 1,
            "10158080" : 1,
            "10289152" : 2,