{
  "fio version" : "fio-3.8",
  "timestamp" : 1536179047,
  "timestamp_ms" : 1536179047877,
  "time" : "Wed Sep  5 20:24:07 2018",
  "global options" : {
    "offset" : "26613374976"
  },
  "jobs" : [
    {
      "jobname" : "wdpc",
      "groupid" : 0,
      "error" : 0,
      "eta" : 0,
      "elapsed" : 61,
      "job options" : {
        "ioengine" : "libaio",
        "group_reporting" : "1",
        "direct" : "1",
        "rw" : "readwrite",
        "bs" : "8KB",
        "numjobs" : "1",
        "iodepth" : "32",
        "size" : "75%",
        "name" : "wdpc",
        "rwmixread" : "0",
        "time_based" : "1",
        "runtime" : "60s",
        "filename" : "/dev/sda"
      },
      "read" : {
        "io_bytes" : 0,
        "io_kbytes" : 0,
        "bw_bytes" : 0,
        "bw" : 0,
        "iops" : 0.000000,
        "runtime" : 0,
        "total_ios" : 0,
        "short_ios" : 0,
        "drop_ios" : 0,
        "slat_ns" : {
          "min" : 0,
          "max" : 0,
          "mean" : 0.000000,
          "stddev" : 0.000000
        },
        "clat_ns" : {
          "min" : 0,
          "max" : 0,
          "mean" : 0.000000,
          "stddev" : 0.000000,
          "percentile" : {
            "1.000000" : 0,
            "5.000000" : 0,
            "10.000000" : 0,
            "20.000000" : 0,
            "30.000000" : 0,
            "40.000000" : 0,
            "50.000000" : 0,
            "60.000000" : 0,
            "70.000000" : 0,
            "80.000000" : 0,
            "90.000000" : 0,
            "95.000000" : 0,
            "99.000000" : 0,
            "99.500000" : 0,
            "99.900000" : 0,
            "99.950000" : 0,
            "99.990000" : 0
          },
          "bins" : {

          }
        },
        "lat_ns" : {
          "min" : 0,
          "max" : 0,
          "mean" : 0.000000,
          "stddev" : 0.000000
        },
        "bw_min" : 0,
        "bw_max" : 0,
        "bw_agg" : 0.000000,
        "bw_mean" : 0.000000,
        "bw_dev" : 0.000000,
        "bw_samples" : 0,
        "iops_min" : 0,
        "iops_max" : 0,
        "iops_mean" : 0.000000,
        "iops_stddev" : 0.000000,
        "iops_samples" : 0
      },
      "write" : {
        "io_bytes" : 13349707776,
        "io_kbytes" : 13036824,
        "bw_bytes" : 222491421,
        "bw" : 217276,
        "iops" : 27159.597340,
        "runtime" : 60001,
        "total_ios" : 1629603,
        "short_ios" : 0,
        "drop_ios" : 0,
        "slat_ns" : {
          "min" : 5541,
          "max" : 271250,
          "mean" : 29241.970634,
          "stddev" : 5063.774198
        },
        "clat_ns" : {
          "min" : 132417,
          "max" : 14186375,
          "mean" : 1145455.945536,
          "stddev" : 406957.915327,
          "percentile" : {
            "1.000000" : 1003520,
            "5.000000" : 1073152,
            "10.000000" : 1089536,
            "20.000000" : 1105920,
            "30.000000" : 1105920,
            "40.000000" : 1122304,
            "50.000000" : 1122304,
            "60.000000" : 1138688,
            "70.000000" : 1138688,
            "80.000000" : 1155072,
            "90.000000" : 1171456,
            "95.000000" : 1187840,
            "99.000000" : 1531904,
            "99.500000" : 1941504,
            "99.900000" : 13172736,
            "99.950000" : 13434880,
            "99.990000" : 13828096
          },
          "bins" : {
            "132096" : 1,
            "160768" : 1,
            "199680" : 1,
            "236544" : 1,
            "280576" : 1,
            "321536" : 1,
            "354304" : 1,
            "382976" : 1,
            "415744" : 1,
            "452608" : 1,
            "485376" : 1,
            "522240" : 1,
            "569344" : 1,
            "602112" : 1,
            "634880" : 1,
            "667648" : 1,
            "708608" : 1,
            "741376" : 1,
            "782336" : 1,
            "823296" : 1,
            "864256" : 1,
            "880640" : 1,
            "888832" : 2,
            "897024" : 5,
            "905216" : 11,
            "913408" : 23,
            "921600" : 106,
            "929792" : 250,
            "937984" : 357,
            "946176" : 531,
            "954368" : 806,
            "962560" : 1246,
            "970752" : 1705,
            "978944" : 2169,
            "987136" : 2686,
            "995328" : 3259,
            "1003520" : 3556,
            "1011712" : 3822,
            "1019904" : 3904,
            "1028096" : 4244,
            "1036288" : 5011,
            "1044480" : 6942,
            "1056768" : 26211,
            "1073152" : 67044,
            "1089536" : 184495,
            "1105920" : 304758,
            "1122304" : 326483,
            "1138688" : 269755,
            "1155072" : 179726,
            "1171456" : 103513,
            "1187840" : 52991,
            "1204224" : 23901,
            "1220608" : 11252,
            "1236992" : 6596,
            "1253376" : 4287,
            "1269760" : 2862,
            "1286144" : 1777,
            "1302528" : 1202,
            "1318912" : 919,
            "1335296" : 815,
            "1351680" : 721,
            "1368064" : 575,
            "1384448" : 414,
            "1400832" : 313,
            "1417216" : 259,
            "1433600" : 217,
            "1449984" : 215,
            "1466368" : 229,
            "1482752" : 444,
            "1499136" : 377,
            "1515520" : 277,
            "1531904" : 383,
            "1548288" : 363,
            "1564672" : 292,
            "1581056" : 241,
            "1597440" : 236,
            "1613824" : 216,
            "1630208" : 226,
            "1646592" : 223,
            "1662976" : 252,
            "1679360" : 287,
            "1695744" : 311,
            "1712128" : 391,
            "1728512" : 508,
            "1744896" : 553,
            "1761280" : 444,
            "1777664" : 302,
            "1794048" : 281,
            "1810432" : 322,
            "1826816" : 284,
            "1843200" : 262,
            "1859584" : 294,
            "1875968" : 277,
            "1892352" : 294,
            "1908736" : 329,
            "1925120" : 322,
            "1941504" : 327,
            "1957888" : 322,
            "1974272" : 334,
            "1990656" : 347,
            "2007040" : 329,
            "2023424" : 329,
            "2039808" : 307,
            "2056192" : 398,
            "2072576" : 479,
            "2088960" : 366,
            "2113536" : 613,
            "2146304" : 433,
            "2179072" : 391,
            "2211840" : 339,
            "2244608" : 288,
            "2277376" : 212,
            "2310144" : 197,
            "2342912" : 148,
            "2375680" : 97,
            "2408448" : 67,
            "2441216" : 35,
            "2473984" : 21,
            "2506752" : 10,
            "2539520" : 8,
            "2572288" : 2,
            "2605056" : 2,
            "2637824" : 2,
            "2670592" : 1,
            "2703360" : 2,
            "2736128" : 2,
            "2801664" : 3,
            "2834432" : 1,
            "2867200" : 2,
            "2899968" : 1,
            "2932736" : 2,
            "2965504" : 2,
            "2998272" : 1,
            "3031040" : 2,
            "3063808" : 1,
            "3096576" : 2,
            "3129344" : 1,
            "3162112" : 1,
            "3194880" : 2,
            "3227648" : 1,
            "3260416" : 1,
            "3293184" : 3,
            "3325952" : 1,
            "3358720" : 2,
            "3391488" : 7,
            "3424256" : 7,
            "3457024" : 5,
            "3489792" : 12,
            "3522560" : 14,
            "3555328" : 14,
            "3588096" : 8,
            "3620864" : 11,
            "3653632" : 18,
            "3686400" : 21,
            "3719168" : 3,
            "3751936" : 7,
            "3784704" : 75,
            "3817472" : 98,
            "3850240" : 13,
            "3883008" : 2,
            "3915776" : 4,