{
  "fio version" : "fio-3.8",
  "timestamp" : 1536180660,
  "timestamp_ms" : 1536180660678,
  "time" : "Wed Sep  5 20:51:00 2018",
  "global options" : {
    "offset" : "16852451328"
  },
  "jobs" : [
    {
      "jobname" : "wdpc",
      "groupid" : 0,
      "error" : 0,
      "eta" : 0,
      "elapsed" : 61,
      "job options" : {
        "ioengine" : "libaio",
        "group_reporting" : "1",
        "direct" : "1",
        "rw" : "readwrite",
        "bs" : "16KB",
        "numjobs" : "1",
        "iodepth" : "32",
        "size" : "75%",
        "name" : "wdpc",
        "rwmixread" : "0",
        "time_based" : "1",
        "runtime" : "60s",
        "filename" : "/dev/sda"
      },
      "read" : {
        "io_bytes" : 0,
        "io_kbytes" : 0,
        "bw_bytes" : 0,
        "bw" : 0,
        "iops" : 0.000000,
        "runtime" : 0,
        "total_ios" : 0,
        "short_ios" : 0,
        "drop_ios" : 0,
        "slat_ns" : {
          "min" : 0,
          "max" : 0,
          "mean" : 0.000000,
          "stddev" : 0.000000
        },
        "clat_ns" : {
          "min" : 0,
          "max" : 0,
          "mean" : 0.000000,
          "stddev" : 0.000000,
          "percentile" : {
            "1.000000" : 0,
            "5.000000" : 0,
            "10.000000" : 0,
            "20.000000" : 0,
            "30.000000" : 0,
            "40.000000" : 0,
            "50.000000" : 0,
            "60.000000" : 0,
            "70.000000" : 0,
            "80.000000" : 0,
            "90.000000" : 0,
            "95.000000" : 0,
            "99.000000" : 0,
            "99.500000" : 0,
            "99.900000" : 0,
            "99.950000" : 0,
            "99.990000" : 0
          },
          "bins" : {

          }
        },
        "lat_ns" : {
          "min" : 0,
          "max" : 0,
          "mean" : 0.000000,
          "stddev" : 0.000000
        },
        "bw_min" : 0,
        "bw_max" : 0,
        "bw_agg" : 0.000000,
        "bw_mean" : 0.000000,
        "bw_dev" : 0.000000,
        "bw_samples" : 0,
        "iops_min" : 0,
        "iops_max" : 0,
        "iops_mean" : 0.000000,
        "iops_stddev" : 0.000000,
        "iops_samples" : 0
      },
      "write" : {
        "io_bytes" : 16801857536,
        "io_kbytes" : 16408064,
        "bw_bytes" : 280016958,
        "bw" : 273454,
        "iops" : 17090.878789,
        "runtime" : 60003,
        "total_ios" : 1025504,
        "short_ios" : 0,
        "drop_ios" : 0,
        "slat_ns" : {
          "min" : 6125,
          "max" : 9697625,
          "mean" : 20684.485698,
          "stddev" : 25868.522310
        },
        "clat_ns" : {
          "min" : 1137791,
          "max" : 19098042,
          "mean" : 1846021.770022,
          "stddev" : 783656.069074,
          "percentile" : {
            "1.000000" : 1417216,
            "5.000000" : 1515520,
            "10.000000" : 1531904,
            "20.000000" : 1564672,
            "30.000000" : 1581056,
            "40.000000" : 1597440,
            "50.000000" : 1630208,
            "60.000000" : 1712128,
            "70.000000" : 1810432,
            "80.000000" : 1974272,
            "90.000000" : 2375680,
            "95.000000" : 2703360,
            "99.000000" : 3653632,
            "99.500000" : 3850240,
            "99.900000" : 16187392,
            "99.950000" : 16580608,
            "99.990000" : 17170432
          },
          "bins" : {
            "1138688" : 1,
            "1171456" : 3,
            "1187840" : 2,
            "1204224" : 9,
            "1220608" : 15,
            "1236992" : 78,
            "1253376" : 236,
            "1269760" : 534,
            "1286144" : 873,
            "1302528" : 1221,
            "1318912" : 1505,
            "1335296" : 1369,
            "1351680" : 1148,
            "1368064" : 898,
            "1384448" : 1026,
            "1400832" : 1161,
            "1417216" : 1292,
            "1433600" : 1311,
            "1449984" : 1477,
            "1466368" : 2916,
            "1482752" : 8434,
            "1499136" : 19533,
            "1515520" : 31770,
            "1531904" : 41901,
            "1548288" : 66864,
            "1564672" : 67170,
            "1581056" : 90240,
            "1597440" : 78772,
            "1613824" : 56558,
            "1630208" : 39443,
            "1646592" : 22728,
            "1662976" : 19080,
            "1679360" : 19453,
            "1695744" : 20621,
            "1712128" : 21428,
            "1728512" : 22524,
            "1744896" : 22189,
            "1761280" : 18414,
            "1777664" : 14655,
            "1794048" : 13619,
            "1810432" : 12596,
            "1826816" : 11463,
            "1843200" : 11510,
            "1859584" : 11716,
            "1875968" : 10850,
            "1892352" : 9514,
            "1908736" : 8558,
            "1925120" : 8578,
            "1941504" : 8654,
            "1957888" : 7914,
            "1974272" : 7863,
            "1990656" : 7308,
            "2007040" : 6103,
            "2023424" : 4761,
            "2039808" : 4393,
            "2056192" : 4222,
            "2072576" : 4092,
            "2088960" : 4028,
            "2113536" : 8369,
            "2146304" : 7138,
            "2179072" : 6609,
            "2211840" : 7501,
            "2244608" : 8731,
            "2277376" : 7067,
            "2310144" : 6577,
            "2342912" : 7642,
            "2375680" : 8241,
            "2408448" : 7243,
            "2441216" : 7449,
            "2473984" : 7268,
            "2506752" : 6577,
            "2539520" : 5343,
            "2572288" : 4768,
            "2605056" : 4505,
            "2637824" : 3557,
            "2670592" : 2846,
            "2703360" : 2658,
            "2736128" : 2631,
            "2768896" : 1739,
            "2801664" : 1206,
            "2834432" : 1136,
            "2867200" : 1082,
            "2899968" : 906,
            "2932736" : 1010,
            "2965504" : 1437,
            "2998272" : 1967,
            "3031040" : 1628,
            "3063808" : 1820,
            "3096576" : 1927,
            "3129344" : 2151,
            "3162112" : 1858,
            "3194880" : 1954,
            "3227648" : 1845,
            "3260416" : 1585,
            "3293184" : 1280,
            "3325952" : 1019,
            "3358720" : 799,
            "3391488" : 551,
            "3424256" : 434,
            "3457024" : 398,
            "3489792" : 515,
            "3522560" : 782,
            "3555328" : 993,
            "3588096" : 1323,
            "3620864" : 1524,
            "3653632" : 1371,
            "3686400" : 1327,
            "3719168" : 1087,
            "3751936" : 870,
            "3784704" : 763,
            "3817472" : 663,
            "3850240" : 578,
            "3883008" : 343,
            "3915776" : 237,
            "3948544" : 192,
            "3981312" : 137,
            "4014080" : 122,
            "4046848" : 106,
            "4079616" : 96,
            "4112384" : 150,
            "4145152" : 129,
            "4177920" : 99,
            "4227072" : 225,
            "4292608" : 135,
            "4358144" : 57,
            "4423680" : 74,
            "4489216" : 95,
            "4554752" : 26,
            "4620288" : 44,
            "4685824" : 25,
            "4751360" : 11,
            "4816896" : 12,
            "4882432" : 7,
            "4947968" : 5,
            "5013504" : 2,
            "5275648" : 16,
            "5341184" : 30,
            "5406720" : 20,
            "6455296" : 1,
            "6651904" : 19,
            "6717440" : 11,
            "6782976" : 1,
            "6914048" : 1,
            "6979584" : 4,
            "7045120" : 22,
            "7110656" : 4,
            "8847360" : 6,
            "8978432" : 25,
            "9371648" : 26,
            "9502720" : 2,
            "9633792" : 3,
            "11730944" : 10,
            "11862016" : 20,
            "11993088" : 1,
            "14614528" : 1,