{
  "fio version" : "fio-3.8",
  "timestamp" : 1536956699,
  "timestamp_ms" : 1536956699027,
  "time" : "Fri Sep 14 20:24:59 2018",
  "global options" : {
    "offset" : "0"
  },
  "jobs" : [
    {
      "jobname" : "wdpc",
      "groupid" : 0,
      "error" : 0,
      "eta" : 0,
      "elapsed" : 61,
      "job options" : {
        "ioengine" : "libaio",
        "group_reporting" : "1",
        "direct" : "1",
        "rw" : "readwrite",
        "bs" : "128KB",
        "numjobs" : "1",
        "iodepth" : "32",
        "size" : "75%",
        "name" : "wdpc",
        "rwmixread" : "0",
        "time_based" : "1",
        "runtime" : "60s",
        "filename" : "/dev/sda"
      },
      "read" : {
        "io_bytes" : 0,
        "io_kbytes" : 0,
        "bw_bytes" : 0,
        "bw" : 0,
        "iops" : 0.000000,
        "runtime" : 0,
        "total_ios" : 0,
        "short_ios" : 0,
        "drop_ios" : 0,
        "slat_ns" : {
          "min" : 0,
          "max" : 0,
          "mean" : 0.000000,
          "stddev" : 0.000000
        },
        "clat_ns" : {
          "min" : 0,
          "max" : 0,
          "mean" : 0.000000,
          "stddev" : 0.000000,
          "percentile" : {
            "1.000000" : 0,
            "5.000000" : 0,
            "10.000000" : 0,
            "20.000000" : 0,
            "30.000000" : 0,
            "40.000000" : 0,
            "50.000000" : 0,
            "60.000000" : 0,
            "70.000000" : 0,
            "80.000000" : 0,
            "90.000000" : 0,
            "95.000000" : 0,
            "99.000000" : 0,
            "99.500000" : 0,
            "99.900000" : 0,
            "99.950000" : 0,
            "99.990000" : 0
          },
          "bins" : {

          }
        },
        "lat_ns" : {
          "min" : 0,
          "max" : 0,
          "mean" : 0.000000,
          "stddev" : 0.000000
        },
        "bw_min" : 0,
        "bw_max" : 0,
        "bw_agg" : 0.000000,
        "bw_mean" : 0.000000,
        "bw_dev" : 0.000000,
        "bw_samples" : 0,
        "iops_min" : 0,
        "iops_max" : 0,
        "iops_mean" : 0.000000,
        "iops_stddev" : 0.000000,
        "iops_samples" : 0
      },
      "write" : {
        "io_bytes" : 18169069568,
        "io_kbytes" : 17743232,
        "bw_bytes" : 302737096,
        "bw" : 295641,
        "iops" : 2309.700746,
        "runtime" : 60016,
        "total_ios" : 138619,
        "short_ios" : 0,
        "drop_ios" : 0,
        "slat_ns" : {
          "min" : 21292,
          "max" : 5157250,
          "mean" : 44414.490993,
          "stddev" : 30798.376650
        },
        "clat_ns" : {
          "min" : 3082042,
          "max" : 32027334,
          "mean" : 13805188.149323,
          "stddev" : 1920450.544347,
          "percentile" : {
            "1.000000" : 11993088,
            "5.000000" : 12386304,
            "10.000000" : 12517376,
            "20.000000" : 12779520,
            "30.000000" : 13041664,
            "40.000000" : 13172736,
            "50.000000" : 13434880,
            "60.000000" : 13697024,
            "70.000000" : 13959168,
            "80.000000" : 14352384,
            "90.000000" : 15007744,
            "95.000000" : 16056320,
            "99.000000" : 26083328,
            "99.500000" : 26869760,
            "99.900000" : 27918336,
            "99.950000" : 28180480,
            "99.990000" : 30015488
          },
          "bins" : {
            "3096576" : 2,
            "3129344" : 5,
            "3162112" : 4,
            "3391488" : 1,
            "3588096" : 1,
            "3850240" : 1,
            "4423680" : 1,
            "4685824" : 1,
            "4882432" : 1,
            "6258688" : 1,
            "6455296" : 1,
            "6651904" : 1,
            "6914048" : 1,
            "7110656" : 1,
            "7307264" : 1,
            "7503872" : 1,
            "7766016" : 1,
            "7897088" : 1,
            "8028160" : 2,
            "8159232" : 1,
            "8224768" : 1,
            "8355840" : 1,
            "8454144" : 1,
            "8585216" : 2,
            "8716288" : 2,
            "8847360" : 2,
            "9109504" : 1,
            "9240576" : 1,
            "9371648" : 3,
            "9502720" : 2,
            "9633792" : 5,
            "9764864" : 9,
            "9895936" : 10,
            "10027008" : 10,
            "10158080" : 9,
            "10289152" : 18,
            "10420224" : 21,
            "10551296" : 19,
            "10682368" : 28,
            "10813440" : 44,
            "10944512" : 60,
            "11075584" : 67,
            "11206656" : 61,
            "11337728" : 100,
            "11468800" : 135,
            "11599872" : 171,
            "11730944" : 173,
            "11862016" : 309,
            "11993088" : 528,
            "12124160" : 1158,
            "12255232" : 2222,
            "12386304" : 3933,
            "12517376" : 5907,
            "12648448" : 7127,
            "12779520" : 7972,
            "12910592" : 9564,
            "13041664" : 10366,
            "13172736" : 9397,
            "13303808" : 8531,
            "13434880" : 7751,
            "13565952" : 6449,
            "13697024" : 5676,
            "13828096" : 5564,
            "13959168" : 4775,
            "14090240" : 4668,
            "14221312" : 4660,
            "14352384" : 4365,
            "14483456" : 3838,
            "14614528" : 3289,
            "14745600" : 2582,
            "14876672" : 1868,
            "15007744" : 1398,
            "15138816" : 1252,
            "15269888" : 1054,
            "15400960" : 838,
            "15532032" : 774,
            "15663104" : 710,
            "15794176" : 736,
            "15925248" : 922,
            "16056320" : 961,
            "16187392" : 974,
            "16318464" : 910,
            "16449536" : 845,
            "16580608" : 439,
            "16711680" : 297,
            "16908288" : 307,
            "17170432" : 144,
            "17432576" : 74,
            "17694720" : 34,
            "17956864" : 18,
            "18219008" : 22,
            "18481152" : 51,
            "18743296" : 49,
            "19005440" : 41,
            "19267584" : 16,
            "19529728" : 8,
            "20054016" : 1,
            "20578304" : 1,
            "20840448" : 1,
            "21102592" : 1,
            "21626880" : 1,
            "21889024" : 1,
            "22151168" : 1,
            "22413312" : 1,
            "22675456" : 1,
            "23199744" : 1,
            "23461888" : 1,
            "23986176" : 1,
            "24510464" : 5,
            "24772608" : 24,
            "25034752" : 56,
            "25296896" : 165,
            "25559040" : 246,
            "25821184" : 259,
            "26083328" : 275,
            "26345472" : 283,
            "26607616" : 147,
            "26869760" : 173,
            "27131904" : 174,
            "27394048" : 142,
            "27656192" : 79,
            "27918336" : 87,
            "28180480" : 67,
            "28442624" : 26,
            "28704768" : 8,
            "28966912" : 4,
            "29229056" : 2,
            "29753344" : 1,
            "30015488" : 13,
            "30277632" : 1,
            "30539776" : 1,
            "31588352" : 5,
            "31850496" : 2,
            "32112640" : 4
          }
        },
        "lat_ns" : {
          "min" : 3175667,
          "max" : 32077209,
          "mean" : 13850276.284781,
          "stddev" : 1919671.489349
        },
        "bw_min" : 286720,
        "bw_max" : 306176,
        "bw_agg" : 100.000000,
        "bw_mean" : 295644.550000,
        "bw_dev" : 4590.317605,
        "bw_samples" : 120,
        "iops_min" : 2240,
        "iops_max" : 2392,
        "iops_mean" : 2309.716667,
        "iops_stddev" : 35.862994,
        "iops_samples" : 120
      },
      "trim" : {
        "io_bytes" : 0,
        "io_kbytes" : 0,
        "bw_bytes" : 0,
        "bw" : 0,
        "iops" : 0.000000,
        "runtime" : 0,