{
  "fio version" : "fio-3.8",
  "timestamp" : 1536954592,
  "timestamp_ms" : 1536954592216,
  "time" : "Fri Sep 14 19:49:52 2018",
  "global options" : {
    "offset" : "15006318592"
  },
  "jobs" : [
    {
      "jobname" : "wdpc",
      "groupid" : 0,
      "error" : 0,
      "eta" : 0,
      "elapsed" : 61,
      "job options" : {
        "ioengine" : "libaio",
        "group_reporting" : "1",
        "direct" : "1",
        "rw" : "readwrite",
        "bs" : "8KB",
        "numjobs" : "1",
        "iodepth" : "32",
        "size" : "75%",
        "name" : "wdpc",
        "rwmixread" : "0",
        "time_based" : "1",
        "runtime" : "60s",
        "filename" : "/dev/sda"
      },
      "read" : {
        "io_bytes" : 0,
        "io_kbytes" : 0,
        "bw_bytes" : 0,
        "bw" : 0,
        "iops" : 0.000000,
        "runtime" : 0,
        "total_ios" : 0,
        "short_ios" : 0,
        "drop_ios" : 0,
        "slat_ns" : {
          "min" : 0,
          "max" : 0,
          "mean" : 0.000000,
          "stddev" : 0.000000
        },
        "clat_ns" : {
          "min" : 0,
          "max" : 0,
          "mean" : 0.000000,
          "stddev" : 0.000000,
          "percentile" : {
            "1.000000" : 0,
            "5.000000" : 0,
            "10.000000" : 0,
            "20.000000" : 0,
            "30.000000" : 0,
            "40.000000" : 0,
            "50.000000" : 0,
            "60.000000" : 0,
            "70.000000" : 0,
            "80.000000" : 0,
            "90.000000" : 0,
            "95.000000" : 0,
            "99.000000" : 0,
            "99.500000" : 0,
            "99.900000" : 0,
            "99.950000" : 0,
            "99.990000" : 0
          },
          "bins" : {

          }
        },
        "lat_ns" : {
          "min" : 0,
          "max" : 0,
          "mean" : 0.000000,
          "stddev" : 0.000000
        },
        "bw_min" : 0,
        "bw_max" : 0,
        "bw_agg" : 0.000000,
        "bw_mean" : 0.000000,
        "bw_dev" : 0.000000,
        "bw_samples" : 0,
        "iops_min" : 0,
        "iops_max" : 0,
        "iops_mean" : 0.000000,
        "iops_stddev" : 0.000000,
        "iops_samples" : 0
      },
      "write" : {
        "io_bytes" : 15004246016,
        "io_kbytes" : 14652584,
        "bw_bytes" : 250066599,
        "bw" : 244205,
        "iops" : 30525.707905,
        "runtime" : 60001,
        "total_ios" : 1831573,
        "short_ios" : 0,
        "drop_ios" : 0,
        "slat_ns" : {
          "min" : 5250,
          "max" : 5247667,
          "mean" : 13665.015665,
          "stddev" : 11728.006483
        },
        "clat_ns" : {
          "min" : 700875,
          "max" : 14806458,
          "mean" : 1031114.687759,
          "stddev" : 483590.406779,
          "percentile" : {
            "1.000000" : 856064,
            "5.000000" : 888832,
            "10.000000" : 913408,
            "20.000000" : 929792,
            "30.000000" : 946176,
            "40.000000" : 954368,
            "50.000000" : 970752,
            "60.000000" : 978944,
            "70.000000" : 995328,
            "80.000000" : 1011712,
            "90.000000" : 1089536,
            "95.000000" : 1335296,
            "99.000000" : 2408448,
            "99.500000" : 2605056,
            "99.900000" : 13959168,
            "99.950000" : 14352384,
            "99.990000" : 14614528
          },
          "bins" : {
            "700416" : 1,
            "708608" : 2,
            "724992" : 2,
            "733184" : 1,
            "741376" : 3,
            "749568" : 5,
            "757760" : 9,
            "765952" : 25,
            "774144" : 27,
            "782336" : 67,
            "790528" : 128,
            "798720" : 258,
            "806912" : 435,
            "815104" : 739,
            "823296" : 1246,
            "831488" : 1863,
            "839680" : 2820,
            "847872" : 4824,
            "856064" : 7123,
            "864256" : 10628,
            "872448" : 15666,
            "880640" : 22626,
            "888832" : 29638,
            "897024" : 37723,
            "905216" : 46678,
            "913408" : 56969,
            "921600" : 68489,
            "929792" : 83739,
            "937984" : 101025,
            "946176" : 122323,
            "954368" : 132463,
            "962560" : 138376,
            "970752" : 136039,
            "978944" : 126212,
            "987136" : 110422,
            "995328" : 91516,
            "1003520" : 73382,
            "1011712" : 56799,
            "1019904" : 43367,
            "1028096" : 32586,
            "1036288" : 25454,
            "1044480" : 19081,
            "1056768" : 27361,
            "1073152" : 19495,
            "1089536" : 16183,
            "1105920" : 13133,
            "1122304" : 11122,
            "1138688" : 9322,
            "1155072" : 7367,
            "1171456" : 6009,
            "1187840" : 4888,
            "1204224" : 4163,
            "1220608" : 3577,
            "1236992" : 3027,
            "1253376" : 2730,
            "1269760" : 2540,
            "1286144" : 2384,
            "1302528" : 2200,
            "1318912" : 2109,
            "1335296" : 1841,
            "1351680" : 1691,
            "1368064" : 1559,
            "1384448" : 1421,
            "1400832" : 1416,
            "1417216" : 1361,
            "1433600" : 1453,
            "1449984" : 1485,
            "1466368" : 1596,
            "1482752" : 1804,
            "1499136" : 1681,
            "1515520" : 1839,
            "1531904" : 1846,
            "1548288" : 1816,
            "1564672" : 1857,
            "1581056" : 1770,
            "1597440" : 1701,
            "1613824" : 1711,
            "1630208" : 1694,
            "1646592" : 1643,
            "1662976" : 1739,
            "1679360" : 1809,
            "1695744" : 1920,
            "1712128" : 1933,
            "1728512" : 1973,
            "1744896" : 2047,
            "1761280" : 1952,
            "1777664" : 1966,
            "1794048" : 2084,
            "1810432" : 2191,
            "1826816" : 2056,
            "1843200" : 1901,
            "1859584" : 1882,
            "1875968" : 1778,
            "1892352" : 1607,
            "1908736" : 1495,
            "1925120" : 1440,
            "1941504" : 1160,
            "1957888" : 1009,
            "1974272" : 922,
            "1990656" : 761,
            "2007040" : 664,
            "2023424" : 578,
            "2039808" : 588,
            "2056192" : 523,
            "2072576" : 425,
            "2088960" : 330,
            "2113536" : 377,
            "2146304" : 210,
            "2179072" : 173,
            "2211840" : 190,
            "2244608" : 239,
            "2277376" : 249,
            "2310144" : 345,
            "2342912" : 465,
            "2375680" : 633,
            "2408448" : 832,
            "2441216" : 1302,
            "2473984" : 1675,
            "2506752" : 1891,
            "2539520" : 1823,
            "2572288" : 1618,
            "2605056" : 1446,
            "2637824" : 1173,
            "2670592" : 949,
            "2703360" : 744,
            "2736128" : 575,
            "2768896" : 418,
            "2801664" : 325,
            "2834432" : 223,
            "2867200" : 123,
            "2899968" : 108,
            "2932736" : 43,
            "2965504" : 19,
            "2998272" : 73,
            "3031040" : 28,
            "3063808" : 8,
            "3096576" : 36,
            "3129344" : 18,
            "3162112" : 26,
            "3194880" : 21,
            "3227648" : 6,
            "3293184" : 17,
            "3325952" : 3,
            "3358720" : 1,
            "3391488" : 1,
            "3424256" : 2,
            "3457024" : 7,
            "3489792" : 38,
            "3522560" : 47,
            "3555328" : 28,
            "3588096" : 80,
            "3620864" : 105,
            "3653632" : 88,
            "3686400" : 15,
            "3719168" : 2,
            "3751936" : 14,