{
  "fio version" : "fio-3.8",
  "timestamp" : 1536977237,
  "timestamp_ms" : 1536977237403,
  "time" : "Sat Sep 15 02:07:17 2018",
  "jobs" : [
    {
      "jobname" : "wdpc",
      "groupid" : 0,
      "error" : 0,
      "eta" : 0,
      "elapsed" : 61,
      "job options" : {
        "ioengine" : "libaio",
        "group_reporting" : "1",
        "direct" : "1",
        "rw" : "randrw",
        "bs" : "16KB",
        "numjobs" : "2",
        "iodepth" : "16",
        "size" : "75%",
        "name" : "wdpc",
        "random_distribution" : "random",
        "random_generator" : "tausworthe",
        "allrandrepeat" : "1",
        "randseed" : "101",
        "rwmixread" : "0",
        "time_based" : "1",
        "runtime" : "60s",
        "filename" : "/dev/sda"
      },
      "read" : {
        "io_bytes" : 0,
        "io_kbytes" : 0,
        "bw_bytes" : 0,
        "bw" : 0,
        "iops" : 0.000000,
        "runtime" : 0,
        "total_ios" : 0,
        "short_ios" : 0,
        "drop_ios" : 0,
        "slat_ns" : {
          "min" : 0,
          "max" : 0,
          "mean" : 0.000000,
          "stddev" : 0.000000
        },
        "clat_ns" : {
          "min" : 0,
          "max" : 0,
          "mean" : 0.000000,
          "stddev" : 0.000000,
          "percentile" : {
            "1.000000" : 0,
            "5.000000" : 0,
            "10.000000" : 0,
            "20.000000" : 0,
            "30.000000" : 0,
            "40.000000" : 0,
            "50.000000" : 0,
            "60.000000" : 0,
            "70.000000" : 0,
            "80.000000" : 0,
            "90.000000" : 0,
            "95.000000" : 0,
            "99.000000" : 0,
            "99.500000" : 0,
            "99.900000" : 0,
            "99.950000" : 0,
            "99.990000" : 0
          },
          "bins" : {

          }
        },
        "lat_ns" : {
          "min" : 0,
          "max" : 0,
          "mean" : 0.000000,
          "stddev" : 0.000000
        },
        "bw_min" : 0,
        "bw_max" : 0,
        "bw_agg" : 0.000000,
        "bw_mean" : 0.000000,
        "bw_dev" : 0.000000,
        "bw_samples" : 0,
        "iops_min" : 0,
        "iops_max" : 0,
        "iops_mean" : 0.000000,
        "iops_stddev" : 0.000000,
        "iops_samples" : 0
      },
      "write" : {
        "io_bytes" : 12529926144,
        "io_kbytes" : 12236256,
        "bw_bytes" : 208825141,
        "bw" : 203930,
        "iops" : 12745.675144,
        "runtime" : 60002,
        "total_ios" : 764766,
        "short_ios" : 0,
        "drop_ios" : 0,
        "slat_ns" : {
          "min" : 7000,
          "max" : 2170875,
          "mean" : 14154.310980,
          "stddev" : 8149.271875
        },
        "clat_ns" : {
          "min" : 494958,
          "max" : 45003584,
          "mean" : 2491762.708094,
          "stddev" : 1265940.825239,
          "percentile" : {
            "1.000000" : 1400832,
            "5.000000" : 1548288,
            "10.000000" : 1564672,
            "20.000000" : 1581056,
            "30.000000" : 1597440,
            "40.000000" : 2244608,
            "50.000000" : 2473984,
            "60.000000" : 2670592,
            "70.000000" : 2801664,
            "80.000000" : 2899968,
            "90.000000" : 3522560,
            "95.000000" : 4046848,
            "99.000000" : 6586368,
            "99.500000" : 8585216,
            "99.900000" : 18219008,
            "99.950000" : 18743296,
            "99.990000" : 21102592
          },
          "bins" : {
            "493568" : 2,
            "497664" : 3,
            "501760" : 5,
            "505856" : 12,
            "509952" : 8,
            "514048" : 10,
            "518144" : 6,
            "522240" : 15,
            "528384" : 45,
            "536576" : 26,
            "544768" : 18,
            "552960" : 15,
            "561152" : 24,
            "569344" : 31,
            "577536" : 13,
            "585728" : 4,
            "593920" : 6,
            "610304" : 1,
            "618496" : 4,
            "634880" : 2,
            "643072" : 1,
            "651264" : 1,
            "659456" : 1,
            "667648" : 1,
            "675840" : 3,
            "684032" : 1,
            "692224" : 5,
            "708608" : 1,
            "724992" : 1,
            "733184" : 2,
            "741376" : 3,
            "749568" : 4,
            "757760" : 2,
            "765952" : 1,
            "823296" : 1,
            "831488" : 1,
            "864256" : 1,
            "872448" : 2,
            "905216" : 1,
            "913408" : 2,
            "921600" : 1,
            "937984" : 2,
            "954368" : 1,
            "962560" : 1,
            "978944" : 1,
            "987136" : 1,
            "995328" : 1,
            "1003520" : 5,
            "1011712" : 12,
            "1019904" : 20,
            "1028096" : 21,
            "1036288" : 33,
            "1044480" : 70,
            "1056768" : 194,
            "1073152" : 303,
            "1089536" : 416,
            "1105920" : 514,
            "1122304" : 597,
            "1138688" : 549,
            "1155072" : 499,
            "1171456" : 497,
            "1187840" : 364,
            "1204224" : 388,
            "1220608" : 259,
            "1236992" : 272,
            "1253376" : 262,
            "1269760" : 217,
            "1286144" : 226,
            "1302528" : 253,
            "1318912" : 207,
            "1335296" : 207,
            "1351680" : 246,
            "1368064" : 287,
            "1384448" : 335,
            "1400832" : 394,
            "1417216" : 506,
            "1433600" : 480,
            "1449984" : 475,
            "1466368" : 498,
            "1482752" : 589,
            "1499136" : 1003,
            "1515520" : 3246,
            "1531904" : 12903,
            "1548288" : 35132,
            "1564672" : 57668,
            "1581056" : 68655,
            "1597440" : 46574,
            "1613824" : 18990,
            "1630208" : 6993,
            "1646592" : 3245,
            "1662976" : 2592,
            "1679360" : 2177,
            "1695744" : 1841,
            "1712128" : 1603,
            "1728512" : 1399,
            "1744896" : 1165,
            "1761280" : 978,
            "1777664" : 821,
            "1794048" : 660,
            "1810432" : 689,
            "1826816" : 604,
            "1843200" : 588,
            "1859584" : 576,
            "1875968" : 421,
            "1892352" : 375,
            "1908736" : 390,
            "1925120" : 415,
            "1941504" : 404,
            "1957888" : 498,
            "1974272" : 484,
            "1990656" : 487,
            "2007040" : 525,
            "2023424" : 493,
            "2039808" : 558,
            "2056192" : 557,
            "2072576" : 684,
            "2088960" : 777,
            "2113536" : 1924,
            "2146304" : 2621,
            "2179072" : 3491,
            "2211840" : 4558,
            "2244608" : 5943,
            "2277376" : 7283,
            "2310144" : 8156,
            "2342912" : 10246,
            "2375680" : 11433,
            "2408448" : 12118,
            "2441216" : 13751,
            "2473984" : 15224,
            "2506752" : 14355,
            "2539520" : 13776,
            "2572288" : 12664,
            "2605056" : 12985,
            "2637824" : 13130,
            "2670592" : 14798,
            "2703360" : 16280,
            "2736128" : 20354,
            "2768896" : 22476,
            "2801664" : 24099,
            "2834432" : 25508,
            "2867200" : 24967,
            "2899968" : 19703,
            "2932736" : 16304,
            "2965504" : 12944,
            "2998272" : 9438,
            "3031040" : 6170,
            "3063808" : 4538,
            "3096576" : 3756,
            "3129344" : 2634,
            "3162112" : 1854,
            "3194880" : 1393,
            "3227648" : 1174,
            "3260416" : 968,
            "3293184" : 897,
            "3325952" : 871,
            "3358720" : 796,