{
  "fio version" : "fio-3.8",
  "timestamp" : 1536982565,
  "timestamp_ms" : 1536982565426,
  "time" : "Sat Sep 15 03:36:05 2018",
  "jobs" : [
    {
      "jobname" : "wdpc",
      "groupid" : 0,
      "error" : 0,
      "eta" : 0,
      "elapsed" : 61,
      "job options" : {
        "ioengine" : "libaio",
        "group_reporting" : "1",
        "direct" : "1",
        "rw" : "randrw",
        "bs" : "4KB",
        "numjobs" : "2",
        "iodepth" : "16",
        "size" : "75%",
        "name" : "wdpc",
        "random_distribution" : "random",
        "random_generator" : "tausworthe",
        "allrandrepeat" : "1",
        "randseed" : "101",
        "rwmixread" : "0",
        "time_based" : "1",
        "runtime" : "60s",
        "filename" : "/dev/sda"
      },
      "read" : {
        "io_bytes" : 0,
        "io_kbytes" : 0,
        "bw_bytes" : 0,
        "bw" : 0,
        "iops" : 0.000000,
        "runtime" : 0,
        "total_ios" : 0,
        "short_ios" : 0,
        "drop_ios" : 0,
        "slat_ns" : {
          "min" : 0,
          "max" : 0,
          "mean" : 0.000000,
          "stddev" : 0.000000
        },
        "clat_ns" : {
          "min" : 0,
          "max" : 0,
          "mean" : 0.000000,
          "stddev" : 0.000000,
          "percentile" : {
            "1.000000" : 0,
            "5.000000" : 0,
            "10.000000" : 0,
            "20.000000" : 0,
            "30.000000" : 0,
            "40.000000" : 0,
            "50.000000" : 0,
            "60.000000" : 0,
            "70.000000" : 0,
            "80.000000" : 0,
            "90.000000" : 0,
            "95.000000" : 0,
            "99.000000" : 0,
            "99.500000" : 0,
            "99.900000" : 0,
            "99.950000" : 0,
            "99.990000" : 0
          },
          "bins" : {

          }
        },
        "lat_ns" : {
          "min" : 0,
          "max" : 0,
          "mean" : 0.000000,
          "stddev" : 0.000000
        },
        "bw_min" : 0,
        "bw_max" : 0,
        "bw_agg" : 0.000000,
        "bw_mean" : 0.000000,
        "bw_dev" : 0.000000,
        "bw_samples" : 0,
        "iops_min" : 0,
        "iops_max" : 0,
        "iops_mean" : 0.000000,
        "iops_stddev" : 0.000000,
        "iops_samples" : 0
      },
      "write" : {
        "io_bytes" : 6699048960,
        "io_kbytes" : 6542040,
        "bw_bytes" : 111647094,
        "bw" : 109030,
        "iops" : 27257.591414,
        "runtime" : 60002,
        "total_ios" : 1635510,
        "short_ios" : 0,
        "drop_ios" : 0,
        "slat_ns" : {
          "min" : 5541,
          "max" : 6123833,
          "mean" : 16135.157427,
          "stddev" : 57319.176589
        },
        "clat_ns" : {
          "min" : 181417,
          "max" : 19827208,
          "mean" : 1153297.448625,
          "stddev" : 771143.966637,
          "percentile" : {
            "1.000000" : 301056,
            "5.000000" : 387072,
            "10.000000" : 403456,
            "20.000000" : 667648,
            "30.000000" : 856064,
            "40.000000" : 888832,
            "50.000000" : 929792,
            "60.000000" : 1011712,
            "70.000000" : 1466368,
            "80.000000" : 1679360,
            "90.000000" : 1908736,
            "95.000000" : 2146304,
            "99.000000" : 3653632,
            "99.500000" : 4358144,
            "99.900000" : 8978432,
            "99.950000" : 15007744,
            "99.990000" : 17170432
          },
          "bins" : {
            "181248" : 1,
            "193536" : 1,
            "203776" : 1,
            "205824" : 1,
            "207872" : 3,
            "222208" : 1,
            "224256" : 2,
            "226304" : 7,
            "228352" : 20,
            "230400" : 31,
            "232448" : 18,
            "234496" : 22,
            "236544" : 19,
            "238592" : 9,
            "240640" : 15,
            "242688" : 9,
            "244736" : 7,
            "246784" : 19,
            "248832" : 76,
            "250880" : 197,
            "252928" : 350,
            "254976" : 485,
            "257024" : 602,
            "259072" : 531,
            "261120" : 457,
            "264192" : 622,
            "268288" : 516,
            "272384" : 703,
            "276480" : 1588,
            "280576" : 2947,
            "284672" : 3010,
            "288768" : 1680,
            "292864" : 1173,
            "296960" : 1172,
            "301056" : 1941,
            "305152" : 2918,
            "309248" : 3082,
            "313344" : 2208,
            "317440" : 1521,
            "321536" : 1293,
            "325632" : 1386,
            "329728" : 1731,
            "333824" : 1876,
            "337920" : 1593,
            "342016" : 1129,
            "346112" : 807,
            "350208" : 868,
            "354304" : 1254,
            "358400" : 1757,
            "362496" : 1908,
            "366592" : 1692,
            "370688" : 1624,
            "374784" : 2783,
            "378880" : 8952,
            "382976" : 16209,
            "387072" : 20360,
            "391168" : 20186,
            "395264" : 18506,
            "399360" : 16913,
            "403456" : 16990,
            "407552" : 18160,
            "411648" : 17352,
            "415744" : 14386,
            "419840" : 11243,
            "423936" : 9500,
            "428032" : 9124,
            "432128" : 8923,
            "436224" : 8361,
            "440320" : 6872,
            "444416" : 5628,
            "448512" : 5389,
            "452608" : 4908,
            "456704" : 4275,
            "460800" : 3612,
            "464896" : 2749,
            "468992" : 2229,
            "473088" : 1988,
            "477184" : 1589,
            "481280" : 1440,
            "485376" : 1223,
            "489472" : 1125,
            "493568" : 952,
            "497664" : 748,
            "501760" : 753,
            "505856" : 639,
            "509952" : 598,
            "514048" : 660,
            "518144" : 624,
            "522240" : 578,
            "528384" : 1040,
            "536576" : 971,
            "544768" : 870,
            "552960" : 734,
            "561152" : 787,
            "569344" : 834,
            "577536" : 699,
            "585728" : 750,
            "593920" : 741,
            "602112" : 811,
            "610304" : 789,
            "618496" : 761,
            "626688" : 664,
            "634880" : 703,
            "643072" : 722,
            "651264" : 726,
            "659456" : 786,
            "667648" : 763,
            "675840" : 782,
            "684032" : 849,
            "692224" : 973,
            "700416" : 1032,
            "708608" : 1309,
            "716800" : 1399,
            "724992" : 1643,
            "733184" : 1775,
            "741376" : 2045,
            "749568" : 2469,
            "757760" : 3014,
            "765952" : 3447,
            "774144" : 4360,
            "782336" : 5258,
            "790528" : 6307,
            "798720" : 7793,
            "806912" : 9568,
            "815104" : 11593,
            "823296" : 14201,
            "831488" : 17379,
            "839680" : 20974,
            "847872" : 26629,
            "856064" : 32001,
            "864256" : 38385,
            "872448" : 43414,
            "880640" : 45580,
            "888832" : 44624,
            "897024" : 40667,
            "905216" : 34977,
            "913408" : 30457,
            "921600" : 26598,
            "929792" : 23463,
            "937984" : 21292,
            "946176" : 19687,
            "954368" : 17526,
            "962560" : 16213,
            "970752" : 15066,
            "978944" : 13795,
            "987136" : 13171,
            "995328" : 11982,
            "1003520" : 10963,
            "1011712" : 9964,
            "1019904" : 8931,
            "1028096" : 8016,
            "1036288" : 7520,
            "1044480" : 6649,
            "1056768" : 11494,
            "1073152" : 9517,
            "1089536" : 8120,