{
  "fio version" : "fio-3.8",
  "timestamp" : 1536974644,
  "timestamp_ms" : 1536974644960,
  "time" : "Sat Sep 15 01:24:04 2018",
  "jobs" : [
    {
      "jobname" : "wdpc",
      "groupid" : 0,
      "error" : 0,
      "eta" : 0,
      "elapsed" : 61,
      "job options" : {
        "ioengine" : "libaio",
        "group_reporting" : "1",
        "direct" : "1",
        "rw" : "randrw",
        "bs" : "32KB",
        "numjobs" : "2",
        "iodepth" : "16",
        "size" : "75%",
        "name" : "wdpc",
        "random_distribution" : "random",
        "random_generator" : "tausworthe",
        "allrandrepeat" : "1",
        "randseed" : "101",
        "rwmixread" : "0",
        "time_based" : "1",
        "runtime" : "60s",
        "filename" : "/dev/sda"
      },
      "read" : {
        "io_bytes" : 0,
        "io_kbytes" : 0,
        "bw_bytes" : 0,
        "bw" : 0,
        "iops" : 0.000000,
        "runtime" : 0,
        "total_ios" : 0,
        "short_ios" : 0,
        "drop_ios" : 0,
        "slat_ns" : {
          "min" : 0,
          "max" : 0,
          "mean" : 0.000000,
          "stddev" : 0.000000
        },
        "clat_ns" : {
          "min" : 0,
          "max" : 0,
          "mean" : 0.000000,
          "stddev" : 0.000000,
          "percentile" : {
            "1.000000" : 0,
            "5.000000" : 0,
            "10.000000" : 0,
            "20.000000" : 0,
            "30.000000" : 0,
            "40.000000" : 0,
            "50.000000" : 0,
            "60.000000" : 0,
            "70.000000" : 0,
            "80.000000" : 0,
            "90.000000" : 0,
            "95.000000" : 0,
            "99.000000" : 0,
            "99.500000" : 0,
            "99.900000" : 0,
            "99.950000" : 0,
            "99.990000" : 0
          },
          "bins" : {

          }
        },
        "lat_ns" : {
          "min" : 0,
          "max" : 0,
          "mean" : 0.000000,
          "stddev" : 0.000000
        },
        "bw_min" : 0,
        "bw_max" : 0,
        "bw_agg" : 0.000000,
        "bw_mean" : 0.000000,
        "bw_dev" : 0.000000,
        "bw_samples" : 0,
        "iops_min" : 0,
        "iops_max" : 0,
        "iops_mean" : 0.000000,
        "iops_stddev" : 0.000000,
        "iops_samples" : 0
      },
      "write" : {
        "io_bytes" : 13126500352,
        "io_kbytes" : 12818848,
        "bw_bytes" : 218753130,
        "bw" : 213626,
        "iops" : 6675.815752,
        "runtime" : 60006,
        "total_ios" : 400589,
        "short_ios" : 0,
        "drop_ios" : 0,
        "slat_ns" : {
          "min" : 9042,
          "max" : 4998583,
          "mean" : 18643.453465,
          "stddev" : 11213.294598
        },
        "clat_ns" : {
          "min" : 653041,
          "max" : 50610000,
          "mean" : 4769725.719476,
          "stddev" : 1745612.082723,
          "percentile" : {
            "1.000000" : 2867200,
            "5.000000" : 2899968,
            "10.000000" : 2998272,
            "20.000000" : 3817472,
            "30.000000" : 4014080,
            "40.000000" : 4227072,
            "50.000000" : 4358144,
            "60.000000" : 5013504,
            "70.000000" : 5275648,
            "80.000000" : 5537792,
            "90.000000" : 5931008,
            "95.000000" : 6848512,
            "99.000000" : 12386304,
            "99.500000" : 16056320,
            "99.900000" : 20578304,
            "99.950000" : 21102592,
            "99.990000" : 26607616
          },
          "bins" : {
            "651264" : 2,
            "659456" : 4,
            "667648" : 5,
            "675840" : 3,
            "684032" : 8,
            "692224" : 2,
            "700416" : 5,
            "708608" : 7,
            "716800" : 2,
            "724992" : 2,
            "733184" : 7,
            "741376" : 4,
            "749568" : 2,
            "815104" : 1,
            "839680" : 1,
            "897024" : 1,
            "929792" : 2,
            "946176" : 1,
            "1011712" : 1,
            "1044480" : 1,
            "1056768" : 1,
            "1089536" : 1,
            "1400832" : 8,
            "1417216" : 9,
            "1433600" : 9,
            "1449984" : 18,
            "1466368" : 7,
            "1482752" : 2,
            "1531904" : 2,
            "1548288" : 1,
            "1564672" : 1,
            "1581056" : 1,
            "1597440" : 3,
            "1630208" : 2,
            "1646592" : 3,
            "1662976" : 1,
            "1679360" : 2,
            "1695744" : 3,
            "1712128" : 6,
            "1728512" : 2,
            "1744896" : 1,
            "1761280" : 2,
            "1777664" : 2,
            "1794048" : 1,
            "1810432" : 1,
            "1826816" : 1,
            "1843200" : 2,
            "1859584" : 2,
            "1875968" : 2,
            "1892352" : 1,
            "1908736" : 3,
            "1941504" : 1,
            "1974272" : 2,
            "1990656" : 3,
            "2007040" : 1,
            "2023424" : 1,
            "2039808" : 7,
            "2056192" : 9,
            "2072576" : 5,
            "2088960" : 6,
            "2113536" : 6,
            "2146304" : 15,
            "2179072" : 13,
            "2211840" : 14,
            "2244608" : 25,
            "2277376" : 20,
            "2310144" : 34,
            "2342912" : 26,
            "2375680" : 23,
            "2408448" : 29,
            "2441216" : 20,
            "2473984" : 25,
            "2506752" : 25,
            "2539520" : 31,
            "2572288" : 33,
            "2605056" : 34,
            "2637824" : 51,
            "2670592" : 61,
            "2703360" : 49,
            "2736128" : 55,
            "2768896" : 73,
            "2801664" : 97,
            "2834432" : 333,
            "2867200" : 4011,
            "2899968" : 18847,
            "2932736" : 8242,
            "2965504" : 5829,
            "2998272" : 4463,
            "3031040" : 3582,
            "3063808" : 2396,
            "3096576" : 1680,
            "3129344" : 975,
            "3162112" : 765,
            "3194880" : 570,
            "3227648" : 460,
            "3260416" : 343,
            "3293184" : 265,
            "3325952" : 302,
            "3358720" : 271,
            "3391488" : 309,
            "3424256" : 295,
            "3457024" : 324,
            "3489792" : 454,
            "3522560" : 530,
            "3555328" : 633,
            "3588096" : 1029,
            "3620864" : 1427,
            "3653632" : 1853,
            "3686400" : 2558,
            "3719168" : 3216,
            "3751936" : 4169,
            "3784704" : 5749,
            "3817472" : 6095,
            "3850240" : 7060,
            "3883008" : 7248,
            "3915776" : 6917,
            "3948544" : 6383,
            "3981312" : 6028,
            "4014080" : 5674,
            "4046848" : 5373,
            "4079616" : 5755,
            "4112384" : 6169,
            "4145152" : 7188,
            "4177920" : 8076,
            "4227072" : 19039,
            "4292608" : 18120,
            "4358144" : 13093,
            "4423680" : 8883,
            "4489216" : 4995,
            "4554752" : 3369,
            "4620288" : 2296,
            "4685824" : 2095,
            "4751360" : 2037,
            "4816896" : 2440,
            "4882432" : 3223,
            "4947968" : 4120,
            "5013504" : 5231,
            "5079040" : 8107,
            "5144576" : 10439,
            "5210112" : 11973,
            "5275648" : 12264,
            "5341184" : 11017,
            "5406720" : 10282,
            "5472256" : 10288,
            "5537792" : 10318,
            "5603328" : 9653,
            "5668864" : 8461,
            "5734400" : 5699,
            "5799936" : 4191,
            "5865472" : 2601,
            "5931008" : 2255,
            "5996544" : 1771,
            "6062080" : 1650,
            "6127616" : 1447,
            "6193152" : 1474,
            "6258688" : 1473,
            "6324224" : 1373,