{
  "fio version" : "fio-3.8",
  "timestamp" : 1536966522,
  "timestamp_ms" : 1536966522557,
  "time" : "Fri Sep 14 23:08:42 2018",
  "jobs" : [
    {
      "jobname" : "wdpc",
      "groupid" : 0,
      "error" : 0,
      "eta" : 0,
      "elapsed" : 61,
      "job options" : {
        "ioengine" : "libaio",
        "group_reporting" : "1",
        "direct" : "1",
        "rw" : "randrw",
        "bs" : "1024KB",
        "numjobs" : "2",
        "iodepth" : "16",
        "size" : "75%",
        "name" : "wdpc",
        "random_distribution" : "random",
        "random_generator" : "tausworthe",
        "allrandrepeat" : "1",
        "randseed" : "101",
        "rwmixread" : "0",
        "time_based" : "1",
        "runtime" : "60s",
        "filename" : "/dev/sda"
      },
      "read" : {
        "io_bytes" : 0,
        "io_kbytes" : 0,
        "bw_bytes" : 0,
        "bw" : 0,
        "iops" : 0.000000,
        "runtime" : 0,
        "total_ios" : 0,
        "short_ios" : 0,
        "drop_ios" : 0,
        "slat_ns" : {
          "min" : 0,
          "max" : 0,
          "mean" : 0.000000,
          "stddev" : 0.000000
        },
        "clat_ns" : {
          "min" : 0,
          "max" : 0,
          "mean" : 0.000000,
          "stddev" : 0.000000,
          "percentile" : {
            "1.000000" : 0,
            "5.000000" : 0,
            "10.000000" : 0,
            "20.000000" : 0,
            "30.000000" : 0,
            "40.000000" : 0,
            "50.000000" : 0,
            "60.000000" : 0,
            "70.000000" : 0,
            "80.000000" : 0,
            "90.000000" : 0,
            "95.000000" : 0,
            "99.000000" : 0,
            "99.500000" : 0,
            "99.900000" : 0,
            "99.950000" : 0,
            "99.990000" : 0
          },
          "bins" : {

          }
        },
        "lat_ns" : {
          "min" : 0,
          "max" : 0,
          "mean" : 0.000000,
          "stddev" : 0.000000
        },
        "bw_min" : 0,
        "bw_max" : 0,
        "bw_agg" : 0.000000,
        "bw_mean" : 0.000000,
        "bw_dev" : 0.000000,
        "bw_samples" : 0,
        "iops_min" : 0,
        "iops_max" : 0,
        "iops_mean" : 0.000000,
        "iops_stddev" : 0.000000,
        "iops_samples" : 0
      },
      "write" : {
        "io_bytes" : 17524850688,
        "io_kbytes" : 17114112,
        "bw_bytes" : 291541493,
        "bw" : 284708,
        "iops" : 278.035634,
        "runtime" : 60111,
        "total_ios" : 16713,
        "short_ios" : 0,
        "drop_ios" : 0,
        "slat_ns" : {
          "min" : 167709,
          "max" : 10392959,
          "mean" : 301251.302818,
          "stddev" : 110047.450465
        },
        "clat_ns" : {
          "min" : 6780083,
          "max" : 459952500,
          "mean" : 114744370.615150,
          "stddev" : 42747583.881786,
          "percentile" : {
            "1.000000" : 58458112,
            "5.000000" : 63176704,
            "10.000000" : 68681728,
            "20.000000" : 79167488,
            "30.000000" : 88604672,
            "40.000000" : 99090432,
            "50.000000" : 109576192,
            "60.000000" : 120061952,
            "70.000000" : 130547712,
            "80.000000" : 143654912,
            "90.000000" : 158334976,
            "95.000000" : 177209344,
            "99.000000" : 283115520,
            "99.500000" : 316669952,
            "99.900000" : 387973120,
            "99.950000" : 413138944,
            "99.990000" : 446693376
          },
          "bins" : {
            "6782976" : 1,
            "14090240" : 1,
            "14352384" : 1,
            "14876672" : 2,
            "16580608" : 1,
            "16908288" : 1,
            "19791872" : 1,
            "23199744" : 1,
            "25559040" : 1,
            "29491200" : 1,
            "32374784" : 1,
            "33816576" : 1,
            "37486592" : 1,
            "40632320" : 1,
            "43253760" : 1,
            "46399488" : 1,
            "48496640" : 1,
            "51118080" : 1,
            "54788096" : 2,
            "55312384" : 2,
            "55836672" : 7,
            "56360960" : 17,
            "56885248" : 22,
            "57409536" : 28,
            "57933824" : 33,
            "58458112" : 53,
            "58982400" : 52,
            "59506688" : 60,
            "60030976" : 70,
            "60555264" : 71,
            "61079552" : 75,
            "61603840" : 76,
            "62128128" : 91,
            "62652416" : 85,
            "63176704" : 84,
            "63700992" : 72,
            "64225280" : 105,
            "64749568" : 78,
            "65273856" : 72,
            "65798144" : 65,
            "66322432" : 79,
            "66846720" : 95,
            "67633152" : 174,
            "68681728" : 181,
            "69730304" : 152,
            "70778880" : 159,
            "71827456" : 213,
            "72876032" : 179,
            "73924608" : 172,
            "74973184" : 176,
            "76021760" : 171,
            "77070336" : 176,
            "78118912" : 163,
            "79167488" : 168,
            "80216064" : 196,
            "81264640" : 191,
            "82313216" : 167,
            "83361792" : 181,
            "84410368" : 153,
            "85458944" : 176,
            "86507520" : 196,
            "87556096" : 164,
            "88604672" : 154,
            "89653248" : 162,
            "90701824" : 167,
            "91750400" : 168,
            "92798976" : 169,
            "93847552" : 178,
            "94896128" : 192,
            "95944704" : 171,
            "96993280" : 209,
            "98041856" : 160,
            "99090432" : 161,
            "100139008" : 178,
            "101187584" : 166,
            "102236160" : 179,
            "103284736" : 173,
            "104333312" : 170,
            "105381888" : 159,
            "106430464" : 147,
            "107479040" : 170,
            "108527616" : 155,
            "109576192" : 153,
            "110624768" : 151,
            "111673344" : 164,
            "112721920" : 161,
            "113770496" : 176,
            "114819072" : 183,
            "115867648" : 144,
            "116916224" : 161,
            "117964800" : 162,
            "119013376" : 166,
            "120061952" : 156,
            "121110528" : 154,
            "122159104" : 174,
            "123207680" : 166,
            "124256256" : 177,
            "125304832" : 137,
            "126353408" : 153,
            "127401984" : 176,
            "128450560" : 170,
            "129499136" : 167,
            "130547712" : 155,
            "131596288" : 137,
            "132644864" : 161,
            "133693440" : 142,
            "135266304" : 328,
            "137363456" : 274,
            "139460608" : 291,
            "141557760" : 289,
            "143654912" : 247,
            "145752064" : 263,
            "147849216" : 250,
            "149946368" : 214,
            "152043520" : 205,
            "154140672" : 191,
            "156237824" : 201,
            "158334976" : 150,
            "160432128" : 133,
            "162529280" : 126,
            "164626432" : 124,
            "166723584" : 89,
            "168820736" : 102,
            "170917888" : 86,
            "173015040" : 70,
            "175112192" : 57,
            "177209344" : 47,
            "179306496" : 55,
            "181403648" : 28,
            "183500800" : 33,
            "185597952" : 30,
            "187695104" : 20,
            "189792256" : 18,
            "191889408" : 17,
            "193986560" : 19,
            "196083712" : 23,
            "198180864" : 14,
            "200278016" : 20,
            "202375168" : 15,
            "204472320" : 13,
            "206569472" : 9,
            "208666624" : 13,
            "210763776" : 24,
            "212860928" : 14,
            "214958080" : 19,
            "217055232" : 11,
            "219152384" : 12,
            "221249536" : 16,