{
  "fio version" : "fio-3.8",
  "timestamp" : 1536977039,
  "timestamp_ms" : 1536977039731,
  "time" : "Sat Sep 15 02:03:59 2018",
  "jobs" : [
    {
      "jobname" : "wdpc",
      "groupid" : 0,
      "error" : 0,
      "eta" : 0,
      "elapsed" : 61,
      "job options" : {
        "ioengine" : "libaio",
        "group_reporting" : "1",
        "direct" : "1",
        "rw" : "randrw",
        "bs" : "16KB",
        "numjobs" : "2",
        "iodepth" : "16",
        "size" : "75%",
        "name" : "wdpc",
        "random_distribution" : "random",
        "random_generator" : "tausworthe",
        "allrandrepeat" : "1",
        "randseed" : "101",
        "rwmixread" : "0",
        "time_based" : "1",
        "runtime" : "60s",
        "filename" : "/dev/sda"
      },
      "read" : {
        "io_bytes" : 0,
        "io_kbytes" : 0,
        "bw_bytes" : 0,
        "bw" : 0,
        "iops" : 0.000000,
        "runtime" : 0,
        "total_ios" : 0,
        "short_ios" : 0,
        "drop_ios" : 0,
        "slat_ns" : {
          "min" : 0,
          "max" : 0,
          "mean" : 0.000000,
          "stddev" : 0.000000
        },
        "clat_ns" : {
          "min" : 0,
          "max" : 0,
          "mean" : 0.000000,
          "stddev" : 0.000000,
          "percentile" : {
            "1.000000" : 0,
            "5.000000" : 0,
            "10.000000" : 0,
            "20.000000" : 0,
            "30.000000" : 0,
            "40.000000" : 0,
            "50.000000" : 0,
            "60.000000" : 0,
            "70.000000" : 0,
            "80.000000" : 0,
            "90.000000" : 0,
            "95.000000" : 0,
            "99.000000" : 0,
            "99.500000" : 0,
            "99.900000" : 0,
            "99.950000" : 0,
            "99.990000" : 0
          },
          "bins" : {

          }
        },
        "lat_ns" : {
          "min" : 0,
          "max" : 0,
          "mean" : 0.000000,
          "stddev" : 0.000000
        },
        "bw_min" : 0,
        "bw_max" : 0,
        "bw_agg" : 0.000000,
        "bw_mean" : 0.000000,
        "bw_dev" : 0.000000,
        "bw_samples" : 0,
        "iops_min" : 0,
        "iops_max" : 0,
        "iops_mean" : 0.000000,
        "iops_stddev" : 0.000000,
        "iops_samples" : 0
      },
      "write" : {
        "io_bytes" : 12451201024,
        "io_kbytes" : 12159376,
        "bw_bytes" : 207513099,
        "bw" : 202649,
        "iops" : 12665.594480,
        "runtime" : 60002,
        "total_ios" : 759961,
        "short_ios" : 0,
        "drop_ios" : 0,
        "slat_ns" : {
          "min" : 7000,
          "max" : 10911834,
          "mean" : 14483.037766,
          "stddev" : 23950.230557
        },
        "clat_ns" : {
          "min" : 478917,
          "max" : 43599500,
          "mean" : 2507334.433218,
          "stddev" : 1282763.416104,
          "percentile" : {
            "1.000000" : 1449984,
            "5.000000" : 1548288,
            "10.000000" : 1564672,
            "20.000000" : 1581056,
            "30.000000" : 1613824,
            "40.000000" : 2277376,
            "50.000000" : 2473984,
            "60.000000" : 2670592,
            "70.000000" : 2801664,
            "80.000000" : 2899968,
            "90.000000" : 3555328,
            "95.000000" : 4079616,
            "99.000000" : 6717440,
            "99.500000" : 9371648,
            "99.900000" : 17432576,
            "99.950000" : 18219008,
            "99.990000" : 21102592
          },
          "bins" : {
            "477184" : 1,
            "481280" : 6,
            "485376" : 7,
            "489472" : 6,
            "493568" : 10,
            "497664" : 31,
            "501760" : 36,
            "505856" : 18,
            "509952" : 31,
            "514048" : 35,
            "518144" : 35,
            "522240" : 18,
            "528384" : 50,
            "536576" : 35,
            "544768" : 29,
            "552960" : 22,
            "561152" : 17,
            "569344" : 11,
            "577536" : 12,
            "585728" : 4,
            "593920" : 2,
            "602112" : 3,
            "610304" : 5,
            "618496" : 2,
            "643072" : 1,
            "667648" : 1,
            "692224" : 2,
            "700416" : 1,
            "708608" : 2,
            "716800" : 4,
            "724992" : 7,
            "733184" : 4,
            "741376" : 1,
            "749568" : 4,
            "757760" : 4,
            "765952" : 2,
            "774144" : 1,
            "782336" : 2,
            "790528" : 5,
            "798720" : 4,
            "806912" : 2,
            "815104" : 2,
            "823296" : 2,
            "831488" : 1,
            "839680" : 3,
            "847872" : 2,
            "872448" : 2,
            "897024" : 1,
            "913408" : 1,
            "921600" : 1,
            "937984" : 1,
            "962560" : 1,
            "970752" : 1,
            "978944" : 2,
            "995328" : 2,
            "1003520" : 3,
            "1011712" : 4,
            "1019904" : 10,
            "1028096" : 18,
            "1036288" : 25,
            "1044480" : 29,
            "1056768" : 81,
            "1073152" : 161,
            "1089536" : 307,
            "1105920" : 322,
            "1122304" : 418,
            "1138688" : 386,
            "1155072" : 291,
            "1171456" : 315,
            "1187840" : 237,
            "1204224" : 198,
            "1220608" : 161,
            "1236992" : 177,
            "1253376" : 198,
            "1269760" : 180,
            "1286144" : 199,
            "1302528" : 224,
            "1318912" : 206,
            "1335296" : 239,
            "1351680" : 312,
            "1368064" : 331,
            "1384448" : 397,
            "1400832" : 389,
            "1417216" : 468,
            "1433600" : 503,
            "1449984" : 560,
            "1466368" : 557,
            "1482752" : 592,
            "1499136" : 1064,
            "1515520" : 2891,
            "1531904" : 12387,
            "1548288" : 33966,
            "1564672" : 55242,
            "1581056" : 67349,
            "1597440" : 46027,
            "1613824" : 18570,
            "1630208" : 6874,
            "1646592" : 3415,
            "1662976" : 2605,
            "1679360" : 2069,
            "1695744" : 1755,
            "1712128" : 1506,
            "1728512" : 1412,
            "1744896" : 1205,
            "1761280" : 1101,
            "1777664" : 865,
            "1794048" : 771,
            "1810432" : 729,
            "1826816" : 690,
            "1843200" : 730,
            "1859584" : 689,
            "1875968" : 582,
            "1892352" : 557,
            "1908736" : 490,
            "1925120" : 467,
            "1941504" : 504,
            "1957888" : 493,
            "1974272" : 582,
            "1990656" : 663,
            "2007040" : 666,
            "2023424" : 713,
            "2039808" : 835,
            "2056192" : 976,
            "2072576" : 990,
            "2088960" : 1031,
            "2113536" : 2466,
            "2146304" : 2989,
            "2179072" : 3651,
            "2211840" : 4568,
            "2244608" : 5848,
            "2277376" : 7080,
            "2310144" : 8692,
            "2342912" : 10706,
            "2375680" : 11304,
            "2408448" : 12374,
            "2441216" : 13767,
            "2473984" : 14692,
            "2506752" : 13657,
            "2539520" : 13897,
            "2572288" : 13287,
            "2605056" : 13440,
            "2637824" : 12948,
            "2670592" : 14949,
            "2703360" : 17080,
            "2736128" : 21148,
            "2768896" : 22852,
            "2801664" : 23337,
            "2834432" : 23444,
            "2867200" : 23282,
            "2899968" : 19434,
            "2932736" : 16039,
            "2965504" : 12717,
            "2998272" : 9127,
            "3031040" : 6294,
            "3063808" : 4769,
            "3096576" : 3437,
            "3129344" : 2426,