{
  "fio version" : "fio-3.8",
  "timestamp" : 1536453828,
  "timestamp_ms" : 1536453828436,
  "time" : "Sat Sep  8 17:43:48 2018",
  "jobs" : [
    {
      "jobname" : "wdpc",
      "groupid" : 0,
      "error" : 0,
      "eta" : 0,
      "elapsed" : 61,
      "job options" : {
        "ioengine" : "libaio",
        "group_reporting" : "1",
        "direct" : "1",
        "rw" : "readwrite",
        "bs" : "4KB",
        "numjobs" : "1",
        "iodepth" : "1",
        "size" : "75%",
        "name" : "wdpc",
        "random_distribution" : "random",
        "random_generator" : "tausworthe",
        "allrandrepeat" : "1",
        "randseed" : "101",
        "rwmixread" : "0",
        "time_based" : "1",
        "runtime" : "60s",
        "filename" : "/dev/sdb"
      },
      "read" : {
        "io_bytes" : 0,
        "io_kbytes" : 0,
        "bw_bytes" : 0,
        "bw" : 0,
        "iops" : 0.000000,
        "runtime" : 0,
        "total_ios" : 0,
        "short_ios" : 0,
        "drop_ios" : 0,
        "slat_ns" : {
          "min" : 0,
          "max" : 0,
          "mean" : 0.000000,
          "stddev" : 0.000000
        },
        "clat_ns" : {
          "min" : 0,
          "max" : 0,
          "mean" : 0.000000,
          "stddev" : 0.000000,
          "percentile" : {
            "1.000000" : 0,
            "5.000000" : 0,
            "10.000000" : 0,
            "20.000000" : 0,
            "30.000000" : 0,
            "40.000000" : 0,
            "50.000000" : 0,
            "60.000000" : 0,
            "70.000000" : 0,
            "80.000000" : 0,
            "90.000000" : 0,
            "95.000000" : 0,
            "99.000000" : 0,
            "99.500000" : 0,
            "99.900000" : 0,
            "99.950000" : 0,
            "99.990000" : 0
          },
          "bins" : {

          }
        },
        "lat_ns" : {
          "min" : 0,
          "max" : 0,
          "mean" : 0.000000,
          "stddev" : 0.000000
        },
        "bw_min" : 0,
        "bw_max" : 0,
        "bw_agg" : 0.000000,
        "bw_mean" : 0.000000,
        "bw_dev" : 0.000000,
        "bw_samples" : 0,
        "iops_min" : 0,
        "iops_max" : 0,
        "iops_mean" : 0.000000,
        "iops_stddev" : 0.000000,
        "iops_samples" : 0
      },
      "write" : {
        "io_bytes" : 1986519040,
        "io_kbytes" : 1939960,
        "bw_bytes" : 33108098,
        "bw" : 32332,
        "iops" : 8083.031949,
        "runtime" : 60001,
        "total_ios" : 484990,
        "short_ios" : 0,
        "drop_ios" : 0,
        "slat_ns" : {
          "min" : 11158,
          "max" : 1380279,
          "mean" : 19139.646894,
          "stddev" : 22174.013115
        },
        "clat_ns" : {
          "min" : 1520,
          "max" : 17041267,
          "mean" : 101651.028784,
          "stddev" : 56575.018582,
          "percentile" : {
            "1.000000" : 66048,
            "5.000000" : 68096,
            "10.000000" : 98816,
            "20.000000" : 100864,
            "30.000000" : 100864,
            "40.000000" : 101888,
            "50.000000" : 101888,
            "60.000000" : 101888,
            "70.000000" : 102912,
            "80.000000" : 103936,
            "90.000000" : 104960,
            "95.000000" : 105984,
            "99.000000" : 108032,
            "99.500000" : 115200,
            "99.900000" : 428032,
            "99.950000" : 464896,
            "99.990000" : 741376
          },
          "bins" : {
            "1528" : 1,
            "1560" : 3,
            "1576" : 2,
            "1592" : 1,
            "1608" : 1,
            "1624" : 1,
            "1640" : 1,
            "1672" : 3,
            "1688" : 4,
            "1704" : 2,
            "1720" : 2,
            "1736" : 2,
            "1752" : 2,
            "1768" : 4,
            "1784" : 2,
            "1800" : 3,
            "1816" : 6,
            "1832" : 2,
            "1848" : 5,
            "1864" : 5,
            "1880" : 4,
            "1896" : 4,
            "1928" : 1,
            "1960" : 1,
            "1976" : 1,
            "2064" : 1,
            "2096" : 1,
            "2128" : 2,
            "2256" : 2,
            "2576" : 1,
            "4704" : 1,
            "6944" : 1,
            "7136" : 2,
            "7264" : 1,
            "7328" : 3,
            "7520" : 4,
            "7584" : 5,
            "7648" : 5,
            "7712" : 6,
            "7776" : 8,
            "7840" : 5,
            "7904" : 8,
            "7968" : 11,
            "8032" : 7,
            "8096" : 12,
            "8160" : 15,
            "8256" : 26,
            "8384" : 15,
            "8512" : 22,
            "8640" : 21,
            "8768" : 14,
            "8896" : 9,
            "9024" : 5,
            "9152" : 5,
            "9280" : 5,
            "9408" : 3,
            "9536" : 2,
            "9920" : 3,
            "10048" : 1,
            "10176" : 2,
            "10304" : 1,
            "10816" : 1,
            "10944" : 7,
            "11072" : 11,
            "11200" : 7,
            "11328" : 17,
            "11456" : 21,
            "11584" : 26,
            "11712" : 21,
            "11840" : 16,
            "11968" : 10,
            "12096" : 16,
            "12224" : 19,
            "12352" : 8,
            "12480" : 7,
            "12608" : 3,
            "12736" : 9,
            "12864" : 3,
            "12992" : 1,
            "13120" : 1,
            "13248" : 3,
            "13376" : 1,
            "13504" : 2,
            "13632" : 3,
            "13760" : 5,
            "13888" : 5,
            "14016" : 7,
            "14144" : 14,
            "14272" : 16,
            "14400" : 8,
            "14528" : 11,
            "14656" : 8,
            "14784" : 6,
            "14912" : 9,
            "15040" : 9,
            "15168" : 10,
            "15296" : 11,
            "15552" : 3,
            "15680" : 5,
            "15936" : 1,
            "16064" : 4,
            "16192" : 4,
            "16320" : 3,
            "16512" : 6,
            "16768" : 15,
            "17024" : 15,
            "17280" : 3,
            "17536" : 10,
            "17792" : 3,
            "18048" : 5,
            "18304" : 3,
            "18560" : 8,
            "18816" : 6,
            "19072" : 4,
            "19328" : 5,
            "19584" : 3,
            "19840" : 7,
            "20096" : 3,
            "20352" : 8,
            "20608" : 2,
            "20864" : 2,
            "21120" : 2,
            "21376" : 6,
            "21632" : 1,
            "21888" : 2,
            "22144" : 2,
            "22400" : 2,
            "22656" : 1,
            "22912" : 1,
            "23424" : 2,
            "23680" : 2,
            "23936" : 2,
            "24192" : 2,
            "25472" : 1,
            "27776" : 1,
            "29568" : 1,
            "38656" : 1,
            "46336" : 1,
            "49408" : 2,
            "49920" : 1,
            "50432" : 3,
            "50944" : 4,
            "51968" : 1,
            "52480" : 4,
            "52992" : 2,
            "53504" : 1,
            "54016" : 2,
            "54528" : 2,
            "55040" : 4,
            "55552" : 2,
            "56064" : 4,
            "56576" : 6,
            "57088" : 7,
            "57600" : 3,
            "58112" : 1,
            "58624" : 3,
            "59136" : 2,
            "59648" : 1,
            "60160" : 2,
            "60672" : 2,
            "62208" : 1,
            "62720" : 2,
            "63232" : 5,
            "63744" : 18,
            "64256" : 143,
            "64768" : 526,
            "65280" : 1906,
            "66048" : 12053,
            "67072" : 7237,
            "68096" : 2436,
            "69120" : 800,
            "70144" : 460,
            "71168" : 502,
            "72192" : 567,
            "73216" : 362,
            "74240" : 184,
            "75264" : 105,
            "76288" : 32,
            "77312" : 20,
            "78336" : 13,