{
  "fio version" : "fio-3.8",
  "timestamp" : 1536454205,
  "timestamp_ms" : 1536454205649,
  "time" : "Sat Sep  8 17:50:05 2018",
  "jobs" : [
    {
      "jobname" : "wdpc",
      "groupid" : 0,
      "error" : 0,
      "eta" : 0,
      "elapsed" : 61,
      "job options" : {
        "ioengine" : "libaio",
        "group_reporting" : "1",
        "direct" : "1",
        "rw" : "readwrite",
        "bs" : "4KB",
        "numjobs" : "1",
        "iodepth" : "1",
        "size" : "75%",
        "name" : "wdpc",
        "random_distribution" : "random",
        "random_generator" : "tausworthe",
        "allrandrepeat" : "1",
        "randseed" : "101",
        "rwmixread" : "0",
        "time_based" : "1",
        "runtime" : "60s",
        "filename" : "/dev/sdb"
      },
      "read" : {
        "io_bytes" : 0,
        "io_kbytes" : 0,
        "bw_bytes" : 0,
        "bw" : 0,
        "iops" : 0.000000,
        "runtime" : 0,
        "total_ios" : 0,
        "short_ios" : 0,
        "drop_ios" : 0,
        "slat_ns" : {
          "min" : 0,
          "max" : 0,
          "mean" : 0.000000,
          "stddev" : 0.000000
        },
        "clat_ns" : {
          "min" : 0,
          "max" : 0,
          "mean" : 0.000000,
          "stddev" : 0.000000,
          "percentile" : {
            "1.000000" : 0,
            "5.000000" : 0,
            "10.000000" : 0,
            "20.000000" : 0,
            "30.000000" : 0,
            "40.000000" : 0,
            "50.000000" : 0,
            "60.000000" : 0,
            "70.000000" : 0,
            "80.000000" : 0,
            "90.000000" : 0,
            "95.000000" : 0,
            "99.000000" : 0,
            "99.500000" : 0,
            "99.900000" : 0,
            "99.950000" : 0,
            "99.990000" : 0
          },
          "bins" : {

          }
        },
        "lat_ns" : {
          "min" : 0,
          "max" : 0,
          "mean" : 0.000000,
          "stddev" : 0.000000
        },
        "bw_min" : 0,
        "bw_max" : 0,
        "bw_agg" : 0.000000,
        "bw_mean" : 0.000000,
        "bw_dev" : 0.000000,
        "bw_samples" : 0,
        "iops_min" : 0,
        "iops_max" : 0,
        "iops_mean" : 0.000000,
        "iops_stddev" : 0.000000,
        "iops_samples" : 0
      },
      "write" : {
        "io_bytes" : 2019524608,
        "io_kbytes" : 1972192,
        "bw_bytes" : 33658182,
        "bw" : 32869,
        "iops" : 8217.329711,
        "runtime" : 60001,
        "total_ios" : 493048,
        "short_ios" : 0,
        "drop_ios" : 0,
        "slat_ns" : {
          "min" : 9420,
          "max" : 1710093,
          "mean" : 18689.679699,
          "stddev" : 21637.906114
        },
        "clat_ns" : {
          "min" : 1515,
          "max" : 12901766,
          "mean" : 100206.518842,
          "stddev" : 56194.953688,
          "percentile" : {
            "1.000000" : 65280,
            "5.000000" : 67072,
            "10.000000" : 94720,
            "20.000000" : 99840,
            "30.000000" : 100864,
            "40.000000" : 101888,
            "50.000000" : 101888,
            "60.000000" : 102912,
            "70.000000" : 102912,
            "80.000000" : 103936,
            "90.000000" : 104960,
            "95.000000" : 105984,
            "99.000000" : 109056,
            "99.500000" : 114176,
            "99.900000" : 419840,
            "99.950000" : 448512,
            "99.990000" : 700416
          },
          "bins" : {
            "1512" : 1,
            "1528" : 1,
            "1576" : 2,
            "1608" : 2,
            "1640" : 3,
            "1656" : 4,
            "1672" : 1,
            "1688" : 4,
            "1704" : 3,
            "1720" : 5,
            "1736" : 6,
            "1752" : 3,
            "1768" : 6,
            "1784" : 5,
            "1800" : 8,
            "1816" : 6,
            "1832" : 4,
            "1848" : 5,
            "1864" : 5,
            "1880" : 4,
            "1896" : 6,
            "1912" : 3,
            "1928" : 4,
            "1944" : 3,
            "1976" : 1,
            "1992" : 2,
            "2008" : 1,
            "2064" : 1,
            "2128" : 1,
            "2160" : 1,
            "2192" : 1,
            "2256" : 1,
            "2448" : 1,
            "2576" : 2,
            "2736" : 1,
            "4832" : 1,
            "7072" : 1,
            "7264" : 2,
            "7392" : 1,
            "7520" : 4,
            "7648" : 1,
            "7712" : 11,
            "7776" : 7,
            "7840" : 3,
            "7904" : 6,
            "7968" : 18,
            "8032" : 12,
            "8096" : 12,
            "8160" : 13,
            "8256" : 14,
            "8384" : 26,
            "8512" : 16,
            "8640" : 16,
            "8768" : 11,
            "8896" : 10,
            "9024" : 6,
            "9152" : 5,
            "9280" : 7,
            "9408" : 3,
            "9536" : 4,
            "9664" : 4,
            "9792" : 4,
            "10048" : 4,
            "10304" : 3,
            "10432" : 3,
            "10816" : 1,
            "11072" : 10,
            "11200" : 14,
            "11328" : 15,
            "11456" : 16,
            "11584" : 18,
            "11712" : 10,
            "11840" : 21,
            "11968" : 16,
            "12096" : 11,
            "12224" : 8,
            "12352" : 6,
            "12480" : 10,
            "12608" : 4,
            "12736" : 4,
            "12864" : 4,
            "12992" : 1,
            "13120" : 2,
            "13248" : 2,
            "13376" : 3,
            "13504" : 4,
            "13632" : 4,
            "13760" : 2,
            "13888" : 5,
            "14016" : 10,
            "14144" : 3,
            "14272" : 8,
            "14400" : 13,
            "14528" : 7,
            "14656" : 13,
            "14784" : 9,
            "14912" : 11,
            "15040" : 8,
            "15168" : 8,
            "15296" : 8,
            "15424" : 8,
            "15552" : 4,
            "15680" : 5,
            "15808" : 1,
            "15936" : 3,
            "16064" : 3,
            "16192" : 2,
            "16320" : 4,
            "16512" : 7,
            "16768" : 15,
            "17024" : 13,
            "17280" : 12,
            "17536" : 6,
            "17792" : 6,
            "18048" : 6,
            "18304" : 7,
            "18560" : 2,
            "18816" : 7,
            "19072" : 8,
            "19328" : 3,
            "19584" : 6,
            "19840" : 8,
            "20096" : 1,
            "20352" : 1,
            "20608" : 4,
            "20864" : 1,
            "21120" : 1,
            "21376" : 2,
            "21632" : 2,
            "21888" : 3,
            "22400" : 2,
            "23168" : 2,
            "23424" : 2,
            "23680" : 2,
            "24192" : 2,
            "24704" : 2,
            "26496" : 1,
            "27776" : 1,
            "29312" : 1,
            "33536" : 1,
            "41728" : 1,
            "45824" : 1,
            "46336" : 1,
            "46848" : 1,
            "47360" : 1,
            "48896" : 1,
            "49408" : 1,
            "49920" : 2,
            "50944" : 4,
            "51456" : 1,
            "51968" : 1,
            "52480" : 1,
            "52992" : 2,
            "53504" : 1,
            "54016" : 2,
            "54528" : 3,
            "55040" : 2,
            "55552" : 2,
            "56064" : 2,
            "56576" : 7,
            "57088" : 6,
            "57600" : 5,
            "58112" : 5,
            "58624" : 2,
            "59136" : 9,
            "59648" : 3,
            "61696" : 2,
            "62208" : 4,
            "62720" : 3,
            "63232" : 10,
            "63744" : 90,
            "64256" : 488,
            "64768" : 1435,
            "65280" : 3494,
            "66048" : 17369,
            "67072" : 13046,
            "68096" : 4681,
            "69120" : 1711,
            "70144" : 974,
            "71168" : 1105,