{
  "fio version" : "fio-3.8",
  "timestamp" : 1537058397,
  "timestamp_ms" : 1537058397470,
  "time" : "Sun Sep 16 00:39:57 2018",
  "global options" : {
    "offset" : "33177600000"
  },
  "jobs" : [
    {
      "jobname" : "wdpc",
      "groupid" : 0,
      "error" : 0,
      "eta" : 0,
      "elapsed" : 61,
      "job options" : {
        "ioengine" : "libaio",
        "group_reporting" : "1",
        "direct" : "1",
        "rw" : "readwrite",
        "bs" : "16KB",
        "numjobs" : "1",
        "iodepth" : "32",
        "size" : "75%",
        "name" : "wdpc",
        "rwmixread" : "0",
        "time_based" : "1",
        "runtime" : "60s",
        "filename" : "/dev/sda"
      },
      "read" : {
        "io_bytes" : 0,
        "io_kbytes" : 0,
        "bw_bytes" : 0,
        "bw" : 0,
        "iops" : 0.000000,
        "runtime" : 0,
        "total_ios" : 0,
        "short_ios" : 0,
        "drop_ios" : 0,
        "slat_ns" : {
          "min" : 0,
          "max" : 0,
          "mean" : 0.000000,
          "stddev" : 0.000000
        },
        "clat_ns" : {
          "min" : 0,
          "max" : 0,
          "mean" : 0.000000,
          "stddev" : 0.000000,
          "percentile" : {
            "1.000000" : 0,
            "5.000000" : 0,
            "10.000000" : 0,
            "20.000000" : 0,
            "30.000000" : 0,
            "40.000000" : 0,
            "50.000000" : 0,
            "60.000000" : 0,
            "70.000000" : 0,
            "80.000000" : 0,
            "90.000000" : 0,
            "95.000000" : 0,
            "99.000000" : 0,
            "99.500000" : 0,
            "99.900000" : 0,
            "99.950000" : 0,
            "99.990000" : 0
          },
          "bins" : {

          }
        },
        "lat_ns" : {
          "min" : 0,
          "max" : 0,
          "mean" : 0.000000,
          "stddev" : 0.000000
        },
        "bw_min" : 0,
        "bw_max" : 0,
        "bw_agg" : 0.000000,
        "bw_mean" : 0.000000,
        "bw_dev" : 0.000000,
        "bw_samples" : 0,
        "iops_min" : 0,
        "iops_max" : 0,
        "iops_mean" : 0.000000,
        "iops_stddev" : 0.000000,
        "iops_samples" : 0
      },
      "write" : {
        "io_bytes" : 16602120192,
        "io_kbytes" : 16213008,
        "bw_bytes" : 276692780,
        "bw" : 270207,
        "iops" : 16887.987067,
        "runtime" : 60002,
        "total_ios" : 1013313,
        "short_ios" : 0,
        "drop_ios" : 0,
        "slat_ns" : {
          "min" : 6416,
          "max" : 4508583,
          "mean" : 13026.381424,
          "stddev" : 8795.788065
        },
        "clat_ns" : {
          "min" : 986708,
          "max" : 18042791,
          "mean" : 1878112.736493,
          "stddev" : 779324.315400,
          "percentile" : {
            "1.000000" : 1499136,
            "5.000000" : 1531904,
            "10.000000" : 1548288,
            "20.000000" : 1564672,
            "30.000000" : 1564672,
            "40.000000" : 1581056,
            "50.000000" : 1630208,
            "60.000000" : 1761280,
            "70.000000" : 1908736,
            "80.000000" : 2113536,
            "90.000000" : 2441216,
            "95.000000" : 2768896,
            "99.000000" : 3686400,
            "99.500000" : 3981312,
            "99.900000" : 15794176,
            "99.950000" : 16318464,
            "99.990000" : 17432576
          },
          "bins" : {
            "987136" : 1,
            "1003520" : 2,
            "1011712" : 1,
            "1019904" : 12,
            "1028096" : 30,
            "1036288" : 54,
            "1044480" : 63,
            "1056768" : 210,
            "1073152" : 272,
            "1089536" : 238,
            "1105920" : 234,
            "1122304" : 245,
            "1138688" : 156,
            "1155072" : 97,
            "1171456" : 75,
            "1187840" : 45,
            "1204224" : 65,
            "1220608" : 51,
            "1236992" : 69,
            "1253376" : 59,
            "1269760" : 88,
            "1286144" : 91,
            "1302528" : 88,
            "1318912" : 175,
            "1335296" : 209,
            "1351680" : 202,
            "1368064" : 303,
            "1384448" : 326,
            "1400832" : 430,
            "1417216" : 523,
            "1433600" : 640,
            "1449984" : 893,
            "1466368" : 1365,
            "1482752" : 2501,
            "1499136" : 7343,
            "1515520" : 18956,
            "1531904" : 59517,
            "1548288" : 97025,
            "1564672" : 128435,
            "1581056" : 104019,
            "1597440" : 50486,
            "1613824" : 22245,
            "1630208" : 14104,
            "1646592" : 11250,
            "1662976" : 11732,
            "1679360" : 12299,
            "1695744" : 12652,
            "1712128" : 13441,
            "1728512" : 13849,
            "1744896" : 12946,
            "1761280" : 12495,
            "1777664" : 11809,
            "1794048" : 11860,
            "1810432" : 12423,
            "1826816" : 12059,
            "1843200" : 11954,
            "1859584" : 12846,
            "1875968" : 11485,
            "1892352" : 10615,
            "1908736" : 10345,
            "1925120" : 9374,
            "1941504" : 9219,
            "1957888" : 8797,
            "1974272" : 8475,
            "1990656" : 8310,
            "2007040" : 8011,
            "2023424" : 7914,
            "2039808" : 8041,
            "2056192" : 8325,
            "2072576" : 7915,
            "2088960" : 7424,
            "2113536" : 14936,
            "2146304" : 13212,
            "2179072" : 11524,
            "2211840" : 9662,
            "2244608" : 8662,
            "2277376" : 7617,
            "2310144" : 7910,
            "2342912" : 8604,
            "2375680" : 8211,
            "2408448" : 7745,
            "2441216" : 7249,
            "2473984" : 6744,
            "2506752" : 6369,
            "2539520" : 5939,
            "2572288" : 5450,
            "2605056" : 5034,
            "2637824" : 4377,
            "2670592" : 3903,
            "2703360" : 3556,
            "2736128" : 3783,
            "2768896" : 3319,
            "2801664" : 2634,
            "2834432" : 2075,
            "2867200" : 2042,
            "2899968" : 1826,
            "2932736" : 1696,
            "2965504" : 1850,
            "2998272" : 1982,
            "3031040" : 1755,
            "3063808" : 1771,
            "3096576" : 1987,
            "3129344" : 1996,
            "3162112" : 1541,
            "3194880" : 1647,
            "3227648" : 1566,
            "3260416" : 1284,
            "3293184" : 1057,
            "3325952" : 806,
            "3358720" : 862,
            "3391488" : 799,
            "3424256" : 845,
            "3457024" : 778,
            "3489792" : 953,
            "3522560" : 1139,
            "3555328" : 1016,
            "3588096" : 1072,
            "3620864" : 1136,
            "3653632" : 965,
            "3686400" : 1020,
            "3719168" : 1011,
            "3751936" : 745,
            "3784704" : 638,
            "3817472" : 535,
            "3850240" : 461,
            "3883008" : 367,
            "3915776" : 280,
            "3948544" : 289,
            "3981312" : 389,
            "4014080" : 381,
            "4046848" : 340,
            "4079616" : 266,
            "4112384" : 275,
            "4145152" : 280,
            "4177920" : 215,
            "4227072" : 185,
            "4292608" : 107,
            "4358144" : 43,
            "4423680" : 61,
            "4489216" : 59,
            "4554752" : 73,
            "4620288" : 16,
            "4685824" : 31,
            "4751360" : 10,
            "4816896" : 7,
            "4882432" : 53,
            "4947968" : 31,
            "5013504" : 59,
            "5079040" : 23,
            "5144576" : 11,
            "5210112" : 8,
            "5275648" : 12,
            "5341184" : 28,
            "5406720" : 5,
            "5472256" : 2,