{
  "fio version" : "fio-3.8",
  "timestamp" : 1537059759,
  "timestamp_ms" : 1537059759736,
  "time" : "Sun Sep 16 01:02:39 2018",
  "global options" : {
    "offset" : "17475043328"
  },
  "jobs" : [
    {
      "jobname" : "wdpc",
      "groupid" : 0,
      "error" : 0,
      "eta" : 0,
      "elapsed" : 61,
      "job options" : {
        "ioengine" : "libaio",
        "group_reporting" : "1",
        "direct" : "1",
        "rw" : "readwrite",
        "bs" : "128KB",
        "numjobs" : "1",
        "iodepth" : "32",
        "size" : "75%",
        "name" : "wdpc",
        "rwmixread" : "0",
        "time_based" : "1",
        "runtime" : "60s",
        "filename" : "/dev/sda"
      },
      "read" : {
        "io_bytes" : 0,
        "io_kbytes" : 0,
        "bw_bytes" : 0,
        "bw" : 0,
        "iops" : 0.000000,
        "runtime" : 0,
        "total_ios" : 0,
        "short_ios" : 0,
        "drop_ios" : 0,
        "slat_ns" : {
          "min" : 0,
          "max" : 0,
          "mean" : 0.000000,
          "stddev" : 0.000000
        },
        "clat_ns" : {
          "min" : 0,
          "max" : 0,
          "mean" : 0.000000,
          "stddev" : 0.000000,
          "percentile" : {
            "1.000000" : 0,
            "5.000000" : 0,
            "10.000000" : 0,
            "20.000000" : 0,
            "30.000000" : 0,
            "40.000000" : 0,
            "50.000000" : 0,
            "60.000000" : 0,
            "70.000000" : 0,
            "80.000000" : 0,
            "90.000000" : 0,
            "95.000000" : 0,
            "99.000000" : 0,
            "99.500000" : 0,
            "99.900000" : 0,
            "99.950000" : 0,
            "99.990000" : 0
          },
          "bins" : {

          }
        },
        "lat_ns" : {
          "min" : 0,
          "max" : 0,
          "mean" : 0.000000,
          "stddev" : 0.000000
        },
        "bw_min" : 0,
        "bw_max" : 0,
        "bw_agg" : 0.000000,
        "bw_mean" : 0.000000,
        "bw_dev" : 0.000000,
        "bw_samples" : 0,
        "iops_min" : 0,
        "iops_max" : 0,
        "iops_mean" : 0.000000,
        "iops_stddev" : 0.000000,
        "iops_samples" : 0
      },
      "write" : {
        "io_bytes" : 17548181504,
        "io_kbytes" : 17136896,
        "bw_bytes" : 292406337,
        "bw" : 285553,
        "iops" : 2230.883309,
        "runtime" : 60013,
        "total_ios" : 133882,
        "short_ios" : 0,
        "drop_ios" : 0,
        "slat_ns" : {
          "min" : 20708,
          "max" : 5149375,
          "mean" : 44453.106138,
          "stddev" : 17705.373052
        },
        "clat_ns" : {
          "min" : 3129292,
          "max" : 30832667,
          "mean" : 14294496.261036,
          "stddev" : 1960636.621469,
          "percentile" : {
            "1.000000" : 12386304,
            "5.000000" : 12779520,
            "10.000000" : 12910592,
            "20.000000" : 13172736,
            "30.000000" : 13434880,
            "40.000000" : 13697024,
            "50.000000" : 13959168,
            "60.000000" : 14221312,
            "70.000000" : 14483456,
            "80.000000" : 14876672,
            "90.000000" : 15532032,
            "95.000000" : 16318464,
            "99.000000" : 26869760,
            "99.500000" : 27656192,
            "99.900000" : 28704768,
            "99.950000" : 29229056,
            "99.990000" : 29753344
          },
          "bins" : {
            "3129344" : 7,
            "3162112" : 2,
            "3194880" : 2,
            "3424256" : 1,
            "3719168" : 1,
            "3915776" : 1,
            "4620288" : 1,
            "4882432" : 1,
            "5079040" : 1,
            "5341184" : 1,
            "5603328" : 1,
            "5799936" : 1,
            "6848512" : 1,
            "7045120" : 1,
            "7307264" : 1,
            "7569408" : 1,
            "7700480" : 1,
            "7766016" : 1,
            "7962624" : 1,
            "8028160" : 1,
            "8159232" : 1,
            "8224768" : 1,
            "8290304" : 1,
            "8454144" : 3,
            "8716288" : 2,
            "8978432" : 3,
            "9109504" : 1,
            "9371648" : 3,
            "9502720" : 2,
            "9633792" : 1,
            "9895936" : 3,
            "10027008" : 9,
            "10158080" : 5,
            "10289152" : 2,
            "10420224" : 4,
            "10551296" : 2,
            "10682368" : 6,
            "10813440" : 8,
            "10944512" : 11,
            "11075584" : 25,
            "11206656" : 20,
            "11337728" : 20,
            "11468800" : 26,
            "11599872" : 45,
            "11730944" : 57,
            "11862016" : 79,
            "11993088" : 126,
            "12124160" : 257,
            "12255232" : 514,
            "12386304" : 798,
            "12517376" : 1446,
            "12648448" : 2275,
            "12779520" : 3609,
            "12910592" : 4886,
            "13041664" : 5892,
            "13172736" : 7038,
            "13303808" : 7354,
            "13434880" : 8288,
            "13565952" : 8216,
            "13697024" : 7436,
            "13828096" : 6731,
            "13959168" : 6366,
            "14090240" : 5931,
            "14221312" : 5626,
            "14352384" : 5559,
            "14483456" : 5401,
            "14614528" : 5052,
            "14745600" : 4746,
            "14876672" : 4110,
            "15007744" : 3614,
            "15138816" : 3023,
            "15269888" : 2497,
            "15400960" : 2106,
            "15532032" : 1720,
            "15663104" : 1439,
            "15794176" : 1128,
            "15925248" : 1055,
            "16056320" : 946,
            "16187392" : 801,
            "16318464" : 847,
            "16449536" : 828,
            "16580608" : 664,
            "16711680" : 581,
            "16908288" : 864,
            "17170432" : 570,
            "17432576" : 409,
            "17694720" : 188,
            "17956864" : 101,
            "18219008" : 79,
            "18481152" : 35,
            "18743296" : 39,
            "19005440" : 28,
            "19267584" : 24,
            "19529728" : 18,
            "19791872" : 15,
            "20054016" : 10,
            "20316160" : 8,
            "20840448" : 1,
            "21102592" : 1,
            "21364736" : 1,
            "21626880" : 1,
            "21889024" : 3,
            "22151168" : 9,
            "22413312" : 9,
            "22675456" : 5,
            "23199744" : 5,
            "23461888" : 1,
            "23724032" : 2,
            "23986176" : 2,
            "24510464" : 1,
            "24772608" : 4,
            "25034752" : 7,
            "25296896" : 8,
            "25559040" : 38,
            "25821184" : 151,
            "26083328" : 280,
            "26345472" : 224,
            "26607616" : 114,
            "26869760" : 160,
            "27131904" : 191,
            "27394048" : 167,
            "27656192" : 205,
            "27918336" : 187,
            "28180480" : 139,
            "28442624" : 105,
            "28704768" : 77,
            "28966912" : 48,
            "29229056" : 34,
            "29491200" : 16,
            "29753344" : 17,
            "30015488" : 6,
            "30801920" : 1
          }
        },
        "lat_ns" : {
          "min" : 3223208,
          "max" : 30892167,
          "mean" : 14339664.429042,
          "stddev" : 1960203.981346
        },
        "bw_min" : 263936,
        "bw_max" : 299520,
        "bw_agg" : 99.984343,
        "bw_mean" : 285508.291667,
        "bw_dev" : 7796.538394,
        "bw_samples" : 120,
        "iops_min" : 2062,
        "iops_max" : 2340,
        "iops_mean" : 2230.500000,
        "iops_stddev" : 60.904802,
        "iops_samples" : 120
      },
      "trim" : {
        "io_bytes" : 0,
        "io_kbytes" : 0,
        "bw_bytes" : 0,
        "bw" : 0,
        "iops" : 0.000000,
        "runtime" : 0,
        "total_ios" : 0,