{
  "fio version" : "fio-3.8",
  "timestamp" : 1537057005,
  "timestamp_ms" : 1537057005301,
  "time" : "Sun Sep 16 00:16:45 2018",
  "global options" : {
    "offset" : "27859918848"
  },
  "jobs" : [
    {
      "jobname" : "wdpc",
      "groupid" : 0,
      "error" : 0,
      "eta" : 0,
      "elapsed" : 61,
      "job options" : {
        "ioengine" : "libaio",
        "group_reporting" : "1",
        "direct" : "1",
        "rw" : "readwrite",
        "bs" : "4KB",
        "numjobs" : "1",
        "iodepth" : "32",
        "size" : "75%",
        "name" : "wdpc",
        "rwmixread" : "0",
        "time_based" : "1",
        "runtime" : "60s",
        "filename" : "/dev/sda"
      },
      "read" : {
        "io_bytes" : 0,
        "io_kbytes" : 0,
        "bw_bytes" : 0,
        "bw" : 0,
        "iops" : 0.000000,
        "runtime" : 0,
        "total_ios" : 0,
        "short_ios" : 0,
        "drop_ios" : 0,
        "slat_ns" : {
          "min" : 0,
          "max" : 0,
          "mean" : 0.000000,
          "stddev" : 0.000000
        },
        "clat_ns" : {
          "min" : 0,
          "max" : 0,
          "mean" : 0.000000,
          "stddev" : 0.000000,
          "percentile" : {
            "1.000000" : 0,
            "5.000000" : 0,
            "10.000000" : 0,
            "20.000000" : 0,
            "30.000000" : 0,
            "40.000000" : 0,
            "50.000000" : 0,
            "60.000000" : 0,
            "70.000000" : 0,
            "80.000000" : 0,
            "90.000000" : 0,
            "95.000000" : 0,
            "99.000000" : 0,
            "99.500000" : 0,
            "99.900000" : 0,
            "99.950000" : 0,
            "99.990000" : 0
          },
          "bins" : {

          }
        },
        "lat_ns" : {
          "min" : 0,
          "max" : 0,
          "mean" : 0.000000,
          "stddev" : 0.000000
        },
        "bw_min" : 0,
        "bw_max" : 0,
        "bw_agg" : 0.000000,
        "bw_mean" : 0.000000,
        "bw_dev" : 0.000000,
        "bw_samples" : 0,
        "iops_min" : 0,
        "iops_max" : 0,
        "iops_mean" : 0.000000,
        "iops_stddev" : 0.000000,
        "iops_samples" : 0
      },
      "write" : {
        "io_bytes" : 9128529920,
        "io_kbytes" : 8914580,
        "bw_bytes" : 152139629,
        "bw" : 148573,
        "iops" : 37143.464276,
        "runtime" : 60001,
        "total_ios" : 2228645,
        "short_ios" : 0,
        "drop_ios" : 0,
        "slat_ns" : {
          "min" : 5541,
          "max" : 10086125,
          "mean" : 21520.235123,
          "stddev" : 16561.377100
        },
        "clat_ns" : {
          "min" : 286125,
          "max" : 13853291,
          "mean" : 836523.410747,
          "stddev" : 319844.179217,
          "percentile" : {
            "1.000000" : 651264,
            "5.000000" : 675840,
            "10.000000" : 692224,
            "20.000000" : 749568,
            "30.000000" : 806912,
            "40.000000" : 823296,
            "50.000000" : 839680,
            "60.000000" : 847872,
            "70.000000" : 856064,
            "80.000000" : 872448,
            "90.000000" : 913408,
            "95.000000" : 978944,
            "99.000000" : 1122304,
            "99.500000" : 1286144,
            "99.900000" : 2146304,
            "99.950000" : 13041664,
            "99.990000" : 13434880
          },
          "bins" : {
            "284672" : 1,
            "313344" : 1,
            "342016" : 1,
            "366592" : 1,
            "391168" : 1,
            "411648" : 1,
            "415744" : 1,
            "423936" : 1,
            "448512" : 1,
            "456704" : 2,
            "460800" : 1,
            "473088" : 1,
            "497664" : 2,
            "501760" : 1,
            "509952" : 1,
            "514048" : 2,
            "522240" : 1,
            "528384" : 2,
            "536576" : 1,
            "544768" : 3,
            "552960" : 2,
            "561152" : 13,
            "569344" : 8,
            "577536" : 27,
            "585728" : 41,
            "593920" : 34,
            "602112" : 52,
            "610304" : 70,
            "618496" : 177,
            "626688" : 767,
            "634880" : 2148,
            "643072" : 5824,
            "651264" : 15103,
            "659456" : 27242,
            "667648" : 44131,
            "675840" : 58697,
            "684032" : 47938,
            "692224" : 38975,
            "700416" : 43209,
            "708608" : 37149,
            "716800" : 31540,
            "724992" : 37033,
            "733184" : 30977,
            "741376" : 19579,
            "749568" : 17130,
            "757760" : 16254,
            "765952" : 13186,
            "774144" : 17290,
            "782336" : 28241,
            "790528" : 43481,
            "798720" : 72826,
            "806912" : 97212,
            "815104" : 97596,
            "823296" : 112281,
            "831488" : 139604,
            "839680" : 145077,
            "847872" : 175485,
            "856064" : 173034,
            "864256" : 119826,
            "872448" : 90980,
            "880640" : 77163,
            "888832" : 51148,
            "897024" : 37393,
            "905216" : 33282,
            "913408" : 24004,
            "921600" : 16487,
            "929792" : 14419,
            "937984" : 11993,
            "946176" : 10364,
            "954368" : 10393,
            "962560" : 10752,
            "970752" : 11827,
            "978944" : 13359,
            "987136" : 12552,
            "995328" : 11062,
            "1003520" : 9786,
            "1011712" : 7885,
            "1019904" : 6663,
            "1028096" : 5517,
            "1036288" : 4836,
            "1044480" : 4480,
            "1056768" : 7586,
            "1073152" : 5527,
            "1089536" : 3958,
            "1105920" : 3056,
            "1122304" : 2424,
            "1138688" : 2044,
            "1155072" : 1540,
            "1171456" : 1179,
            "1187840" : 1069,
            "1204224" : 826,
            "1220608" : 779,
            "1236992" : 597,
            "1253376" : 471,
            "1269760" : 451,
            "1286144" : 397,
            "1302528" : 469,
            "1318912" : 470,
            "1335296" : 434,
            "1351680" : 376,
            "1368064" : 360,
            "1384448" : 409,
            "1400832" : 368,
            "1417216" : 315,
            "1433600" : 245,
            "1449984" : 206,
            "1466368" : 179,
            "1482752" : 226,
            "1499136" : 155,
            "1515520" : 106,
            "1531904" : 144,
            "1548288" : 99,
            "1564672" : 90,
            "1581056" : 105,
            "1597440" : 122,
            "1613824" : 120,
            "1630208" : 146,
            "1646592" : 134,
            "1662976" : 166,
            "1679360" : 124,
            "1695744" : 149,
            "1712128" : 160,
            "1728512" : 185,
            "1744896" : 170,
            "1761280" : 209,
            "1777664" : 163,
            "1794048" : 160,
            "1810432" : 176,
            "1826816" : 142,
            "1843200" : 154,
            "1859584" : 130,
            "1875968" : 119,
            "1892352" : 196,
            "1908736" : 113,
            "1925120" : 115,
            "1941504" : 136,
            "1957888" : 83,
            "1974272" : 118,
            "1990656" : 111,
            "2007040" : 99,
            "2023424" : 87,
            "2039808" : 56,
            "2056192" : 51,
            "2072576" : 33,
            "2088960" : 22,
            "2113536" : 100,
            "2146304" : 94,
            "2179072" : 67,
            "2211840" : 72,
            "2244608" : 55,
            "2277376" : 37,
            "2310144" : 18,
            "2342912" : 20,
            "2375680" : 1,
            "2408448" : 9,
            "2441216" : 28,
            "2473984" : 33,
            "2506752" : 8,
            "2539520" : 12,